hour_index,source_h5_index,source_h5,time_s,epoch_ms,iso_time,elapsed_day,day_index,zt_hour,circadian_sin,circadian_cos,is_dark,hour_valid,rule_code,rule_label,perf_pct,perf_state_code,perf_state_label,bias_score,bias_state_code,bias_state_label,trial_count,valid_perf_count,choice_count,behavior_fill_source,rule_frequency,rule_reversal_frequency,perf_intermediate,perf_learned,bias_left,bias_right,occ_wake,occ_miniwake,occ_nrem,occ_rem,occ_working,lfp_mos_delta_whole_slice_norm,lfp_mos_theta_whole_slice_norm,lfp_mos_gamma_whole_slice_norm,lfp_acad_delta_whole_slice_norm,lfp_acad_theta_whole_slice_norm,lfp_acad_gamma_whole_slice_norm,lfp_pl_delta_whole_slice_norm,lfp_pl_theta_whole_slice_norm,lfp_pl_gamma_whole_slice_norm,lfp_ila_delta_whole_slice_norm,lfp_ila_theta_whole_slice_norm,lfp_ila_gamma_whole_slice_norm,state_wake_mos_delta_whole_slice_norm,state_wake_mos_theta_whole_slice_norm,state_wake_mos_gamma_whole_slice_norm,state_wake_acad_delta_whole_slice_norm,state_wake_acad_theta_whole_slice_norm,state_wake_acad_gamma_whole_slice_norm,state_wake_pl_delta_whole_slice_norm,state_wake_pl_theta_whole_slice_norm,state_wake_pl_gamma_whole_slice_norm,state_wake_ila_delta_whole_slice_norm,state_wake_ila_theta_whole_slice_norm,state_wake_ila_gamma_whole_slice_norm,state_nrem_mos_delta_whole_slice_norm,state_nrem_mos_theta_whole_slice_norm,state_nrem_mos_gamma_whole_slice_norm,state_nrem_acad_delta_whole_slice_norm,state_nrem_acad_theta_whole_slice_norm,state_nrem_acad_gamma_whole_slice_norm,state_nrem_pl_delta_whole_slice_norm,state_nrem_pl_theta_whole_slice_norm,state_nrem_pl_gamma_whole_slice_norm,state_nrem_ila_delta_whole_slice_norm,state_nrem_ila_theta_whole_slice_norm,state_nrem_ila_gamma_whole_slice_norm,state_rem_mos_delta_whole_slice_norm,state_rem_mos_theta_whole_slice_norm,state_rem_mos_gamma_whole_slice_norm,state_rem_acad_delta_whole_slice_norm,state_rem_acad_theta_whole_slice_norm,state_rem_acad_gamma_whole_slice_norm,state_rem_pl_delta_whole_slice_norm,state_rem_pl_theta_whole_slice_norm,state_rem_pl_gamma_whole_slice_norm,state_rem_ila_delta_whole_slice_norm,state_rem_ila_theta_whole_slice_norm,state_rem_ila_gamma_whole_slice_norm,state_working_mos_delta_whole_slice_norm,state_working_mos_theta_whole_slice_norm,state_working_mos_gamma_whole_slice_norm,state_working_acad_delta_whole_slice_norm,state_working_acad_theta_whole_slice_norm,state_working_acad_gamma_whole_slice_norm,state_working_pl_delta_whole_slice_norm,state_working_pl_theta_whole_slice_norm,state_working_pl_gamma_whole_slice_norm,state_working_ila_delta_whole_slice_norm,state_working_ila_theta_whole_slice_norm,state_working_ila_gamma_whole_slice_norm
0,0,BW08_slice_001_2026-04-08_20260408-191522_slice_lfp_rhythm.h5,1800.0,1775648722665.0,2026-04-08T19:45:22.665000+08:00,0.020833333333333332,0,19.75611111111111,-0.8961639828960415,0.4437230169372594,1,1,2,reversal_frequency_rule,63.63494110107422,1,intermediate,-0.9367551207542419,0,left_bias,31,29,29,1,0,1,1,0,1,0,0.3333333432674408,0.002801120514050126,0.5210084319114685,0.12324929982423782,0.019607843831181526,0.8348416835309219,0.7467580467647496,0.7836857268666427,0.681048220260116,0.8930382941243221,0.560935511290207,0.05465840540252413,0.171329835624149,0.4835906010476624,0.2579852904962261,0.46511020062905634,0.42766237106342353,1.1801821620167499,1.06186478091893,0.6768258929215623,0.5432653509636621,0.9509763234328444,0.5570667782896533,0.03582626115649641,0.11118889217023928,0.5573939428635939,0.15632518705265017,0.30169147737906243,0.47525678221923084,0.6004089785493846,0.5185872590826534,0.9138212832545908,0.7772859938435005,0.7394266342789946,0.5715414326412059,0.5309843420170083,0.7463333028954748,0.39785945874978546,0.6251680179258018,0.6666895342581224,0.39778961164937404,0.6990913075680372,0.613327193365421,1.0075701720982826,0.9477859243980257,0.7803304746199461,0.6048434926900792,0.4766787749318758,0.7305354129603703,0.4560884514500172,0.6938280604534306,0.7060109202704249,0.4552002373802444,2.134678440456152,2.8257644114336014,1.0156375342410369,3.263821839138314,4.487412983140069,1.6332923231019674,0.6521722354248305,2.177877084338282,2.0827348684876137,0.7635326283797591,1.8126475704153233,0.9192564818403756
1,1,BW08_slice_001_2026-04-08_20260408-191522_slice_lfp_rhythm.h5,1800.0,1775648722665.0,2026-04-08T19:45:22.665000+08:00,0.020833333333333332,0,19.75611111111111,-0.8961639828960415,0.4437230169372594,1,1,2,reversal_frequency_rule,63.63494110107422,1,intermediate,-0.9367551207542419,0,left_bias,31,29,29,1,0,1,1,0,1,0,0.3333333432674408,0.002801120514050126,0.5210084319114685,0.12324929982423782,0.019607843831181526,0.8348416835309219,0.7467580467647496,0.7836857268666427,0.681048220260116,0.8930382941243221,0.560935511290207,0.05465840540252413,0.171329835624149,0.4835906010476624,0.2579852904962261,0.46511020062905634,0.42766237106342353,1.1801821620167499,1.06186478091893,0.6768258929215623,0.5432653509636621,0.9509763234328444,0.5570667782896533,0.03582626115649641,0.11118889217023928,0.5573939428635939,0.15632518705265017,0.30169147737906243,0.47525678221923084,0.6004089785493846,0.5185872590826534,0.9138212832545908,0.7772859938435005,0.7394266342789946,0.5715414326412059,0.5309843420170083,0.7463333028954748,0.39785945874978546,0.6251680179258018,0.6666895342581224,0.39778961164937404,0.6990913075680372,0.613327193365421,1.0075701720982826,0.9477859243980257,0.7803304746199461,0.6048434926900792,0.4766787749318758,0.7305354129603703,0.4560884514500172,0.6938280604534306,0.7060109202704249,0.4552002373802444,2.134678440456152,2.8257644114336014,1.0156375342410369,3.263821839138314,4.487412983140069,1.6332923231019674,0.6521722354248305,2.177877084338282,2.0827348684876137,0.7635326283797591,1.8126475704153233,0.9192564818403756
2,0,BW08_slice_001_2026-04-08_20260408-191522_slice_lfp_rhythm.h5,5400.0,1775652322665.0,2026-04-08T20:45:22.665000+08:00,0.0625,0,20.75611111111111,-0.7507839681356498,0.6605478280870262,1,1,2,reversal_frequency_rule,47.93516540527344,0,unlearned,-0.9017444849014282,0,left_bias,42,41,41,1,0,1,0,0,1,0,0.751396656036377,0.0,0.16201117634773254,0.002793296007439494,0.08379888534545898,0.7627547817994064,0.560353856570123,0.8415138444080105,1.8290726284397065,1.2330781892448786,0.8222397876750716,2.6167842660339224,2.911581093244397,1.0941134960279282,2.1035870868110833,1.579286156108321,1.004813919988304,1.224663492106092,0.9864037843124112,0.7646451912225075,1.7982771424432302,1.541431410857932,0.7839017776927099,1.9137343074519422,2.2345702795169724,1.2745761339126895,1.761686666588852,1.5428111199000396,1.0779184565311497,1.1247041125655102,0.71487934137698,0.9990321467906045,1.3485420666928467,0.9702832142083664,0.6437218357949126,2.711023805958766,2.0077300226470642,0.6170846744533198,1.3069234254075084,1.0329393591541967,0.5960472210088404,2.856316768669413,1.3782803776611527,1.1753705965324006,3.9763122634290653,1.759041457475001,0.7118382605734572,13.49871011119014,6.72748612993328,1.0643938892452849,3.8099803369099257,2.0378297197613775,1.1808343887552835,0.8499135264987777,0.6993934393394067,0.7094444070049682,1.4284541470059269,0.9324666510550849,0.4965300724916149,4.115300638324142,3.550569889045813,0.9971722158689769,1.8441266427400729,1.404507483098527,0.8768756784114792
3,1,BW08_slice_001_2026-04-08_20260408-191522_slice_lfp_rhythm.h5,5400.0,1775652322665.0,2026-04-08T20:45:22.665000+08:00,0.0625,0,20.75611111111111,-0.7507839681356498,0.6605478280870262,1,1,2,reversal_frequency_rule,47.93516540527344,0,unlearned,-0.9017444849014282,0,left_bias,42,41,41,1,0,1,0,0,1,0,0.751396656036377,0.0,0.16201117634773254,0.002793296007439494,0.08379888534545898,0.7627547817994064,0.560353856570123,0.8415138444080105,1.8290726284397065,1.2330781892448786,0.8222397876750716,2.6167842660339224,2.911581093244397,1.0941134960279282,2.1035870868110833,1.579286156108321,1.004813919988304,1.224663492106092,0.9864037843124112,0.7646451912225075,1.7982771424432302,1.541431410857932,0.7839017776927099,1.9137343074519422,2.2345702795169724,1.2745761339126895,1.761686666588852,1.5428111199000396,1.0779184565311497,1.1247041125655102,0.71487934137698,0.9990321467906045,1.3485420666928467,0.9702832142083664,0.6437218357949126,2.711023805958766,2.0077300226470642,0.6170846744533198,1.3069234254075084,1.0329393591541967,0.5960472210088404,2.856316768669413,1.3782803776611527,1.1753705965324006,3.9763122634290653,1.759041457475001,0.7118382605734572,13.49871011119014,6.72748612993328,1.0643938892452849,3.8099803369099257,2.0378297197613775,1.1808343887552835,0.8499135264987777,0.6993934393394067,0.7094444070049682,1.4284541470059269,0.9324666510550849,0.4965300724916149,4.115300638324142,3.550569889045813,0.9971722158689769,1.8441266427400729,1.404507483098527,0.8768756784114792
4,0,BW08_slice_001_2026-04-08_20260408-191522_slice_lfp_rhythm.h5,9000.0,1775655922665.0,2026-04-08T21:45:22.665000+08:00,0.10416666666666667,0,21.75611111111111,-0.5542392666759859,0.8323573963595599,1,1,2,reversal_frequency_rule,43.685997009277344,0,unlearned,-0.7918693423271179,0,left_bias,35,34,34,1,0,1,0,0,1,0,0.5181058645248413,0.002785515272989869,0.3955431878566742,0.027855154126882553,0.055710308253765106,1.0273906610022872,0.8690515208287984,0.7982325607715497,0.9273375177661666,0.9397316269819901,0.6064111546509331,0.5838118102535181,0.6657656572439226,0.5266246795936848,0.5801046745995507,0.6626305385928964,0.5177831489924057,1.2965798867626244,1.1252502086280936,0.6815198470791872,0.8198616057377436,0.9971403060667879,0.6179580533204819,0.5737382753117981,0.6209976108696819,0.7023759792958388,0.5330535033448603,0.5856863379151733,0.6264993687454851,0.8820457641741271,0.729709993655488,1.000263778459354,1.0303324376453582,0.88020916336232,0.6222244320363594,1.5059668979460326,1.3552624672879212,0.3373000486946161,0.829848084055422,0.7859685082960638,0.37876497328251885,2.005423838967096,1.4224598161401363,0.971671365183179,2.1212675742358442,1.4444286793254877,0.5885457644268898,2.4341337577197177,2.1302701247532054,0.29499031641853957,1.7365860870271366,1.4711824120829071,0.4246633782184221,2.1483251953107336,1.9722898378629539,0.7199859922126082,1.1837683273741282,1.4571809434219067,0.5634804555716667,0.40231710643595353,0.8051744495093329,0.8276058716644167,0.5806253797125316,0.9961642314668411,0.6024701405861149
5,1,BW08_slice_001_2026-04-08_20260408-191522_slice_lfp_rhythm.h5,9000.0,1775655922665.0,2026-04-08T21:45:22.665000+08:00,0.10416666666666667,0,21.75611111111111,-0.5542392666759859,0.8323573963595599,1,1,2,reversal_frequency_rule,43.685997009277344,0,unlearned,-0.7918693423271179,0,left_bias,35,34,34,1,0,1,0,0,1,0,0.5181058645248413,0.002785515272989869,0.3955431878566742,0.027855154126882553,0.055710308253765106,1.0273906610022872,0.8690515208287984,0.7982325607715497,0.9273375177661666,0.9397316269819901,0.6064111546509331,0.5838118102535181,0.6657656572439226,0.5266246795936848,0.5801046745995507,0.6626305385928964,0.5177831489924057,1.2965798867626244,1.1252502086280936,0.6815198470791872,0.8198616057377436,0.9971403060667879,0.6179580533204819,0.5737382753117981,0.6209976108696819,0.7023759792958388,0.5330535033448603,0.5856863379151733,0.6264993687454851,0.8820457641741271,0.729709993655488,1.000263778459354,1.0303324376453582,0.88020916336232,0.6222244320363594,1.5059668979460326,1.3552624672879212,0.3373000486946161,0.829848084055422,0.7859685082960638,0.37876497328251885,2.005423838967096,1.4224598161401363,0.971671365183179,2.1212675742358442,1.4444286793254877,0.5885457644268898,2.4341337577197177,2.1302701247532054,0.29499031641853957,1.7365860870271366,1.4711824120829071,0.4246633782184221,2.1483251953107336,1.9722898378629539,0.7199859922126082,1.1837683273741282,1.4571809434219067,0.5634804555716667,0.40231710643595353,0.8051744495093329,0.8276058716644167,0.5806253797125316,0.9961642314668411,0.6024701405861149
6,0,BW08_slice_001_2026-04-08_20260408-191522_slice_lfp_rhythm.h5,12600.0,1775659522665.0,2026-04-08T22:45:22.665000+08:00,0.14583333333333334,0,22.75611111111111,-0.31992407511604676,0.9474431836058256,1,1,2,reversal_frequency_rule,48.515228271484375,0,unlearned,-0.8719959259033203,0,left_bias,69,67,67,1,0,1,0,0,1,0,0.9166666865348816,0.0,0.0,0.0,0.0833333358168602,0.18604700534908994,0.18767337112011684,0.7295818566526179,0.8600586584493336,0.5405508044237929,0.7493310022809863,1.2524960349624454,1.0046170585111027,0.7454199121080001,0.9581564089218282,0.6345015555602616,0.7400613122890084,0.44981871067603363,0.43918596081028594,0.6521840908556092,0.7235730927396395,0.6101976220972649,0.6420418918920276,0.7128830504545295,0.6158615871987162,0.7646973140236806,0.6491604959419207,0.5397099505591388,0.7022536070700326,nan,nan,nan,nan,nan,nan,nan,nan,nan,nan,nan,nan,nan,nan,nan,nan,nan,nan,nan,nan,nan,nan,nan,nan,1.1602775257708955,0.8041282631974465,0.7607738888886354,3.0849499324000127,1.188357956040015,0.6744045802768449,10.373607572333347,4.510881622645952,1.4354366016961817,4.303204772128896,2.0397334588037763,0.9725359095890848
7,1,BW08_slice_001_2026-04-08_20260408-191522_slice_lfp_rhythm.h5,12600.0,1775659522665.0,2026-04-08T22:45:22.665000+08:00,0.14583333333333334,0,22.75611111111111,-0.31992407511604676,0.9474431836058256,1,1,2,reversal_frequency_rule,48.515228271484375,0,unlearned,-0.8719959259033203,0,left_bias,69,67,67,1,0,1,0,0,1,0,0.9166666865348816,0.0,0.0,0.0,0.0833333358168602,0.18604700534908994,0.18767337112011684,0.7295818566526179,0.8600586584493336,0.5405508044237929,0.7493310022809863,1.2524960349624454,1.0046170585111027,0.7454199121080001,0.9581564089218282,0.6345015555602616,0.7400613122890084,0.44981871067603363,0.43918596081028594,0.6521840908556092,0.7235730927396395,0.6101976220972649,0.6420418918920276,0.7128830504545295,0.6158615871987162,0.7646973140236806,0.6491604959419207,0.5397099505591388,0.7022536070700326,nan,nan,nan,nan,nan,nan,nan,nan,nan,nan,nan,nan,nan,nan,nan,nan,nan,nan,nan,nan,nan,nan,nan,nan,1.1602775257708955,0.8041282631974465,0.7607738888886354,3.0849499324000127,1.188357956040015,0.6744045802768449,10.373607572333347,4.510881622645952,1.4354366016961817,4.303204772128896,2.0397334588037763,0.9725359095890848
8,0,BW08_slice_001_2026-04-08_20260408-191522_slice_lfp_rhythm.h5,16200.0,1775663122665.0,2026-04-08T23:45:22.665000+08:00,0.1875,0,23.75611111111111,-0.0638065865364817,0.9979622836132448,1,1,2,reversal_frequency_rule,52.841644287109375,0,unlearned,-0.7363831400871277,0,left_bias,6,6,6,2,0,1,0,0,1,0,0.4830188751220703,0.0,0.4679245352745056,0.049056604504585266,0.0,1.7238978971871532,1.1925411941776642,0.943826023187858,2.2556827726799917,1.5712091652724078,0.8259314495050222,2.900631904461096,2.788468814580306,2.518508103835837,2.1823785027425298,1.5417108334556244,2.631243167529572,2.1259447419397786,1.695704574964402,0.7849336126231357,2.697400877458619,2.039195789624524,0.73124908732364,3.0769446966978222,3.0079969755261398,1.9413424111914992,2.4122476828069632,1.7333028637303636,1.897364545280877,1.320226435642926,0.8789086587752202,1.187768451957388,1.3925110976689226,1.090151480912058,1.086798140056245,2.015424220396414,1.8300940138239306,2.9455933560929823,1.355958406524234,1.1254632228252273,3.4748006743022786,3.6011713325538226,1.4676537574320392,1.1645710346955578,3.820039942077644,1.8398343860789996,0.9773301147233663,10.284798653920541,6.563459939018396,2.3714992670330624,4.57705726728774,2.5120454288848126,2.3116230853914765,nan,nan,nan,nan,nan,nan,nan,nan,nan,nan,nan,nan
9,1,BW08_slice_001_2026-04-08_20260408-191522_slice_lfp_rhythm.h5,16200.0,1775663122665.0,2026-04-08T23:45:22.665000+08:00,0.1875,0,23.75611111111111,-0.0638065865364817,0.9979622836132448,1,1,2,reversal_frequency_rule,52.841644287109375,0,unlearned,-0.7363831400871277,0,left_bias,6,6,6,2,0,1,0,0,1,0,0.4830188751220703,0.0,0.4679245352745056,0.049056604504585266,0.0,1.7238978971871532,1.1925411941776642,0.943826023187858,2.2556827726799917,1.5712091652724078,0.8259314495050222,2.900631904461096,2.788468814580306,2.518508103835837,2.1823785027425298,1.5417108334556244,2.631243167529572,2.1259447419397786,1.695704574964402,0.7849336126231357,2.697400877458619,2.039195789624524,0.73124908732364,3.0769446966978222,3.0079969755261398,1.9413424111914992,2.4122476828069632,1.7333028637303636,1.897364545280877,1.320226435642926,0.8789086587752202,1.187768451957388,1.3925110976689226,1.090151480912058,1.086798140056245,2.015424220396414,1.8300940138239306,2.9455933560929823,1.355958406524234,1.1254632228252273,3.4748006743022786,3.6011713325538226,1.4676537574320392,1.1645710346955578,3.820039942077644,1.8398343860789996,0.9773301147233663,10.284798653920541,6.563459939018396,2.3714992670330624,4.57705726728774,2.5120454288848126,2.3116230853914765,nan,nan,nan,nan,nan,nan,nan,nan,nan,nan,nan,nan
10,3,BW08_slice_001_2026-04-09_20260409-000000_slice_lfp_rhythm.h5,18877.335,1775665800000.0,2026-04-09T00:30:00+08:00,0.2184876736111111,0,0.5,0.13052619222005157,0.9914448613738104,1,1,2,reversal_frequency_rule,58.2066650390625,0,unlearned,-0.00452133733779192,1,neutral,86,84,84,1,0,1,0,0,0,0,0.6737160086631775,0.003021148033440113,0.22054380178451538,0.05135951563715935,0.05135951563715935,0.7218151464705876,0.6079475962983775,1.0058257479460964,0.9630239647524338,1.003452074679195,1.2186920905379737,0.557406057517657,0.5782262568798392,1.5899453138671453,0.5409384707346255,0.5859802915296523,1.742547135802915,0.48138741558967096,0.5557069105365272,0.9235863209306592,0.7273450724459997,0.9331737946572266,1.1472208504871058,0.39709297087694495,0.4199997319321335,1.165138222634051,0.3857978459219431,0.44276654643482766,0.8849567908077062,1.204605539331378,0.9110525783107273,1.0993080233935508,1.2122699186073314,1.0053150605001364,1.0599793101044854,1.3675353535362185,1.158386627656051,2.8230362852384205,1.0146608371504617,0.9357000281858969,4.4668503915983235,1.3168339383357646,0.8806948199977653,1.124368035485321,1.4552624592675263,0.9254742399926358,0.840428093494373,4.902008460477609,2.399624038800284,1.609320869953104,1.5459384428009255,1.1147689091335746,1.931608898037247,0.8573891005072294,0.794062752514225,0.8363046380069185,2.202663661518987,1.1739628634587473,0.7796480629936494,5.610476821177153,1.9472561554652206,1.2630444305400192,1.9516842453622665,1.2248036754767968,0.936098335240263
11,2,BW08_slice_001_2026-04-09_20260409-000000_slice_lfp_rhythm.h5,18877.335,1775665800000.0,2026-04-09T00:30:00+08:00,0.2184876736111111,0,0.5,0.13052619222005157,0.9914448613738104,1,1,2,reversal_frequency_rule,58.2066650390625,0,unlearned,-0.00452133733779192,1,neutral,86,84,84,1,0,1,0,0,0,0,0.6737160086631775,0.003021148033440113,0.22054380178451538,0.05135951563715935,0.05135951563715935,0.7218151464705876,0.6079475962983775,1.0058257479460964,0.9630239647524338,1.003452074679195,1.2186920905379737,0.557406057517657,0.5782262568798392,1.5899453138671453,0.5409384707346255,0.5859802915296523,1.742547135802915,0.48138741558967096,0.5557069105365272,0.9235863209306592,0.7273450724459997,0.9331737946572266,1.1472208504871058,0.39709297087694495,0.4199997319321335,1.165138222634051,0.3857978459219431,0.44276654643482766,0.8849567908077062,1.204605539331378,0.9110525783107273,1.0993080233935508,1.2122699186073314,1.0053150605001364,1.0599793101044854,1.3675353535362185,1.158386627656051,2.8230362852384205,1.0146608371504617,0.9357000281858969,4.4668503915983235,1.3168339383357646,0.8806948199977653,1.124368035485321,1.4552624592675263,0.9254742399926358,0.840428093494373,4.902008460477609,2.399624038800284,1.609320869953104,1.5459384428009255,1.1147689091335746,1.931608898037247,0.8573891005072294,0.794062752514225,0.8363046380069185,2.202663661518987,1.1739628634587473,0.7796480629936494,5.610476821177153,1.9472561554652206,1.2630444305400192,1.9516842453622665,1.2248036754767968,0.936098335240263
12,2,BW08_slice_001_2026-04-09_20260409-000000_slice_lfp_rhythm.h5,22477.335,1775669400000.0,2026-04-09T01:30:00+08:00,0.2601543402777778,0,1.5,0.3826834323650898,0.9238795325112867,1,1,2,reversal_frequency_rule,75.83023834228516,2,learned,0.7285630106925964,2,right_bias,18,16,16,1,0,1,0,1,0,1,0.8027777671813965,0.0,0.1527777761220932,0.0,0.04444444552063942,0.9982541157694348,0.6738808821501032,1.1712588650220428,3.007385940976361,1.6497378814395771,1.786529607884538,4.171864053717675,3.07190277957318,1.890778452387999,2.817847122891591,1.5556611738051298,1.265842181888751,1.4891432626207894,1.0747055060732378,1.0918638144658992,2.802286080717684,1.871563031792175,1.6221017395661246,2.8782289164966253,2.2112214441614197,2.001678442281184,2.2154150478638943,1.4292294258910465,1.1068838243445442,1.6424539910500089,0.9944153362258737,1.1840828275713933,1.593527418703635,1.0689566038586285,0.8296367284829397,3.0562429211166475,2.0586960392587885,1.337955390720713,2.0912528945987305,1.1884512590947862,1.8956292455688912,nan,nan,nan,nan,nan,nan,nan,nan,nan,nan,nan,nan,0.9976653248687906,1.0683666826916314,0.8616675054713157,1.694131973294212,1.327448156191901,1.2345217781980924,1.805281204196214,1.9303327239696386,3.0976929452873323,1.6716614231449414,1.4703279457154983,1.4490854211869806
13,3,BW08_slice_001_2026-04-09_20260409-000000_slice_lfp_rhythm.h5,22477.335,1775669400000.0,2026-04-09T01:30:00+08:00,0.2601543402777778,0,1.5,0.3826834323650898,0.9238795325112867,1,1,2,reversal_frequency_rule,75.83023834228516,2,learned,0.7285630106925964,2,right_bias,18,16,16,1,0,1,0,1,0,1,0.8027777671813965,0.0,0.1527777761220932,0.0,0.04444444552063942,0.9982541157694348,0.6738808821501032,1.1712588650220428,3.007385940976361,1.6497378814395771,1.786529607884538,4.171864053717675,3.07190277957318,1.890778452387999,2.817847122891591,1.5556611738051298,1.265842181888751,1.4891432626207894,1.0747055060732378,1.0918638144658992,2.802286080717684,1.871563031792175,1.6221017395661246,2.8782289164966253,2.2112214441614197,2.001678442281184,2.2154150478638943,1.4292294258910465,1.1068838243445442,1.6424539910500089,0.9944153362258737,1.1840828275713933,1.593527418703635,1.0689566038586285,0.8296367284829397,3.0562429211166475,2.0586960392587885,1.337955390720713,2.0912528945987305,1.1884512590947862,1.8956292455688912,nan,nan,nan,nan,nan,nan,nan,nan,nan,nan,nan,nan,0.9976653248687906,1.0683666826916314,0.8616675054713157,1.694131973294212,1.327448156191901,1.2345217781980924,1.805281204196214,1.9303327239696386,3.0976929452873323,1.6716614231449414,1.4703279457154983,1.4490854211869806
14,2,BW08_slice_001_2026-04-09_20260409-000000_slice_lfp_rhythm.h5,26077.335,1775673000000.0,2026-04-09T02:30:00+08:00,0.3018210069444444,0,2.5,0.6087614290087207,0.7933533402912352,1,1,2,reversal_frequency_rule,73.89794921875,2,learned,0.8279381990432739,2,right_bias,48,43,43,1,0,1,0,1,0,1,0.4373258948326111,0.008356546051800251,0.4958217144012451,0.03621169924736023,0.022284122183918953,1.5320692477002564,1.0246740993566146,0.9233479616281994,1.0550285825641408,1.0628883507810907,0.8570795812268398,0.318600264109059,0.37905854874015443,0.8927168055107012,0.44966004679272187,0.5954131289273062,1.138611570109277,1.2586540451419577,0.9207083107404761,0.800859353082303,0.8089265185762183,0.9859806817806245,1.034691630819285,0.31326167687819567,0.3206527318239362,0.8655099767801889,0.2596152335649378,0.3355196758589738,0.6972205332807707,1.2741969043659238,0.8463321958916146,1.1266515902544676,1.2183555499793026,0.9275047160874149,0.7117353630927367,1.3764971597600029,1.1855921312737432,0.8746146683346918,1.0912663683539074,0.9153847251663265,1.5340018302206693,2.3687200805249025,1.2783835448651524,1.0304397041486177,2.054378419369948,1.2242325967758598,0.7021409828436971,1.4253107131039473,1.1830167770289972,0.9528870258209302,1.6722273657819964,1.3252283884641438,1.814191984722483,0.6264160816534818,0.6593760916715411,0.712946287866467,0.39410068238795565,0.4752833896587337,0.5086392559447566,0.21035578218271275,0.5447182972829847,0.7637698914754372,0.3758830368384012,0.5857024651874321,0.7253632095109976
15,3,BW08_slice_001_2026-04-09_20260409-000000_slice_lfp_rhythm.h5,26077.335,1775673000000.0,2026-04-09T02:30:00+08:00,0.3018210069444444,0,2.5,0.6087614290087207,0.7933533402912352,1,1,2,reversal_frequency_rule,73.89794921875,2,learned,0.8279381990432739,2,right_bias,48,43,43,1,0,1,0,1,0,1,0.4373258948326111,0.008356546051800251,0.4958217144012451,0.03621169924736023,0.022284122183918953,1.5320692477002564,1.0246740993566146,0.9233479616281994,1.0550285825641408,1.0628883507810907,0.8570795812268398,0.318600264109059,0.37905854874015443,0.8927168055107012,0.44966004679272187,0.5954131289273062,1.138611570109277,1.2586540451419577,0.9207083107404761,0.800859353082303,0.8089265185762183,0.9859806817806245,1.034691630819285,0.31326167687819567,0.3206527318239362,0.8655099767801889,0.2596152335649378,0.3355196758589738,0.6972205332807707,1.2741969043659238,0.8463321958916146,1.1266515902544676,1.2183555499793026,0.9275047160874149,0.7117353630927367,1.3764971597600029,1.1855921312737432,0.8746146683346918,1.0912663683539074,0.9153847251663265,1.5340018302206693,2.3687200805249025,1.2783835448651524,1.0304397041486177,2.054378419369948,1.2242325967758598,0.7021409828436971,1.4253107131039473,1.1830167770289972,0.9528870258209302,1.6722273657819964,1.3252283884641438,1.814191984722483,0.6264160816534818,0.6593760916715411,0.712946287866467,0.39410068238795565,0.4752833896587337,0.5086392559447566,0.21035578218271275,0.5447182972829847,0.7637698914754372,0.3758830368384012,0.5857024651874321,0.7253632095109976
16,2,BW08_slice_001_2026-04-09_20260409-000000_slice_lfp_rhythm.h5,29677.335,1775676600000.0,2026-04-09T03:30:00+08:00,0.3434876736111111,0,3.5,0.7933533402912352,0.6087614290087207,1,1,2,reversal_frequency_rule,79.92072296142578,2,learned,0.7422211170196533,2,right_bias,52,49,49,1,0,1,0,1,0,1,0.9413408041000366,0.0,0.0,0.0,0.05865921825170517,0.23573441464116887,0.23504605558193534,0.8930992414259503,0.8971855371705292,0.5806467609316301,0.8122315802873815,1.16756204494458,1.0046115929207944,0.8311919445020536,0.8313375304264078,0.7101184585685724,0.7546996793376345,0.5848929885084215,0.5552134994866135,0.8073176744147491,0.7656088597035785,0.6751520017334823,0.7158728313641259,0.6956936471639777,0.631354291417222,0.8579189985120079,0.5903840961019678,0.6192737166858158,0.7253339526244442,nan,nan,nan,nan,nan,nan,nan,nan,nan,nan,nan,nan,nan,nan,nan,nan,nan,nan,nan,nan,nan,nan,nan,nan,0.6447321795805632,0.6374433101174943,0.7819434255657255,0.6630521453842402,0.6732211214125722,0.7624587580111429,0.3162384873496923,0.6399520565423151,1.0286132388845353,0.42396540985668424,0.6812300758039908,0.6759766536985822
17,3,BW08_slice_001_2026-04-09_20260409-000000_slice_lfp_rhythm.h5,29677.335,1775676600000.0,2026-04-09T03:30:00+08:00,0.3434876736111111,0,3.5,0.7933533402912352,0.6087614290087207,1,1,2,reversal_frequency_rule,79.92072296142578,2,learned,0.7422211170196533,2,right_bias,52,49,49,1,0,1,0,1,0,1,0.9413408041000366,0.0,0.0,0.0,0.05865921825170517,0.23573441464116887,0.23504605558193534,0.8930992414259503,0.8971855371705292,0.5806467609316301,0.8122315802873815,1.16756204494458,1.0046115929207944,0.8311919445020536,0.8313375304264078,0.7101184585685724,0.7546996793376345,0.5848929885084215,0.5552134994866135,0.8073176744147491,0.7656088597035785,0.6751520017334823,0.7158728313641259,0.6956936471639777,0.631354291417222,0.8579189985120079,0.5903840961019678,0.6192737166858158,0.7253339526244442,nan,nan,nan,nan,nan,nan,nan,nan,nan,nan,nan,nan,nan,nan,nan,nan,nan,nan,nan,nan,nan,nan,nan,nan,0.6447321795805632,0.6374433101174943,0.7819434255657255,0.6630521453842402,0.6732211214125722,0.7624587580111429,0.3162384873496923,0.6399520565423151,1.0286132388845353,0.42396540985668424,0.6812300758039908,0.6759766536985822
18,3,BW08_slice_001_2026-04-09_20260409-000000_slice_lfp_rhythm.h5,33277.335,1775680200000.0,2026-04-09T04:30:00+08:00,0.3851543402777778,0,4.5,0.9238795325112867,0.38268343236508984,1,1,2,reversal_frequency_rule,76.86766052246094,2,learned,0.7219502925872803,2,right_bias,11,11,11,1,0,1,0,1,0,1,1.0,0.0,0.0,0.0,0.0,0.2696732368806167,0.2796737391270789,1.095093669519093,1.373037186217412,1.0129913680168647,2.179035118794563,1.3892015143982577,1.2537812141192775,1.8999424979849528,1.207277301730938,0.9858094720417645,1.3012511690339899,0.643933720158127,0.6394816458685635,0.9813504015055426,1.0804639717329871,1.036320942056355,1.7484106296312092,0.7799689141536756,0.7451636688067877,1.877675567574236,0.8142688458726962,0.8212255850415882,1.2192751527450982,nan,nan,nan,nan,nan,nan,nan,nan,nan,nan,nan,nan,nan,nan,nan,nan,nan,nan,nan,nan,nan,nan,nan,nan,nan,nan,nan,nan,nan,nan,nan,nan,nan,nan,nan,nan
19,2,BW08_slice_001_2026-04-09_20260409-000000_slice_lfp_rhythm.h5,33277.335,1775680200000.0,2026-04-09T04:30:00+08:00,0.3851543402777778,0,4.5,0.9238795325112867,0.38268343236508984,1,1,2,reversal_frequency_rule,76.86766052246094,2,learned,0.7219502925872803,2,right_bias,11,11,11,1,0,1,0,1,0,1,1.0,0.0,0.0,0.0,0.0,0.2696732368806167,0.2796737391270789,1.095093669519093,1.373037186217412,1.0129913680168647,2.179035118794563,1.3892015143982577,1.2537812141192775,1.8999424979849528,1.207277301730938,0.9858094720417645,1.3012511690339899,0.643933720158127,0.6394816458685635,0.9813504015055426,1.0804639717329871,1.036320942056355,1.7484106296312092,0.7799689141536756,0.7451636688067877,1.877675567574236,0.8142688458726962,0.8212255850415882,1.2192751527450982,nan,nan,nan,nan,nan,nan,nan,nan,nan,nan,nan,nan,nan,nan,nan,nan,nan,nan,nan,nan,nan,nan,nan,nan,nan,nan,nan,nan,nan,nan,nan,nan,nan,nan,nan,nan
20,3,BW08_slice_001_2026-04-09_20260409-000000_slice_lfp_rhythm.h5,36877.335,1775683800000.0,2026-04-09T05:30:00+08:00,0.4268210069444444,0,5.5,0.9914448613738104,0.1305261922200517,1,1,2,reversal_frequency_rule,76.35824584960938,2,learned,0.761915922164917,2,right_bias,2,2,2,2,0,1,0,1,0,1,0.7583333253860474,0.0027777778450399637,0.23888888955116272,0.0,0.0,1.178711850244613,0.8561332887919195,1.1103236390043651,1.791198730038385,1.263888367038362,1.093868457650527,2.406549887894464,2.4362584062547405,1.4578373804074574,1.9701459793396416,1.4446866523750177,1.0055836537281755,1.183926452400234,1.0769073052728149,0.9952330284854218,1.5219010270253452,1.3369858212937693,1.0420628673823777,1.6495168136131568,1.7681881858900312,1.4390835922194238,1.4925523605952244,1.2858349323267575,0.946520627826973,1.7003659615714721,1.0869251545748868,1.288451725542125,1.8830824027918929,1.0841299793089507,0.784401220845372,7.155886013675148,3.3289904740847844,1.393911924758695,2.45735850219231,1.2823013553600433,1.0385675818588302,nan,nan,nan,nan,nan,nan,nan,nan,nan,nan,nan,nan,nan,nan,nan,nan,nan,nan,nan,nan,nan,nan,nan,nan
21,2,BW08_slice_001_2026-04-09_20260409-000000_slice_lfp_rhythm.h5,36877.335,1775683800000.0,2026-04-09T05:30:00+08:00,0.4268210069444444,0,5.5,0.9914448613738104,0.1305261922200517,1,1,2,reversal_frequency_rule,76.35824584960938,2,learned,0.761915922164917,2,right_bias,2,2,2,2,0,1,0,1,0,1,0.7583333253860474,0.0027777778450399637,0.23888888955116272,0.0,0.0,1.178711850244613,0.8561332887919195,1.1103236390043651,1.791198730038385,1.263888367038362,1.093868457650527,2.406549887894464,2.4362584062547405,1.4578373804074574,1.9701459793396416,1.4446866523750177,1.0055836537281755,1.183926452400234,1.0769073052728149,0.9952330284854218,1.5219010270253452,1.3369858212937693,1.0420628673823777,1.6495168136131568,1.7681881858900312,1.4390835922194238,1.4925523605952244,1.2858349323267575,0.946520627826973,1.7003659615714721,1.0869251545748868,1.288451725542125,1.8830824027918929,1.0841299793089507,0.784401220845372,7.155886013675148,3.3289904740847844,1.393911924758695,2.45735850219231,1.2823013553600433,1.0385675818588302,nan,nan,nan,nan,nan,nan,nan,nan,nan,nan,nan,nan,nan,nan,nan,nan,nan,nan,nan,nan,nan,nan,nan,nan
22,3,BW08_slice_001_2026-04-09_20260409-000000_slice_lfp_rhythm.h5,40477.335,1775687400000.0,2026-04-09T06:30:00+08:00,0.4684876736111111,0,6.5,0.9914448613738104,-0.1305261922200516,0,1,2,reversal_frequency_rule,76.35824584960938,2,learned,0.761915922164917,2,right_bias,0,0,0,3,0,1,0,1,0,1,0.5638889074325562,0.0027777778450399637,0.4166666567325592,0.01666666753590107,0.0,1.7990181101547573,1.233928646378089,1.2487466992965635,2.581100162558682,1.7555482935279327,1.3292936966250108,2.916542297437219,2.8922440936116827,1.9856888042818224,2.5986853759304007,1.8319966889371795,1.0838683224638255,2.0021389044615483,1.5693122537071165,1.214309678193303,2.8099415412691813,2.3402854865826224,1.5326536580127101,2.689719457022021,2.8266154313883605,2.232272455148618,2.6155941757119234,2.0680250372804303,1.4528708702074444,1.6024583905949088,1.0491183685075278,1.297053755467244,1.582872263549147,0.9931959619050031,0.8198446497285609,3.342136043840829,1.8670903055888306,1.5956054670373425,1.6837013942302788,1.1136107413174372,0.5063783920217503,1.4373122197557275,0.9729408927380164,1.295124081639903,1.2125246074357874,0.7391531060982007,0.6295126202925712,0.676675011168166,0.7799372352579603,0.2777928275119682,0.9582302075087985,0.8299174162875668,0.3619488332039669,nan,nan,nan,nan,nan,nan,nan,nan,nan,nan,nan,nan
23,2,BW08_slice_001_2026-04-09_20260409-000000_slice_lfp_rhythm.h5,40477.335,1775687400000.0,2026-04-09T06:30:00+08:00,0.4684876736111111,0,6.5,0.9914448613738104,-0.1305261922200516,0,1,2,reversal_frequency_rule,76.35824584960938,2,learned,0.761915922164917,2,right_bias,0,0,0,3,0,1,0,1,0,1,0.5638889074325562,0.0027777778450399637,0.4166666567325592,0.01666666753590107,0.0,1.7990181101547573,1.233928646378089,1.2487466992965635,2.581100162558682,1.7555482935279327,1.3292936966250108,2.916542297437219,2.8922440936116827,1.9856888042818224,2.5986853759304007,1.8319966889371795,1.0838683224638255,2.0021389044615483,1.5693122537071165,1.214309678193303,2.8099415412691813,2.3402854865826224,1.5326536580127101,2.689719457022021,2.8266154313883605,2.232272455148618,2.6155941757119234,2.0680250372804303,1.4528708702074444,1.6024583905949088,1.0491183685075278,1.297053755467244,1.582872263549147,0.9931959619050031,0.8198446497285609,3.342136043840829,1.8670903055888306,1.5956054670373425,1.6837013942302788,1.1136107413174372,0.5063783920217503,1.4373122197557275,0.9729408927380164,1.295124081639903,1.2125246074357874,0.7391531060982007,0.6295126202925712,0.676675011168166,0.7799372352579603,0.2777928275119682,0.9582302075087985,0.8299174162875668,0.3619488332039669,nan,nan,nan,nan,nan,nan,nan,nan,nan,nan,nan,nan
24,3,BW08_slice_001_2026-04-09_20260409-000000_slice_lfp_rhythm.h5,44077.335,1775691000000.0,2026-04-09T07:30:00+08:00,0.5101543402777777,0,7.5,0.9238795325112868,-0.3826834323650895,0,1,2,reversal_frequency_rule,76.35824584960938,2,learned,0.761915922164917,2,right_bias,0,0,0,3,0,1,0,1,0,1,0.6111111044883728,0.0027777778450399637,0.38055557012557983,0.0055555556900799274,0.0,1.321598136624662,1.0400299649260254,0.9828023175132825,1.264138700346286,1.1120546759684415,0.768935595075641,1.4206236048889043,1.6071983261810874,1.210932217482388,1.3988953717579973,1.191798741678091,0.6661426350716204,1.2288702469268216,1.2589636156743023,0.834636318635278,1.153955768512925,1.1613794694955757,0.7267646209451666,1.314970721961571,1.5201666398593399,0.9055311718021757,1.350159376520731,1.2010166471657315,0.661169194033887,1.2668328753883027,0.9165943014870671,1.2304793051364449,1.1994990310110758,0.930780407142215,0.914416703316799,1.2459780107632568,1.215450990572381,1.5414285708895803,1.1003209046686973,0.9593624572425266,0.6307660473382172,1.947826208810542,1.1067960696200936,1.098733197578072,3.953432882654172,1.5080681016155033,1.3016073050226413,3.497130572263436,2.3297615556885374,1.1951720350850945,2.3578106603292324,1.6464024736628773,0.8012798403741641,nan,nan,nan,nan,nan,nan,nan,nan,nan,nan,nan,nan
25,2,BW08_slice_001_2026-04-09_20260409-000000_slice_lfp_rhythm.h5,44077.335,1775691000000.0,2026-04-09T07:30:00+08:00,0.5101543402777777,0,7.5,0.9238795325112868,-0.3826834323650895,0,1,2,reversal_frequency_rule,76.35824584960938,2,learned,0.761915922164917,2,right_bias,0,0,0,3,0,1,0,1,0,1,0.6111111044883728,0.0027777778450399637,0.38055557012557983,0.0055555556900799274,0.0,1.321598136624662,1.0400299649260254,0.9828023175132825,1.264138700346286,1.1120546759684415,0.768935595075641,1.4206236048889043,1.6071983261810874,1.210932217482388,1.3988953717579973,1.191798741678091,0.6661426350716204,1.2288702469268216,1.2589636156743023,0.834636318635278,1.153955768512925,1.1613794694955757,0.7267646209451666,1.314970721961571,1.5201666398593399,0.9055311718021757,1.350159376520731,1.2010166471657315,0.661169194033887,1.2668328753883027,0.9165943014870671,1.2304793051364449,1.1994990310110758,0.930780407142215,0.914416703316799,1.2459780107632568,1.215450990572381,1.5414285708895803,1.1003209046686973,0.9593624572425266,0.6307660473382172,1.947826208810542,1.1067960696200936,1.098733197578072,3.953432882654172,1.5080681016155033,1.3016073050226413,3.497130572263436,2.3297615556885374,1.1951720350850945,2.3578106603292324,1.6464024736628773,0.8012798403741641,nan,nan,nan,nan,nan,nan,nan,nan,nan,nan,nan,nan
26,2,BW08_slice_001_2026-04-09_20260409-000000_slice_lfp_rhythm.h5,47677.335,1775694600000.0,2026-04-09T08:30:00+08:00,0.5518210069444445,0,8.5,0.7933533402912352,-0.6087614290087207,0,1,2,reversal_frequency_rule,72.12667083740234,2,learned,0.7628692388534546,2,right_bias,11,11,11,1,0,1,0,1,0,1,0.07777778059244156,0.0027777778450399637,0.7611111402511597,0.15833333134651184,0.0,1.7635282004676627,1.288233343486098,0.8958940530867151,1.0426870549627307,1.083652069185649,0.7236452590535407,0.3249163983354113,0.4137162511019351,2.4033029040639597,0.612100093349568,0.723162405630631,1.5819976768588473,3.4650453117197455,2.4398976571007545,0.8085067343671928,1.6308326515929803,1.6376660306219106,0.6381125923315675,1.3120344756962328,1.3904400076608945,2.0210876066218564,1.450753984146613,1.0146907181974845,1.3639202218420257,1.0621093675104847,0.77139267336491,1.043008227005385,1.149439067441085,0.8554161395180658,0.9397042012759357,1.6522487002372563,1.1887497008973955,2.334083174794688,1.0983033814630112,0.8764569846854863,1.6886093978248065,0.7281945498670147,0.6307691018460536,1.1053153635140942,0.8551284895911465,0.6556598718789709,0.9262577864002046,1.3915932429053128,1.1479893887935757,2.0146636450782283,0.9814563398188043,0.7387601078268541,1.5984594806621553,nan,nan,nan,nan,nan,nan,nan,nan,nan,nan,nan,nan
27,3,BW08_slice_001_2026-04-09_20260409-000000_slice_lfp_rhythm.h5,47677.335,1775694600000.0,2026-04-09T08:30:00+08:00,0.5518210069444445,0,8.5,0.7933533402912352,-0.6087614290087207,0,1,2,reversal_frequency_rule,72.12667083740234,2,learned,0.7628692388534546,2,right_bias,11,11,11,1,0,1,0,1,0,1,0.07777778059244156,0.0027777778450399637,0.7611111402511597,0.15833333134651184,0.0,1.7635282004676627,1.288233343486098,0.8958940530867151,1.0426870549627307,1.083652069185649,0.7236452590535407,0.3249163983354113,0.4137162511019351,2.4033029040639597,0.612100093349568,0.723162405630631,1.5819976768588473,3.4650453117197455,2.4398976571007545,0.8085067343671928,1.6308326515929803,1.6376660306219106,0.6381125923315675,1.3120344756962328,1.3904400076608945,2.0210876066218564,1.450753984146613,1.0146907181974845,1.3639202218420257,1.0621093675104847,0.77139267336491,1.043008227005385,1.149439067441085,0.8554161395180658,0.9397042012759357,1.6522487002372563,1.1887497008973955,2.334083174794688,1.0983033814630112,0.8764569846854863,1.6886093978248065,0.7281945498670147,0.6307691018460536,1.1053153635140942,0.8551284895911465,0.6556598718789709,0.9262577864002046,1.3915932429053128,1.1479893887935757,2.0146636450782283,0.9814563398188043,0.7387601078268541,1.5984594806621553,nan,nan,nan,nan,nan,nan,nan,nan,nan,nan,nan,nan
28,2,BW08_slice_001_2026-04-09_20260409-000000_slice_lfp_rhythm.h5,51277.335,1775698200000.0,2026-04-09T09:30:00+08:00,0.5934876736111111,0,9.5,0.6087614290087209,-0.793353340291235,0,1,2,reversal_frequency_rule,69.85615539550781,1,intermediate,0.7367923855781555,2,right_bias,2,1,1,2,0,1,1,0,0,1,0.3444444537162781,0.0,0.5083333253860474,0.12777778506278992,0.01944444514811039,0.9657467785309134,0.8267619969745504,0.9881504644298129,0.997182714410037,0.9651900178736508,0.792762758599074,0.9457358433116362,1.1371139722941215,0.8233341418196538,0.8675121152741169,0.9432456192881311,0.7292304198860258,1.158374676746165,0.9577957241758599,1.2049678782893185,1.325554608639406,1.2489954473538907,1.0687764875662922,1.4872509138662178,1.7940411211061984,1.3784934123773858,1.3268557404188506,1.4455532533504487,1.2600718753604838,0.7625081660273195,0.6533418987317156,0.9312468173721741,0.8474013103725487,0.7582173867086898,0.6347564400994651,0.5508768089730085,0.7264277155282703,0.5541200460259657,0.6849485020894358,0.7114955591253357,0.46133889412068546,0.5151879090207379,0.4425401773303113,1.0167818597937286,0.5894041509816387,0.497521678800719,0.6400258162424739,0.35948264108392924,0.5731179295361374,0.2980429945805447,0.481682042158286,0.4936241933278491,0.2911110246051421,1.2286843994954748,1.0502038939042595,0.717877185044401,0.8322169694549805,0.7718256348451259,0.5188660506088909,0.7934521543978316,0.8709438223432973,0.7868978279648069,0.5599630055519015,0.6591995247120223,0.7133888648977996
29,3,BW08_slice_001_2026-04-09_20260409-000000_slice_lfp_rhythm.h5,51277.335,1775698200000.0,2026-04-09T09:30:00+08:00,0.5934876736111111,0,9.5,0.6087614290087209,-0.793353340291235,0,1,2,reversal_frequency_rule,69.85615539550781,1,intermediate,0.7367923855781555,2,right_bias,2,1,1,2,0,1,1,0,0,1,0.3444444537162781,0.0,0.5083333253860474,0.12777778506278992,0.01944444514811039,0.9657467785309134,0.8267619969745504,0.9881504644298129,0.997182714410037,0.9651900178736508,0.792762758599074,0.9457358433116362,1.1371139722941215,0.8233341418196538,0.8675121152741169,0.9432456192881311,0.7292304198860258,1.158374676746165,0.9577957241758599,1.2049678782893185,1.325554608639406,1.2489954473538907,1.0687764875662922,1.4872509138662178,1.7940411211061984,1.3784934123773858,1.3268557404188506,1.4455532533504487,1.2600718753604838,0.7625081660273195,0.6533418987317156,0.9312468173721741,0.8474013103725487,0.7582173867086898,0.6347564400994651,0.5508768089730085,0.7264277155282703,0.5541200460259657,0.6849485020894358,0.7114955591253357,0.46133889412068546,0.5151879090207379,0.4425401773303113,1.0167818597937286,0.5894041509816387,0.497521678800719,0.6400258162424739,0.35948264108392924,0.5731179295361374,0.2980429945805447,0.481682042158286,0.4936241933278491,0.2911110246051421,1.2286843994954748,1.0502038939042595,0.717877185044401,0.8322169694549805,0.7718256348451259,0.5188660506088909,0.7934521543978316,0.8709438223432973,0.7868978279648069,0.5599630055519015,0.6591995247120223,0.7133888648977996
30,3,BW08_slice_001_2026-04-09_20260409-000000_slice_lfp_rhythm.h5,54877.335,1775701800000.0,2026-04-09T10:30:00+08:00,0.6351543402777777,0,10.5,0.3826834323650899,-0.9238795325112867,0,1,2,reversal_frequency_rule,61.502159118652344,1,intermediate,0.7217161655426025,2,right_bias,24,21,21,1,0,1,1,0,0,1,0.4055555462837219,0.0027777778450399637,0.47777777910232544,0.0694444477558136,0.04444444552063942,0.8772204553783566,0.7208630952802797,0.798270273188311,0.7467824623106808,0.7770817506475306,0.9771564678987329,0.3942293562148752,0.6046728047217312,3.819224137406523,0.4618718413151648,0.5975433228977117,3.6861133075200834,0.5558013968003652,0.5213240649031867,0.7110105642417617,0.5941758041990902,0.6907236973555921,0.8280637650350983,0.47333632165544365,0.7260910882055314,1.654311970678279,0.416156115939953,0.541616245210372,1.1525425172558628,0.7820548234715303,0.6337026703772082,0.9172261524345539,0.9226704098608113,0.7305330610642439,1.4121794872782927,0.8575625082150863,0.8604834358916884,5.114533182447966,0.8090449353084525,0.7225748927475113,5.6610378211174295,0.9404994292286847,0.6708328597882135,1.1752732573299831,0.9439062677662857,0.7140860365365181,1.7585160058665912,0.5101760809321219,0.755209683960143,6.817325411018499,0.7682841585149095,0.7918701339702215,8.497074329945145,1.8145266136771125,1.360792472551357,0.7374600479899027,1.315578412833457,1.0694920797438028,0.5143646802197215,1.580811106315386,1.1128398664257766,0.9369982698173784,0.7639546952320453,0.8974440213571452,0.8407673995762407
31,2,BW08_slice_001_2026-04-09_20260409-000000_slice_lfp_rhythm.h5,54877.335,1775701800000.0,2026-04-09T10:30:00+08:00,0.6351543402777777,0,10.5,0.3826834323650899,-0.9238795325112867,0,1,2,reversal_frequency_rule,61.502159118652344,1,intermediate,0.7217161655426025,2,right_bias,24,21,21,1,0,1,1,0,0,1,0.4055555462837219,0.0027777778450399637,0.47777777910232544,0.0694444477558136,0.04444444552063942,0.8772204553783566,0.7208630952802797,0.798270273188311,0.7467824623106808,0.7770817506475306,0.9771564678987329,0.3942293562148752,0.6046728047217312,3.819224137406523,0.4618718413151648,0.5975433228977117,3.6861133075200834,0.5558013968003652,0.5213240649031867,0.7110105642417617,0.5941758041990902,0.6907236973555921,0.8280637650350983,0.47333632165544365,0.7260910882055314,1.654311970678279,0.416156115939953,0.541616245210372,1.1525425172558628,0.7820548234715303,0.6337026703772082,0.9172261524345539,0.9226704098608113,0.7305330610642439,1.4121794872782927,0.8575625082150863,0.8604834358916884,5.114533182447966,0.8090449353084525,0.7225748927475113,5.6610378211174295,0.9404994292286847,0.6708328597882135,1.1752732573299831,0.9439062677662857,0.7140860365365181,1.7585160058665912,0.5101760809321219,0.755209683960143,6.817325411018499,0.7682841585149095,0.7918701339702215,8.497074329945145,1.8145266136771125,1.360792472551357,0.7374600479899027,1.315578412833457,1.0694920797438028,0.5143646802197215,1.580811106315386,1.1128398664257766,0.9369982698173784,0.7639546952320453,0.8974440213571452,0.8407673995762407
32,3,BW08_slice_001_2026-04-09_20260409-000000_slice_lfp_rhythm.h5,58477.335,1775705400000.0,2026-04-09T11:30:00+08:00,0.6768210069444445,0,11.5,0.130526192220052,-0.9914448613738104,0,1,2,reversal_frequency_rule,61.502159118652344,1,intermediate,0.7217161655426025,2,right_bias,0,0,0,3,0,1,1,0,0,1,0.3083333373069763,0.0,0.6166666746139526,0.07500000298023224,0.0,1.2400635641256312,1.033735864021353,0.8688101793631818,1.420323535889753,1.3514963547015955,0.9321582029815025,1.629280583466284,2.040437315229041,2.5328996687143346,1.5078673111841112,1.3136652388766137,2.815976568000551,2.812427004418697,1.8555870595552504,0.9441261772614681,2.521929858144255,2.54831665701925,1.1327724568169495,2.8083657318256194,3.617829557759915,2.1841660654616364,2.7004350386372304,2.412808657552137,1.7410138508455084,0.6901792437520224,0.6214442982379634,0.9149993324393051,0.8038308934701587,0.698165993632747,0.9713710205468239,1.262789648427987,1.1087970290230786,2.5305406522311276,0.7687148443005362,0.6954764314837475,3.3359236559271666,1.0510019710716412,0.8721737780025298,0.979850766547105,1.0627218559303675,0.8551228511743574,0.939571188823021,1.4889916395643426,1.1245517059616637,2.434065897480513,1.0284005644161225,0.903641462136148,3.8340969630852246,nan,nan,nan,nan,nan,nan,nan,nan,nan,nan,nan,nan
33,2,BW08_slice_001_2026-04-09_20260409-000000_slice_lfp_rhythm.h5,58477.335,1775705400000.0,2026-04-09T11:30:00+08:00,0.6768210069444445,0,11.5,0.130526192220052,-0.9914448613738104,0,1,2,reversal_frequency_rule,61.502159118652344,1,intermediate,0.7217161655426025,2,right_bias,0,0,0,3,0,1,1,0,0,1,0.3083333373069763,0.0,0.6166666746139526,0.07500000298023224,0.0,1.2400635641256312,1.033735864021353,0.8688101793631818,1.420323535889753,1.3514963547015955,0.9321582029815025,1.629280583466284,2.040437315229041,2.5328996687143346,1.5078673111841112,1.3136652388766137,2.815976568000551,2.812427004418697,1.8555870595552504,0.9441261772614681,2.521929858144255,2.54831665701925,1.1327724568169495,2.8083657318256194,3.617829557759915,2.1841660654616364,2.7004350386372304,2.412808657552137,1.7410138508455084,0.6901792437520224,0.6214442982379634,0.9149993324393051,0.8038308934701587,0.698165993632747,0.9713710205468239,1.262789648427987,1.1087970290230786,2.5305406522311276,0.7687148443005362,0.6954764314837475,3.3359236559271666,1.0510019710716412,0.8721737780025298,0.979850766547105,1.0627218559303675,0.8551228511743574,0.939571188823021,1.4889916395643426,1.1245517059616637,2.434065897480513,1.0284005644161225,0.903641462136148,3.8340969630852246,nan,nan,nan,nan,nan,nan,nan,nan,nan,nan,nan,nan
34,3,BW08_slice_001_2026-04-09_20260409-000000_slice_lfp_rhythm.h5,62077.335,1775709000000.0,2026-04-09T12:30:00+08:00,0.7184876736111111,0,12.5,-0.13052619222005177,-0.9914448613738104,0,1,2,reversal_frequency_rule,54.755680084228516,0,unlearned,0.6575915813446045,2,right_bias,3,3,3,2,0,1,0,0,0,1,0.05000000074505806,0.008333333767950535,0.7027778029441833,0.23888888955116272,0.0,0.97381972662022,0.972239765479773,0.7706788166461583,0.6425690661887137,0.9312967620312316,0.6779827958569363,0.1264732670395883,0.30849425836368305,2.366472037233561,0.3642644370976842,0.5908596118131365,1.8065441974547596,1.8242299109517826,1.8105457264502858,0.6873558358493573,0.6258157565940471,1.2667654640619568,0.6488886072076756,0.2070655809697052,0.451841263583553,2.6553977308238736,0.37948345225372676,0.6546292143009134,1.9749074455106168,0.5853139549251495,0.5896332844589419,0.8880053274980458,0.7937447057919091,0.758005840792149,0.8820535875206567,1.0958244842337788,1.2668401669211382,2.1186292060498637,0.7913045880036266,0.7409952209631213,1.8385133561613933,0.9393474411008212,0.6837454416776522,0.9871262130023061,1.18384270649635,0.8348336193091027,0.9314108427266953,2.1264342989412524,1.8884656838131775,2.40183032840679,1.4156198130814388,1.0283257184150953,2.057292655867044,nan,nan,nan,nan,nan,nan,nan,nan,nan,nan,nan,nan
35,2,BW08_slice_001_2026-04-09_20260409-000000_slice_lfp_rhythm.h5,62077.335,1775709000000.0,2026-04-09T12:30:00+08:00,0.7184876736111111,0,12.5,-0.13052619222005177,-0.9914448613738104,0,1,2,reversal_frequency_rule,54.755680084228516,0,unlearned,0.6575915813446045,2,right_bias,3,3,3,2,0,1,0,0,0,1,0.05000000074505806,0.008333333767950535,0.7027778029441833,0.23888888955116272,0.0,0.97381972662022,0.972239765479773,0.7706788166461583,0.6425690661887137,0.9312967620312316,0.6779827958569363,0.1264732670395883,0.30849425836368305,2.366472037233561,0.3642644370976842,0.5908596118131365,1.8065441974547596,1.8242299109517826,1.8105457264502858,0.6873558358493573,0.6258157565940471,1.2667654640619568,0.6488886072076756,0.2070655809697052,0.451841263583553,2.6553977308238736,0.37948345225372676,0.6546292143009134,1.9749074455106168,0.5853139549251495,0.5896332844589419,0.8880053274980458,0.7937447057919091,0.758005840792149,0.8820535875206567,1.0958244842337788,1.2668401669211382,2.1186292060498637,0.7913045880036266,0.7409952209631213,1.8385133561613933,0.9393474411008212,0.6837454416776522,0.9871262130023061,1.18384270649635,0.8348336193091027,0.9314108427266953,2.1264342989412524,1.8884656838131775,2.40183032840679,1.4156198130814388,1.0283257184150953,2.057292655867044,nan,nan,nan,nan,nan,nan,nan,nan,nan,nan,nan,nan
36,2,BW08_slice_001_2026-04-09_20260409-000000_slice_lfp_rhythm.h5,65677.335,1775712600000.0,2026-04-09T13:30:00+08:00,0.7601543402777778,0,13.5,-0.38268343236508967,-0.9238795325112868,0,1,2,reversal_frequency_rule,53.36469268798828,0,unlearned,0.6323378682136536,2,right_bias,6,6,6,2,0,1,0,0,0,1,0.7361111044883728,0.0,0.2222222238779068,0.0416666679084301,0.0,0.5031732998242935,0.4901184967304662,0.8444510277506573,0.79051211114038,0.7508546980740283,0.7936449563358066,0.8912613060782408,1.1010280673708235,1.4339155215994044,0.7857778723467335,0.7417167609987191,1.4188104046520778,0.7056904747377541,0.6921650899447408,0.7796401836241604,0.6896413310514079,0.7871818592449374,0.7103149334810622,0.6376192712031168,0.8151787220719962,1.1999729677510724,0.6084283139206913,0.6443463304091772,1.1072995642255448,0.6319598799104285,0.5962982935734522,0.8789839933724617,0.8618476584097383,0.764547840132969,0.825878710098859,1.8535087108272332,1.465590475799809,1.7170710340151039,0.9595382053544266,0.8018388328294148,1.9980832957009387,0.4618951363324022,0.4417360959173281,1.079842484952044,1.163796395479975,0.6335720082863786,1.104039869254782,5.874713843643607,2.9844656484329177,3.104270429086742,2.190602621045636,0.9549721575627217,3.2673733520277684,nan,nan,nan,nan,nan,nan,nan,nan,nan,nan,nan,nan
37,3,BW08_slice_001_2026-04-09_20260409-000000_slice_lfp_rhythm.h5,65677.335,1775712600000.0,2026-04-09T13:30:00+08:00,0.7601543402777778,0,13.5,-0.38268343236508967,-0.9238795325112868,0,1,2,reversal_frequency_rule,53.36469268798828,0,unlearned,0.6323378682136536,2,right_bias,6,6,6,2,0,1,0,0,0,1,0.7361111044883728,0.0,0.2222222238779068,0.0416666679084301,0.0,0.5031732998242935,0.4901184967304662,0.8444510277506573,0.79051211114038,0.7508546980740283,0.7936449563358066,0.8912613060782408,1.1010280673708235,1.4339155215994044,0.7857778723467335,0.7417167609987191,1.4188104046520778,0.7056904747377541,0.6921650899447408,0.7796401836241604,0.6896413310514079,0.7871818592449374,0.7103149334810622,0.6376192712031168,0.8151787220719962,1.1999729677510724,0.6084283139206913,0.6443463304091772,1.1072995642255448,0.6319598799104285,0.5962982935734522,0.8789839933724617,0.8618476584097383,0.764547840132969,0.825878710098859,1.8535087108272332,1.465590475799809,1.7170710340151039,0.9595382053544266,0.8018388328294148,1.9980832957009387,0.4618951363324022,0.4417360959173281,1.079842484952044,1.163796395479975,0.6335720082863786,1.104039869254782,5.874713843643607,2.9844656484329177,3.104270429086742,2.190602621045636,0.9549721575627217,3.2673733520277684,nan,nan,nan,nan,nan,nan,nan,nan,nan,nan,nan,nan
38,2,BW08_slice_001_2026-04-09_20260409-000000_slice_lfp_rhythm.h5,69277.335,1775716200000.0,2026-04-09T14:30:00+08:00,0.8018210069444445,0,14.5,-0.6087614290087207,-0.7933533402912352,0,1,2,reversal_frequency_rule,53.36469268798828,0,unlearned,0.6323378682136536,2,right_bias,0,0,0,3,0,1,0,0,0,1,0.16944444179534912,0.0,0.6611111164093018,0.16944444179534912,0.0,0.9507721614857015,0.8896315214081818,0.8103978847924079,0.7258709737342611,0.9467931363603374,0.703437412267348,0.40743667258800287,0.510814729912436,1.5018502248198886,0.46365928380891125,0.5818245215393013,1.497696242822058,1.3845406486424054,1.1389665938006508,0.8751585386879616,1.0411500158692635,1.106068940437191,0.7761082653784844,1.041441077294709,1.1046316058267753,1.3696495023712187,0.8242039019571936,0.7289513129665005,0.9720254512018744,0.6095342986562122,0.5663451436599752,0.9020686883197702,0.7560637433326235,0.7698024412308442,0.9178198568067465,1.084231254160235,1.0495305059649134,1.471942557312559,0.695572922312046,0.6656616776783485,1.7046725389379365,0.6794163292478662,0.6488017630451931,0.9720630850360449,0.8571052633689158,0.8481450490086743,0.8568410095369215,2.1245765390621942,1.6452951757245355,1.2685774292703371,1.0046115325768168,0.7993407858761045,1.5767081158776417,nan,nan,nan,nan,nan,nan,nan,nan,nan,nan,nan,nan
39,3,BW08_slice_001_2026-04-09_20260409-000000_slice_lfp_rhythm.h5,69277.335,1775716200000.0,2026-04-09T14:30:00+08:00,0.8018210069444445,0,14.5,-0.6087614290087207,-0.7933533402912352,0,1,2,reversal_frequency_rule,53.36469268798828,0,unlearned,0.6323378682136536,2,right_bias,0,0,0,3,0,1,0,0,0,1,0.16944444179534912,0.0,0.6611111164093018,0.16944444179534912,0.0,0.9507721614857015,0.8896315214081818,0.8103978847924079,0.7258709737342611,0.9467931363603374,0.703437412267348,0.40743667258800287,0.510814729912436,1.5018502248198886,0.46365928380891125,0.5818245215393013,1.497696242822058,1.3845406486424054,1.1389665938006508,0.8751585386879616,1.0411500158692635,1.106068940437191,0.7761082653784844,1.041441077294709,1.1046316058267753,1.3696495023712187,0.8242039019571936,0.7289513129665005,0.9720254512018744,0.6095342986562122,0.5663451436599752,0.9020686883197702,0.7560637433326235,0.7698024412308442,0.9178198568067465,1.084231254160235,1.0495305059649134,1.471942557312559,0.695572922312046,0.6656616776783485,1.7046725389379365,0.6794163292478662,0.6488017630451931,0.9720630850360449,0.8571052633689158,0.8481450490086743,0.8568410095369215,2.1245765390621942,1.6452951757245355,1.2685774292703371,1.0046115325768168,0.7993407858761045,1.5767081158776417,nan,nan,nan,nan,nan,nan,nan,nan,nan,nan,nan,nan
40,2,BW08_slice_001_2026-04-09_20260409-000000_slice_lfp_rhythm.h5,72877.335,1775719800000.0,2026-04-09T15:30:00+08:00,0.8434876736111112,0,15.5,-0.7933533402912349,-0.6087614290087209,0,1,2,reversal_frequency_rule,54.321434020996094,0,unlearned,0.5639773607254028,2,right_bias,8,4,4,2,0,1,0,0,0,1,0.013888888992369175,0.0055555556900799274,0.7638888955116272,0.21666666865348816,0.0,0.9794081563698468,0.9046851608918598,0.7364916338190323,0.6189658897603758,0.9768078233442314,0.6128890659265936,0.04923469707164383,0.15344138730181614,0.7273992755617043,0.27238837842654057,0.5038247454507286,0.37001731191775383,3.809760005744399,3.347467211691559,0.782668864394243,0.9202690958060816,1.9296723886302056,0.5781610207044482,0.03411373831241529,0.10391247316767165,0.7150175193325905,0.2670241865166482,0.5769903935548757,0.30926166029800223,0.5981210678562336,0.548559139822752,0.8523811405646586,0.764336356329551,0.8058020874849166,0.8282236144615563,0.530393370750509,0.7323328252998705,0.604220215420524,0.6375223009696845,0.6730311740076971,0.34443246393209764,0.5100700285796339,0.46841376424448533,0.9229990373861293,0.6778735257056755,0.7570534991914452,0.8975783577894688,0.5052092536585298,0.7459867673036046,0.9095135717055834,0.5762682183179719,0.5634379848107665,0.5709688329303337,nan,nan,nan,nan,nan,nan,nan,nan,nan,nan,nan,nan
41,3,BW08_slice_001_2026-04-09_20260409-000000_slice_lfp_rhythm.h5,72877.335,1775719800000.0,2026-04-09T15:30:00+08:00,0.8434876736111112,0,15.5,-0.7933533402912349,-0.6087614290087209,0,1,2,reversal_frequency_rule,54.321434020996094,0,unlearned,0.5639773607254028,2,right_bias,8,4,4,2,0,1,0,0,0,1,0.013888888992369175,0.0055555556900799274,0.7638888955116272,0.21666666865348816,0.0,0.9794081563698468,0.9046851608918598,0.7364916338190323,0.6189658897603758,0.9768078233442314,0.6128890659265936,0.04923469707164383,0.15344138730181614,0.7273992755617043,0.27238837842654057,0.5038247454507286,0.37001731191775383,3.809760005744399,3.347467211691559,0.782668864394243,0.9202690958060816,1.9296723886302056,0.5781610207044482,0.03411373831241529,0.10391247316767165,0.7150175193325905,0.2670241865166482,0.5769903935548757,0.30926166029800223,0.5981210678562336,0.548559139822752,0.8523811405646586,0.764336356329551,0.8058020874849166,0.8282236144615563,0.530393370750509,0.7323328252998705,0.604220215420524,0.6375223009696845,0.6730311740076971,0.34443246393209764,0.5100700285796339,0.46841376424448533,0.9229990373861293,0.6778735257056755,0.7570534991914452,0.8975783577894688,0.5052092536585298,0.7459867673036046,0.9095135717055834,0.5762682183179719,0.5634379848107665,0.5709688329303337,nan,nan,nan,nan,nan,nan,nan,nan,nan,nan,nan,nan
42,2,BW08_slice_001_2026-04-09_20260409-000000_slice_lfp_rhythm.h5,76477.335,1775723400000.0,2026-04-09T16:30:00+08:00,0.8851543402777778,0,16.5,-0.9238795325112868,-0.3826834323650895,0,1,2,reversal_frequency_rule,55.0654296875,0,unlearned,0.47901651263237,2,right_bias,26,25,25,1,0,1,0,0,0,1,0.7138888835906982,0.0,0.2750000059604645,0.0027777778450399637,0.008333333767950535,0.45332908868566324,0.5208746486875504,0.8108424674109339,0.6317477267421727,0.7415178858810135,0.6576595456798201,0.5268576943687603,0.8882324561218429,0.8833587620154093,0.5666519093288928,0.6550682926521595,1.322268862534787,0.4630372374825111,0.5310819702316728,0.7291461027067372,0.515933530372685,0.6895271430266984,0.6025910266357417,0.3993271576645946,0.6965451088114515,0.8062411205294507,0.4431736459948095,0.5549361807259446,0.8252345387317951,0.5829548899101943,0.6780811149347332,0.9338262611433109,0.7330057135260498,0.8034611933043334,0.7162354111000999,0.5644209913704694,0.7551419094359635,1.0247688279722968,0.6681128436142062,0.7296487293244277,2.5827795992030604,0.34683326645546353,0.20419335544303027,0.9384117139728365,4.8763492251224765,1.9923417537608161,0.7124098260200967,17.87530436763679,8.073633611990331,0.6695346474168101,5.76198248991647,1.3759945776739178,0.4771548497120313,0.33996695717578446,0.5424550665667728,0.8792549587393962,0.4176125456668725,0.49966105715435094,0.5124994702865057,0.2864287126230076,0.7522840234834132,1.133110081665515,0.25235666837645815,0.6140653130437347,0.737188976780036
43,3,BW08_slice_001_2026-04-09_20260409-000000_slice_lfp_rhythm.h5,76477.335,1775723400000.0,2026-04-09T16:30:00+08:00,0.8851543402777778,0,16.5,-0.9238795325112868,-0.3826834323650895,0,1,2,reversal_frequency_rule,55.0654296875,0,unlearned,0.47901651263237,2,right_bias,26,25,25,1,0,1,0,0,0,1,0.7138888835906982,0.0,0.2750000059604645,0.0027777778450399637,0.008333333767950535,0.45332908868566324,0.5208746486875504,0.8108424674109339,0.6317477267421727,0.7415178858810135,0.6576595456798201,0.5268576943687603,0.8882324561218429,0.8833587620154093,0.5666519093288928,0.6550682926521595,1.322268862534787,0.4630372374825111,0.5310819702316728,0.7291461027067372,0.515933530372685,0.6895271430266984,0.6025910266357417,0.3993271576645946,0.6965451088114515,0.8062411205294507,0.4431736459948095,0.5549361807259446,0.8252345387317951,0.5829548899101943,0.6780811149347332,0.9338262611433109,0.7330057135260498,0.8034611933043334,0.7162354111000999,0.5644209913704694,0.7551419094359635,1.0247688279722968,0.6681128436142062,0.7296487293244277,2.5827795992030604,0.34683326645546353,0.20419335544303027,0.9384117139728365,4.8763492251224765,1.9923417537608161,0.7124098260200967,17.87530436763679,8.073633611990331,0.6695346474168101,5.76198248991647,1.3759945776739178,0.4771548497120313,0.33996695717578446,0.5424550665667728,0.8792549587393962,0.4176125456668725,0.49966105715435094,0.5124994702865057,0.2864287126230076,0.7522840234834132,1.133110081665515,0.25235666837645815,0.6140653130437347,0.737188976780036
44,2,BW08_slice_001_2026-04-09_20260409-000000_slice_lfp_rhythm.h5,80077.335,1775727000000.0,2026-04-09T17:30:00+08:00,0.9268210069444445,0,17.5,-0.9914448613738104,-0.13052619222005163,0,1,2,reversal_frequency_rule,57.36237335205078,0,unlearned,0.5917326211929321,2,right_bias,4,4,4,2,0,1,0,0,0,1,0.33888888359069824,0.0,0.5083333253860474,0.1527777761220932,0.0,1.0882092648848558,0.8761288265680551,0.8624774167904322,0.8034059227416094,1.0268014061981718,0.8163857733941159,0.30870122903331565,0.5189110163962971,1.2886540771798303,0.5280091375854966,0.6745961158936921,2.001334751550273,1.0663764539059122,0.933298686096848,0.7996211719530855,0.7417322762650272,1.1947268626358487,0.9006143224234934,0.41941508095448177,0.6789897262820681,1.344805561004307,0.5623946307743459,0.6773758062975261,1.6149738332825196,0.8626660755551467,0.6725842676971747,0.9960080534535383,0.9308197144220508,0.8393581183936116,0.9304940271657216,0.9496956176647611,0.9879252569352465,1.189678465689705,0.8777814038119814,0.8006985784128258,2.2939991093320042,0.9286711735368605,0.6761487287040155,1.017547122244107,0.9552574687267188,0.7806259995449903,0.9022977100765294,0.6481906209887078,0.7890515386099304,1.1227211722846557,0.8788169222569904,0.7505713595959721,2.1998901942061235,nan,nan,nan,nan,nan,nan,nan,nan,nan,nan,nan,nan
45,3,BW08_slice_001_2026-04-09_20260409-000000_slice_lfp_rhythm.h5,80077.335,1775727000000.0,2026-04-09T17:30:00+08:00,0.9268210069444445,0,17.5,-0.9914448613738104,-0.13052619222005163,0,1,2,reversal_frequency_rule,57.36237335205078,0,unlearned,0.5917326211929321,2,right_bias,4,4,4,2,0,1,0,0,0,1,0.33888888359069824,0.0,0.5083333253860474,0.1527777761220932,0.0,1.0882092648848558,0.8761288265680551,0.8624774167904322,0.8034059227416094,1.0268014061981718,0.8163857733941159,0.30870122903331565,0.5189110163962971,1.2886540771798303,0.5280091375854966,0.6745961158936921,2.001334751550273,1.0663764539059122,0.933298686096848,0.7996211719530855,0.7417322762650272,1.1947268626358487,0.9006143224234934,0.41941508095448177,0.6789897262820681,1.344805561004307,0.5623946307743459,0.6773758062975261,1.6149738332825196,0.8626660755551467,0.6725842676971747,0.9960080534535383,0.9308197144220508,0.8393581183936116,0.9304940271657216,0.9496956176647611,0.9879252569352465,1.189678465689705,0.8777814038119814,0.8006985784128258,2.2939991093320042,0.9286711735368605,0.6761487287040155,1.017547122244107,0.9552574687267188,0.7806259995449903,0.9022977100765294,0.6481906209887078,0.7890515386099304,1.1227211722846557,0.8788169222569904,0.7505713595959721,2.1998901942061235,nan,nan,nan,nan,nan,nan,nan,nan,nan,nan,nan,nan
46,3,BW08_slice_001_2026-04-09_20260409-000000_slice_lfp_rhythm.h5,83677.335,1775730600000.0,2026-04-09T18:30:00+08:00,0.9684876736111112,0,18.5,-0.9914448613738105,0.13052619222005127,1,1,2,reversal_frequency_rule,60.3738899230957,1,intermediate,0.7281283140182495,2,right_bias,21,20,20,1,0,1,1,0,0,1,0.6638888716697693,0.0,0.23055554926395416,0.07222222536802292,0.03333333507180214,0.5181951283616318,0.4958802059021873,0.7553500347820851,0.7720310248446475,0.7176478519870213,0.6166865689128743,1.0143740581277956,1.2775347252665628,1.0240308070682012,1.0541502297426413,0.956475561932951,1.295558859330917,0.6874577268340838,0.727378171497006,0.6633949842832971,0.7085054819247786,0.7508492351031301,0.5240318318638989,0.7967053832220877,1.0491271735237184,1.0818817346197422,0.9129222011289428,0.9603437939068847,1.2346849390492183,0.6677759952016122,0.5699585455789642,0.9312850055234942,0.8789603458969172,0.8144942074963732,1.0084917318524667,1.6870622352916933,1.2388238269160985,0.9742261891904457,0.9908413796693951,0.7445614290775002,1.5740551994386152,0.5449638515996234,0.4785576961806546,0.9367822139166804,0.8036764112980416,0.6645486346059776,0.9594718845802892,1.6491430852830198,1.0322157840467039,0.6300624389208748,0.8209735364943603,0.6092109365843553,0.7200284743564177,0.8390015283138853,0.9496748580976369,0.7611694805280705,2.0830055523547335,1.1549525245659098,0.5349624621652445,7.564344188346136,6.363630079330339,1.4367315135305179,4.534788392151891,2.699997675451934,1.2347717391445314
47,2,BW08_slice_001_2026-04-09_20260409-000000_slice_lfp_rhythm.h5,83677.335,1775730600000.0,2026-04-09T18:30:00+08:00,0.9684876736111112,0,18.5,-0.9914448613738105,0.13052619222005127,1,1,2,reversal_frequency_rule,60.3738899230957,1,intermediate,0.7281283140182495,2,right_bias,21,20,20,1,0,1,1,0,0,1,0.6638888716697693,0.0,0.23055554926395416,0.07222222536802292,0.03333333507180214,0.5181951283616318,0.4958802059021873,0.7553500347820851,0.7720310248446475,0.7176478519870213,0.6166865689128743,1.0143740581277956,1.2775347252665628,1.0240308070682012,1.0541502297426413,0.956475561932951,1.295558859330917,0.6874577268340838,0.727378171497006,0.6633949842832971,0.7085054819247786,0.7508492351031301,0.5240318318638989,0.7967053832220877,1.0491271735237184,1.0818817346197422,0.9129222011289428,0.9603437939068847,1.2346849390492183,0.6677759952016122,0.5699585455789642,0.9312850055234942,0.8789603458969172,0.8144942074963732,1.0084917318524667,1.6870622352916933,1.2388238269160985,0.9742261891904457,0.9908413796693951,0.7445614290775002,1.5740551994386152,0.5449638515996234,0.4785576961806546,0.9367822139166804,0.8036764112980416,0.6645486346059776,0.9594718845802892,1.6491430852830198,1.0322157840467039,0.6300624389208748,0.8209735364943603,0.6092109365843553,0.7200284743564177,0.8390015283138853,0.9496748580976369,0.7611694805280705,2.0830055523547335,1.1549525245659098,0.5349624621652445,7.564344188346136,6.363630079330339,1.4367315135305179,4.534788392151891,2.699997675451934,1.2347717391445314
48,2,BW08_slice_001_2026-04-09_20260409-000000_slice_lfp_rhythm.h5,87277.335,1775734200000.0,2026-04-09T19:30:00+08:00,1.010154340277778,1,19.5,-0.923879532511287,0.38268343236508917,1,1,2,reversal_frequency_rule,66.66123962402344,1,intermediate,0.5844504237174988,2,right_bias,28,26,26,1,0,1,1,0,0,1,0.5138888955116272,0.0,0.4166666567325592,0.0694444477558136,0.0,1.126850297474024,0.9012886135102837,0.8581931839258304,1.0357403754027052,1.01696068129764,0.8264394704965735,0.7530317243951851,0.8126977183277247,1.7758499261594327,0.8310671738482872,0.8026864084516596,1.165446907683946,0.9641366328053533,0.9200757589970815,0.729660696154622,0.8876916250670305,0.935228265227609,0.7708201089053475,0.7552810229676548,0.8095287512513869,1.5031587212497033,0.7902332240623382,0.7232724593534557,1.1590317491783309,1.0571435273415835,0.7944135530173572,1.0656156976385336,1.1456954443881429,0.9850099887379797,0.9939308096733459,1.3422218863133906,1.0798972163755258,2.0013040567922658,1.0257699813327925,0.8958143601296867,1.167545911374551,1.4843639383802643,1.1098285208074843,1.0426788137231737,1.3695367962360943,1.1854515385465372,0.9183340601359112,0.8908269445322888,1.0935832381898916,1.509909806268021,1.1891323748700238,1.114136572951759,1.0043186350452074,nan,nan,nan,nan,nan,nan,nan,nan,nan,nan,nan,nan
49,3,BW08_slice_001_2026-04-09_20260409-000000_slice_lfp_rhythm.h5,87277.335,1775734200000.0,2026-04-09T19:30:00+08:00,1.010154340277778,1,19.5,-0.923879532511287,0.38268343236508917,1,1,2,reversal_frequency_rule,66.66123962402344,1,intermediate,0.5844504237174988,2,right_bias,28,26,26,1,0,1,1,0,0,1,0.5138888955116272,0.0,0.4166666567325592,0.0694444477558136,0.0,1.126850297474024,0.9012886135102837,0.8581931839258304,1.0357403754027052,1.01696068129764,0.8264394704965735,0.7530317243951851,0.8126977183277247,1.7758499261594327,0.8310671738482872,0.8026864084516596,1.165446907683946,0.9641366328053533,0.9200757589970815,0.729660696154622,0.8876916250670305,0.935228265227609,0.7708201089053475,0.7552810229676548,0.8095287512513869,1.5031587212497033,0.7902332240623382,0.7232724593534557,1.1590317491783309,1.0571435273415835,0.7944135530173572,1.0656156976385336,1.1456954443881429,0.9850099887379797,0.9939308096733459,1.3422218863133906,1.0798972163755258,2.0013040567922658,1.0257699813327925,0.8958143601296867,1.167545911374551,1.4843639383802643,1.1098285208074843,1.0426788137231737,1.3695367962360943,1.1854515385465372,0.9183340601359112,0.8908269445322888,1.0935832381898916,1.509909806268021,1.1891323748700238,1.114136572951759,1.0043186350452074,nan,nan,nan,nan,nan,nan,nan,nan,nan,nan,nan,nan
50,2,BW08_slice_001_2026-04-09_20260409-000000_slice_lfp_rhythm.h5,90877.335,1775737800000.0,2026-04-09T20:30:00+08:00,1.0518210069444445,1,20.5,-0.7933533402912357,0.6087614290087199,1,1,2,reversal_frequency_rule,70.02023315429688,2,learned,0.33272165060043335,2,right_bias,13,12,12,1,0,1,0,1,0,1,0.8527777791023254,0.0,0.13611111044883728,0.0,0.011111111380159855,0.56721916192325,0.49193127741944165,0.7872567857724123,0.7843069761222937,0.7194759154678958,0.7690763992293709,0.8304493410936088,1.334649896496595,1.0545636642840412,0.8680983031651331,1.0874297324210835,1.1074393432202425,0.6852188754620656,0.6703543277685615,0.6954545425064468,0.6268127349136192,0.7496417551996291,0.672392448558644,0.5328985663502277,0.9015303293433188,1.0898719448821022,0.6144693084128979,0.9322611899081134,1.0227251200671676,1.206707473463801,0.9316635983714227,1.0070775142426924,1.1428218836586461,0.9755701461484655,0.6743608906125287,1.4506275195309102,1.341984700726632,0.8225502648992509,1.304924048835918,1.058497068901674,1.2949784406227127,nan,nan,nan,nan,nan,nan,nan,nan,nan,nan,nan,nan,0.5360330909023209,0.6828383786356006,0.7004034263135788,0.4097971078286295,0.47829197753635516,0.43694822704216135,0.281246925589972,0.5602204007071819,0.807164568318403,0.35821781931028207,0.7745061491679978,0.7898115336265685
51,3,BW08_slice_001_2026-04-09_20260409-000000_slice_lfp_rhythm.h5,90877.335,1775737800000.0,2026-04-09T20:30:00+08:00,1.0518210069444445,1,20.5,-0.7933533402912357,0.6087614290087199,1,1,2,reversal_frequency_rule,70.02023315429688,2,learned,0.33272165060043335,2,right_bias,13,12,12,1,0,1,0,1,0,1,0.8527777791023254,0.0,0.13611111044883728,0.0,0.011111111380159855,0.56721916192325,0.49193127741944165,0.7872567857724123,0.7843069761222937,0.7194759154678958,0.7690763992293709,0.8304493410936088,1.334649896496595,1.0545636642840412,0.8680983031651331,1.0874297324210835,1.1074393432202425,0.6852188754620656,0.6703543277685615,0.6954545425064468,0.6268127349136192,0.7496417551996291,0.672392448558644,0.5328985663502277,0.9015303293433188,1.0898719448821022,0.6144693084128979,0.9322611899081134,1.0227251200671676,1.206707473463801,0.9316635983714227,1.0070775142426924,1.1428218836586461,0.9755701461484655,0.6743608906125287,1.4506275195309102,1.341984700726632,0.8225502648992509,1.304924048835918,1.058497068901674,1.2949784406227127,nan,nan,nan,nan,nan,nan,nan,nan,nan,nan,nan,nan,0.5360330909023209,0.6828383786356006,0.7004034263135788,0.4097971078286295,0.47829197753635516,0.43694822704216135,0.281246925589972,0.5602204007071819,0.807164568318403,0.35821781931028207,0.7745061491679978,0.7898115336265685
52,3,BW08_slice_001_2026-04-09_20260409-000000_slice_lfp_rhythm.h5,94477.335,1775741400000.0,2026-04-09T21:30:00+08:00,1.0934876736111112,1,21.5,-0.608761429008721,0.7933533402912349,1,1,2,reversal_frequency_rule,76.1367416381836,2,learned,0.12765948474407196,2,right_bias,30,22,22,1,0,1,0,1,0,1,0.5183098316192627,0.008450704626739025,0.3971830904483795,0.050704225897789,0.0253521129488945,1.1804967702434936,0.9800882659805282,0.9199684613354755,0.8270758329509768,0.8657422395413853,0.8755119306753736,0.2913236964624614,0.3921855759141374,2.2953305066471787,0.5011428776719625,0.5866430642454947,1.9479284192208883,0.6640942670713588,0.6579238772173701,0.7483680706121498,0.5123036470791492,0.6018605004323531,0.7825856110948836,0.27309581874506167,0.34282580750945996,1.4615713020835164,0.38822132610927795,0.3913036050544005,1.067349046868003,1.2535046290909833,1.0168923281719708,1.2253501856408573,1.2141543193343478,1.019611640852586,1.12534119551242,0.9069769930541307,0.9424013140564156,3.1945562949432853,0.9620546656747484,0.9163599976120876,3.102423981419214,1.736368002237725,1.21345269584661,1.1717104243944387,1.6744491694565076,1.127638146056338,1.1367746523527473,2.845749562035537,1.7242351057324652,3.3003709474804914,1.6552240861940437,1.2098145029568388,3.5292579594957965,0.4797270787894543,0.6468972297323814,0.7336412928041183,0.3535647806390962,0.4712777286857091,0.5040079016046436,0.1618641424746282,0.4674613613570294,0.813139612703935,0.30483038330852846,0.6160062618013787,0.9216318440131596
53,2,BW08_slice_001_2026-04-09_20260409-000000_slice_lfp_rhythm.h5,94477.335,1775741400000.0,2026-04-09T21:30:00+08:00,1.0934876736111112,1,21.5,-0.608761429008721,0.7933533402912349,1,1,2,reversal_frequency_rule,76.1367416381836,2,learned,0.12765948474407196,2,right_bias,30,22,22,1,0,1,0,1,0,1,0.5183098316192627,0.008450704626739025,0.3971830904483795,0.050704225897789,0.0253521129488945,1.1804967702434936,0.9800882659805282,0.9199684613354755,0.8270758329509768,0.8657422395413853,0.8755119306753736,0.2913236964624614,0.3921855759141374,2.2953305066471787,0.5011428776719625,0.5866430642454947,1.9479284192208883,0.6640942670713588,0.6579238772173701,0.7483680706121498,0.5123036470791492,0.6018605004323531,0.7825856110948836,0.27309581874506167,0.34282580750945996,1.4615713020835164,0.38822132610927795,0.3913036050544005,1.067349046868003,1.2535046290909833,1.0168923281719708,1.2253501856408573,1.2141543193343478,1.019611640852586,1.12534119551242,0.9069769930541307,0.9424013140564156,3.1945562949432853,0.9620546656747484,0.9163599976120876,3.102423981419214,1.736368002237725,1.21345269584661,1.1717104243944387,1.6744491694565076,1.127638146056338,1.1367746523527473,2.845749562035537,1.7242351057324652,3.3003709474804914,1.6552240861940437,1.2098145029568388,3.5292579594957965,0.4797270787894543,0.6468972297323814,0.7336412928041183,0.3535647806390962,0.4712777286857091,0.5040079016046436,0.1618641424746282,0.4674613613570294,0.813139612703935,0.30483038330852846,0.6160062618013787,0.9216318440131596
54,2,BW08_slice_001_2026-04-09_20260409-000000_slice_lfp_rhythm.h5,98077.335,1775745000000.0,2026-04-09T22:30:00+08:00,1.135154340277778,1,22.5,-0.38268343236508956,0.9238795325112868,1,1,2,reversal_frequency_rule,76.0585708618164,2,learned,0.050467029213905334,1,neutral,15,14,14,1,0,1,0,1,0,0,0.8105849623680115,0.0,0.16991643607616425,0.005571030545979738,0.013927577063441277,0.7174927444351128,0.6309609528500157,0.9128617171861698,1.7196084241528888,1.1605784641736425,0.8828630918143592,2.3210608657839824,2.5002572630629634,1.3221404021941434,1.7954011745174103,1.5136224310596447,1.099408153044937,1.006687442743867,0.8783642098687197,0.8029560413917263,1.590103241809176,1.2887647091289074,0.806069090312656,1.6023927736269659,1.81142789158292,1.5576929774101305,1.423164670585934,1.3889517431001617,1.199109734024985,1.077969688007084,0.9347129942888012,1.1578712970001703,1.1011941364773326,0.9983282944908015,0.5640624832727125,0.7626011694420919,0.9040630192226731,0.27074243092857947,0.8719608845984547,0.9675445534175683,0.3385046411889992,3.9151993095449926,2.7432474433919465,1.484429471564976,3.036034491000637,2.381823124836734,0.6022974437354917,1.30396821584533,1.4969961117084984,0.2510230612173327,1.9704950280560223,2.5167271906985373,0.35878133735352824,0.47225091932626184,0.6660337559388099,0.7741860569425989,0.5161910745201553,0.5982730503077055,0.5807009075540499,0.8000276820930525,1.5329991634685451,1.0661570176295516,0.4715035395929081,0.8788890847811692,0.9049129698738473
55,3,BW08_slice_001_2026-04-09_20260409-000000_slice_lfp_rhythm.h5,98077.335,1775745000000.0,2026-04-09T22:30:00+08:00,1.135154340277778,1,22.5,-0.38268343236508956,0.9238795325112868,1,1,2,reversal_frequency_rule,76.0585708618164,2,learned,0.050467029213905334,1,neutral,15,14,14,1,0,1,0,1,0,0,0.8105849623680115,0.0,0.16991643607616425,0.005571030545979738,0.013927577063441277,0.7174927444351128,0.6309609528500157,0.9128617171861698,1.7196084241528888,1.1605784641736425,0.8828630918143592,2.3210608657839824,2.5002572630629634,1.3221404021941434,1.7954011745174103,1.5136224310596447,1.099408153044937,1.006687442743867,0.8783642098687197,0.8029560413917263,1.590103241809176,1.2887647091289074,0.806069090312656,1.6023927736269659,1.81142789158292,1.5576929774101305,1.423164670585934,1.3889517431001617,1.199109734024985,1.077969688007084,0.9347129942888012,1.1578712970001703,1.1011941364773326,0.9983282944908015,0.5640624832727125,0.7626011694420919,0.9040630192226731,0.27074243092857947,0.8719608845984547,0.9675445534175683,0.3385046411889992,3.9151993095449926,2.7432474433919465,1.484429471564976,3.036034491000637,2.381823124836734,0.6022974437354917,1.30396821584533,1.4969961117084984,0.2510230612173327,1.9704950280560223,2.5167271906985373,0.35878133735352824,0.47225091932626184,0.6660337559388099,0.7741860569425989,0.5161910745201553,0.5982730503077055,0.5807009075540499,0.8000276820930525,1.5329991634685451,1.0661570176295516,0.4715035395929081,0.8788890847811692,0.9049129698738473
56,2,BW08_slice_001_2026-04-09_20260409-000000_slice_lfp_rhythm.h5,101677.335,1775748600000.0,2026-04-09T23:30:00+08:00,1.1768210069444445,1,23.5,-0.13052619222005168,0.9914448613738104,1,1,2,reversal_frequency_rule,76.0585708618164,2,learned,0.050467029213905334,1,neutral,0,0,0,3,0,1,0,1,0,0,0.8222222328186035,0.0027777778450399637,0.17499999701976776,0.0,0.0,0.801103157403473,0.6786351024854025,0.9553847327530587,1.2771650519938997,0.9135583193365111,0.848880350928991,1.6871176711054978,1.9149434862899715,1.9199213202143532,1.4531276734729532,1.3082890195221772,1.0142681563023064,0.8039815311253323,0.7402844935649351,0.8355094311787109,1.0639247110879804,0.9110436108490814,0.7292637451003846,1.1354675922825241,1.3458513204885083,1.6254737176520613,1.0944111003133583,1.1388090071913524,1.0494129569930277,1.5117546959557686,1.2252198770970644,1.2352245869329048,1.4782069248764218,1.188230101605346,1.1305190667746867,1.3008179787428937,1.331083115143853,3.048989515034728,1.2916529312795701,1.1620551045046508,0.5420303598353585,nan,nan,nan,nan,nan,nan,nan,nan,nan,nan,nan,nan,nan,nan,nan,nan,nan,nan,nan,nan,nan,nan,nan,nan
57,3,BW08_slice_001_2026-04-09_20260409-000000_slice_lfp_rhythm.h5,101677.335,1775748600000.0,2026-04-09T23:30:00+08:00,1.1768210069444445,1,23.5,-0.13052619222005168,0.9914448613738104,1,1,2,reversal_frequency_rule,76.0585708618164,2,learned,0.050467029213905334,1,neutral,0,0,0,3,0,1,0,1,0,0,0.8222222328186035,0.0027777778450399637,0.17499999701976776,0.0,0.0,0.801103157403473,0.6786351024854025,0.9553847327530587,1.2771650519938997,0.9135583193365111,0.848880350928991,1.6871176711054978,1.9149434862899715,1.9199213202143532,1.4531276734729532,1.3082890195221772,1.0142681563023064,0.8039815311253323,0.7402844935649351,0.8355094311787109,1.0639247110879804,0.9110436108490814,0.7292637451003846,1.1354675922825241,1.3458513204885083,1.6254737176520613,1.0944111003133583,1.1388090071913524,1.0494129569930277,1.5117546959557686,1.2252198770970644,1.2352245869329048,1.4782069248764218,1.188230101605346,1.1305190667746867,1.3008179787428937,1.331083115143853,3.048989515034728,1.2916529312795701,1.1620551045046508,0.5420303598353585,nan,nan,nan,nan,nan,nan,nan,nan,nan,nan,nan,nan,nan,nan,nan,nan,nan,nan,nan,nan,nan,nan,nan,nan
58,4,BW08_slice_001_2026-04-12_20260412-000000_slice_lfp_rhythm.h5,278077.335,1775925000000.0,2026-04-12T00:30:00+08:00,3.2184876736111114,3,0.5,0.13052619222005157,0.9914448613738104,1,0,2,reversal_frequency_rule,66.34376525878906,1,intermediate,-0.627634584903717,0,left_bias,1,0,0,2,0,1,1,0,1,0,nan,nan,nan,nan,nan,nan,nan,nan,nan,nan,nan,nan,nan,nan,nan,nan,nan,nan,nan,nan,nan,nan,nan,nan,nan,nan,nan,nan,nan,nan,nan,nan,nan,nan,nan,nan,nan,nan,nan,nan,nan,nan,nan,nan,nan,nan,nan,nan,nan,nan,nan,nan,nan,nan,nan,nan,nan,nan,nan,nan,nan,nan,nan,nan,nan
59,5,BW08_slice_001_2026-04-12_20260412-000000_slice_lfp_rhythm.h5,278077.335,1775925000000.0,2026-04-12T00:30:00+08:00,3.2184876736111114,3,0.5,0.13052619222005157,0.9914448613738104,1,0,2,reversal_frequency_rule,66.34376525878906,1,intermediate,-0.627634584903717,0,left_bias,1,0,0,2,0,1,1,0,1,0,nan,nan,nan,nan,nan,nan,nan,nan,nan,nan,nan,nan,nan,nan,nan,nan,nan,nan,nan,nan,nan,nan,nan,nan,nan,nan,nan,nan,nan,nan,nan,nan,nan,nan,nan,nan,nan,nan,nan,nan,nan,nan,nan,nan,nan,nan,nan,nan,nan,nan,nan,nan,nan,nan,nan,nan,nan,nan,nan,nan,nan,nan,nan,nan,nan
60,5,BW08_slice_001_2026-04-12_20260412-000000_slice_lfp_rhythm.h5,281677.335,1775928600000.0,2026-04-12T01:30:00+08:00,3.260154340277778,3,1.5,0.3826834323650898,0.9238795325112867,1,1,2,reversal_frequency_rule,66.34376525878906,1,intermediate,-0.627634584903717,0,left_bias,0,0,0,3,0,1,1,0,1,0,1.0,0.0,0.0,0.0,0.0,0.3224120822804743,0.2828869683725485,0.803970402661281,1.6799461768975024,0.7055347872730183,0.7524244148372489,2.901525528951687,2.042524759161235,0.693116632385775,2.3265566186939712,1.424862282728891,0.6447466784571829,0.7698650929113259,0.6468287823314269,0.7204650153778147,1.4540397367946307,0.8331021392784446,0.6202134790013242,1.6290318488244353,1.2145993190756619,0.6908389692062336,1.5648242466139732,1.18484714477023,0.6027681609491673,nan,nan,nan,nan,nan,nan,nan,nan,nan,nan,nan,nan,nan,nan,nan,nan,nan,nan,nan,nan,nan,nan,nan,nan,nan,nan,nan,nan,nan,nan,nan,nan,nan,nan,nan,nan
61,4,BW08_slice_001_2026-04-12_20260412-000000_slice_lfp_rhythm.h5,281677.335,1775928600000.0,2026-04-12T01:30:00+08:00,3.260154340277778,3,1.5,0.3826834323650898,0.9238795325112867,1,1,2,reversal_frequency_rule,66.34376525878906,1,intermediate,-0.627634584903717,0,left_bias,0,0,0,3,0,1,1,0,1,0,1.0,0.0,0.0,0.0,0.0,0.3224120822804743,0.2828869683725485,0.803970402661281,1.6799461768975024,0.7055347872730183,0.7524244148372489,2.901525528951687,2.042524759161235,0.693116632385775,2.3265566186939712,1.424862282728891,0.6447466784571829,0.7698650929113259,0.6468287823314269,0.7204650153778147,1.4540397367946307,0.8331021392784446,0.6202134790013242,1.6290318488244353,1.2145993190756619,0.6908389692062336,1.5648242466139732,1.18484714477023,0.6027681609491673,nan,nan,nan,nan,nan,nan,nan,nan,nan,nan,nan,nan,nan,nan,nan,nan,nan,nan,nan,nan,nan,nan,nan,nan,nan,nan,nan,nan,nan,nan,nan,nan,nan,nan,nan,nan
62,5,BW08_slice_001_2026-04-12_20260412-000000_slice_lfp_rhythm.h5,285277.335,1775932200000.0,2026-04-12T02:30:00+08:00,3.3018210069444445,3,2.5,0.6087614290087207,0.7933533402912352,1,1,2,reversal_frequency_rule,66.34376525878906,1,intermediate,-0.627634584903717,0,left_bias,0,0,0,3,0,1,1,0,1,0,0.800000011920929,0.0,0.1944444477558136,0.0055555556900799274,0.0,1.3640762154038113,0.8970366363340595,0.9892483635084742,3.293996889304438,1.5815333410055887,0.8758041081220075,5.572674909396523,4.279134587264383,0.5926463124496892,3.5067423759929355,2.2480762767104827,0.5008705142656443,1.7539631757938705,1.154556088261521,0.8693182927491376,3.1222035840138287,1.8022394307142209,0.7812029498643304,3.88151199434943,3.130857060074957,0.6595894394865852,2.8115644604500325,2.0879329085737175,0.506624017777732,2.0138623718647124,1.3110961211679115,1.2464697642490692,2.016379964004655,1.3247651162163072,0.6080855496356464,2.0469425604053653,1.4513356537910982,0.28787473109147255,1.6993070458255433,1.3755576258448443,0.36186782614179736,3.118178255009028,1.9637933888369306,1.1003369768179032,2.6366294083889956,1.8123836458033136,0.5472780268226526,1.320309738055545,1.2473680417160526,0.2724677425829186,2.002902206597605,1.8116752489136736,0.38997746264965166,nan,nan,nan,nan,nan,nan,nan,nan,nan,nan,nan,nan
63,4,BW08_slice_001_2026-04-12_20260412-000000_slice_lfp_rhythm.h5,285277.335,1775932200000.0,2026-04-12T02:30:00+08:00,3.3018210069444445,3,2.5,0.6087614290087207,0.7933533402912352,1,1,2,reversal_frequency_rule,66.34376525878906,1,intermediate,-0.627634584903717,0,left_bias,0,0,0,3,0,1,1,0,1,0,0.800000011920929,0.0,0.1944444477558136,0.0055555556900799274,0.0,1.3640762154038113,0.8970366363340595,0.9892483635084742,3.293996889304438,1.5815333410055887,0.8758041081220075,5.572674909396523,4.279134587264383,0.5926463124496892,3.5067423759929355,2.2480762767104827,0.5008705142656443,1.7539631757938705,1.154556088261521,0.8693182927491376,3.1222035840138287,1.8022394307142209,0.7812029498643304,3.88151199434943,3.130857060074957,0.6595894394865852,2.8115644604500325,2.0879329085737175,0.506624017777732,2.0138623718647124,1.3110961211679115,1.2464697642490692,2.016379964004655,1.3247651162163072,0.6080855496356464,2.0469425604053653,1.4513356537910982,0.28787473109147255,1.6993070458255433,1.3755576258448443,0.36186782614179736,3.118178255009028,1.9637933888369306,1.1003369768179032,2.6366294083889956,1.8123836458033136,0.5472780268226526,1.320309738055545,1.2473680417160526,0.2724677425829186,2.002902206597605,1.8116752489136736,0.38997746264965166,nan,nan,nan,nan,nan,nan,nan,nan,nan,nan,nan,nan
64,5,BW08_slice_001_2026-04-12_20260412-000000_slice_lfp_rhythm.h5,288877.335,1775935800000.0,2026-04-12T03:30:00+08:00,3.3434876736111114,3,3.5,0.7933533402912352,0.6087614290087207,1,1,2,reversal_frequency_rule,66.34376525878906,1,intermediate,-0.627634584903717,0,left_bias,0,0,0,3,0,1,1,0,1,0,0.605555534362793,0.0,0.39444443583488464,0.0,0.0,1.6093284125916074,0.9561882205399094,0.8177200867025904,1.4696861594845518,1.0375716641939754,0.5709357488441041,1.3666792037385371,1.1647794637773967,0.34979471138415363,1.3015144605603242,1.0154354675855897,0.39232370119506416,1.2916753535741252,0.8379776713726336,0.7125932485574212,1.124077735223705,0.9125504882753573,0.5586825437097688,1.1619907745098434,1.0053754085056898,0.39770546294271414,1.096967356700973,0.840710234954213,0.4053885063476775,1.659197755626204,0.9811721215035587,0.9918533697033317,1.858678082394128,1.1169505686318852,0.5849928143406599,2.750687934432887,1.5584872234162386,0.2584682912780771,1.634794804741104,1.1761072422878909,0.34404578183710727,nan,nan,nan,nan,nan,nan,nan,nan,nan,nan,nan,nan,nan,nan,nan,nan,nan,nan,nan,nan,nan,nan,nan,nan
65,4,BW08_slice_001_2026-04-12_20260412-000000_slice_lfp_rhythm.h5,288877.335,1775935800000.0,2026-04-12T03:30:00+08:00,3.3434876736111114,3,3.5,0.7933533402912352,0.6087614290087207,1,1,2,reversal_frequency_rule,66.34376525878906,1,intermediate,-0.627634584903717,0,left_bias,0,0,0,3,0,1,1,0,1,0,0.605555534362793,0.0,0.39444443583488464,0.0,0.0,1.6093284125916074,0.9561882205399094,0.8177200867025904,1.4696861594845518,1.0375716641939754,0.5709357488441041,1.3666792037385371,1.1647794637773967,0.34979471138415363,1.3015144605603242,1.0154354675855897,0.39232370119506416,1.2916753535741252,0.8379776713726336,0.7125932485574212,1.124077735223705,0.9125504882753573,0.5586825437097688,1.1619907745098434,1.0053754085056898,0.39770546294271414,1.096967356700973,0.840710234954213,0.4053885063476775,1.659197755626204,0.9811721215035587,0.9918533697033317,1.858678082394128,1.1169505686318852,0.5849928143406599,2.750687934432887,1.5584872234162386,0.2584682912780771,1.634794804741104,1.1761072422878909,0.34404578183710727,nan,nan,nan,nan,nan,nan,nan,nan,nan,nan,nan,nan,nan,nan,nan,nan,nan,nan,nan,nan,nan,nan,nan,nan
66,4,BW08_slice_001_2026-04-12_20260412-000000_slice_lfp_rhythm.h5,292477.335,1775939400000.0,2026-04-12T04:30:00+08:00,3.385154340277778,3,4.5,0.9238795325112867,0.38268343236508984,1,1,2,reversal_frequency_rule,66.34376525878906,1,intermediate,-0.627634584903717,0,left_bias,0,0,0,3,0,1,1,0,1,0,0.949999988079071,0.0027777778450399637,0.03611111268401146,0.011111111380159855,0.0,0.26340555857127973,0.24643240690976706,0.7806858356682184,0.9512000252107097,0.496565616351124,0.7351769242590097,1.4786239653223157,0.929045660230558,0.5424771654672956,1.3117944238969705,0.6992834930939437,0.5148854384720045,0.5639604149442763,0.46792309874460847,0.7019814370016695,0.830425628394404,0.544568185573237,0.6260731815439686,0.8730785898570778,0.5774507573022041,0.5562879244309252,0.9240559894613103,0.5932468877391618,0.4902394155867258,0.4942573703161894,0.6564695999103878,0.922354081208274,0.6970598956382389,0.7751609913155081,0.5123923462440002,0.8252482613009553,0.7543742312994437,0.2530838359990427,0.6546052317472272,0.6890575924873908,0.3457821450430812,0.4165436708724268,0.4732409693746602,0.7244367438429188,0.6958137615947978,0.5876256388867787,0.4450990886277301,1.104474626240492,0.7219097953447596,0.21643200627526374,0.5135202930231081,0.5583818954510824,0.38501581150310216,nan,nan,nan,nan,nan,nan,nan,nan,nan,nan,nan,nan
67,5,BW08_slice_001_2026-04-12_20260412-000000_slice_lfp_rhythm.h5,292477.335,1775939400000.0,2026-04-12T04:30:00+08:00,3.385154340277778,3,4.5,0.9238795325112867,0.38268343236508984,1,1,2,reversal_frequency_rule,66.34376525878906,1,intermediate,-0.627634584903717,0,left_bias,0,0,0,3,0,1,1,0,1,0,0.949999988079071,0.0027777778450399637,0.03611111268401146,0.011111111380159855,0.0,0.26340555857127973,0.24643240690976706,0.7806858356682184,0.9512000252107097,0.496565616351124,0.7351769242590097,1.4786239653223157,0.929045660230558,0.5424771654672956,1.3117944238969705,0.6992834930939437,0.5148854384720045,0.5639604149442763,0.46792309874460847,0.7019814370016695,0.830425628394404,0.544568185573237,0.6260731815439686,0.8730785898570778,0.5774507573022041,0.5562879244309252,0.9240559894613103,0.5932468877391618,0.4902394155867258,0.4942573703161894,0.6564695999103878,0.922354081208274,0.6970598956382389,0.7751609913155081,0.5123923462440002,0.8252482613009553,0.7543742312994437,0.2530838359990427,0.6546052317472272,0.6890575924873908,0.3457821450430812,0.4165436708724268,0.4732409693746602,0.7244367438429188,0.6958137615947978,0.5876256388867787,0.4450990886277301,1.104474626240492,0.7219097953447596,0.21643200627526374,0.5135202930231081,0.5583818954510824,0.38501581150310216,nan,nan,nan,nan,nan,nan,nan,nan,nan,nan,nan,nan
68,4,BW08_slice_001_2026-04-12_20260412-000000_slice_lfp_rhythm.h5,296077.335,1775943000000.0,2026-04-12T05:30:00+08:00,3.4268210069444445,3,5.5,0.9914448613738104,0.1305261922200517,1,1,2,reversal_frequency_rule,66.34376525878906,1,intermediate,-0.627634584903717,0,left_bias,0,0,0,3,0,1,1,0,1,0,0.6277777552604675,0.0055555556900799274,0.3611111044883728,0.0055555556900799274,0.0,1.3636262410443707,0.8988086979396278,0.8245578009951159,1.1014481474621114,0.8979750171134323,0.64129136544112,1.0915122206238697,0.941638165102401,0.3873757373357526,1.045947424803461,0.923656298481991,0.40929250170877807,1.0360357935671944,0.8712453224515326,0.7356152961929759,0.8791321427965264,0.7987752304311758,0.6483734031872112,0.947411356577895,0.817686888872465,0.46115067467232873,0.8934104810401338,0.7854994156974593,0.4606707740736553,1.5122977741128407,0.9404474021723332,0.9667108522143898,1.3941724348313989,0.9673110101577002,0.4590572215198101,0.8163834643358608,0.9165752838469997,0.24464836184992414,1.1778051475129632,1.0242747355000266,0.28300169122508184,3.1994031873248128,1.330365971248446,0.9772490559883719,2.383037710106942,1.07900227941396,0.4498858334717262,1.5316812043361967,1.2566390140603185,0.23813497567854697,2.044586725156682,1.4053192896914606,0.3565078651709288,nan,nan,nan,nan,nan,nan,nan,nan,nan,nan,nan,nan
69,5,BW08_slice_001_2026-04-12_20260412-000000_slice_lfp_rhythm.h5,296077.335,1775943000000.0,2026-04-12T05:30:00+08:00,3.4268210069444445,3,5.5,0.9914448613738104,0.1305261922200517,1,1,2,reversal_frequency_rule,66.34376525878906,1,intermediate,-0.627634584903717,0,left_bias,0,0,0,3,0,1,1,0,1,0,0.6277777552604675,0.0055555556900799274,0.3611111044883728,0.0055555556900799274,0.0,1.3636262410443707,0.8988086979396278,0.8245578009951159,1.1014481474621114,0.8979750171134323,0.64129136544112,1.0915122206238697,0.941638165102401,0.3873757373357526,1.045947424803461,0.923656298481991,0.40929250170877807,1.0360357935671944,0.8712453224515326,0.7356152961929759,0.8791321427965264,0.7987752304311758,0.6483734031872112,0.947411356577895,0.817686888872465,0.46115067467232873,0.8934104810401338,0.7854994156974593,0.4606707740736553,1.5122977741128407,0.9404474021723332,0.9667108522143898,1.3941724348313989,0.9673110101577002,0.4590572215198101,0.8163834643358608,0.9165752838469997,0.24464836184992414,1.1778051475129632,1.0242747355000266,0.28300169122508184,3.1994031873248128,1.330365971248446,0.9772490559883719,2.383037710106942,1.07900227941396,0.4498858334717262,1.5316812043361967,1.2566390140603185,0.23813497567854697,2.044586725156682,1.4053192896914606,0.3565078651709288,nan,nan,nan,nan,nan,nan,nan,nan,nan,nan,nan,nan
70,5,BW08_slice_001_2026-04-12_20260412-000000_slice_lfp_rhythm.h5,299677.335,1775946600000.0,2026-04-12T06:30:00+08:00,3.4684876736111114,3,6.5,0.9914448613738104,-0.1305261922200516,0,1,2,reversal_frequency_rule,66.34376525878906,1,intermediate,-0.627634584903717,0,left_bias,0,0,0,3,0,1,1,0,1,0,1.0,0.0,0.0,0.0,0.0,0.29564351897426533,0.2617217440777527,0.8043191694302445,1.2162094501473808,0.5672590287454965,0.5352864923269697,2.2277641985168946,1.773854041890535,0.4363572660053793,1.3438059799106121,1.0433641204650557,0.4769616354927219,0.7059463268059363,0.5984339186968998,0.7207775570519023,1.0586446842669475,0.6772703488757461,0.4605261470540052,1.2507440839856963,1.0553830501384565,0.4356829017754288,0.9039162840776548,0.8673952273805604,0.44513679617921387,nan,nan,nan,nan,nan,nan,nan,nan,nan,nan,nan,nan,nan,nan,nan,nan,nan,nan,nan,nan,nan,nan,nan,nan,nan,nan,nan,nan,nan,nan,nan,nan,nan,nan,nan,nan
71,4,BW08_slice_001_2026-04-12_20260412-000000_slice_lfp_rhythm.h5,299677.335,1775946600000.0,2026-04-12T06:30:00+08:00,3.4684876736111114,3,6.5,0.9914448613738104,-0.1305261922200516,0,1,2,reversal_frequency_rule,66.34376525878906,1,intermediate,-0.627634584903717,0,left_bias,0,0,0,3,0,1,1,0,1,0,1.0,0.0,0.0,0.0,0.0,0.29564351897426533,0.2617217440777527,0.8043191694302445,1.2162094501473808,0.5672590287454965,0.5352864923269697,2.2277641985168946,1.773854041890535,0.4363572660053793,1.3438059799106121,1.0433641204650557,0.4769616354927219,0.7059463268059363,0.5984339186968998,0.7207775570519023,1.0586446842669475,0.6772703488757461,0.4605261470540052,1.2507440839856963,1.0553830501384565,0.4356829017754288,0.9039162840776548,0.8673952273805604,0.44513679617921387,nan,nan,nan,nan,nan,nan,nan,nan,nan,nan,nan,nan,nan,nan,nan,nan,nan,nan,nan,nan,nan,nan,nan,nan,nan,nan,nan,nan,nan,nan,nan,nan,nan,nan,nan,nan
72,4,BW08_slice_001_2026-04-12_20260412-000000_slice_lfp_rhythm.h5,303277.335,1775950200000.0,2026-04-12T07:30:00+08:00,3.510154340277778,3,7.5,0.9238795325112868,-0.3826834323650895,0,1,2,reversal_frequency_rule,66.34376525878906,1,intermediate,-0.627634584903717,0,left_bias,0,0,0,3,0,1,1,0,1,0,0.2777777910232544,0.0,0.7222222089767456,0.0,0.0,2.59387969123477,1.86686780633472,0.8694796478467751,1.2685511614557372,1.1917263935917735,0.45160751382220726,0.48507787563825494,0.6054062166064667,0.2934114017819369,0.7372128815226353,0.9468669444381482,0.2957626315177,2.1620101004027052,1.7149826379545137,0.7302179922788491,1.0109814039937912,1.0198322948337746,0.39646902864921224,0.8151740236740647,0.9386976329016672,0.35889874645882136,0.7344237035823639,0.8735447504788514,0.3383954037803567,1.6560092218505291,1.2104065681765392,1.0362785221652635,1.4749180172123804,1.048850626251826,0.603583179908488,1.075872529401994,0.9966562370741245,0.25199463761369056,1.2171391393128246,1.0396765894394673,0.2837964067513656,nan,nan,nan,nan,nan,nan,nan,nan,nan,nan,nan,nan,nan,nan,nan,nan,nan,nan,nan,nan,nan,nan,nan,nan
73,5,BW08_slice_001_2026-04-12_20260412-000000_slice_lfp_rhythm.h5,303277.335,1775950200000.0,2026-04-12T07:30:00+08:00,3.510154340277778,3,7.5,0.9238795325112868,-0.3826834323650895,0,1,2,reversal_frequency_rule,66.34376525878906,1,intermediate,-0.627634584903717,0,left_bias,0,0,0,3,0,1,1,0,1,0,0.2777777910232544,0.0,0.7222222089767456,0.0,0.0,2.59387969123477,1.86686780633472,0.8694796478467751,1.2685511614557372,1.1917263935917735,0.45160751382220726,0.48507787563825494,0.6054062166064667,0.2934114017819369,0.7372128815226353,0.9468669444381482,0.2957626315177,2.1620101004027052,1.7149826379545137,0.7302179922788491,1.0109814039937912,1.0198322948337746,0.39646902864921224,0.8151740236740647,0.9386976329016672,0.35889874645882136,0.7344237035823639,0.8735447504788514,0.3383954037803567,1.6560092218505291,1.2104065681765392,1.0362785221652635,1.4749180172123804,1.048850626251826,0.603583179908488,1.075872529401994,0.9966562370741245,0.25199463761369056,1.2171391393128246,1.0396765894394673,0.2837964067513656,nan,nan,nan,nan,nan,nan,nan,nan,nan,nan,nan,nan,nan,nan,nan,nan,nan,nan,nan,nan,nan,nan,nan,nan
74,4,BW08_slice_001_2026-04-12_20260412-000000_slice_lfp_rhythm.h5,306877.335,1775953800000.0,2026-04-12T08:30:00+08:00,3.5518210069444445,3,8.5,0.7933533402912352,-0.6087614290087207,0,1,2,reversal_frequency_rule,66.34376525878906,1,intermediate,-0.627634584903717,0,left_bias,0,0,0,3,0,1,1,0,1,0,0.4833333194255829,0.0027777778450399637,0.5111111402511597,0.0027777778450399637,0.0,1.439378870942139,1.1843315688765912,0.7878229105403068,0.9134190291561829,0.8761224921657776,0.5207962641565276,0.6310947382099913,0.5905079980351278,0.3306853767832088,0.6535974607076678,0.7217506933942109,0.326688689806293,0.8695141283693258,0.8509168624316891,0.6874768049340262,0.6360901208364825,0.6335601922301641,0.541022949675371,0.6191457512833096,0.5528077788224126,0.3996068969896157,0.5104016665360804,0.514593102437845,0.39307518668023156,1.2556311679888899,1.0309817253302813,0.9396028781801036,1.2220699096027552,0.9338512762360375,0.5042442170050389,1.8241022251636725,1.1916490669462632,0.24935450014140223,1.1432678403264944,0.9492588034280433,0.24893627813645272,0.3257462540322747,0.3621684248743105,0.9775551609685232,0.3458412634456798,0.3525981186508141,0.5196334215878409,1.316369312785557,0.6058986785786546,0.24856075965244057,0.4516883797911219,0.38992980288174556,0.2436160535784029,nan,nan,nan,nan,nan,nan,nan,nan,nan,nan,nan,nan
75,5,BW08_slice_001_2026-04-12_20260412-000000_slice_lfp_rhythm.h5,306877.335,1775953800000.0,2026-04-12T08:30:00+08:00,3.5518210069444445,3,8.5,0.7933533402912352,-0.6087614290087207,0,1,2,reversal_frequency_rule,66.34376525878906,1,intermediate,-0.627634584903717,0,left_bias,0,0,0,3,0,1,1,0,1,0,0.4833333194255829,0.0027777778450399637,0.5111111402511597,0.0027777778450399637,0.0,1.439378870942139,1.1843315688765912,0.7878229105403068,0.9134190291561829,0.8761224921657776,0.5207962641565276,0.6310947382099913,0.5905079980351278,0.3306853767832088,0.6535974607076678,0.7217506933942109,0.326688689806293,0.8695141283693258,0.8509168624316891,0.6874768049340262,0.6360901208364825,0.6335601922301641,0.541022949675371,0.6191457512833096,0.5528077788224126,0.3996068969896157,0.5104016665360804,0.514593102437845,0.39307518668023156,1.2556311679888899,1.0309817253302813,0.9396028781801036,1.2220699096027552,0.9338512762360375,0.5042442170050389,1.8241022251636725,1.1916490669462632,0.24935450014140223,1.1432678403264944,0.9492588034280433,0.24893627813645272,0.3257462540322747,0.3621684248743105,0.9775551609685232,0.3458412634456798,0.3525981186508141,0.5196334215878409,1.316369312785557,0.6058986785786546,0.24856075965244057,0.4516883797911219,0.38992980288174556,0.2436160535784029,nan,nan,nan,nan,nan,nan,nan,nan,nan,nan,nan,nan
76,5,BW08_slice_001_2026-04-12_20260412-000000_slice_lfp_rhythm.h5,310477.335,1775957400000.0,2026-04-12T09:30:00+08:00,3.5934876736111114,3,9.5,0.6087614290087209,-0.793353340291235,0,1,2,reversal_frequency_rule,66.34376525878906,1,intermediate,-0.627634584903717,0,left_bias,0,0,0,3,0,1,1,0,1,0,0.3333333432674408,0.0055555556900799274,0.6083333492279053,0.05277777835726738,0.0,1.2808053453161818,1.1595487830641706,0.7730109934268854,0.9284184145296107,0.9510003110729294,0.4947467936908681,0.5526796746858732,0.5997170010327751,0.3099410912409715,0.659297460464027,0.7564231476233835,0.35397846496152363,0.8888212735499432,0.7734465312617598,0.7040584113454805,0.8159753155674623,0.761868807901635,0.5671031270472441,0.8171858047428294,0.8325757536395428,0.43039637782733864,0.7338774011577439,0.7138110838621387,0.547382480144291,0.9379235745005245,0.861182012580694,0.89486703236233,1.076841069965476,0.8777727397832152,0.4897764520457006,0.9889570078486998,0.8879661477317141,0.23347706924400707,0.9343302167950256,0.8483522589836943,0.2485877196066637,1.129025138200116,1.0446051312333797,0.9264346295342,1.088635588490501,0.8934294072582384,0.4997101747801362,0.9639757270583612,0.8539376030717089,0.22957294660363656,1.069014276040761,0.9109400561852198,0.27945868104926186,nan,nan,nan,nan,nan,nan,nan,nan,nan,nan,nan,nan
77,4,BW08_slice_001_2026-04-12_20260412-000000_slice_lfp_rhythm.h5,310477.335,1775957400000.0,2026-04-12T09:30:00+08:00,3.5934876736111114,3,9.5,0.6087614290087209,-0.793353340291235,0,1,2,reversal_frequency_rule,66.34376525878906,1,intermediate,-0.627634584903717,0,left_bias,0,0,0,3,0,1,1,0,1,0,0.3333333432674408,0.0055555556900799274,0.6083333492279053,0.05277777835726738,0.0,1.2808053453161818,1.1595487830641706,0.7730109934268854,0.9284184145296107,0.9510003110729294,0.4947467936908681,0.5526796746858732,0.5997170010327751,0.3099410912409715,0.659297460464027,0.7564231476233835,0.35397846496152363,0.8888212735499432,0.7734465312617598,0.7040584113454805,0.8159753155674623,0.761868807901635,0.5671031270472441,0.8171858047428294,0.8325757536395428,0.43039637782733864,0.7338774011577439,0.7138110838621387,0.547382480144291,0.9379235745005245,0.861182012580694,0.89486703236233,1.076841069965476,0.8777727397832152,0.4897764520457006,0.9889570078486998,0.8879661477317141,0.23347706924400707,0.9343302167950256,0.8483522589836943,0.2485877196066637,1.129025138200116,1.0446051312333797,0.9264346295342,1.088635588490501,0.8934294072582384,0.4997101747801362,0.9639757270583612,0.8539376030717089,0.22957294660363656,1.069014276040761,0.9109400561852198,0.27945868104926186,nan,nan,nan,nan,nan,nan,nan,nan,nan,nan,nan,nan
78,5,BW08_slice_001_2026-04-12_20260412-000000_slice_lfp_rhythm.h5,314077.335,1775961000000.0,2026-04-12T10:30:00+08:00,3.635154340277778,3,10.5,0.3826834323650899,-0.9238795325112867,0,1,2,reversal_frequency_rule,66.34376525878906,1,intermediate,-0.627634584903717,0,left_bias,0,0,0,3,0,1,1,0,1,0,0.3333333432674408,0.0055555556900799274,0.605555534362793,0.0555555559694767,0.0,1.1494864171679637,0.9904760743311716,0.7623773343635232,0.7666503212591033,0.8716361908622278,0.6176081785827422,0.30098551471259993,0.4704589335181897,0.293422444683295,0.5101849704004663,0.679023582838237,0.3027607272997559,0.8351621818575625,0.7447048791312311,0.6575937078113807,0.54801998461329,0.6422973259865167,0.5962878560375398,0.4178531983769317,0.6211713275893647,0.3501441304877865,0.5072212336285947,0.6098166979807259,0.42840464745129747,0.839596614187969,0.7256142729509891,0.9016213171038582,0.9978121309673584,0.8325804641260087,0.8167419271664157,0.7987825943861605,0.8277506929483298,0.24730647056952856,0.8295372368802348,0.7862021608248558,0.2344562078557254,1.0024059133858518,0.9015448879094347,0.992528675065892,1.0399290801934822,0.8626823767639964,0.9447367806939031,0.6569149914890714,0.7628067886978547,0.2566949626750571,0.8239012812443954,0.8218622686129434,0.2748601231231893,nan,nan,nan,nan,nan,nan,nan,nan,nan,nan,nan,nan
79,4,BW08_slice_001_2026-04-12_20260412-000000_slice_lfp_rhythm.h5,314077.335,1775961000000.0,2026-04-12T10:30:00+08:00,3.635154340277778,3,10.5,0.3826834323650899,-0.9238795325112867,0,1,2,reversal_frequency_rule,66.34376525878906,1,intermediate,-0.627634584903717,0,left_bias,0,0,0,3,0,1,1,0,1,0,0.3333333432674408,0.0055555556900799274,0.605555534362793,0.0555555559694767,0.0,1.1494864171679637,0.9904760743311716,0.7623773343635232,0.7666503212591033,0.8716361908622278,0.6176081785827422,0.30098551471259993,0.4704589335181897,0.293422444683295,0.5101849704004663,0.679023582838237,0.3027607272997559,0.8351621818575625,0.7447048791312311,0.6575937078113807,0.54801998461329,0.6422973259865167,0.5962878560375398,0.4178531983769317,0.6211713275893647,0.3501441304877865,0.5072212336285947,0.6098166979807259,0.42840464745129747,0.839596614187969,0.7256142729509891,0.9016213171038582,0.9978121309673584,0.8325804641260087,0.8167419271664157,0.7987825943861605,0.8277506929483298,0.24730647056952856,0.8295372368802348,0.7862021608248558,0.2344562078557254,1.0024059133858518,0.9015448879094347,0.992528675065892,1.0399290801934822,0.8626823767639964,0.9447367806939031,0.6569149914890714,0.7628067886978547,0.2566949626750571,0.8239012812443954,0.8218622686129434,0.2748601231231893,nan,nan,nan,nan,nan,nan,nan,nan,nan,nan,nan,nan
80,4,BW08_slice_001_2026-04-12_20260412-000000_slice_lfp_rhythm.h5,317677.335,1775964600000.0,2026-04-12T11:30:00+08:00,3.6768210069444445,3,11.5,0.130526192220052,-0.9914448613738104,0,1,2,reversal_frequency_rule,66.34376525878906,1,intermediate,-0.627634584903717,0,left_bias,0,0,0,3,0,1,1,0,1,0,0.1527777761220932,0.0,0.7222222089767456,0.125,0.0,1.0901129190731305,1.0174785848843153,0.7451641010386455,0.6223263900093552,0.8307610888965486,0.5559613605331061,0.13806468080622314,0.20052483309221464,0.26632703684421355,0.3620500888720901,0.5018902168490538,0.22627693312672048,1.3152869555047757,1.2607395756984272,0.692497513159552,0.49259953463311995,0.7540924928893808,0.4836066527136061,0.24453818839932806,0.2269532019201112,0.3237794647783468,0.381744729696909,0.3359495794055307,0.2587582209934696,0.6659887139034601,0.617369736430204,0.8562489453963725,0.7867967796482169,0.7166978088911319,0.8133849876543279,0.8995841975297241,0.7775045030658776,0.23876089053571778,0.7288151766068496,0.6428275932275967,0.22702392252130044,0.9301533443164142,0.8093544827105483,0.9520754659357156,0.9178609723513205,0.825242510334224,0.7265177423842336,0.5652756531834017,0.7438141652772513,0.2441085960557658,0.744039980879328,0.7884343760639817,0.25889711656008,nan,nan,nan,nan,nan,nan,nan,nan,nan,nan,nan,nan
81,5,BW08_slice_001_2026-04-12_20260412-000000_slice_lfp_rhythm.h5,317677.335,1775964600000.0,2026-04-12T11:30:00+08:00,3.6768210069444445,3,11.5,0.130526192220052,-0.9914448613738104,0,1,2,reversal_frequency_rule,66.34376525878906,1,intermediate,-0.627634584903717,0,left_bias,0,0,0,3,0,1,1,0,1,0,0.1527777761220932,0.0,0.7222222089767456,0.125,0.0,1.0901129190731305,1.0174785848843153,0.7451641010386455,0.6223263900093552,0.8307610888965486,0.5559613605331061,0.13806468080622314,0.20052483309221464,0.26632703684421355,0.3620500888720901,0.5018902168490538,0.22627693312672048,1.3152869555047757,1.2607395756984272,0.692497513159552,0.49259953463311995,0.7540924928893808,0.4836066527136061,0.24453818839932806,0.2269532019201112,0.3237794647783468,0.381744729696909,0.3359495794055307,0.2587582209934696,0.6659887139034601,0.617369736430204,0.8562489453963725,0.7867967796482169,0.7166978088911319,0.8133849876543279,0.8995841975297241,0.7775045030658776,0.23876089053571778,0.7288151766068496,0.6428275932275967,0.22702392252130044,0.9301533443164142,0.8093544827105483,0.9520754659357156,0.9178609723513205,0.825242510334224,0.7265177423842336,0.5652756531834017,0.7438141652772513,0.2441085960557658,0.744039980879328,0.7884343760639817,0.25889711656008,nan,nan,nan,nan,nan,nan,nan,nan,nan,nan,nan,nan
82,5,BW08_slice_001_2026-04-12_20260412-000000_slice_lfp_rhythm.h5,321277.335,1775968200000.0,2026-04-12T12:30:00+08:00,3.7184876736111114,3,12.5,-0.13052619222005177,-0.9914448613738104,0,1,2,reversal_frequency_rule,67.59481048583984,1,intermediate,-0.6561662554740906,0,left_bias,1,0,0,2,0,1,1,0,1,0,0.21111111342906952,0.0027777778450399637,0.6416666507720947,0.14444445073604584,0.0,0.9544695267782873,1.0429256264513067,0.7443956009180142,0.5986192952843991,0.800150020902016,0.6039165900747123,0.2768127964703098,0.30608848158285895,0.2852398675765523,0.3829414289635753,0.5104203776713542,0.2707967338555071,1.0949244004622554,0.9404618690643084,0.6628801288558028,0.6569095798788733,0.6478021146552463,0.6587209697328983,0.5921267401404415,0.5135068892897448,0.3878364087347743,0.5918114706199149,0.4845672439005029,0.45227114961184167,0.6392003863153849,0.707775805455867,0.8622420186583546,0.7188458542355326,0.7337054515155695,0.7595930367200147,0.7232791470161437,0.7370534221372025,0.236091075841737,0.5719188643459895,0.6311040164208906,0.2223266775300178,0.6544212262114452,0.7165496374917355,0.9479643160924356,0.6907917513992371,0.6942648748772008,0.9110555963486232,0.7476891463584788,0.7063090981943629,0.26105659920284385,0.5719689055991363,0.6270316342149486,0.25775171554505777,nan,nan,nan,nan,nan,nan,nan,nan,nan,nan,nan,nan
83,4,BW08_slice_001_2026-04-12_20260412-000000_slice_lfp_rhythm.h5,321277.335,1775968200000.0,2026-04-12T12:30:00+08:00,3.7184876736111114,3,12.5,-0.13052619222005177,-0.9914448613738104,0,1,2,reversal_frequency_rule,67.59481048583984,1,intermediate,-0.6561662554740906,0,left_bias,1,0,0,2,0,1,1,0,1,0,0.21111111342906952,0.0027777778450399637,0.6416666507720947,0.14444445073604584,0.0,0.9544695267782873,1.0429256264513067,0.7443956009180142,0.5986192952843991,0.800150020902016,0.6039165900747123,0.2768127964703098,0.30608848158285895,0.2852398675765523,0.3829414289635753,0.5104203776713542,0.2707967338555071,1.0949244004622554,0.9404618690643084,0.6628801288558028,0.6569095798788733,0.6478021146552463,0.6587209697328983,0.5921267401404415,0.5135068892897448,0.3878364087347743,0.5918114706199149,0.4845672439005029,0.45227114961184167,0.6392003863153849,0.707775805455867,0.8622420186583546,0.7188458542355326,0.7337054515155695,0.7595930367200147,0.7232791470161437,0.7370534221372025,0.236091075841737,0.5719188643459895,0.6311040164208906,0.2223266775300178,0.6544212262114452,0.7165496374917355,0.9479643160924356,0.6907917513992371,0.6942648748772008,0.9110555963486232,0.7476891463584788,0.7063090981943629,0.26105659920284385,0.5719689055991363,0.6270316342149486,0.25775171554505777,nan,nan,nan,nan,nan,nan,nan,nan,nan,nan,nan,nan
84,4,BW08_slice_001_2026-04-12_20260412-000000_slice_lfp_rhythm.h5,324877.335,1775971800000.0,2026-04-12T13:30:00+08:00,3.760154340277778,3,13.5,-0.38268343236508967,-0.9238795325112868,0,1,2,reversal_frequency_rule,66.96980285644531,1,intermediate,-0.5651020407676697,0,left_bias,37,33,33,1,0,1,1,0,1,0,0.3305555582046509,0.0,0.5138888955116272,0.07222222536802292,0.0833333358168602,0.7198698159306426,0.7346133950518315,0.7058682012897763,0.6425303363499585,0.6817087455812237,0.5772745724511749,0.5535275659093952,0.5016640870499475,0.27447577030556936,0.5055251749539141,0.5245608314761071,0.2995960521321996,0.7193911618611247,0.6242960308995176,0.6492371477236787,0.8085487517626162,0.6051398579350206,0.48225119902846575,0.890816414112499,0.742380635105223,0.3162464966617585,0.7059188132968225,0.550409081657086,0.4131749349886363,0.5844097297936244,0.6105501979960642,0.8087998697004984,0.6946859058541904,0.7055487403739132,0.8864243957622904,0.46811964793574434,0.6512937392898687,0.23647580995547868,0.5595594319840613,0.6197563646069012,0.21291149618191177,0.6736332481925831,0.6628277434224926,0.934642478302754,0.6937095669457324,0.6759506493359478,1.1294886197824685,0.5181650651285165,0.6703787730158204,0.2659994601362118,0.6093175491169932,0.626123380675741,0.2531629258681036,0.4617076112643373,0.5326940613886195,0.6699271266140425,0.279355101473854,0.39415822965318603,0.42014514496832817,0.21147119993526836,0.4138417378824609,0.6868595357828363,0.31885177337918796,0.4596313698768548,0.6296775371677583
85,5,BW08_slice_001_2026-04-12_20260412-000000_slice_lfp_rhythm.h5,324877.335,1775971800000.0,2026-04-12T13:30:00+08:00,3.760154340277778,3,13.5,-0.38268343236508967,-0.9238795325112868,0,1,2,reversal_frequency_rule,66.96980285644531,1,intermediate,-0.5651020407676697,0,left_bias,37,33,33,1,0,1,1,0,1,0,0.3305555582046509,0.0,0.5138888955116272,0.07222222536802292,0.0833333358168602,0.7198698159306426,0.7346133950518315,0.7058682012897763,0.6425303363499585,0.6817087455812237,0.5772745724511749,0.5535275659093952,0.5016640870499475,0.27447577030556936,0.5055251749539141,0.5245608314761071,0.2995960521321996,0.7193911618611247,0.6242960308995176,0.6492371477236787,0.8085487517626162,0.6051398579350206,0.48225119902846575,0.890816414112499,0.742380635105223,0.3162464966617585,0.7059188132968225,0.550409081657086,0.4131749349886363,0.5844097297936244,0.6105501979960642,0.8087998697004984,0.6946859058541904,0.7055487403739132,0.8864243957622904,0.46811964793574434,0.6512937392898687,0.23647580995547868,0.5595594319840613,0.6197563646069012,0.21291149618191177,0.6736332481925831,0.6628277434224926,0.934642478302754,0.6937095669457324,0.6759506493359478,1.1294886197824685,0.5181650651285165,0.6703787730158204,0.2659994601362118,0.6093175491169932,0.626123380675741,0.2531629258681036,0.4617076112643373,0.5326940613886195,0.6699271266140425,0.279355101473854,0.39415822965318603,0.42014514496832817,0.21147119993526836,0.4138417378824609,0.6868595357828363,0.31885177337918796,0.4596313698768548,0.6296775371677583
86,4,BW08_slice_001_2026-04-12_20260412-000000_slice_lfp_rhythm.h5,328477.335,1775975400000.0,2026-04-12T14:30:00+08:00,3.8018210069444445,3,14.5,-0.6087614290087207,-0.7933533402912352,0,1,2,reversal_frequency_rule,60.53879928588867,1,intermediate,-0.3032493591308594,0,left_bias,2,1,1,2,0,1,1,0,1,0,0.08611111342906952,0.008333333767950535,0.7916666865348816,0.11388888955116272,0.0,0.953029522002345,1.1848814821545237,0.6950076830372139,0.5048023650752383,0.9562670513881081,0.5205410974641641,0.0900645064029151,0.1811693851407961,0.25354201494525747,0.27057935127052946,0.4874649047090154,0.2306839223899714,0.8996122831898858,1.1224589306405894,0.6503812126781973,0.32078308498424635,0.7034467182218581,0.4740138425969442,0.18705105860255614,0.1966100972298026,0.3096118664960559,0.24204077800528903,0.2994848891929142,0.25956281765139955,0.5528691358343372,0.6929045263612834,0.8070822534067069,0.6237198183634886,0.8109703676178127,0.7300207468192873,0.6408643138127472,0.7415025109856754,0.23310021625960936,0.5567831569915528,0.6081916086692386,0.2366546653767255,0.8940940633741932,0.9456989709671801,0.8503671784214775,0.9446708821537242,1.0219457628045248,0.6314019762795966,1.3426386615586354,1.0329765274615779,0.22677035763820821,0.9357820020814224,0.8413694601985163,0.2705388679105299,nan,nan,nan,nan,nan,nan,nan,nan,nan,nan,nan,nan
87,5,BW08_slice_001_2026-04-12_20260412-000000_slice_lfp_rhythm.h5,328477.335,1775975400000.0,2026-04-12T14:30:00+08:00,3.8018210069444445,3,14.5,-0.6087614290087207,-0.7933533402912352,0,1,2,reversal_frequency_rule,60.53879928588867,1,intermediate,-0.3032493591308594,0,left_bias,2,1,1,2,0,1,1,0,1,0,0.08611111342906952,0.008333333767950535,0.7916666865348816,0.11388888955116272,0.0,0.953029522002345,1.1848814821545237,0.6950076830372139,0.5048023650752383,0.9562670513881081,0.5205410974641641,0.0900645064029151,0.1811693851407961,0.25354201494525747,0.27057935127052946,0.4874649047090154,0.2306839223899714,0.8996122831898858,1.1224589306405894,0.6503812126781973,0.32078308498424635,0.7034467182218581,0.4740138425969442,0.18705105860255614,0.1966100972298026,0.3096118664960559,0.24204077800528903,0.2994848891929142,0.25956281765139955,0.5528691358343372,0.6929045263612834,0.8070822534067069,0.6237198183634886,0.8109703676178127,0.7300207468192873,0.6408643138127472,0.7415025109856754,0.23310021625960936,0.5567831569915528,0.6081916086692386,0.2366546653767255,0.8940940633741932,0.9456989709671801,0.8503671784214775,0.9446708821537242,1.0219457628045248,0.6314019762795966,1.3426386615586354,1.0329765274615779,0.22677035763820821,0.9357820020814224,0.8413694601985163,0.2705388679105299,nan,nan,nan,nan,nan,nan,nan,nan,nan,nan,nan,nan
88,5,BW08_slice_001_2026-04-12_20260412-000000_slice_lfp_rhythm.h5,332077.335,1775979000000.0,2026-04-12T15:30:00+08:00,3.8434876736111114,3,15.5,-0.7933533402912349,-0.6087614290087209,0,1,2,reversal_frequency_rule,61.142372131347656,1,intermediate,-0.16379636526107788,0,left_bias,23,20,20,1,0,1,1,0,1,0,0.5388888716697693,0.0,0.3499999940395355,0.06666667014360428,0.04444444552063942,0.6603147977884951,0.710941294217518,0.7487635904291441,1.1827358451885048,0.8723056459152622,0.5442051985259418,1.881158461352832,1.6873190817228252,0.35820380706217786,1.343485761859539,1.0137146462642674,0.43429996000301596,0.9526217347992931,0.7786888767206024,0.6683560921476704,1.527938073571755,1.0203252856253782,0.4517540819594869,1.9091685721128613,1.753510695025777,0.41480067603978094,1.5059333736935552,1.186941734014452,0.5373744879202791,0.5903969448107906,0.6953707085080852,0.8803290838248664,0.694176652111481,0.8325123393259144,0.8505329799934951,1.1782804226016186,1.0490449826148445,0.2788167627600292,0.667063218640374,0.6806211372901253,0.2553205656454972,1.0142284456485673,1.0708476109302276,0.8701834768901009,1.0422877263704773,1.1614526140942936,1.0311469178374426,1.121359512726949,1.113103170741156,0.2508974064466602,1.0052780944590982,1.012261339802935,0.2749927076363168,0.556955096668238,0.5215135550999928,0.8099989450395612,0.36319322527182996,0.4335045842199871,0.5219102784920008,0.3884619521787685,0.6428278603218999,0.8043077929320346,0.42211319604191805,0.5274800591205886,0.8109698581645275
89,4,BW08_slice_001_2026-04-12_20260412-000000_slice_lfp_rhythm.h5,332077.335,1775979000000.0,2026-04-12T15:30:00+08:00,3.8434876736111114,3,15.5,-0.7933533402912349,-0.6087614290087209,0,1,2,reversal_frequency_rule,61.142372131347656,1,intermediate,-0.16379636526107788,0,left_bias,23,20,20,1,0,1,1,0,1,0,0.5388888716697693,0.0,0.3499999940395355,0.06666667014360428,0.04444444552063942,0.6603147977884951,0.710941294217518,0.7487635904291441,1.1827358451885048,0.8723056459152622,0.5442051985259418,1.881158461352832,1.6873190817228252,0.35820380706217786,1.343485761859539,1.0137146462642674,0.43429996000301596,0.9526217347992931,0.7786888767206024,0.6683560921476704,1.527938073571755,1.0203252856253782,0.4517540819594869,1.9091685721128613,1.753510695025777,0.41480067603978094,1.5059333736935552,1.186941734014452,0.5373744879202791,0.5903969448107906,0.6953707085080852,0.8803290838248664,0.694176652111481,0.8325123393259144,0.8505329799934951,1.1782804226016186,1.0490449826148445,0.2788167627600292,0.667063218640374,0.6806211372901253,0.2553205656454972,1.0142284456485673,1.0708476109302276,0.8701834768901009,1.0422877263704773,1.1614526140942936,1.0311469178374426,1.121359512726949,1.113103170741156,0.2508974064466602,1.0052780944590982,1.012261339802935,0.2749927076363168,0.556955096668238,0.5215135550999928,0.8099989450395612,0.36319322527182996,0.4335045842199871,0.5219102784920008,0.3884619521787685,0.6428278603218999,0.8043077929320346,0.42211319604191805,0.5274800591205886,0.8109698581645275
90,4,BW08_slice_001_2026-04-12_20260412-000000_slice_lfp_rhythm.h5,335677.335,1775982600000.0,2026-04-12T16:30:00+08:00,3.885154340277778,3,16.5,-0.9238795325112868,-0.3826834323650895,0,1,2,reversal_frequency_rule,77.44745635986328,2,learned,-0.4457336366176605,0,left_bias,69,64,64,1,0,1,0,1,1,0,0.23055554926395416,0.0,0.5527777671813965,0.12222222238779068,0.09444444626569748,0.8521185934094218,0.8824212822572364,0.7336520203918436,0.5791821857576754,0.7980303321015377,0.5101827393538366,0.2285518155096285,0.24985792331653583,0.2770463167965707,0.30199042787008895,0.4455215148678418,0.2872313871332955,1.028462663053714,1.0729831521290616,0.6513912095675738,0.4925977007804665,0.7436100990798233,0.5101107129487736,0.35473537042959913,0.2963104527129178,0.3503538902031223,0.28414537798564904,0.30190968134649904,0.32223956060465336,0.6212238343226358,0.6445100538291918,0.863852299880952,0.7380452936521927,0.7740328650861888,0.5788342300024819,0.6032999930011153,0.7171317286299523,0.2371274364051788,0.5888186440531263,0.638326567806516,0.2503748674733797,0.9939548755874661,0.8288312590666667,0.8824413090376708,1.0363723961084246,0.864479974034076,0.5554366172150591,0.7802114705938331,0.788029652385636,0.23318567700548765,0.9353309207350303,0.8159023363528796,0.28372171547261443,1.0254566662591447,0.6570084191732474,0.7422759881830713,1.5067731196317349,0.8680011265105746,0.6434788329770625,4.374560862563469,2.156087932593201,0.775589822642218,1.0529269202321938,0.7974652136201347,0.7958837347079748
91,5,BW08_slice_001_2026-04-12_20260412-000000_slice_lfp_rhythm.h5,335677.335,1775982600000.0,2026-04-12T16:30:00+08:00,3.885154340277778,3,16.5,-0.9238795325112868,-0.3826834323650895,0,1,2,reversal_frequency_rule,77.44745635986328,2,learned,-0.4457336366176605,0,left_bias,69,64,64,1,0,1,0,1,1,0,0.23055554926395416,0.0,0.5527777671813965,0.12222222238779068,0.09444444626569748,0.8521185934094218,0.8824212822572364,0.7336520203918436,0.5791821857576754,0.7980303321015377,0.5101827393538366,0.2285518155096285,0.24985792331653583,0.2770463167965707,0.30199042787008895,0.4455215148678418,0.2872313871332955,1.028462663053714,1.0729831521290616,0.6513912095675738,0.4925977007804665,0.7436100990798233,0.5101107129487736,0.35473537042959913,0.2963104527129178,0.3503538902031223,0.28414537798564904,0.30190968134649904,0.32223956060465336,0.6212238343226358,0.6445100538291918,0.863852299880952,0.7380452936521927,0.7740328650861888,0.5788342300024819,0.6032999930011153,0.7171317286299523,0.2371274364051788,0.5888186440531263,0.638326567806516,0.2503748674733797,0.9939548755874661,0.8288312590666667,0.8824413090376708,1.0363723961084246,0.864479974034076,0.5554366172150591,0.7802114705938331,0.788029652385636,0.23318567700548765,0.9353309207350303,0.8159023363528796,0.28372171547261443,1.0254566662591447,0.6570084191732474,0.7422759881830713,1.5067731196317349,0.8680011265105746,0.6434788329770625,4.374560862563469,2.156087932593201,0.775589822642218,1.0529269202321938,0.7974652136201347,0.7958837347079748
92,4,BW08_slice_001_2026-04-12_20260412-000000_slice_lfp_rhythm.h5,339277.335,1775986200000.0,2026-04-12T17:30:00+08:00,3.9268210069444445,3,17.5,-0.9914448613738104,-0.13052619222005163,0,1,2,reversal_frequency_rule,67.46156311035156,1,intermediate,0.1490381360054016,2,right_bias,39,37,37,1,0,1,1,0,0,1,0.5444444417953491,0.0027777778450399637,0.28333333134651184,0.0027777778450399637,0.1666666716337204,0.6819119933252366,0.6643447607288653,0.8433702308144808,0.852357434871524,0.7728767794479464,0.6024417093548765,0.9487958395249777,1.0188004131412467,0.30644920672785564,1.0206289427689537,0.7290424024268569,0.4045072969053338,1.0954506173520437,0.8836448789724378,0.791379620913937,0.9721375407562132,0.9127887653570621,0.5770668384110106,0.9533657187416452,1.0386496736438722,0.34623982242157325,1.1185918219743856,0.774487686447757,0.4278647771931568,0.7391114169462982,0.7937999450119151,0.9608081037112098,0.8601283253439518,0.89097021379945,0.5963002564338568,0.6547906045677649,0.8161846843359937,0.24081245806187157,0.688929360894273,0.7885589816726832,0.2654754448309597,1.6935287274372621,1.5547564925062658,0.9820194039970431,1.500634448231253,1.4312823312794396,0.5633691970117338,0.7616818597236314,1.044387296781439,0.2239980461449645,1.2934084717442758,1.4576198898718757,0.29335852132439694,0.6387362936413838,0.688014561757954,0.7590831746301372,0.5939352721572383,0.6557370781156872,0.6016748577452974,0.24336125533281971,0.48866113674082945,0.7505460159857655,0.4014836157328156,0.6259004197865455,0.7824863637567363
93,5,BW08_slice_001_2026-04-12_20260412-000000_slice_lfp_rhythm.h5,339277.335,1775986200000.0,2026-04-12T17:30:00+08:00,3.9268210069444445,3,17.5,-0.9914448613738104,-0.13052619222005163,0,1,2,reversal_frequency_rule,67.46156311035156,1,intermediate,0.1490381360054016,2,right_bias,39,37,37,1,0,1,1,0,0,1,0.5444444417953491,0.0027777778450399637,0.28333333134651184,0.0027777778450399637,0.1666666716337204,0.6819119933252366,0.6643447607288653,0.8433702308144808,0.852357434871524,0.7728767794479464,0.6024417093548765,0.9487958395249777,1.0188004131412467,0.30644920672785564,1.0206289427689537,0.7290424024268569,0.4045072969053338,1.0954506173520437,0.8836448789724378,0.791379620913937,0.9721375407562132,0.9127887653570621,0.5770668384110106,0.9533657187416452,1.0386496736438722,0.34623982242157325,1.1185918219743856,0.774487686447757,0.4278647771931568,0.7391114169462982,0.7937999450119151,0.9608081037112098,0.8601283253439518,0.89097021379945,0.5963002564338568,0.6547906045677649,0.8161846843359937,0.24081245806187157,0.688929360894273,0.7885589816726832,0.2654754448309597,1.6935287274372621,1.5547564925062658,0.9820194039970431,1.500634448231253,1.4312823312794396,0.5633691970117338,0.7616818597236314,1.044387296781439,0.2239980461449645,1.2934084717442758,1.4576198898718757,0.29335852132439694,0.6387362936413838,0.688014561757954,0.7590831746301372,0.5939352721572383,0.6557370781156872,0.6016748577452974,0.24336125533281971,0.48866113674082945,0.7505460159857655,0.4014836157328156,0.6259004197865455,0.7824863637567363
94,4,BW08_slice_001_2026-04-12_20260412-000000_slice_lfp_rhythm.h5,342877.335,1775989800000.0,2026-04-12T18:30:00+08:00,3.9684876736111114,3,18.5,-0.9914448613738105,0.13052619222005127,1,1,2,reversal_frequency_rule,67.39752960205078,1,intermediate,0.3378695845603943,2,right_bias,82,74,74,1,0,1,1,0,0,1,0.48055556416511536,0.0027777778450399637,0.3361110985279083,0.01944444514811039,0.16111111640930176,0.7639601400328715,0.7800497225760921,0.8767139272039268,0.993452878483796,0.8659857713391269,0.8391852894312665,1.2457459863865992,1.079354113622451,0.3608981162761927,0.878142538002764,0.7953279366275966,0.44112463622368336,1.106065011965938,0.9941222134132349,0.8361522636454272,1.2364676866419593,1.0290722850541563,0.770275253227576,1.3914421515782216,1.2144317855990248,0.4432635897230025,1.0297290479917596,0.9353371763637778,0.4774099196293997,0.7679883233774236,0.8112621917139888,0.9335843745010954,0.8020792493354595,0.8196452466208909,0.5977072947206946,1.1675323770772987,0.9798991985628186,0.23664116201375845,0.7301102045303987,0.7483014269486454,0.27769556468674533,1.6378299929072695,1.6196543604129723,0.9707722272471228,1.3139111472840403,1.407866832589641,0.5872625826763553,0.8512272243567903,1.105146088600057,0.22121136999405114,1.0572429066387183,1.2547139859431538,0.2727849354901413,0.6810235919877323,0.7189365592627891,0.8911599129931015,0.7705301346934667,0.8607227105714005,1.2173480933364518,0.7634651643990273,0.7998183546936866,1.0117551187500515,0.5409068454474378,0.6652699379269105,1.0500326950951517
95,5,BW08_slice_001_2026-04-12_20260412-000000_slice_lfp_rhythm.h5,342877.335,1775989800000.0,2026-04-12T18:30:00+08:00,3.9684876736111114,3,18.5,-0.9914448613738105,0.13052619222005127,1,1,2,reversal_frequency_rule,67.39752960205078,1,intermediate,0.3378695845603943,2,right_bias,82,74,74,1,0,1,1,0,0,1,0.48055556416511536,0.0027777778450399637,0.3361110985279083,0.01944444514811039,0.16111111640930176,0.7639601400328715,0.7800497225760921,0.8767139272039268,0.993452878483796,0.8659857713391269,0.8391852894312665,1.2457459863865992,1.079354113622451,0.3608981162761927,0.878142538002764,0.7953279366275966,0.44112463622368336,1.106065011965938,0.9941222134132349,0.8361522636454272,1.2364676866419593,1.0290722850541563,0.770275253227576,1.3914421515782216,1.2144317855990248,0.4432635897230025,1.0297290479917596,0.9353371763637778,0.4774099196293997,0.7679883233774236,0.8112621917139888,0.9335843745010954,0.8020792493354595,0.8196452466208909,0.5977072947206946,1.1675323770772987,0.9798991985628186,0.23664116201375845,0.7301102045303987,0.7483014269486454,0.27769556468674533,1.6378299929072695,1.6196543604129723,0.9707722272471228,1.3139111472840403,1.407866832589641,0.5872625826763553,0.8512272243567903,1.105146088600057,0.22121136999405114,1.0572429066387183,1.2547139859431538,0.2727849354901413,0.6810235919877323,0.7189365592627891,0.8911599129931015,0.7705301346934667,0.8607227105714005,1.2173480933364518,0.7634651643990273,0.7998183546936866,1.0117551187500515,0.5409068454474378,0.6652699379269105,1.0500326950951517
96,4,BW08_slice_001_2026-04-12_20260412-000000_slice_lfp_rhythm.h5,346477.335,1775993400000.0,2026-04-12T19:30:00+08:00,4.010154340277778,4,19.5,-0.923879532511287,0.38268343236508917,1,0,2,reversal_frequency_rule,60.38397979736328,1,intermediate,0.28703880310058594,2,right_bias,108,99,99,1,0,1,1,0,0,1,nan,nan,nan,nan,nan,nan,nan,nan,nan,nan,nan,nan,nan,nan,nan,nan,nan,nan,nan,nan,nan,nan,nan,nan,nan,nan,nan,nan,nan,nan,nan,nan,nan,nan,nan,nan,nan,nan,nan,nan,nan,nan,nan,nan,nan,nan,nan,nan,nan,nan,nan,nan,nan,nan,nan,nan,nan,nan,nan,nan,nan,nan,nan,nan,nan
97,5,BW08_slice_001_2026-04-12_20260412-000000_slice_lfp_rhythm.h5,346477.335,1775993400000.0,2026-04-12T19:30:00+08:00,4.010154340277778,4,19.5,-0.923879532511287,0.38268343236508917,1,0,2,reversal_frequency_rule,60.38397979736328,1,intermediate,0.28703880310058594,2,right_bias,108,99,99,1,0,1,1,0,0,1,nan,nan,nan,nan,nan,nan,nan,nan,nan,nan,nan,nan,nan,nan,nan,nan,nan,nan,nan,nan,nan,nan,nan,nan,nan,nan,nan,nan,nan,nan,nan,nan,nan,nan,nan,nan,nan,nan,nan,nan,nan,nan,nan,nan,nan,nan,nan,nan,nan,nan,nan,nan,nan,nan,nan,nan,nan,nan,nan,nan,nan,nan,nan,nan,nan
98,4,BW08_slice_001_2026-04-12_20260412-000000_slice_lfp_rhythm.h5,350077.335,1775997000000.0,2026-04-12T20:30:00+08:00,4.0518210069444445,4,20.5,-0.7933533402912357,0.6087614290087199,1,0,2,reversal_frequency_rule,76.30891418457031,2,learned,0.24689330160617828,2,right_bias,58,51,51,1,0,1,0,1,0,1,nan,nan,nan,nan,nan,nan,nan,nan,nan,nan,nan,nan,nan,nan,nan,nan,nan,nan,nan,nan,nan,nan,nan,nan,nan,nan,nan,nan,nan,nan,nan,nan,nan,nan,nan,nan,nan,nan,nan,nan,nan,nan,nan,nan,nan,nan,nan,nan,nan,nan,nan,nan,nan,nan,nan,nan,nan,nan,nan,nan,nan,nan,nan,nan,nan
99,5,BW08_slice_001_2026-04-12_20260412-000000_slice_lfp_rhythm.h5,350077.335,1775997000000.0,2026-04-12T20:30:00+08:00,4.0518210069444445,4,20.5,-0.7933533402912357,0.6087614290087199,1,0,2,reversal_frequency_rule,76.30891418457031,2,learned,0.24689330160617828,2,right_bias,58,51,51,1,0,1,0,1,0,1,nan,nan,nan,nan,nan,nan,nan,nan,nan,nan,nan,nan,nan,nan,nan,nan,nan,nan,nan,nan,nan,nan,nan,nan,nan,nan,nan,nan,nan,nan,nan,nan,nan,nan,nan,nan,nan,nan,nan,nan,nan,nan,nan,nan,nan,nan,nan,nan,nan,nan,nan,nan,nan,nan,nan,nan,nan,nan,nan,nan,nan,nan,nan,nan,nan
100,4,BW08_slice_001_2026-04-12_20260412-000000_slice_lfp_rhythm.h5,353677.335,1776000600000.0,2026-04-12T21:30:00+08:00,4.093487673611111,4,21.5,-0.608761429008721,0.7933533402912349,1,0,2,reversal_frequency_rule,68.01567077636719,1,intermediate,0.37680160999298096,2,right_bias,85,82,82,1,0,1,1,0,0,1,nan,nan,nan,nan,nan,nan,nan,nan,nan,nan,nan,nan,nan,nan,nan,nan,nan,nan,nan,nan,nan,nan,nan,nan,nan,nan,nan,nan,nan,nan,nan,nan,nan,nan,nan,nan,nan,nan,nan,nan,nan,nan,nan,nan,nan,nan,nan,nan,nan,nan,nan,nan,nan,nan,nan,nan,nan,nan,nan,nan,nan,nan,nan,nan,nan
101,5,BW08_slice_001_2026-04-12_20260412-000000_slice_lfp_rhythm.h5,353677.335,1776000600000.0,2026-04-12T21:30:00+08:00,4.093487673611111,4,21.5,-0.608761429008721,0.7933533402912349,1,0,2,reversal_frequency_rule,68.01567077636719,1,intermediate,0.37680160999298096,2,right_bias,85,82,82,1,0,1,1,0,0,1,nan,nan,nan,nan,nan,nan,nan,nan,nan,nan,nan,nan,nan,nan,nan,nan,nan,nan,nan,nan,nan,nan,nan,nan,nan,nan,nan,nan,nan,nan,nan,nan,nan,nan,nan,nan,nan,nan,nan,nan,nan,nan,nan,nan,nan,nan,nan,nan,nan,nan,nan,nan,nan,nan,nan,nan,nan,nan,nan,nan,nan,nan,nan,nan,nan
102,4,BW08_slice_001_2026-04-12_20260412-000000_slice_lfp_rhythm.h5,357277.335,1776004200000.0,2026-04-12T22:30:00+08:00,4.135154340277778,4,22.5,-0.38268343236508956,0.9238795325112868,1,0,2,reversal_frequency_rule,68.70918273925781,1,intermediate,-0.19402208924293518,0,left_bias,74,71,71,1,0,1,1,0,1,0,nan,nan,nan,nan,nan,nan,nan,nan,nan,nan,nan,nan,nan,nan,nan,nan,nan,nan,nan,nan,nan,nan,nan,nan,nan,nan,nan,nan,nan,nan,nan,nan,nan,nan,nan,nan,nan,nan,nan,nan,nan,nan,nan,nan,nan,nan,nan,nan,nan,nan,nan,nan,nan,nan,nan,nan,nan,nan,nan,nan,nan,nan,nan,nan,nan
103,5,BW08_slice_001_2026-04-12_20260412-000000_slice_lfp_rhythm.h5,357277.335,1776004200000.0,2026-04-12T22:30:00+08:00,4.135154340277778,4,22.5,-0.38268343236508956,0.9238795325112868,1,0,2,reversal_frequency_rule,68.70918273925781,1,intermediate,-0.19402208924293518,0,left_bias,74,71,71,1,0,1,1,0,1,0,nan,nan,nan,nan,nan,nan,nan,nan,nan,nan,nan,nan,nan,nan,nan,nan,nan,nan,nan,nan,nan,nan,nan,nan,nan,nan,nan,nan,nan,nan,nan,nan,nan,nan,nan,nan,nan,nan,nan,nan,nan,nan,nan,nan,nan,nan,nan,nan,nan,nan,nan,nan,nan,nan,nan,nan,nan,nan,nan,nan,nan,nan,nan,nan,nan
104,4,BW08_slice_001_2026-04-12_20260412-000000_slice_lfp_rhythm.h5,360877.335,1776007800000.0,2026-04-12T23:30:00+08:00,4.1768210069444445,4,23.5,-0.13052619222005168,0.9914448613738104,1,0,2,reversal_frequency_rule,66.36283111572266,1,intermediate,0.03137567639350891,1,neutral,18,15,15,1,0,1,1,0,0,0,nan,nan,nan,nan,nan,nan,nan,nan,nan,nan,nan,nan,nan,nan,nan,nan,nan,nan,nan,nan,nan,nan,nan,nan,nan,nan,nan,nan,nan,nan,nan,nan,nan,nan,nan,nan,nan,nan,nan,nan,nan,nan,nan,nan,nan,nan,nan,nan,nan,nan,nan,nan,nan,nan,nan,nan,nan,nan,nan,nan,nan,nan,nan,nan,nan
105,5,BW08_slice_001_2026-04-12_20260412-000000_slice_lfp_rhythm.h5,360877.335,1776007800000.0,2026-04-12T23:30:00+08:00,4.1768210069444445,4,23.5,-0.13052619222005168,0.9914448613738104,1,0,2,reversal_frequency_rule,66.36283111572266,1,intermediate,0.03137567639350891,1,neutral,18,15,15,1,0,1,1,0,0,0,nan,nan,nan,nan,nan,nan,nan,nan,nan,nan,nan,nan,nan,nan,nan,nan,nan,nan,nan,nan,nan,nan,nan,nan,nan,nan,nan,nan,nan,nan,nan,nan,nan,nan,nan,nan,nan,nan,nan,nan,nan,nan,nan,nan,nan,nan,nan,nan,nan,nan,nan,nan,nan,nan,nan,nan,nan,nan,nan,nan,nan,nan,nan,nan,nan
106,7,BW08_slice_001_2026-04-13_20260413-000000_slice_lfp_rhythm.h5,364477.335,1776011400000.0,2026-04-13T00:30:00+08:00,4.218487673611111,4,0.5,0.13052619222005157,0.9914448613738104,1,0,2,reversal_frequency_rule,76.30473327636719,2,learned,-0.1254347264766693,0,left_bias,110,108,108,1,0,1,0,1,1,0,nan,nan,nan,nan,nan,nan,nan,nan,nan,nan,nan,nan,nan,nan,nan,nan,nan,nan,nan,nan,nan,nan,nan,nan,nan,nan,nan,nan,nan,nan,nan,nan,nan,nan,nan,nan,nan,nan,nan,nan,nan,nan,nan,nan,nan,nan,nan,nan,nan,nan,nan,nan,nan,nan,nan,nan,nan,nan,nan,nan,nan,nan,nan,nan,nan
107,6,BW08_slice_001_2026-04-13_20260413-000000_slice_lfp_rhythm.h5,364477.335,1776011400000.0,2026-04-13T00:30:00+08:00,4.218487673611111,4,0.5,0.13052619222005157,0.9914448613738104,1,0,2,reversal_frequency_rule,76.30473327636719,2,learned,-0.1254347264766693,0,left_bias,110,108,108,1,0,1,0,1,1,0,nan,nan,nan,nan,nan,nan,nan,nan,nan,nan,nan,nan,nan,nan,nan,nan,nan,nan,nan,nan,nan,nan,nan,nan,nan,nan,nan,nan,nan,nan,nan,nan,nan,nan,nan,nan,nan,nan,nan,nan,nan,nan,nan,nan,nan,nan,nan,nan,nan,nan,nan,nan,nan,nan,nan,nan,nan,nan,nan,nan,nan,nan,nan,nan,nan
108,6,BW08_slice_001_2026-04-13_20260413-000000_slice_lfp_rhythm.h5,368077.335,1776015000000.0,2026-04-13T01:30:00+08:00,4.260154340277778,4,1.5,0.3826834323650898,0.9238795325112867,1,0,2,reversal_frequency_rule,71.74919128417969,2,learned,-0.007578384596854448,1,neutral,1,0,0,2,0,1,0,1,0,0,nan,nan,nan,nan,nan,nan,nan,nan,nan,nan,nan,nan,nan,nan,nan,nan,nan,nan,nan,nan,nan,nan,nan,nan,nan,nan,nan,nan,nan,nan,nan,nan,nan,nan,nan,nan,nan,nan,nan,nan,nan,nan,nan,nan,nan,nan,nan,nan,nan,nan,nan,nan,nan,nan,nan,nan,nan,nan,nan,nan,nan,nan,nan,nan,nan
109,7,BW08_slice_001_2026-04-13_20260413-000000_slice_lfp_rhythm.h5,368077.335,1776015000000.0,2026-04-13T01:30:00+08:00,4.260154340277778,4,1.5,0.3826834323650898,0.9238795325112867,1,0,2,reversal_frequency_rule,71.74919128417969,2,learned,-0.007578384596854448,1,neutral,1,0,0,2,0,1,0,1,0,0,nan,nan,nan,nan,nan,nan,nan,nan,nan,nan,nan,nan,nan,nan,nan,nan,nan,nan,nan,nan,nan,nan,nan,nan,nan,nan,nan,nan,nan,nan,nan,nan,nan,nan,nan,nan,nan,nan,nan,nan,nan,nan,nan,nan,nan,nan,nan,nan,nan,nan,nan,nan,nan,nan,nan,nan,nan,nan,nan,nan,nan,nan,nan,nan,nan
110,6,BW08_slice_001_2026-04-13_20260413-000000_slice_lfp_rhythm.h5,371677.335,1776018600000.0,2026-04-13T02:30:00+08:00,4.3018210069444445,4,2.5,0.6087614290087207,0.7933533402912352,1,0,2,reversal_frequency_rule,76.77127838134766,2,learned,0.03344477340579033,1,neutral,102,96,96,1,0,1,0,1,0,0,nan,nan,nan,nan,nan,nan,nan,nan,nan,nan,nan,nan,nan,nan,nan,nan,nan,nan,nan,nan,nan,nan,nan,nan,nan,nan,nan,nan,nan,nan,nan,nan,nan,nan,nan,nan,nan,nan,nan,nan,nan,nan,nan,nan,nan,nan,nan,nan,nan,nan,nan,nan,nan,nan,nan,nan,nan,nan,nan,nan,nan,nan,nan,nan,nan
111,7,BW08_slice_001_2026-04-13_20260413-000000_slice_lfp_rhythm.h5,371677.335,1776018600000.0,2026-04-13T02:30:00+08:00,4.3018210069444445,4,2.5,0.6087614290087207,0.7933533402912352,1,0,2,reversal_frequency_rule,76.77127838134766,2,learned,0.03344477340579033,1,neutral,102,96,96,1,0,1,0,1,0,0,nan,nan,nan,nan,nan,nan,nan,nan,nan,nan,nan,nan,nan,nan,nan,nan,nan,nan,nan,nan,nan,nan,nan,nan,nan,nan,nan,nan,nan,nan,nan,nan,nan,nan,nan,nan,nan,nan,nan,nan,nan,nan,nan,nan,nan,nan,nan,nan,nan,nan,nan,nan,nan,nan,nan,nan,nan,nan,nan,nan,nan,nan,nan,nan,nan
112,6,BW08_slice_001_2026-04-13_20260413-000000_slice_lfp_rhythm.h5,375277.335,1776022200000.0,2026-04-13T03:30:00+08:00,4.343487673611111,4,3.5,0.7933533402912352,0.6087614290087207,1,0,2,reversal_frequency_rule,66.65460205078125,1,intermediate,0.4380728602409363,2,right_bias,35,35,35,1,0,1,1,0,0,1,nan,nan,nan,nan,nan,nan,nan,nan,nan,nan,nan,nan,nan,nan,nan,nan,nan,nan,nan,nan,nan,nan,nan,nan,nan,nan,nan,nan,nan,nan,nan,nan,nan,nan,nan,nan,nan,nan,nan,nan,nan,nan,nan,nan,nan,nan,nan,nan,nan,nan,nan,nan,nan,nan,nan,nan,nan,nan,nan,nan,nan,nan,nan,nan,nan
113,7,BW08_slice_001_2026-04-13_20260413-000000_slice_lfp_rhythm.h5,375277.335,1776022200000.0,2026-04-13T03:30:00+08:00,4.343487673611111,4,3.5,0.7933533402912352,0.6087614290087207,1,0,2,reversal_frequency_rule,66.65460205078125,1,intermediate,0.4380728602409363,2,right_bias,35,35,35,1,0,1,1,0,0,1,nan,nan,nan,nan,nan,nan,nan,nan,nan,nan,nan,nan,nan,nan,nan,nan,nan,nan,nan,nan,nan,nan,nan,nan,nan,nan,nan,nan,nan,nan,nan,nan,nan,nan,nan,nan,nan,nan,nan,nan,nan,nan,nan,nan,nan,nan,nan,nan,nan,nan,nan,nan,nan,nan,nan,nan,nan,nan,nan,nan,nan,nan,nan,nan,nan
114,7,BW08_slice_001_2026-04-13_20260413-000000_slice_lfp_rhythm.h5,378877.335,1776025800000.0,2026-04-13T04:30:00+08:00,4.385154340277778,4,4.5,0.9238795325112867,0.38268343236508984,1,0,2,reversal_frequency_rule,66.77670288085938,1,intermediate,0.2752382159233093,2,right_bias,1,1,1,2,0,1,1,0,0,1,nan,nan,nan,nan,nan,nan,nan,nan,nan,nan,nan,nan,nan,nan,nan,nan,nan,nan,nan,nan,nan,nan,nan,nan,nan,nan,nan,nan,nan,nan,nan,nan,nan,nan,nan,nan,nan,nan,nan,nan,nan,nan,nan,nan,nan,nan,nan,nan,nan,nan,nan,nan,nan,nan,nan,nan,nan,nan,nan,nan,nan,nan,nan,nan,nan
115,6,BW08_slice_001_2026-04-13_20260413-000000_slice_lfp_rhythm.h5,378877.335,1776025800000.0,2026-04-13T04:30:00+08:00,4.385154340277778,4,4.5,0.9238795325112867,0.38268343236508984,1,0,2,reversal_frequency_rule,66.77670288085938,1,intermediate,0.2752382159233093,2,right_bias,1,1,1,2,0,1,1,0,0,1,nan,nan,nan,nan,nan,nan,nan,nan,nan,nan,nan,nan,nan,nan,nan,nan,nan,nan,nan,nan,nan,nan,nan,nan,nan,nan,nan,nan,nan,nan,nan,nan,nan,nan,nan,nan,nan,nan,nan,nan,nan,nan,nan,nan,nan,nan,nan,nan,nan,nan,nan,nan,nan,nan,nan,nan,nan,nan,nan,nan,nan,nan,nan,nan,nan
116,7,BW08_slice_001_2026-04-13_20260413-000000_slice_lfp_rhythm.h5,382477.335,1776029400000.0,2026-04-13T05:30:00+08:00,4.4268210069444445,4,5.5,0.9914448613738104,0.1305261922200517,1,0,2,reversal_frequency_rule,77.53526306152344,2,learned,0.032911527901887894,1,neutral,99,94,94,1,0,1,0,1,0,0,nan,nan,nan,nan,nan,nan,nan,nan,nan,nan,nan,nan,nan,nan,nan,nan,nan,nan,nan,nan,nan,nan,nan,nan,nan,nan,nan,nan,nan,nan,nan,nan,nan,nan,nan,nan,nan,nan,nan,nan,nan,nan,nan,nan,nan,nan,nan,nan,nan,nan,nan,nan,nan,nan,nan,nan,nan,nan,nan,nan,nan,nan,nan,nan,nan
117,6,BW08_slice_001_2026-04-13_20260413-000000_slice_lfp_rhythm.h5,382477.335,1776029400000.0,2026-04-13T05:30:00+08:00,4.4268210069444445,4,5.5,0.9914448613738104,0.1305261922200517,1,0,2,reversal_frequency_rule,77.53526306152344,2,learned,0.032911527901887894,1,neutral,99,94,94,1,0,1,0,1,0,0,nan,nan,nan,nan,nan,nan,nan,nan,nan,nan,nan,nan,nan,nan,nan,nan,nan,nan,nan,nan,nan,nan,nan,nan,nan,nan,nan,nan,nan,nan,nan,nan,nan,nan,nan,nan,nan,nan,nan,nan,nan,nan,nan,nan,nan,nan,nan,nan,nan,nan,nan,nan,nan,nan,nan,nan,nan,nan,nan,nan,nan,nan,nan,nan,nan
118,7,BW08_slice_001_2026-04-13_20260413-000000_slice_lfp_rhythm.h5,386077.335,1776033000000.0,2026-04-13T06:30:00+08:00,4.468487673611111,4,6.5,0.9914448613738104,-0.1305261922200516,0,0,2,reversal_frequency_rule,77.53526306152344,2,learned,0.032911527901887894,1,neutral,0,0,0,3,0,1,0,1,0,0,nan,nan,nan,nan,nan,nan,nan,nan,nan,nan,nan,nan,nan,nan,nan,nan,nan,nan,nan,nan,nan,nan,nan,nan,nan,nan,nan,nan,nan,nan,nan,nan,nan,nan,nan,nan,nan,nan,nan,nan,nan,nan,nan,nan,nan,nan,nan,nan,nan,nan,nan,nan,nan,nan,nan,nan,nan,nan,nan,nan,nan,nan,nan,nan,nan
119,6,BW08_slice_001_2026-04-13_20260413-000000_slice_lfp_rhythm.h5,386077.335,1776033000000.0,2026-04-13T06:30:00+08:00,4.468487673611111,4,6.5,0.9914448613738104,-0.1305261922200516,0,0,2,reversal_frequency_rule,77.53526306152344,2,learned,0.032911527901887894,1,neutral,0,0,0,3,0,1,0,1,0,0,nan,nan,nan,nan,nan,nan,nan,nan,nan,nan,nan,nan,nan,nan,nan,nan,nan,nan,nan,nan,nan,nan,nan,nan,nan,nan,nan,nan,nan,nan,nan,nan,nan,nan,nan,nan,nan,nan,nan,nan,nan,nan,nan,nan,nan,nan,nan,nan,nan,nan,nan,nan,nan,nan,nan,nan,nan,nan,nan,nan,nan,nan,nan,nan,nan
120,7,BW08_slice_001_2026-04-13_20260413-000000_slice_lfp_rhythm.h5,389677.335,1776036600000.0,2026-04-13T07:30:00+08:00,4.510154340277778,4,7.5,0.9238795325112868,-0.3826834323650895,0,0,2,reversal_frequency_rule,76.53475189208984,2,learned,0.09177310019731522,1,neutral,12,12,12,1,0,1,0,1,0,0,nan,nan,nan,nan,nan,nan,nan,nan,nan,nan,nan,nan,nan,nan,nan,nan,nan,nan,nan,nan,nan,nan,nan,nan,nan,nan,nan,nan,nan,nan,nan,nan,nan,nan,nan,nan,nan,nan,nan,nan,nan,nan,nan,nan,nan,nan,nan,nan,nan,nan,nan,nan,nan,nan,nan,nan,nan,nan,nan,nan,nan,nan,nan,nan,nan
121,6,BW08_slice_001_2026-04-13_20260413-000000_slice_lfp_rhythm.h5,389677.335,1776036600000.0,2026-04-13T07:30:00+08:00,4.510154340277778,4,7.5,0.9238795325112868,-0.3826834323650895,0,0,2,reversal_frequency_rule,76.53475189208984,2,learned,0.09177310019731522,1,neutral,12,12,12,1,0,1,0,1,0,0,nan,nan,nan,nan,nan,nan,nan,nan,nan,nan,nan,nan,nan,nan,nan,nan,nan,nan,nan,nan,nan,nan,nan,nan,nan,nan,nan,nan,nan,nan,nan,nan,nan,nan,nan,nan,nan,nan,nan,nan,nan,nan,nan,nan,nan,nan,nan,nan,nan,nan,nan,nan,nan,nan,nan,nan,nan,nan,nan,nan,nan,nan,nan,nan,nan
122,6,BW08_slice_001_2026-04-13_20260413-000000_slice_lfp_rhythm.h5,393277.335,1776040200000.0,2026-04-13T08:30:00+08:00,4.5518210069444445,4,8.5,0.7933533402912352,-0.6087614290087207,0,0,2,reversal_frequency_rule,78.63862609863281,2,learned,-0.004978989250957966,1,neutral,24,21,21,1,0,1,0,1,0,0,nan,nan,nan,nan,nan,nan,nan,nan,nan,nan,nan,nan,nan,nan,nan,nan,nan,nan,nan,nan,nan,nan,nan,nan,nan,nan,nan,nan,nan,nan,nan,nan,nan,nan,nan,nan,nan,nan,nan,nan,nan,nan,nan,nan,nan,nan,nan,nan,nan,nan,nan,nan,nan,nan,nan,nan,nan,nan,nan,nan,nan,nan,nan,nan,nan
123,7,BW08_slice_001_2026-04-13_20260413-000000_slice_lfp_rhythm.h5,393277.335,1776040200000.0,2026-04-13T08:30:00+08:00,4.5518210069444445,4,8.5,0.7933533402912352,-0.6087614290087207,0,0,2,reversal_frequency_rule,78.63862609863281,2,learned,-0.004978989250957966,1,neutral,24,21,21,1,0,1,0,1,0,0,nan,nan,nan,nan,nan,nan,nan,nan,nan,nan,nan,nan,nan,nan,nan,nan,nan,nan,nan,nan,nan,nan,nan,nan,nan,nan,nan,nan,nan,nan,nan,nan,nan,nan,nan,nan,nan,nan,nan,nan,nan,nan,nan,nan,nan,nan,nan,nan,nan,nan,nan,nan,nan,nan,nan,nan,nan,nan,nan,nan,nan,nan,nan,nan,nan
124,7,BW08_slice_001_2026-04-13_20260413-000000_slice_lfp_rhythm.h5,396877.335,1776043800000.0,2026-04-13T09:30:00+08:00,4.593487673611111,4,9.5,0.6087614290087209,-0.793353340291235,0,0,2,reversal_frequency_rule,78.63862609863281,2,learned,-0.004978989250957966,1,neutral,0,0,0,3,0,1,0,1,0,0,nan,nan,nan,nan,nan,nan,nan,nan,nan,nan,nan,nan,nan,nan,nan,nan,nan,nan,nan,nan,nan,nan,nan,nan,nan,nan,nan,nan,nan,nan,nan,nan,nan,nan,nan,nan,nan,nan,nan,nan,nan,nan,nan,nan,nan,nan,nan,nan,nan,nan,nan,nan,nan,nan,nan,nan,nan,nan,nan,nan,nan,nan,nan,nan,nan
125,6,BW08_slice_001_2026-04-13_20260413-000000_slice_lfp_rhythm.h5,396877.335,1776043800000.0,2026-04-13T09:30:00+08:00,4.593487673611111,4,9.5,0.6087614290087209,-0.793353340291235,0,0,2,reversal_frequency_rule,78.63862609863281,2,learned,-0.004978989250957966,1,neutral,0,0,0,3,0,1,0,1,0,0,nan,nan,nan,nan,nan,nan,nan,nan,nan,nan,nan,nan,nan,nan,nan,nan,nan,nan,nan,nan,nan,nan,nan,nan,nan,nan,nan,nan,nan,nan,nan,nan,nan,nan,nan,nan,nan,nan,nan,nan,nan,nan,nan,nan,nan,nan,nan,nan,nan,nan,nan,nan,nan,nan,nan,nan,nan,nan,nan,nan,nan,nan,nan,nan,nan
126,6,BW08_slice_001_2026-04-13_20260413-000000_slice_lfp_rhythm.h5,400477.335,1776047400000.0,2026-04-13T10:30:00+08:00,4.635154340277778,4,10.5,0.3826834323650899,-0.9238795325112867,0,0,2,reversal_frequency_rule,82.07169342041016,2,learned,-0.01873852126300335,1,neutral,7,7,7,2,0,1,0,1,0,0,nan,nan,nan,nan,nan,nan,nan,nan,nan,nan,nan,nan,nan,nan,nan,nan,nan,nan,nan,nan,nan,nan,nan,nan,nan,nan,nan,nan,nan,nan,nan,nan,nan,nan,nan,nan,nan,nan,nan,nan,nan,nan,nan,nan,nan,nan,nan,nan,nan,nan,nan,nan,nan,nan,nan,nan,nan,nan,nan,nan,nan,nan,nan,nan,nan
127,7,BW08_slice_001_2026-04-13_20260413-000000_slice_lfp_rhythm.h5,400477.335,1776047400000.0,2026-04-13T10:30:00+08:00,4.635154340277778,4,10.5,0.3826834323650899,-0.9238795325112867,0,0,2,reversal_frequency_rule,82.07169342041016,2,learned,-0.01873852126300335,1,neutral,7,7,7,2,0,1,0,1,0,0,nan,nan,nan,nan,nan,nan,nan,nan,nan,nan,nan,nan,nan,nan,nan,nan,nan,nan,nan,nan,nan,nan,nan,nan,nan,nan,nan,nan,nan,nan,nan,nan,nan,nan,nan,nan,nan,nan,nan,nan,nan,nan,nan,nan,nan,nan,nan,nan,nan,nan,nan,nan,nan,nan,nan,nan,nan,nan,nan,nan,nan,nan,nan,nan,nan
128,6,BW08_slice_001_2026-04-13_20260413-000000_slice_lfp_rhythm.h5,404077.335,1776051000000.0,2026-04-13T11:30:00+08:00,4.6768210069444445,4,11.5,0.130526192220052,-0.9914448613738104,0,0,2,reversal_frequency_rule,79.59577941894531,2,learned,0.14945285022258759,2,right_bias,20,20,20,1,0,1,0,1,0,1,nan,nan,nan,nan,nan,nan,nan,nan,nan,nan,nan,nan,nan,nan,nan,nan,nan,nan,nan,nan,nan,nan,nan,nan,nan,nan,nan,nan,nan,nan,nan,nan,nan,nan,nan,nan,nan,nan,nan,nan,nan,nan,nan,nan,nan,nan,nan,nan,nan,nan,nan,nan,nan,nan,nan,nan,nan,nan,nan,nan,nan,nan,nan,nan,nan
129,7,BW08_slice_001_2026-04-13_20260413-000000_slice_lfp_rhythm.h5,404077.335,1776051000000.0,2026-04-13T11:30:00+08:00,4.6768210069444445,4,11.5,0.130526192220052,-0.9914448613738104,0,0,2,reversal_frequency_rule,79.59577941894531,2,learned,0.14945285022258759,2,right_bias,20,20,20,1,0,1,0,1,0,1,nan,nan,nan,nan,nan,nan,nan,nan,nan,nan,nan,nan,nan,nan,nan,nan,nan,nan,nan,nan,nan,nan,nan,nan,nan,nan,nan,nan,nan,nan,nan,nan,nan,nan,nan,nan,nan,nan,nan,nan,nan,nan,nan,nan,nan,nan,nan,nan,nan,nan,nan,nan,nan,nan,nan,nan,nan,nan,nan,nan,nan,nan,nan,nan,nan
130,7,BW08_slice_001_2026-04-13_20260413-000000_slice_lfp_rhythm.h5,407677.335,1776054600000.0,2026-04-13T12:30:00+08:00,4.718487673611111,4,12.5,-0.13052619222005177,-0.9914448613738104,0,0,2,reversal_frequency_rule,79.59577941894531,2,learned,0.14945285022258759,2,right_bias,0,0,0,3,0,1,0,1,0,1,nan,nan,nan,nan,nan,nan,nan,nan,nan,nan,nan,nan,nan,nan,nan,nan,nan,nan,nan,nan,nan,nan,nan,nan,nan,nan,nan,nan,nan,nan,nan,nan,nan,nan,nan,nan,nan,nan,nan,nan,nan,nan,nan,nan,nan,nan,nan,nan,nan,nan,nan,nan,nan,nan,nan,nan,nan,nan,nan,nan,nan,nan,nan,nan,nan
131,6,BW08_slice_001_2026-04-13_20260413-000000_slice_lfp_rhythm.h5,407677.335,1776054600000.0,2026-04-13T12:30:00+08:00,4.718487673611111,4,12.5,-0.13052619222005177,-0.9914448613738104,0,0,2,reversal_frequency_rule,79.59577941894531,2,learned,0.14945285022258759,2,right_bias,0,0,0,3,0,1,0,1,0,1,nan,nan,nan,nan,nan,nan,nan,nan,nan,nan,nan,nan,nan,nan,nan,nan,nan,nan,nan,nan,nan,nan,nan,nan,nan,nan,nan,nan,nan,nan,nan,nan,nan,nan,nan,nan,nan,nan,nan,nan,nan,nan,nan,nan,nan,nan,nan,nan,nan,nan,nan,nan,nan,nan,nan,nan,nan,nan,nan,nan,nan,nan,nan,nan,nan
132,6,BW08_slice_001_2026-04-13_20260413-000000_slice_lfp_rhythm.h5,411277.335,1776058200000.0,2026-04-13T13:30:00+08:00,4.760154340277778,4,13.5,-0.38268343236508967,-0.9238795325112868,0,0,2,reversal_frequency_rule,79.59577941894531,2,learned,0.14945285022258759,2,right_bias,0,0,0,3,0,1,0,1,0,1,nan,nan,nan,nan,nan,nan,nan,nan,nan,nan,nan,nan,nan,nan,nan,nan,nan,nan,nan,nan,nan,nan,nan,nan,nan,nan,nan,nan,nan,nan,nan,nan,nan,nan,nan,nan,nan,nan,nan,nan,nan,nan,nan,nan,nan,nan,nan,nan,nan,nan,nan,nan,nan,nan,nan,nan,nan,nan,nan,nan,nan,nan,nan,nan,nan
133,7,BW08_slice_001_2026-04-13_20260413-000000_slice_lfp_rhythm.h5,411277.335,1776058200000.0,2026-04-13T13:30:00+08:00,4.760154340277778,4,13.5,-0.38268343236508967,-0.9238795325112868,0,0,2,reversal_frequency_rule,79.59577941894531,2,learned,0.14945285022258759,2,right_bias,0,0,0,3,0,1,0,1,0,1,nan,nan,nan,nan,nan,nan,nan,nan,nan,nan,nan,nan,nan,nan,nan,nan,nan,nan,nan,nan,nan,nan,nan,nan,nan,nan,nan,nan,nan,nan,nan,nan,nan,nan,nan,nan,nan,nan,nan,nan,nan,nan,nan,nan,nan,nan,nan,nan,nan,nan,nan,nan,nan,nan,nan,nan,nan,nan,nan,nan,nan,nan,nan,nan,nan
134,6,BW08_slice_001_2026-04-13_20260413-000000_slice_lfp_rhythm.h5,414877.335,1776061800000.0,2026-04-13T14:30:00+08:00,4.8018210069444445,4,14.5,-0.6087614290087207,-0.7933533402912352,0,0,2,reversal_frequency_rule,78.17575073242188,2,learned,0.3225903809070587,2,right_bias,1,1,1,2,0,1,0,1,0,1,nan,nan,nan,nan,nan,nan,nan,nan,nan,nan,nan,nan,nan,nan,nan,nan,nan,nan,nan,nan,nan,nan,nan,nan,nan,nan,nan,nan,nan,nan,nan,nan,nan,nan,nan,nan,nan,nan,nan,nan,nan,nan,nan,nan,nan,nan,nan,nan,nan,nan,nan,nan,nan,nan,nan,nan,nan,nan,nan,nan,nan,nan,nan,nan,nan
135,7,BW08_slice_001_2026-04-13_20260413-000000_slice_lfp_rhythm.h5,414877.335,1776061800000.0,2026-04-13T14:30:00+08:00,4.8018210069444445,4,14.5,-0.6087614290087207,-0.7933533402912352,0,0,2,reversal_frequency_rule,78.17575073242188,2,learned,0.3225903809070587,2,right_bias,1,1,1,2,0,1,0,1,0,1,nan,nan,nan,nan,nan,nan,nan,nan,nan,nan,nan,nan,nan,nan,nan,nan,nan,nan,nan,nan,nan,nan,nan,nan,nan,nan,nan,nan,nan,nan,nan,nan,nan,nan,nan,nan,nan,nan,nan,nan,nan,nan,nan,nan,nan,nan,nan,nan,nan,nan,nan,nan,nan,nan,nan,nan,nan,nan,nan,nan,nan,nan,nan,nan,nan
136,6,BW08_slice_001_2026-04-13_20260413-000000_slice_lfp_rhythm.h5,418477.335,1776065400000.0,2026-04-13T15:30:00+08:00,4.843487673611111,4,15.5,-0.7933533402912349,-0.6087614290087209,0,1,2,reversal_frequency_rule,78.17575073242188,2,learned,0.3225903809070587,2,right_bias,0,0,0,3,0,1,0,1,0,1,0.11898016929626465,0.00566572230309248,0.7620396614074707,0.11331444978713989,0.0,1.2727145979516825,1.6044014788560388,0.8386456543239348,0.5938195885489145,1.0537188256904055,0.5746895807633251,0.050105256645870566,0.14968816275706237,0.3891072552262592,0.2669813055277345,0.5380387785922989,0.5013879158711846,1.362101210707083,1.833059339571196,0.7591652982364979,0.2915642511377932,0.8531300625124084,0.5522279769857245,0.031032677120593703,0.07696019198010773,0.386772419941003,0.11969031511052068,0.2521604878809896,0.5475379884648987,0.7644354839074023,0.9649240832938817,0.9796908262398617,0.7581550659486362,0.8915586179283633,0.6859205241788678,0.49578832767759834,0.6930766990780171,0.370739669675295,0.608343704222214,0.7078339128958852,0.5100658028368743,0.8956742232072818,1.0657496461232607,1.0041103133143152,0.7926289335182056,0.9165280114912498,0.6744973931956476,0.6076872605780004,0.7172732954463069,0.3211023457966423,0.701560827866365,0.7528177353827831,0.5729562247048804,nan,nan,nan,nan,nan,nan,nan,nan,nan,nan,nan,nan
137,7,BW08_slice_001_2026-04-13_20260413-000000_slice_lfp_rhythm.h5,418477.335,1776065400000.0,2026-04-13T15:30:00+08:00,4.843487673611111,4,15.5,-0.7933533402912349,-0.6087614290087209,0,1,2,reversal_frequency_rule,78.17575073242188,2,learned,0.3225903809070587,2,right_bias,0,0,0,3,0,1,0,1,0,1,0.11898016929626465,0.00566572230309248,0.7620396614074707,0.11331444978713989,0.0,1.2727145979516825,1.6044014788560388,0.8386456543239348,0.5938195885489145,1.0537188256904055,0.5746895807633251,0.050105256645870566,0.14968816275706237,0.3891072552262592,0.2669813055277345,0.5380387785922989,0.5013879158711846,1.362101210707083,1.833059339571196,0.7591652982364979,0.2915642511377932,0.8531300625124084,0.5522279769857245,0.031032677120593703,0.07696019198010773,0.386772419941003,0.11969031511052068,0.2521604878809896,0.5475379884648987,0.7644354839074023,0.9649240832938817,0.9796908262398617,0.7581550659486362,0.8915586179283633,0.6859205241788678,0.49578832767759834,0.6930766990780171,0.370739669675295,0.608343704222214,0.7078339128958852,0.5100658028368743,0.8956742232072818,1.0657496461232607,1.0041103133143152,0.7926289335182056,0.9165280114912498,0.6744973931956476,0.6076872605780004,0.7172732954463069,0.3211023457966423,0.701560827866365,0.7528177353827831,0.5729562247048804,nan,nan,nan,nan,nan,nan,nan,nan,nan,nan,nan,nan
138,6,BW08_slice_001_2026-04-13_20260413-000000_slice_lfp_rhythm.h5,422077.335,1776069000000.0,2026-04-13T16:30:00+08:00,4.885154340277778,4,16.5,-0.9238795325112868,-0.3826834323650895,0,1,2,reversal_frequency_rule,78.17575073242188,2,learned,0.3225903809070587,2,right_bias,0,0,0,3,0,1,0,1,0,1,0.32499998807907104,0.0,0.5722222328186035,0.10277777910232544,0.0,0.8937788280531236,1.1189366386639725,0.8327768421806447,1.3053504042815425,1.0255806941932197,0.8026803805705344,1.9856607215290059,1.3358011914319523,0.768667631171243,1.458790798749755,0.9886657161239913,1.0027516443188678,1.1980548770151562,0.8747487148905657,0.7979927067006725,2.4759344699564285,1.1970917486369148,0.8714762637909935,3.244630406251931,2.14011312359465,1.3368572222658635,2.5716622957972652,1.5716127490302718,1.38118088522525,0.6104223976914406,0.8415840180597914,0.9435065747709648,0.6985314958944658,0.8486203535256168,0.9930789140027714,1.7597874443738917,1.1890783611181952,0.4696557579044697,0.7277908155919457,0.695714597026757,0.7326765762220088,0.8248249304075275,0.9126535173668056,0.9610483953820945,0.7669062927057495,0.8572324836296413,0.7091298304346519,0.4833674357291368,0.6886841398703927,0.4252108495592729,0.6229104892226487,0.7137451342600087,1.3360571753080785,nan,nan,nan,nan,nan,nan,nan,nan,nan,nan,nan,nan
139,7,BW08_slice_001_2026-04-13_20260413-000000_slice_lfp_rhythm.h5,422077.335,1776069000000.0,2026-04-13T16:30:00+08:00,4.885154340277778,4,16.5,-0.9238795325112868,-0.3826834323650895,0,1,2,reversal_frequency_rule,78.17575073242188,2,learned,0.3225903809070587,2,right_bias,0,0,0,3,0,1,0,1,0,1,0.32499998807907104,0.0,0.5722222328186035,0.10277777910232544,0.0,0.8937788280531236,1.1189366386639725,0.8327768421806447,1.3053504042815425,1.0255806941932197,0.8026803805705344,1.9856607215290059,1.3358011914319523,0.768667631171243,1.458790798749755,0.9886657161239913,1.0027516443188678,1.1980548770151562,0.8747487148905657,0.7979927067006725,2.4759344699564285,1.1970917486369148,0.8714762637909935,3.244630406251931,2.14011312359465,1.3368572222658635,2.5716622957972652,1.5716127490302718,1.38118088522525,0.6104223976914406,0.8415840180597914,0.9435065747709648,0.6985314958944658,0.8486203535256168,0.9930789140027714,1.7597874443738917,1.1890783611181952,0.4696557579044697,0.7277908155919457,0.695714597026757,0.7326765762220088,0.8248249304075275,0.9126535173668056,0.9610483953820945,0.7669062927057495,0.8572324836296413,0.7091298304346519,0.4833674357291368,0.6886841398703927,0.4252108495592729,0.6229104892226487,0.7137451342600087,1.3360571753080785,nan,nan,nan,nan,nan,nan,nan,nan,nan,nan,nan,nan
140,6,BW08_slice_001_2026-04-13_20260413-000000_slice_lfp_rhythm.h5,425677.335,1776072600000.0,2026-04-13T17:30:00+08:00,4.9268210069444445,4,17.5,-0.9914448613738104,-0.13052619222005163,0,1,2,reversal_frequency_rule,78.17575073242188,2,learned,0.3225903809070587,2,right_bias,0,0,0,3,0,1,0,1,0,1,0.5138888955116272,0.0055555556900799274,0.38333332538604736,0.0972222238779068,0.0,0.7132256395381171,0.9471809125079294,0.8683270803810256,0.8827323229537858,0.9308121851548478,0.9282085686234963,1.08156761559315,1.1513425279639258,0.9442112427438538,0.825985830740071,0.7971734606115909,0.8548967991666045,0.9198016612427329,0.8489261019047523,0.796037552875261,1.0787546048979373,1.0056152248794439,0.8028464103088018,1.1562142685820744,1.2489623909741323,0.6652169728403603,0.9209615986342433,0.8950763565901346,0.9028557708145345,0.6263229503045737,0.9210745244380513,0.9896934002357838,0.6087121713385032,0.8695427749311158,1.3756746260113804,0.4548345307651439,0.6782741823673939,1.1218805874798377,0.5533546797098182,0.6438952015672389,0.7352291712310541,0.795522700267207,0.9618261627281672,1.0346439215393073,0.7208553616620198,0.8564998582554783,1.2904560308311508,0.9667770834542587,0.8508428697814733,1.2872982447797132,0.8274781340563049,0.7208118222086869,0.9812949549323182,nan,nan,nan,nan,nan,nan,nan,nan,nan,nan,nan,nan
141,7,BW08_slice_001_2026-04-13_20260413-000000_slice_lfp_rhythm.h5,425677.335,1776072600000.0,2026-04-13T17:30:00+08:00,4.9268210069444445,4,17.5,-0.9914448613738104,-0.13052619222005163,0,1,2,reversal_frequency_rule,78.17575073242188,2,learned,0.3225903809070587,2,right_bias,0,0,0,3,0,1,0,1,0,1,0.5138888955116272,0.0055555556900799274,0.38333332538604736,0.0972222238779068,0.0,0.7132256395381171,0.9471809125079294,0.8683270803810256,0.8827323229537858,0.9308121851548478,0.9282085686234963,1.08156761559315,1.1513425279639258,0.9442112427438538,0.825985830740071,0.7971734606115909,0.8548967991666045,0.9198016612427329,0.8489261019047523,0.796037552875261,1.0787546048979373,1.0056152248794439,0.8028464103088018,1.1562142685820744,1.2489623909741323,0.6652169728403603,0.9209615986342433,0.8950763565901346,0.9028557708145345,0.6263229503045737,0.9210745244380513,0.9896934002357838,0.6087121713385032,0.8695427749311158,1.3756746260113804,0.4548345307651439,0.6782741823673939,1.1218805874798377,0.5533546797098182,0.6438952015672389,0.7352291712310541,0.795522700267207,0.9618261627281672,1.0346439215393073,0.7208553616620198,0.8564998582554783,1.2904560308311508,0.9667770834542587,0.8508428697814733,1.2872982447797132,0.8274781340563049,0.7208118222086869,0.9812949549323182,nan,nan,nan,nan,nan,nan,nan,nan,nan,nan,nan,nan
142,6,BW08_slice_001_2026-04-13_20260413-000000_slice_lfp_rhythm.h5,429277.335,1776076200000.0,2026-04-13T18:30:00+08:00,4.968487673611111,4,18.5,-0.9914448613738105,0.13052619222005127,1,1,2,reversal_frequency_rule,78.17575073242188,2,learned,0.3225903809070587,2,right_bias,0,0,0,3,0,1,0,1,0,1,0.4416666626930237,0.0027777778450399637,0.48055556416511536,0.07500000298023224,0.0,0.9461672502226282,1.1615219722635377,0.952073056341642,0.8946737304871775,1.0805310762201672,1.1523933580615846,0.9353389068658494,0.9970417458599986,1.0671903284002828,0.7870593856702892,0.8685141628280878,0.8404287388502163,1.138249763825716,1.2323733071961709,0.9769277927284176,0.995580089243318,1.1134328716958282,1.2011013518450695,1.1299921126536905,1.1992100835864956,1.1409293114930914,0.9419272273322514,0.9950546457009309,1.0282730736253143,0.7327784606411755,0.9267017503692478,0.9931441972592056,0.7860539362464994,0.9853953396493463,1.3388158244311041,0.811481559410948,0.8472068248099791,1.023418760935383,0.6506653041017537,0.7454480477837238,0.6982976487689173,1.0431593929954077,1.1433552508057194,0.965396576635183,1.0110222034192844,1.104858188635822,1.1379040136289078,1.4595363091370457,1.1530284601037142,0.4608321358103222,1.0902553982606287,1.0047337797260234,0.5036010297063346,nan,nan,nan,nan,nan,nan,nan,nan,nan,nan,nan,nan
143,7,BW08_slice_001_2026-04-13_20260413-000000_slice_lfp_rhythm.h5,429277.335,1776076200000.0,2026-04-13T18:30:00+08:00,4.968487673611111,4,18.5,-0.9914448613738105,0.13052619222005127,1,1,2,reversal_frequency_rule,78.17575073242188,2,learned,0.3225903809070587,2,right_bias,0,0,0,3,0,1,0,1,0,1,0.4416666626930237,0.0027777778450399637,0.48055556416511536,0.07500000298023224,0.0,0.9461672502226282,1.1615219722635377,0.952073056341642,0.8946737304871775,1.0805310762201672,1.1523933580615846,0.9353389068658494,0.9970417458599986,1.0671903284002828,0.7870593856702892,0.8685141628280878,0.8404287388502163,1.138249763825716,1.2323733071961709,0.9769277927284176,0.995580089243318,1.1134328716958282,1.2011013518450695,1.1299921126536905,1.1992100835864956,1.1409293114930914,0.9419272273322514,0.9950546457009309,1.0282730736253143,0.7327784606411755,0.9267017503692478,0.9931441972592056,0.7860539362464994,0.9853953396493463,1.3388158244311041,0.811481559410948,0.8472068248099791,1.023418760935383,0.6506653041017537,0.7454480477837238,0.6982976487689173,1.0431593929954077,1.1433552508057194,0.965396576635183,1.0110222034192844,1.104858188635822,1.1379040136289078,1.4595363091370457,1.1530284601037142,0.4608321358103222,1.0902553982606287,1.0047337797260234,0.5036010297063346,nan,nan,nan,nan,nan,nan,nan,nan,nan,nan,nan,nan
144,7,BW08_slice_001_2026-04-13_20260413-000000_slice_lfp_rhythm.h5,432877.335,1776079800000.0,2026-04-13T19:30:00+08:00,5.010154340277778,5,19.5,-0.923879532511287,0.38268343236508917,1,1,2,reversal_frequency_rule,78.17575073242188,2,learned,0.3225903809070587,2,right_bias,0,0,0,3,0,1,0,1,0,1,0.3916666805744171,0.0055555556900799274,0.5555555820465088,0.04722222313284874,0.0,0.9600932294818018,1.2829481709814021,0.8384877153072269,0.5384396794550949,0.9851190734669283,0.8998733986198889,0.10111567644011768,0.1683922570426593,0.4475236193181565,0.22868845656436862,0.4699449817029104,0.47560249543636307,0.5212659352257694,0.7847414733755818,0.7217784501498501,0.2506746846736066,0.5740038209644167,0.9028362720676858,0.1048746803572009,0.10384270656688063,0.48313894199374746,0.12270123286098618,0.1916837874829437,0.5206116505204541,0.757398631811348,1.0173227036003214,1.0000345644998705,0.7590769739942882,1.0335209180209348,1.0614942661088766,0.4482002892801722,0.7272018209146991,0.3981115674224283,0.54480184565355,0.7428932875735104,0.44212315596904844,1.6642399670913097,1.645000440180036,1.0873615975152575,1.370323128019753,1.4807116209340778,1.0250657155199343,0.6126451181172555,0.8992726392291068,0.4039415393768458,0.9540357326825376,1.1398616372002384,0.46508507220919765,nan,nan,nan,nan,nan,nan,nan,nan,nan,nan,nan,nan
145,6,BW08_slice_001_2026-04-13_20260413-000000_slice_lfp_rhythm.h5,432877.335,1776079800000.0,2026-04-13T19:30:00+08:00,5.010154340277778,5,19.5,-0.923879532511287,0.38268343236508917,1,1,2,reversal_frequency_rule,78.17575073242188,2,learned,0.3225903809070587,2,right_bias,0,0,0,3,0,1,0,1,0,1,0.3916666805744171,0.0055555556900799274,0.5555555820465088,0.04722222313284874,0.0,0.9600932294818018,1.2829481709814021,0.8384877153072269,0.5384396794550949,0.9851190734669283,0.8998733986198889,0.10111567644011768,0.1683922570426593,0.4475236193181565,0.22868845656436862,0.4699449817029104,0.47560249543636307,0.5212659352257694,0.7847414733755818,0.7217784501498501,0.2506746846736066,0.5740038209644167,0.9028362720676858,0.1048746803572009,0.10384270656688063,0.48313894199374746,0.12270123286098618,0.1916837874829437,0.5206116505204541,0.757398631811348,1.0173227036003214,1.0000345644998705,0.7590769739942882,1.0335209180209348,1.0614942661088766,0.4482002892801722,0.7272018209146991,0.3981115674224283,0.54480184565355,0.7428932875735104,0.44212315596904844,1.6642399670913097,1.645000440180036,1.0873615975152575,1.370323128019753,1.4807116209340778,1.0250657155199343,0.6126451181172555,0.8992726392291068,0.4039415393768458,0.9540357326825376,1.1398616372002384,0.46508507220919765,nan,nan,nan,nan,nan,nan,nan,nan,nan,nan,nan,nan
146,7,BW08_slice_001_2026-04-13_20260413-000000_slice_lfp_rhythm.h5,436477.335,1776083400000.0,2026-04-13T20:30:00+08:00,5.0518210069444445,5,20.5,-0.7933533402912357,0.6087614290087199,1,1,2,reversal_frequency_rule,78.17575073242188,2,learned,0.3225903809070587,2,right_bias,0,0,0,3,0,1,0,1,0,1,0.9638888835906982,0.0,0.03611111268401146,0.0,0.0,0.29380840284869847,0.299525135460992,0.7961124797920658,0.8895448920477769,0.5461356349240808,1.0361168682833766,1.5296173401467317,1.1159870135331984,0.7702460389218532,1.1257469528231545,0.8451089051645445,1.0616656964774414,0.6162786966718486,0.5696028290540356,0.712938799662301,0.7657205908334098,0.601712871287146,0.8607018844467231,0.8897700456898352,0.6842017367883614,0.7875708039538698,0.7822292620347525,0.7117130553637815,1.0190602967264892,0.6368020312582497,0.8671342530404939,0.9432441056507548,0.6543466537419402,0.9792821614563182,0.982127796528646,0.566946807100379,0.728806327855755,0.2551927096650475,0.4702652373683725,0.7367966435102217,0.3074641995633868,nan,nan,nan,nan,nan,nan,nan,nan,nan,nan,nan,nan,nan,nan,nan,nan,nan,nan,nan,nan,nan,nan,nan,nan
147,6,BW08_slice_001_2026-04-13_20260413-000000_slice_lfp_rhythm.h5,436477.335,1776083400000.0,2026-04-13T20:30:00+08:00,5.0518210069444445,5,20.5,-0.7933533402912357,0.6087614290087199,1,1,2,reversal_frequency_rule,78.17575073242188,2,learned,0.3225903809070587,2,right_bias,0,0,0,3,0,1,0,1,0,1,0.9638888835906982,0.0,0.03611111268401146,0.0,0.0,0.29380840284869847,0.299525135460992,0.7961124797920658,0.8895448920477769,0.5461356349240808,1.0361168682833766,1.5296173401467317,1.1159870135331984,0.7702460389218532,1.1257469528231545,0.8451089051645445,1.0616656964774414,0.6162786966718486,0.5696028290540356,0.712938799662301,0.7657205908334098,0.601712871287146,0.8607018844467231,0.8897700456898352,0.6842017367883614,0.7875708039538698,0.7822292620347525,0.7117130553637815,1.0190602967264892,0.6368020312582497,0.8671342530404939,0.9432441056507548,0.6543466537419402,0.9792821614563182,0.982127796528646,0.566946807100379,0.728806327855755,0.2551927096650475,0.4702652373683725,0.7367966435102217,0.3074641995633868,nan,nan,nan,nan,nan,nan,nan,nan,nan,nan,nan,nan,nan,nan,nan,nan,nan,nan,nan,nan,nan,nan,nan,nan
148,7,BW08_slice_001_2026-04-13_20260413-000000_slice_lfp_rhythm.h5,440077.335,1776087000000.0,2026-04-13T21:30:00+08:00,5.093487673611111,5,21.5,-0.608761429008721,0.7933533402912349,1,1,2,reversal_frequency_rule,78.17575073242188,2,learned,0.3225903809070587,2,right_bias,0,0,0,3,0,1,0,1,0,1,0.4416666626930237,0.0055555556900799274,0.5388888716697693,0.013888888992369175,0.0,1.3437049449459557,1.5049192466205348,0.9055833669233843,0.8399041957198207,1.0896268253543828,0.8098756002346978,0.580457125176952,0.41772196091764036,0.5034039537965006,0.5430907377042161,0.6918458081136593,0.5716962242392457,0.5756676069332092,0.8568355379325512,0.7518197829566104,0.6326922855131278,0.6199739741022653,0.8341453983234098,0.6865986307096025,0.41241095376879394,0.7262538745735643,0.5198394917500374,0.4394342746993822,0.7379190681647426,1.1569707133549814,1.2871567372766795,1.1235712778349456,1.0156534093039842,1.2089185203650168,0.8579970189239554,0.6493260265617142,0.852511683684962,0.30824250026565936,0.7537900261880944,0.9663236012646249,0.4180926889563663,1.0277980053068365,1.050843136784734,0.8703762466831239,1.1372489240277506,0.9227286714331767,0.6916603584165615,4.638527246117295,1.9482258552766267,0.24902579488602367,0.9972291800651752,0.9877524188156414,0.4380005165211342,nan,nan,nan,nan,nan,nan,nan,nan,nan,nan,nan,nan
149,6,BW08_slice_001_2026-04-13_20260413-000000_slice_lfp_rhythm.h5,440077.335,1776087000000.0,2026-04-13T21:30:00+08:00,5.093487673611111,5,21.5,-0.608761429008721,0.7933533402912349,1,1,2,reversal_frequency_rule,78.17575073242188,2,learned,0.3225903809070587,2,right_bias,0,0,0,3,0,1,0,1,0,1,0.4416666626930237,0.0055555556900799274,0.5388888716697693,0.013888888992369175,0.0,1.3437049449459557,1.5049192466205348,0.9055833669233843,0.8399041957198207,1.0896268253543828,0.8098756002346978,0.580457125176952,0.41772196091764036,0.5034039537965006,0.5430907377042161,0.6918458081136593,0.5716962242392457,0.5756676069332092,0.8568355379325512,0.7518197829566104,0.6326922855131278,0.6199739741022653,0.8341453983234098,0.6865986307096025,0.41241095376879394,0.7262538745735643,0.5198394917500374,0.4394342746993822,0.7379190681647426,1.1569707133549814,1.2871567372766795,1.1235712778349456,1.0156534093039842,1.2089185203650168,0.8579970189239554,0.6493260265617142,0.852511683684962,0.30824250026565936,0.7537900261880944,0.9663236012646249,0.4180926889563663,1.0277980053068365,1.050843136784734,0.8703762466831239,1.1372489240277506,0.9227286714331767,0.6916603584165615,4.638527246117295,1.9482258552766267,0.24902579488602367,0.9972291800651752,0.9877524188156414,0.4380005165211342,nan,nan,nan,nan,nan,nan,nan,nan,nan,nan,nan,nan
150,6,BW08_slice_001_2026-04-13_20260413-000000_slice_lfp_rhythm.h5,443677.335,1776090600000.0,2026-04-13T22:30:00+08:00,5.135154340277778,5,22.5,-0.38268343236508956,0.9238795325112868,1,1,2,reversal_frequency_rule,78.17575073242188,2,learned,0.3225903809070587,2,right_bias,0,0,0,3,0,1,0,1,0,1,0.9944444298744202,0.0,0.0055555556900799274,0.0,0.0,0.31038061337460604,0.2716214581225452,0.9242912836497865,1.2565686920467087,0.6351612199906181,1.0539072502591764,1.8209491662116755,1.3530507239996044,0.9426607807538143,1.4693689697038923,0.9165043155190601,0.965239786791376,0.7324598963197579,0.610676183693745,0.8285481089960987,1.0852632329794096,0.7391748358506538,0.8732017695858095,1.0205890330629162,0.8000310090526053,0.9191859292738002,0.9835701903775588,0.7565491747266705,0.8767707947471713,0.4905673204872997,0.5720394883865664,1.0152946007983785,2.451233893198123,0.9611740328524695,1.401390279344218,22.924909072316172,11.359129689844949,4.678151626129412,6.585180568981375,2.9007987725893076,6.101167631866956,nan,nan,nan,nan,nan,nan,nan,nan,nan,nan,nan,nan,nan,nan,nan,nan,nan,nan,nan,nan,nan,nan,nan,nan
151,7,BW08_slice_001_2026-04-13_20260413-000000_slice_lfp_rhythm.h5,443677.335,1776090600000.0,2026-04-13T22:30:00+08:00,5.135154340277778,5,22.5,-0.38268343236508956,0.9238795325112868,1,1,2,reversal_frequency_rule,78.17575073242188,2,learned,0.3225903809070587,2,right_bias,0,0,0,3,0,1,0,1,0,1,0.9944444298744202,0.0,0.0055555556900799274,0.0,0.0,0.31038061337460604,0.2716214581225452,0.9242912836497865,1.2565686920467087,0.6351612199906181,1.0539072502591764,1.8209491662116755,1.3530507239996044,0.9426607807538143,1.4693689697038923,0.9165043155190601,0.965239786791376,0.7324598963197579,0.610676183693745,0.8285481089960987,1.0852632329794096,0.7391748358506538,0.8732017695858095,1.0205890330629162,0.8000310090526053,0.9191859292738002,0.9835701903775588,0.7565491747266705,0.8767707947471713,0.4905673204872997,0.5720394883865664,1.0152946007983785,2.451233893198123,0.9611740328524695,1.401390279344218,22.924909072316172,11.359129689844949,4.678151626129412,6.585180568981375,2.9007987725893076,6.101167631866956,nan,nan,nan,nan,nan,nan,nan,nan,nan,nan,nan,nan,nan,nan,nan,nan,nan,nan,nan,nan,nan,nan,nan,nan
152,6,BW08_slice_001_2026-04-13_20260413-000000_slice_lfp_rhythm.h5,447277.335,1776094200000.0,2026-04-13T23:30:00+08:00,5.1768210069444445,5,23.5,-0.13052619222005168,0.9914448613738104,1,1,2,reversal_frequency_rule,78.17575073242188,2,learned,0.3225903809070587,2,right_bias,0,0,0,3,0,1,0,1,0,1,0.4166666567325592,0.0027777778450399637,0.5527777671813965,0.02777777798473835,0.0,1.6500582552439191,1.4195937646436825,0.9628884804834645,1.134085699713603,1.1666362995671007,1.0492814395898138,0.7213826772091552,0.655829380809325,3.804248374289481,0.8482162969012994,0.9562628668265253,3.0006447410661288,0.9228139646253759,0.9183980767861959,0.7809333149764626,0.939114546629933,0.8055816252011168,0.8751270226360616,0.820090547858696,0.6702720378889119,1.5066124949010284,0.8185193788820354,0.7091956028300617,1.386633314051499,1.3189967515301269,1.1430369011087183,1.2025790758024968,1.2869116813977115,1.1804993038412255,1.4277231087335018,1.8759663942802838,1.406490703700745,5.1618414346803405,1.2111466717154646,1.2062869636579456,4.2592982644917585,3.760560149410309,2.0508661930755605,1.1619065217195788,2.996937928443387,1.7792577007168706,1.1668301129862688,2.0451798095140177,1.515249900340238,3.867041722161267,2.42418938299932,2.0477788404595354,3.6054858227100013,nan,nan,nan,nan,nan,nan,nan,nan,nan,nan,nan,nan
153,7,BW08_slice_001_2026-04-13_20260413-000000_slice_lfp_rhythm.h5,447277.335,1776094200000.0,2026-04-13T23:30:00+08:00,5.1768210069444445,5,23.5,-0.13052619222005168,0.9914448613738104,1,1,2,reversal_frequency_rule,78.17575073242188,2,learned,0.3225903809070587,2,right_bias,0,0,0,3,0,1,0,1,0,1,0.4166666567325592,0.0027777778450399637,0.5527777671813965,0.02777777798473835,0.0,1.6500582552439191,1.4195937646436825,0.9628884804834645,1.134085699713603,1.1666362995671007,1.0492814395898138,0.7213826772091552,0.655829380809325,3.804248374289481,0.8482162969012994,0.9562628668265253,3.0006447410661288,0.9228139646253759,0.9183980767861959,0.7809333149764626,0.939114546629933,0.8055816252011168,0.8751270226360616,0.820090547858696,0.6702720378889119,1.5066124949010284,0.8185193788820354,0.7091956028300617,1.386633314051499,1.3189967515301269,1.1430369011087183,1.2025790758024968,1.2869116813977115,1.1804993038412255,1.4277231087335018,1.8759663942802838,1.406490703700745,5.1618414346803405,1.2111466717154646,1.2062869636579456,4.2592982644917585,3.760560149410309,2.0508661930755605,1.1619065217195788,2.996937928443387,1.7792577007168706,1.1668301129862688,2.0451798095140177,1.515249900340238,3.867041722161267,2.42418938299932,2.0477788404595354,3.6054858227100013,nan,nan,nan,nan,nan,nan,nan,nan,nan,nan,nan,nan
154,8,BW08_slice_001_2026-04-14_20260414-000000_slice_lfp_rhythm.h5,450877.335,1776097800000.0,2026-04-14T00:30:00+08:00,5.218487673611111,5,0.5,0.13052619222005157,0.9914448613738104,1,1,2,reversal_frequency_rule,78.17575073242188,2,learned,0.3225903809070587,2,right_bias,0,0,0,3,0,1,0,1,0,1,1.0,0.0,0.0,0.0,0.0,0.2031514440495999,0.19637380533260124,0.8389067177981046,0.6770004615546514,0.3990121852244641,0.8221923751062995,1.2139503813113408,0.8308388051898723,0.7393916690211343,0.9045574062298302,0.6261611253891366,0.8818863536469911,0.48509101843230457,0.44901407129435394,0.7517726266269074,0.5785270732979036,0.4608569596811996,0.708256854662988,0.6815722077956983,0.4937884693834599,0.7385789791838437,0.6106256014416319,0.5232496376107594,0.8235016371123572,nan,nan,nan,nan,nan,nan,nan,nan,nan,nan,nan,nan,nan,nan,nan,nan,nan,nan,nan,nan,nan,nan,nan,nan,nan,nan,nan,nan,nan,nan,nan,nan,nan,nan,nan,nan
155,9,BW08_slice_001_2026-04-14_20260414-000000_slice_lfp_rhythm.h5,450877.335,1776097800000.0,2026-04-14T00:30:00+08:00,5.218487673611111,5,0.5,0.13052619222005157,0.9914448613738104,1,1,2,reversal_frequency_rule,78.17575073242188,2,learned,0.3225903809070587,2,right_bias,0,0,0,3,0,1,0,1,0,1,1.0,0.0,0.0,0.0,0.0,0.2031514440495999,0.19637380533260124,0.8389067177981046,0.6770004615546514,0.3990121852244641,0.8221923751062995,1.2139503813113408,0.8308388051898723,0.7393916690211343,0.9045574062298302,0.6261611253891366,0.8818863536469911,0.48509101843230457,0.44901407129435394,0.7517726266269074,0.5785270732979036,0.4608569596811996,0.708256854662988,0.6815722077956983,0.4937884693834599,0.7385789791838437,0.6106256014416319,0.5232496376107594,0.8235016371123572,nan,nan,nan,nan,nan,nan,nan,nan,nan,nan,nan,nan,nan,nan,nan,nan,nan,nan,nan,nan,nan,nan,nan,nan,nan,nan,nan,nan,nan,nan,nan,nan,nan,nan,nan,nan
156,8,BW08_slice_001_2026-04-14_20260414-000000_slice_lfp_rhythm.h5,454477.335,1776101400000.0,2026-04-14T01:30:00+08:00,5.260154340277778,5,1.5,0.3826834323650898,0.9238795325112867,1,1,2,reversal_frequency_rule,78.17575073242188,2,learned,0.3225903809070587,2,right_bias,0,0,0,3,0,1,0,1,0,1,0.2916666567325592,0.008333333767950535,0.6916666626930237,0.008333333767950535,0.0,1.7229305499933052,1.4976278160850987,0.8945597205425052,1.1192985972224692,1.2949298339568633,0.7748384985430318,0.795491013906533,0.7487349546475153,1.4284148289255463,0.8968082579057618,1.035170400263411,0.9813706216927621,1.1987603004941045,1.1943792926893742,0.760128400775781,1.0678904736437207,1.0697927054728784,0.7514998754307113,1.3032289947621467,1.126655089183163,1.2700676277339926,1.144023613275004,1.1123309039498535,1.0407918550985207,1.147390592999675,1.0058220627713583,1.0616085783483282,1.1878300989464499,1.1272766302491806,0.9607097866937564,1.582811117710801,1.2016751127304,1.4010373309286337,1.1509988207771322,1.051826387467704,0.9647117446662784,1.5082809644681752,1.7169877219933531,1.1082607150852835,1.8327066233850962,1.8208989127030497,1.0490842439552832,3.0736544978831066,1.10729658492605,1.4218645171599202,1.836324287328505,1.5201094864885965,0.9037664500034849,nan,nan,nan,nan,nan,nan,nan,nan,nan,nan,nan,nan
157,9,BW08_slice_001_2026-04-14_20260414-000000_slice_lfp_rhythm.h5,454477.335,1776101400000.0,2026-04-14T01:30:00+08:00,5.260154340277778,5,1.5,0.3826834323650898,0.9238795325112867,1,1,2,reversal_frequency_rule,78.17575073242188,2,learned,0.3225903809070587,2,right_bias,0,0,0,3,0,1,0,1,0,1,0.2916666567325592,0.008333333767950535,0.6916666626930237,0.008333333767950535,0.0,1.7229305499933052,1.4976278160850987,0.8945597205425052,1.1192985972224692,1.2949298339568633,0.7748384985430318,0.795491013906533,0.7487349546475153,1.4284148289255463,0.8968082579057618,1.035170400263411,0.9813706216927621,1.1987603004941045,1.1943792926893742,0.760128400775781,1.0678904736437207,1.0697927054728784,0.7514998754307113,1.3032289947621467,1.126655089183163,1.2700676277339926,1.144023613275004,1.1123309039498535,1.0407918550985207,1.147390592999675,1.0058220627713583,1.0616085783483282,1.1878300989464499,1.1272766302491806,0.9607097866937564,1.582811117710801,1.2016751127304,1.4010373309286337,1.1509988207771322,1.051826387467704,0.9647117446662784,1.5082809644681752,1.7169877219933531,1.1082607150852835,1.8327066233850962,1.8208989127030497,1.0490842439552832,3.0736544978831066,1.10729658492605,1.4218645171599202,1.836324287328505,1.5201094864885965,0.9037664500034849,nan,nan,nan,nan,nan,nan,nan,nan,nan,nan,nan,nan
158,8,BW08_slice_001_2026-04-14_20260414-000000_slice_lfp_rhythm.h5,458077.335,1776105000000.0,2026-04-14T02:30:00+08:00,5.3018210069444445,5,2.5,0.6087614290087207,0.7933533402912352,1,1,2,reversal_frequency_rule,77.46707153320312,2,learned,0.09472409635782242,1,neutral,189,174,174,1,0,1,0,1,0,0,0.4342857003211975,0.0,0.17428570985794067,0.022857142612338066,0.3685714304447174,0.46248681577222217,0.46601485587281166,0.851027313138618,0.5248208425982269,0.6214297264403267,1.125194733345601,0.1986718309307919,0.2163183943978726,1.357489214554159,0.2888793536070589,0.3897474795521798,1.1502803279903073,0.4004812124447608,0.5419484869117996,0.769520107795368,0.41660434556870946,0.5677612574131431,0.9536995534660048,0.18517613334619276,0.1761915957942283,0.7012508017130636,0.20294380935516929,0.2968985903343711,0.7706721724611839,0.9373341684516858,0.8546977646147627,1.0479783851316686,1.0099107020442852,0.9049790315462954,1.2574111370892465,2.3499481420671873,1.3290790779282307,3.940946910203393,1.2465547091686384,1.015145769610376,2.630203118417605,1.907476033593532,1.447009869129911,1.0329600714896445,1.7084767479595035,1.275326014118569,1.812943458348445,1.429227986688748,1.2058238901994034,7.685101713669243,1.955868446345164,1.482696665852888,5.75415286335677,0.7428650786740978,0.6970261773049172,0.8319188953672036,0.7803626960313368,0.9277968931716837,1.0736355659995567,0.25009296309423534,0.5509653798656469,0.8613617449691,0.5258549573304035,0.7414776557227117,1.0054671249685119
159,9,BW08_slice_001_2026-04-14_20260414-000000_slice_lfp_rhythm.h5,458077.335,1776105000000.0,2026-04-14T02:30:00+08:00,5.3018210069444445,5,2.5,0.6087614290087207,0.7933533402912352,1,1,2,reversal_frequency_rule,77.46707153320312,2,learned,0.09472409635782242,1,neutral,189,174,174,1,0,1,0,1,0,0,0.4342857003211975,0.0,0.17428570985794067,0.022857142612338066,0.3685714304447174,0.46248681577222217,0.46601485587281166,0.851027313138618,0.5248208425982269,0.6214297264403267,1.125194733345601,0.1986718309307919,0.2163183943978726,1.357489214554159,0.2888793536070589,0.3897474795521798,1.1502803279903073,0.4004812124447608,0.5419484869117996,0.769520107795368,0.41660434556870946,0.5677612574131431,0.9536995534660048,0.18517613334619276,0.1761915957942283,0.7012508017130636,0.20294380935516929,0.2968985903343711,0.7706721724611839,0.9373341684516858,0.8546977646147627,1.0479783851316686,1.0099107020442852,0.9049790315462954,1.2574111370892465,2.3499481420671873,1.3290790779282307,3.940946910203393,1.2465547091686384,1.015145769610376,2.630203118417605,1.907476033593532,1.447009869129911,1.0329600714896445,1.7084767479595035,1.275326014118569,1.812943458348445,1.429227986688748,1.2058238901994034,7.685101713669243,1.955868446345164,1.482696665852888,5.75415286335677,0.7428650786740978,0.6970261773049172,0.8319188953672036,0.7803626960313368,0.9277968931716837,1.0736355659995567,0.25009296309423534,0.5509653798656469,0.8613617449691,0.5258549573304035,0.7414776557227117,1.0054671249685119
160,8,BW08_slice_001_2026-04-14_20260414-000000_slice_lfp_rhythm.h5,461677.335,1776108600000.0,2026-04-14T03:30:00+08:00,5.343487673611111,5,3.5,0.7933533402912352,0.6087614290087207,1,1,2,reversal_frequency_rule,86.20264434814453,2,learned,-0.16493940353393555,0,left_bias,62,55,55,1,0,1,0,1,1,0,0.5611110925674438,0.0055555556900799274,0.2666666805744171,0.0027777778450399637,0.16388888657093048,1.12454246950028,0.7911677598225032,1.0026060869081344,1.8046304638518456,1.3398939003018995,1.0109924396499113,1.7925750461513676,1.739271938306326,0.988143782713426,1.776989124700557,1.4495881713246639,0.9876773768483219,1.8048372441884861,1.1632739415932478,0.9399664650224376,2.08583558735351,1.6980434308953178,0.9448050823827397,1.7192523072776722,1.7136017747526384,0.9699233375578944,1.8793751051919276,1.6325497879391655,0.9769474128485092,1.2615141452495815,0.925593162926968,1.1496191692009565,1.4756234863241815,1.1159476016343899,0.8978302386021833,1.8016131340768287,1.4555565066395535,1.2831710053789824,1.3236909188504347,1.2763740237786998,1.1750915996200213,5.9347033761986,2.049165282787697,1.3736281938327497,5.279203226248119,2.4262357042398266,1.6789713179609675,2.1696297466418555,1.8313706700824484,5.264198868893128,3.9133674225452935,3.2411121772983535,5.061452035991892,0.9758127387925006,0.8442647040062312,0.8821879213448949,1.1406056739971335,1.507885665759237,1.1430184698085593,1.311099397615242,1.3227175240299451,1.0837990654864922,0.9247992208726078,1.008206788602104,0.8956249140491727
161,9,BW08_slice_001_2026-04-14_20260414-000000_slice_lfp_rhythm.h5,461677.335,1776108600000.0,2026-04-14T03:30:00+08:00,5.343487673611111,5,3.5,0.7933533402912352,0.6087614290087207,1,1,2,reversal_frequency_rule,86.20264434814453,2,learned,-0.16493940353393555,0,left_bias,62,55,55,1,0,1,0,1,1,0,0.5611110925674438,0.0055555556900799274,0.2666666805744171,0.0027777778450399637,0.16388888657093048,1.12454246950028,0.7911677598225032,1.0026060869081344,1.8046304638518456,1.3398939003018995,1.0109924396499113,1.7925750461513676,1.739271938306326,0.988143782713426,1.776989124700557,1.4495881713246639,0.9876773768483219,1.8048372441884861,1.1632739415932478,0.9399664650224376,2.08583558735351,1.6980434308953178,0.9448050823827397,1.7192523072776722,1.7136017747526384,0.9699233375578944,1.8793751051919276,1.6325497879391655,0.9769474128485092,1.2615141452495815,0.925593162926968,1.1496191692009565,1.4756234863241815,1.1159476016343899,0.8978302386021833,1.8016131340768287,1.4555565066395535,1.2831710053789824,1.3236909188504347,1.2763740237786998,1.1750915996200213,5.9347033761986,2.049165282787697,1.3736281938327497,5.279203226248119,2.4262357042398266,1.6789713179609675,2.1696297466418555,1.8313706700824484,5.264198868893128,3.9133674225452935,3.2411121772983535,5.061452035991892,0.9758127387925006,0.8442647040062312,0.8821879213448949,1.1406056739971335,1.507885665759237,1.1430184698085593,1.311099397615242,1.3227175240299451,1.0837990654864922,0.9247992208726078,1.008206788602104,0.8956249140491727
162,8,BW08_slice_001_2026-04-14_20260414-000000_slice_lfp_rhythm.h5,465277.335,1776112200000.0,2026-04-14T04:30:00+08:00,5.385154340277778,5,4.5,0.9238795325112867,0.38268343236508984,1,1,2,reversal_frequency_rule,77.99229431152344,2,learned,0.04894426092505455,1,neutral,107,101,101,1,0,1,0,1,0,0,0.42222222685813904,0.0027777778450399637,0.4722222089767456,0.008333333767950535,0.09444444626569748,1.3979868735462317,1.1525003508567844,1.035864930359867,0.8155618287657633,0.970761413574348,1.0915778287201054,0.2568647389150086,0.35635200145922075,4.334736058518869,0.43639139712409997,0.6909363066847334,4.661403904678541,0.922218423422355,0.9862624335437044,0.8688902835621799,0.4091719862650027,0.7164165283874824,0.8712900548198942,0.25246708050767397,0.3099096856594935,2.632291763773218,0.24730787730523077,0.4139482689118485,2.4267741766140585,1.2848745967599005,1.0397279807611584,1.2809509432412698,1.2896666129278112,1.0870646185971162,1.6172486186479833,1.2567484362604144,1.1517812675692347,6.17668545943439,1.1199779534391976,1.0922436896810828,7.561960141667651,5.799081000036575,2.712214314219228,1.1633531585868797,5.080236601466782,2.445023576568022,1.8416499793233332,1.8324285447280055,1.63626129005333,7.872531854853774,3.5271771697152143,2.9935521624436565,6.473174673247208,0.864665132024886,0.8166953162168338,1.036852444766765,1.008171278624143,0.9270646999993576,0.877291028807723,0.3839324694954205,0.643928815511872,0.8410925775863145,0.757152770980381,0.9909498677988117,0.9099064908255237
163,9,BW08_slice_001_2026-04-14_20260414-000000_slice_lfp_rhythm.h5,465277.335,1776112200000.0,2026-04-14T04:30:00+08:00,5.385154340277778,5,4.5,0.9238795325112867,0.38268343236508984,1,1,2,reversal_frequency_rule,77.99229431152344,2,learned,0.04894426092505455,1,neutral,107,101,101,1,0,1,0,1,0,0,0.42222222685813904,0.0027777778450399637,0.4722222089767456,0.008333333767950535,0.09444444626569748,1.3979868735462317,1.1525003508567844,1.035864930359867,0.8155618287657633,0.970761413574348,1.0915778287201054,0.2568647389150086,0.35635200145922075,4.334736058518869,0.43639139712409997,0.6909363066847334,4.661403904678541,0.922218423422355,0.9862624335437044,0.8688902835621799,0.4091719862650027,0.7164165283874824,0.8712900548198942,0.25246708050767397,0.3099096856594935,2.632291763773218,0.24730787730523077,0.4139482689118485,2.4267741766140585,1.2848745967599005,1.0397279807611584,1.2809509432412698,1.2896666129278112,1.0870646185971162,1.6172486186479833,1.2567484362604144,1.1517812675692347,6.17668545943439,1.1199779534391976,1.0922436896810828,7.561960141667651,5.799081000036575,2.712214314219228,1.1633531585868797,5.080236601466782,2.445023576568022,1.8416499793233332,1.8324285447280055,1.63626129005333,7.872531854853774,3.5271771697152143,2.9935521624436565,6.473174673247208,0.864665132024886,0.8166953162168338,1.036852444766765,1.008171278624143,0.9270646999993576,0.877291028807723,0.3839324694954205,0.643928815511872,0.8410925775863145,0.757152770980381,0.9909498677988117,0.9099064908255237
164,9,BW08_slice_001_2026-04-14_20260414-000000_slice_lfp_rhythm.h5,468877.335,1776115800000.0,2026-04-14T05:30:00+08:00,5.4268210069444445,5,5.5,0.9914448613738104,0.1305261922200517,1,0,2,reversal_frequency_rule,80.38824462890625,2,learned,0.049550861120224,1,neutral,37,35,35,1,0,1,0,1,0,0,nan,nan,nan,nan,nan,nan,nan,nan,nan,nan,nan,nan,nan,nan,nan,nan,nan,nan,nan,nan,nan,nan,nan,nan,nan,nan,nan,nan,nan,nan,nan,nan,nan,nan,nan,nan,nan,nan,nan,nan,nan,nan,nan,nan,nan,nan,nan,nan,nan,nan,nan,nan,nan,nan,nan,nan,nan,nan,nan,nan,nan,nan,nan,nan,nan
165,8,BW08_slice_001_2026-04-14_20260414-000000_slice_lfp_rhythm.h5,468877.335,1776115800000.0,2026-04-14T05:30:00+08:00,5.4268210069444445,5,5.5,0.9914448613738104,0.1305261922200517,1,0,2,reversal_frequency_rule,80.38824462890625,2,learned,0.049550861120224,1,neutral,37,35,35,1,0,1,0,1,0,0,nan,nan,nan,nan,nan,nan,nan,nan,nan,nan,nan,nan,nan,nan,nan,nan,nan,nan,nan,nan,nan,nan,nan,nan,nan,nan,nan,nan,nan,nan,nan,nan,nan,nan,nan,nan,nan,nan,nan,nan,nan,nan,nan,nan,nan,nan,nan,nan,nan,nan,nan,nan,nan,nan,nan,nan,nan,nan,nan,nan,nan,nan,nan,nan,nan
166,8,BW08_slice_001_2026-04-14_20260414-000000_slice_lfp_rhythm.h5,472477.335,1776119400000.0,2026-04-14T06:30:00+08:00,5.468487673611111,5,6.5,0.9914448613738104,-0.1305261922200516,0,0,2,reversal_frequency_rule,80.38824462890625,2,learned,0.049550861120224,1,neutral,0,0,0,3,0,1,0,1,0,0,nan,nan,nan,nan,nan,nan,nan,nan,nan,nan,nan,nan,nan,nan,nan,nan,nan,nan,nan,nan,nan,nan,nan,nan,nan,nan,nan,nan,nan,nan,nan,nan,nan,nan,nan,nan,nan,nan,nan,nan,nan,nan,nan,nan,nan,nan,nan,nan,nan,nan,nan,nan,nan,nan,nan,nan,nan,nan,nan,nan,nan,nan,nan,nan,nan
167,9,BW08_slice_001_2026-04-14_20260414-000000_slice_lfp_rhythm.h5,472477.335,1776119400000.0,2026-04-14T06:30:00+08:00,5.468487673611111,5,6.5,0.9914448613738104,-0.1305261922200516,0,0,2,reversal_frequency_rule,80.38824462890625,2,learned,0.049550861120224,1,neutral,0,0,0,3,0,1,0,1,0,0,nan,nan,nan,nan,nan,nan,nan,nan,nan,nan,nan,nan,nan,nan,nan,nan,nan,nan,nan,nan,nan,nan,nan,nan,nan,nan,nan,nan,nan,nan,nan,nan,nan,nan,nan,nan,nan,nan,nan,nan,nan,nan,nan,nan,nan,nan,nan,nan,nan,nan,nan,nan,nan,nan,nan,nan,nan,nan,nan,nan,nan,nan,nan,nan,nan
168,8,BW08_slice_001_2026-04-14_20260414-000000_slice_lfp_rhythm.h5,476077.335,1776123000000.0,2026-04-14T07:30:00+08:00,5.510154340277778,5,7.5,0.9238795325112868,-0.3826834323650895,0,0,2,reversal_frequency_rule,80.38824462890625,2,learned,0.049550861120224,1,neutral,0,0,0,3,0,1,0,1,0,0,nan,nan,nan,nan,nan,nan,nan,nan,nan,nan,nan,nan,nan,nan,nan,nan,nan,nan,nan,nan,nan,nan,nan,nan,nan,nan,nan,nan,nan,nan,nan,nan,nan,nan,nan,nan,nan,nan,nan,nan,nan,nan,nan,nan,nan,nan,nan,nan,nan,nan,nan,nan,nan,nan,nan,nan,nan,nan,nan,nan,nan,nan,nan,nan,nan
169,9,BW08_slice_001_2026-04-14_20260414-000000_slice_lfp_rhythm.h5,476077.335,1776123000000.0,2026-04-14T07:30:00+08:00,5.510154340277778,5,7.5,0.9238795325112868,-0.3826834323650895,0,0,2,reversal_frequency_rule,80.38824462890625,2,learned,0.049550861120224,1,neutral,0,0,0,3,0,1,0,1,0,0,nan,nan,nan,nan,nan,nan,nan,nan,nan,nan,nan,nan,nan,nan,nan,nan,nan,nan,nan,nan,nan,nan,nan,nan,nan,nan,nan,nan,nan,nan,nan,nan,nan,nan,nan,nan,nan,nan,nan,nan,nan,nan,nan,nan,nan,nan,nan,nan,nan,nan,nan,nan,nan,nan,nan,nan,nan,nan,nan,nan,nan,nan,nan,nan,nan
170,8,BW08_slice_001_2026-04-14_20260414-000000_slice_lfp_rhythm.h5,479677.335,1776126600000.0,2026-04-14T08:30:00+08:00,5.5518210069444445,5,8.5,0.7933533402912352,-0.6087614290087207,0,0,2,reversal_frequency_rule,80.38824462890625,2,learned,0.049550861120224,1,neutral,0,0,0,3,0,1,0,1,0,0,nan,nan,nan,nan,nan,nan,nan,nan,nan,nan,nan,nan,nan,nan,nan,nan,nan,nan,nan,nan,nan,nan,nan,nan,nan,nan,nan,nan,nan,nan,nan,nan,nan,nan,nan,nan,nan,nan,nan,nan,nan,nan,nan,nan,nan,nan,nan,nan,nan,nan,nan,nan,nan,nan,nan,nan,nan,nan,nan,nan,nan,nan,nan,nan,nan
171,9,BW08_slice_001_2026-04-14_20260414-000000_slice_lfp_rhythm.h5,479677.335,1776126600000.0,2026-04-14T08:30:00+08:00,5.5518210069444445,5,8.5,0.7933533402912352,-0.6087614290087207,0,0,2,reversal_frequency_rule,80.38824462890625,2,learned,0.049550861120224,1,neutral,0,0,0,3,0,1,0,1,0,0,nan,nan,nan,nan,nan,nan,nan,nan,nan,nan,nan,nan,nan,nan,nan,nan,nan,nan,nan,nan,nan,nan,nan,nan,nan,nan,nan,nan,nan,nan,nan,nan,nan,nan,nan,nan,nan,nan,nan,nan,nan,nan,nan,nan,nan,nan,nan,nan,nan,nan,nan,nan,nan,nan,nan,nan,nan,nan,nan,nan,nan,nan,nan,nan,nan
172,9,BW08_slice_001_2026-04-14_20260414-000000_slice_lfp_rhythm.h5,483277.335,1776130200000.0,2026-04-14T09:30:00+08:00,5.593487673611111,5,9.5,0.6087614290087209,-0.793353340291235,0,0,2,reversal_frequency_rule,80.38824462890625,2,learned,0.049550861120224,1,neutral,0,0,0,3,0,1,0,1,0,0,nan,nan,nan,nan,nan,nan,nan,nan,nan,nan,nan,nan,nan,nan,nan,nan,nan,nan,nan,nan,nan,nan,nan,nan,nan,nan,nan,nan,nan,nan,nan,nan,nan,nan,nan,nan,nan,nan,nan,nan,nan,nan,nan,nan,nan,nan,nan,nan,nan,nan,nan,nan,nan,nan,nan,nan,nan,nan,nan,nan,nan,nan,nan,nan,nan
173,8,BW08_slice_001_2026-04-14_20260414-000000_slice_lfp_rhythm.h5,483277.335,1776130200000.0,2026-04-14T09:30:00+08:00,5.593487673611111,5,9.5,0.6087614290087209,-0.793353340291235,0,0,2,reversal_frequency_rule,80.38824462890625,2,learned,0.049550861120224,1,neutral,0,0,0,3,0,1,0,1,0,0,nan,nan,nan,nan,nan,nan,nan,nan,nan,nan,nan,nan,nan,nan,nan,nan,nan,nan,nan,nan,nan,nan,nan,nan,nan,nan,nan,nan,nan,nan,nan,nan,nan,nan,nan,nan,nan,nan,nan,nan,nan,nan,nan,nan,nan,nan,nan,nan,nan,nan,nan,nan,nan,nan,nan,nan,nan,nan,nan,nan,nan,nan,nan,nan,nan
174,9,BW08_slice_001_2026-04-14_20260414-000000_slice_lfp_rhythm.h5,486877.335,1776133800000.0,2026-04-14T10:30:00+08:00,5.635154340277778,5,10.5,0.3826834323650899,-0.9238795325112867,0,0,2,reversal_frequency_rule,80.38824462890625,2,learned,0.049550861120224,1,neutral,0,0,0,3,0,1,0,1,0,0,nan,nan,nan,nan,nan,nan,nan,nan,nan,nan,nan,nan,nan,nan,nan,nan,nan,nan,nan,nan,nan,nan,nan,nan,nan,nan,nan,nan,nan,nan,nan,nan,nan,nan,nan,nan,nan,nan,nan,nan,nan,nan,nan,nan,nan,nan,nan,nan,nan,nan,nan,nan,nan,nan,nan,nan,nan,nan,nan,nan,nan,nan,nan,nan,nan
175,8,BW08_slice_001_2026-04-14_20260414-000000_slice_lfp_rhythm.h5,486877.335,1776133800000.0,2026-04-14T10:30:00+08:00,5.635154340277778,5,10.5,0.3826834323650899,-0.9238795325112867,0,0,2,reversal_frequency_rule,80.38824462890625,2,learned,0.049550861120224,1,neutral,0,0,0,3,0,1,0,1,0,0,nan,nan,nan,nan,nan,nan,nan,nan,nan,nan,nan,nan,nan,nan,nan,nan,nan,nan,nan,nan,nan,nan,nan,nan,nan,nan,nan,nan,nan,nan,nan,nan,nan,nan,nan,nan,nan,nan,nan,nan,nan,nan,nan,nan,nan,nan,nan,nan,nan,nan,nan,nan,nan,nan,nan,nan,nan,nan,nan,nan,nan,nan,nan,nan,nan
176,8,BW08_slice_001_2026-04-14_20260414-000000_slice_lfp_rhythm.h5,490477.335,1776137400000.0,2026-04-14T11:30:00+08:00,5.6768210069444445,5,11.5,0.130526192220052,-0.9914448613738104,0,0,2,reversal_frequency_rule,80.38824462890625,2,learned,0.049550861120224,1,neutral,0,0,0,3,0,1,0,1,0,0,nan,nan,nan,nan,nan,nan,nan,nan,nan,nan,nan,nan,nan,nan,nan,nan,nan,nan,nan,nan,nan,nan,nan,nan,nan,nan,nan,nan,nan,nan,nan,nan,nan,nan,nan,nan,nan,nan,nan,nan,nan,nan,nan,nan,nan,nan,nan,nan,nan,nan,nan,nan,nan,nan,nan,nan,nan,nan,nan,nan,nan,nan,nan,nan,nan
177,9,BW08_slice_001_2026-04-14_20260414-000000_slice_lfp_rhythm.h5,490477.335,1776137400000.0,2026-04-14T11:30:00+08:00,5.6768210069444445,5,11.5,0.130526192220052,-0.9914448613738104,0,0,2,reversal_frequency_rule,80.38824462890625,2,learned,0.049550861120224,1,neutral,0,0,0,3,0,1,0,1,0,0,nan,nan,nan,nan,nan,nan,nan,nan,nan,nan,nan,nan,nan,nan,nan,nan,nan,nan,nan,nan,nan,nan,nan,nan,nan,nan,nan,nan,nan,nan,nan,nan,nan,nan,nan,nan,nan,nan,nan,nan,nan,nan,nan,nan,nan,nan,nan,nan,nan,nan,nan,nan,nan,nan,nan,nan,nan,nan,nan,nan,nan,nan,nan,nan,nan
178,9,BW08_slice_001_2026-04-14_20260414-000000_slice_lfp_rhythm.h5,494077.335,1776141000000.0,2026-04-14T12:30:00+08:00,5.718487673611111,5,12.5,-0.13052619222005177,-0.9914448613738104,0,1,2,reversal_frequency_rule,80.38824462890625,2,learned,0.049550861120224,1,neutral,0,0,0,3,0,1,0,1,0,0,0.4048338234424591,0.006042296066880226,0.5226585865020752,0.06646525859832764,0.0,0.9670353809355534,1.0536270951353468,0.8925457605497219,0.6465049009799575,0.8815157448776939,0.7658400860109866,0.5304861853762078,0.6817272610327536,0.6480987520744802,0.4868289827783787,0.6733559181117341,1.0079647795958866,0.9868633455115847,1.0153837013614486,0.8440952889195942,0.5951461331641227,0.8112377827256005,0.660482635343494,0.7178822710332826,0.8974613496207502,0.6321287540101391,0.5351045567171776,0.6807323444336294,1.00771771280406,0.7370343092439128,0.8070314529675915,1.002182201490934,0.7666118502178109,0.8388787573489301,1.126747764011097,0.6180377043374948,0.7462672991828718,0.5214647581355951,0.6507984207978428,0.718247675623564,0.9641272840118941,0.7781316662008821,0.8946131351559357,1.0858705172586176,0.7370872979643738,0.8040541386420595,0.972520009011235,0.6379915915889087,0.7262090090242774,1.2853478155158764,0.6137536690391894,0.7317298800602496,1.3228725433710926,nan,nan,nan,nan,nan,nan,nan,nan,nan,nan,nan,nan
179,8,BW08_slice_001_2026-04-14_20260414-000000_slice_lfp_rhythm.h5,494077.335,1776141000000.0,2026-04-14T12:30:00+08:00,5.718487673611111,5,12.5,-0.13052619222005177,-0.9914448613738104,0,1,2,reversal_frequency_rule,80.38824462890625,2,learned,0.049550861120224,1,neutral,0,0,0,3,0,1,0,1,0,0,0.4048338234424591,0.006042296066880226,0.5226585865020752,0.06646525859832764,0.0,0.9670353809355534,1.0536270951353468,0.8925457605497219,0.6465049009799575,0.8815157448776939,0.7658400860109866,0.5304861853762078,0.6817272610327536,0.6480987520744802,0.4868289827783787,0.6733559181117341,1.0079647795958866,0.9868633455115847,1.0153837013614486,0.8440952889195942,0.5951461331641227,0.8112377827256005,0.660482635343494,0.7178822710332826,0.8974613496207502,0.6321287540101391,0.5351045567171776,0.6807323444336294,1.00771771280406,0.7370343092439128,0.8070314529675915,1.002182201490934,0.7666118502178109,0.8388787573489301,1.126747764011097,0.6180377043374948,0.7462672991828718,0.5214647581355951,0.6507984207978428,0.718247675623564,0.9641272840118941,0.7781316662008821,0.8946131351559357,1.0858705172586176,0.7370872979643738,0.8040541386420595,0.972520009011235,0.6379915915889087,0.7262090090242774,1.2853478155158764,0.6137536690391894,0.7317298800602496,1.3228725433710926,nan,nan,nan,nan,nan,nan,nan,nan,nan,nan,nan,nan
180,9,BW08_slice_001_2026-04-14_20260414-000000_slice_lfp_rhythm.h5,497677.335,1776144600000.0,2026-04-14T13:30:00+08:00,5.760154340277778,5,13.5,-0.38268343236508967,-0.9238795325112868,0,1,2,reversal_frequency_rule,80.38824462890625,2,learned,0.049550861120224,1,neutral,0,0,0,3,0,1,0,1,0,0,0.0655270665884018,0.014245014637708664,0.7806267738342285,0.13960114121437073,0.0,1.0412306827861406,1.187403926545627,0.8155180762285533,0.5801726499946543,0.9869958919006668,0.7726447431880782,0.04261419885515385,0.14270131700295127,0.4253693834496774,0.2541312181866812,0.5292739417695426,0.5209448447766897,0.964889741045553,0.9416736486084119,0.8200439888933674,0.26247788394640076,0.5972744687155117,0.6813145801108201,0.012795333934942393,0.04735469791399532,0.35112632595675397,0.08600387531175303,0.18089995535752434,0.881844518324864,0.6148026001089196,0.7065323734052686,0.9372091019687263,0.7355378047383461,0.8276630903676407,1.120106798951018,0.4471417284616737,0.6714025371575717,0.42127401503390327,0.5834888957687,0.6903136133055338,0.5360132674535955,0.6465001483445901,0.7115029554540395,1.042628735384675,0.7370620585509694,0.7862062111524057,0.867973047179682,0.4787808211962517,0.6677532108621271,0.29940915671422214,0.5863321705219756,0.6862970930510496,0.48365106152460813,nan,nan,nan,nan,nan,nan,nan,nan,nan,nan,nan,nan
181,8,BW08_slice_001_2026-04-14_20260414-000000_slice_lfp_rhythm.h5,497677.335,1776144600000.0,2026-04-14T13:30:00+08:00,5.760154340277778,5,13.5,-0.38268343236508967,-0.9238795325112868,0,1,2,reversal_frequency_rule,80.38824462890625,2,learned,0.049550861120224,1,neutral,0,0,0,3,0,1,0,1,0,0,0.0655270665884018,0.014245014637708664,0.7806267738342285,0.13960114121437073,0.0,1.0412306827861406,1.187403926545627,0.8155180762285533,0.5801726499946543,0.9869958919006668,0.7726447431880782,0.04261419885515385,0.14270131700295127,0.4253693834496774,0.2541312181866812,0.5292739417695426,0.5209448447766897,0.964889741045553,0.9416736486084119,0.8200439888933674,0.26247788394640076,0.5972744687155117,0.6813145801108201,0.012795333934942393,0.04735469791399532,0.35112632595675397,0.08600387531175303,0.18089995535752434,0.881844518324864,0.6148026001089196,0.7065323734052686,0.9372091019687263,0.7355378047383461,0.8276630903676407,1.120106798951018,0.4471417284616737,0.6714025371575717,0.42127401503390327,0.5834888957687,0.6903136133055338,0.5360132674535955,0.6465001483445901,0.7115029554540395,1.042628735384675,0.7370620585509694,0.7862062111524057,0.867973047179682,0.4787808211962517,0.6677532108621271,0.29940915671422214,0.5863321705219756,0.6862970930510496,0.48365106152460813,nan,nan,nan,nan,nan,nan,nan,nan,nan,nan,nan,nan
182,9,BW08_slice_001_2026-04-14_20260414-000000_slice_lfp_rhythm.h5,501277.335,1776148200000.0,2026-04-14T14:30:00+08:00,5.8018210069444445,5,14.5,-0.6087614290087207,-0.7933533402912352,0,1,2,reversal_frequency_rule,80.38824462890625,2,learned,0.049550861120224,1,neutral,0,0,0,3,0,1,0,1,0,0,0.18333333730697632,0.0027777778450399637,0.6722221970558167,0.14166666567325592,0.0,0.7510617975856523,1.0616387187520542,0.7837850508479969,0.4510643233836528,0.9149761038603383,0.8719555444586128,0.09476558034396296,0.1922610745629981,2.9611298383576257,0.24775380029914965,0.49271256141278025,3.357131670849012,0.8610003900245293,1.0634676967551506,0.722609056501648,0.310688259164768,0.7257969565709764,0.7507326570071685,0.13441781659800367,0.20624968918804737,1.6197875020563504,0.22050413861141407,0.34369025114546164,1.9743043713256216,0.458005407095886,0.6511235531704923,0.9056538668110895,0.5601989424089096,0.7882002171712563,1.1736655183315763,0.6184399239626244,0.7098871359933315,2.8753320797253172,0.4878209843385679,0.6160190714387772,3.608982458133833,1.03379596165323,1.1733332703630854,0.9731153663484536,1.0890452811762061,1.1731275599699729,1.2114875589078364,0.9725799681037024,0.962145504109696,3.8341781478448143,1.0054918460815494,1.094918047522701,4.926027781294864,nan,nan,nan,nan,nan,nan,nan,nan,nan,nan,nan,nan
183,8,BW08_slice_001_2026-04-14_20260414-000000_slice_lfp_rhythm.h5,501277.335,1776148200000.0,2026-04-14T14:30:00+08:00,5.8018210069444445,5,14.5,-0.6087614290087207,-0.7933533402912352,0,1,2,reversal_frequency_rule,80.38824462890625,2,learned,0.049550861120224,1,neutral,0,0,0,3,0,1,0,1,0,0,0.18333333730697632,0.0027777778450399637,0.6722221970558167,0.14166666567325592,0.0,0.7510617975856523,1.0616387187520542,0.7837850508479969,0.4510643233836528,0.9149761038603383,0.8719555444586128,0.09476558034396296,0.1922610745629981,2.9611298383576257,0.24775380029914965,0.49271256141278025,3.357131670849012,0.8610003900245293,1.0634676967551506,0.722609056501648,0.310688259164768,0.7257969565709764,0.7507326570071685,0.13441781659800367,0.20624968918804737,1.6197875020563504,0.22050413861141407,0.34369025114546164,1.9743043713256216,0.458005407095886,0.6511235531704923,0.9056538668110895,0.5601989424089096,0.7882002171712563,1.1736655183315763,0.6184399239626244,0.7098871359933315,2.8753320797253172,0.4878209843385679,0.6160190714387772,3.608982458133833,1.03379596165323,1.1733332703630854,0.9731153663484536,1.0890452811762061,1.1731275599699729,1.2114875589078364,0.9725799681037024,0.962145504109696,3.8341781478448143,1.0054918460815494,1.094918047522701,4.926027781294864,nan,nan,nan,nan,nan,nan,nan,nan,nan,nan,nan,nan
184,9,BW08_slice_001_2026-04-14_20260414-000000_slice_lfp_rhythm.h5,504877.335,1776151800000.0,2026-04-14T15:30:00+08:00,5.843487673611111,5,15.5,-0.7933533402912349,-0.6087614290087209,0,1,2,reversal_frequency_rule,80.38824462890625,2,learned,0.049550861120224,1,neutral,0,0,0,3,0,1,0,1,0,0,0.5507246255874634,0.005797101650387049,0.417391300201416,0.0260869562625885,0.0,0.532017242338127,0.6837798969783119,0.7809800071361728,0.5891886218846877,0.7123128491358037,0.9665059846842156,0.6537630726887039,0.7586128084093562,3.5805631686106496,0.6477381182535374,0.6736398068120218,4.250518264841319,0.5935012541177098,0.5466226079231861,0.7194410025793319,0.580185648029735,0.6098831052059165,0.7432215806917716,0.6349696889025508,0.7376658196765243,1.5123139259837455,0.6438139313744179,0.6445935973302966,1.9309494716718947,0.46838701106198144,0.678339921194236,0.8817519964564648,0.5554400858602198,0.7716201031510669,1.571992569980284,0.5435293360432787,0.6912315417044075,5.97849196741098,0.5337784542874116,0.6552522036950555,7.445183576680773,1.2268389363886845,1.0262309344165865,0.968643579758962,1.2368166311622255,0.9951807142260619,1.3812005454454566,1.3715300056562914,1.0069094290575158,4.832582291609489,1.2724496504594747,0.9918337758867036,6.577408035572126,nan,nan,nan,nan,nan,nan,nan,nan,nan,nan,nan,nan
185,8,BW08_slice_001_2026-04-14_20260414-000000_slice_lfp_rhythm.h5,504877.335,1776151800000.0,2026-04-14T15:30:00+08:00,5.843487673611111,5,15.5,-0.7933533402912349,-0.6087614290087209,0,1,2,reversal_frequency_rule,80.38824462890625,2,learned,0.049550861120224,1,neutral,0,0,0,3,0,1,0,1,0,0,0.5507246255874634,0.005797101650387049,0.417391300201416,0.0260869562625885,0.0,0.532017242338127,0.6837798969783119,0.7809800071361728,0.5891886218846877,0.7123128491358037,0.9665059846842156,0.6537630726887039,0.7586128084093562,3.5805631686106496,0.6477381182535374,0.6736398068120218,4.250518264841319,0.5935012541177098,0.5466226079231861,0.7194410025793319,0.580185648029735,0.6098831052059165,0.7432215806917716,0.6349696889025508,0.7376658196765243,1.5123139259837455,0.6438139313744179,0.6445935973302966,1.9309494716718947,0.46838701106198144,0.678339921194236,0.8817519964564648,0.5554400858602198,0.7716201031510669,1.571992569980284,0.5435293360432787,0.6912315417044075,5.97849196741098,0.5337784542874116,0.6552522036950555,7.445183576680773,1.2268389363886845,1.0262309344165865,0.968643579758962,1.2368166311622255,0.9951807142260619,1.3812005454454566,1.3715300056562914,1.0069094290575158,4.832582291609489,1.2724496504594747,0.9918337758867036,6.577408035572126,nan,nan,nan,nan,nan,nan,nan,nan,nan,nan,nan,nan
186,8,BW08_slice_001_2026-04-14_20260414-000000_slice_lfp_rhythm.h5,508477.335,1776155400000.0,2026-04-14T16:30:00+08:00,5.885154340277778,5,16.5,-0.9238795325112868,-0.3826834323650895,0,1,2,reversal_frequency_rule,80.38824462890625,2,learned,0.049550861120224,1,neutral,0,0,0,3,0,1,0,1,0,0,0.7222222089767456,0.0,0.25833332538604736,0.01944444514811039,0.0,0.7563775402686861,0.6736546650200635,0.8830885680999405,1.9909791603405906,1.088127868168776,1.0137746156448244,3.4289965724872262,3.3689939156648974,3.0507837214931546,2.819102577372039,2.0596246074528737,3.810638975541263,1.2842520801975668,0.8968659251571184,0.8078239500100336,2.170118318491587,1.3786734503233262,0.827991855834865,2.6373485339674154,2.7204257600883124,1.560620207815089,2.528038545168196,2.1604035228935694,1.8290693979623434,0.6805167750149398,0.7322020607640797,0.9739140390999452,0.8437949114482709,0.8042443390959617,1.567442368250563,2.0869605576367665,1.3431614033237103,6.232214748500562,0.8968217338462182,0.7978688274461526,8.61108947501173,1.52948922971063,1.3185314713672867,1.0521268966244905,3.3475397090984575,1.4202905846361862,1.7993509814186768,22.794318221808552,9.007844476485513,7.655093333903379,6.420504615839152,2.7941108195899993,11.209641495750423,nan,nan,nan,nan,nan,nan,nan,nan,nan,nan,nan,nan
187,9,BW08_slice_001_2026-04-14_20260414-000000_slice_lfp_rhythm.h5,508477.335,1776155400000.0,2026-04-14T16:30:00+08:00,5.885154340277778,5,16.5,-0.9238795325112868,-0.3826834323650895,0,1,2,reversal_frequency_rule,80.38824462890625,2,learned,0.049550861120224,1,neutral,0,0,0,3,0,1,0,1,0,0,0.7222222089767456,0.0,0.25833332538604736,0.01944444514811039,0.0,0.7563775402686861,0.6736546650200635,0.8830885680999405,1.9909791603405906,1.088127868168776,1.0137746156448244,3.4289965724872262,3.3689939156648974,3.0507837214931546,2.819102577372039,2.0596246074528737,3.810638975541263,1.2842520801975668,0.8968659251571184,0.8078239500100336,2.170118318491587,1.3786734503233262,0.827991855834865,2.6373485339674154,2.7204257600883124,1.560620207815089,2.528038545168196,2.1604035228935694,1.8290693979623434,0.6805167750149398,0.7322020607640797,0.9739140390999452,0.8437949114482709,0.8042443390959617,1.567442368250563,2.0869605576367665,1.3431614033237103,6.232214748500562,0.8968217338462182,0.7978688274461526,8.61108947501173,1.52948922971063,1.3185314713672867,1.0521268966244905,3.3475397090984575,1.4202905846361862,1.7993509814186768,22.794318221808552,9.007844476485513,7.655093333903379,6.420504615839152,2.7941108195899993,11.209641495750423,nan,nan,nan,nan,nan,nan,nan,nan,nan,nan,nan,nan
188,9,BW08_slice_001_2026-04-14_20260414-000000_slice_lfp_rhythm.h5,512077.335,1776159000000.0,2026-04-14T17:30:00+08:00,5.9268210069444445,5,17.5,-0.9914448613738104,-0.13052619222005163,0,1,2,reversal_frequency_rule,76.9162368774414,2,learned,-0.10900447517633438,0,left_bias,13,12,12,1,0,1,0,1,1,0,0.1666666716337204,0.0,0.7749999761581421,0.05833333358168602,0.0,1.3852577870115903,1.4394706001221282,0.8555104132241649,0.773143262362121,1.0993740887106331,0.709446806148255,0.2970322927781234,0.3903039810174304,0.3086205463485129,0.4202235097981062,0.642443761984291,0.299453420328925,1.0918282600129554,1.3885544330351933,0.7689270514544494,0.6449849975029047,0.9596180099543679,0.6132927024979192,0.5639425684547232,0.6593654480228797,0.4008652917950684,0.44883748768651893,0.5092193367656385,0.40326518928774197,0.849094164496945,0.8845233974886688,0.9953965327230425,0.9194811055073052,0.9373401790658539,0.9671818953418926,1.5596446241235813,1.1189492015455282,0.27287797199210956,0.803690554051412,0.7854095821344759,0.28541841213907265,0.7760648175339214,0.8278586022309035,1.0572954174116784,0.7142140672910856,0.8174887577498168,0.7909551436376948,0.37425257934484274,0.6378505945499675,0.25687131095974036,0.5710410166127753,0.7074541749179305,0.3152960004662349,nan,nan,nan,nan,nan,nan,nan,nan,nan,nan,nan,nan
189,8,BW08_slice_001_2026-04-14_20260414-000000_slice_lfp_rhythm.h5,512077.335,1776159000000.0,2026-04-14T17:30:00+08:00,5.9268210069444445,5,17.5,-0.9914448613738104,-0.13052619222005163,0,1,2,reversal_frequency_rule,76.9162368774414,2,learned,-0.10900447517633438,0,left_bias,13,12,12,1,0,1,0,1,1,0,0.1666666716337204,0.0,0.7749999761581421,0.05833333358168602,0.0,1.3852577870115903,1.4394706001221282,0.8555104132241649,0.773143262362121,1.0993740887106331,0.709446806148255,0.2970322927781234,0.3903039810174304,0.3086205463485129,0.4202235097981062,0.642443761984291,0.299453420328925,1.0918282600129554,1.3885544330351933,0.7689270514544494,0.6449849975029047,0.9596180099543679,0.6132927024979192,0.5639425684547232,0.6593654480228797,0.4008652917950684,0.44883748768651893,0.5092193367656385,0.40326518928774197,0.849094164496945,0.8845233974886688,0.9953965327230425,0.9194811055073052,0.9373401790658539,0.9671818953418926,1.5596446241235813,1.1189492015455282,0.27287797199210956,0.803690554051412,0.7854095821344759,0.28541841213907265,0.7760648175339214,0.8278586022309035,1.0572954174116784,0.7142140672910856,0.8174887577498168,0.7909551436376948,0.37425257934484274,0.6378505945499675,0.25687131095974036,0.5710410166127753,0.7074541749179305,0.3152960004662349,nan,nan,nan,nan,nan,nan,nan,nan,nan,nan,nan,nan
190,9,BW08_slice_001_2026-04-14_20260414-000000_slice_lfp_rhythm.h5,515677.335,1776162600000.0,2026-04-14T18:30:00+08:00,5.968487673611111,5,18.5,-0.9914448613738105,0.13052619222005127,1,1,2,reversal_frequency_rule,75.53681182861328,2,learned,-0.003860630327835679,1,neutral,133,116,116,1,0,1,0,1,0,0,0.5305555462837219,0.0,0.14166666567325592,0.0055555556900799274,0.3222222328186035,0.3591266960595895,0.4132111711181964,0.8976726028190558,0.3894752662211225,0.4297082171161631,0.7670208406852481,0.3680527832392445,0.36491317349666863,0.34907268300061023,0.31339968107822397,0.4126379158357915,0.5156187890883471,0.43677683129014333,0.5127101321299569,0.7799021632336219,0.34434621709516744,0.3850309636119739,0.637044960360929,0.3595405978627081,0.3407152627820791,0.4152495756944473,0.30364108204417595,0.40744754283355267,0.5185013346688929,0.830901434147998,0.8988745926357342,1.023396782693856,0.811914407846492,0.8846824187271767,0.7052148652520588,0.4737476324617293,0.7056947483903745,0.23005459136895406,0.5611918852245331,0.7203684115202865,0.2419286033282951,0.6345009298780937,0.7716271410464551,1.0606094037214346,0.5198983261319875,0.6519116655996553,0.6928834749611982,0.34145728802879083,0.5581259209300827,0.2538786591053025,0.46822046320094163,0.5702462051762539,0.36767865874916517,0.6607917885732281,0.8663166373388834,0.9668503988518435,0.6472341308648764,0.771391769475605,0.8928279539649685,0.6324882367117588,0.7892510493005119,0.8288415739845638,0.5123969624847852,0.8338211724862651,0.93712436775995
191,8,BW08_slice_001_2026-04-14_20260414-000000_slice_lfp_rhythm.h5,515677.335,1776162600000.0,2026-04-14T18:30:00+08:00,5.968487673611111,5,18.5,-0.9914448613738105,0.13052619222005127,1,1,2,reversal_frequency_rule,75.53681182861328,2,learned,-0.003860630327835679,1,neutral,133,116,116,1,0,1,0,1,0,0,0.5305555462837219,0.0,0.14166666567325592,0.0055555556900799274,0.3222222328186035,0.3591266960595895,0.4132111711181964,0.8976726028190558,0.3894752662211225,0.4297082171161631,0.7670208406852481,0.3680527832392445,0.36491317349666863,0.34907268300061023,0.31339968107822397,0.4126379158357915,0.5156187890883471,0.43677683129014333,0.5127101321299569,0.7799021632336219,0.34434621709516744,0.3850309636119739,0.637044960360929,0.3595405978627081,0.3407152627820791,0.4152495756944473,0.30364108204417595,0.40744754283355267,0.5185013346688929,0.830901434147998,0.8988745926357342,1.023396782693856,0.811914407846492,0.8846824187271767,0.7052148652520588,0.4737476324617293,0.7056947483903745,0.23005459136895406,0.5611918852245331,0.7203684115202865,0.2419286033282951,0.6345009298780937,0.7716271410464551,1.0606094037214346,0.5198983261319875,0.6519116655996553,0.6928834749611982,0.34145728802879083,0.5581259209300827,0.2538786591053025,0.46822046320094163,0.5702462051762539,0.36767865874916517,0.6607917885732281,0.8663166373388834,0.9668503988518435,0.6472341308648764,0.771391769475605,0.8928279539649685,0.6324882367117588,0.7892510493005119,0.8288415739845638,0.5123969624847852,0.8338211724862651,0.93712436775995
192,9,BW08_slice_001_2026-04-14_20260414-000000_slice_lfp_rhythm.h5,519277.335,1776166200000.0,2026-04-14T19:30:00+08:00,6.010154340277778,6,19.5,-0.923879532511287,0.38268343236508917,1,1,2,reversal_frequency_rule,74.98951721191406,2,learned,0.07462962716817856,1,neutral,3,2,2,2,0,1,0,1,0,0,0.6824512481689453,0.0,0.28969359397888184,0.002785515272989869,0.02506963722407818,0.937080394640342,1.0800504075748145,0.983768003875042,0.9843756687500269,0.8064517206628579,0.7639436981204025,1.6708184073117764,1.2729482215740986,1.03993387618131,0.8774763657495507,0.8684151833314543,1.3514026061235311,0.9135778280632509,1.0354367013669592,0.8645284540544499,0.9146059290575747,0.7361830887485997,0.6850939632286575,1.3400111932445449,1.037807554023516,0.6509836157426137,0.7496482212830583,0.7299080185590539,0.7352404863430763,1.180587409089617,1.387804752925682,1.2134129437650205,0.9381010898986805,1.0269089439487527,0.9309969724498665,1.5147137891010274,1.2251638610884883,1.8924801290729814,0.8452257434841992,1.0521781738585776,2.8408251895259355,3.715540840198268,3.047832586611348,1.55820122621284,2.488834936415669,2.272652055200011,1.0715409534091376,1.8015859263272194,1.5758958487258443,2.6681692460174347,1.79002474767535,2.4403110346884542,4.979500607003444,0.8079756470568484,0.7795182021613278,0.8268222462577474,0.5373940286381861,0.6814257615934419,0.6626161913113436,0.2427198860647747,0.5482075262076286,0.7310889815673868,0.5385672896117352,0.754194732148768,0.6990371994644006
193,8,BW08_slice_001_2026-04-14_20260414-000000_slice_lfp_rhythm.h5,519277.335,1776166200000.0,2026-04-14T19:30:00+08:00,6.010154340277778,6,19.5,-0.923879532511287,0.38268343236508917,1,1,2,reversal_frequency_rule,74.98951721191406,2,learned,0.07462962716817856,1,neutral,3,2,2,2,0,1,0,1,0,0,0.6824512481689453,0.0,0.28969359397888184,0.002785515272989869,0.02506963722407818,0.937080394640342,1.0800504075748145,0.983768003875042,0.9843756687500269,0.8064517206628579,0.7639436981204025,1.6708184073117764,1.2729482215740986,1.03993387618131,0.8774763657495507,0.8684151833314543,1.3514026061235311,0.9135778280632509,1.0354367013669592,0.8645284540544499,0.9146059290575747,0.7361830887485997,0.6850939632286575,1.3400111932445449,1.037807554023516,0.6509836157426137,0.7496482212830583,0.7299080185590539,0.7352404863430763,1.180587409089617,1.387804752925682,1.2134129437650205,0.9381010898986805,1.0269089439487527,0.9309969724498665,1.5147137891010274,1.2251638610884883,1.8924801290729814,0.8452257434841992,1.0521781738585776,2.8408251895259355,3.715540840198268,3.047832586611348,1.55820122621284,2.488834936415669,2.272652055200011,1.0715409534091376,1.8015859263272194,1.5758958487258443,2.6681692460174347,1.79002474767535,2.4403110346884542,4.979500607003444,0.8079756470568484,0.7795182021613278,0.8268222462577474,0.5373940286381861,0.6814257615934419,0.6626161913113436,0.2427198860647747,0.5482075262076286,0.7310889815673868,0.5385672896117352,0.754194732148768,0.6990371994644006
194,9,BW08_slice_001_2026-04-14_20260414-000000_slice_lfp_rhythm.h5,522877.335,1776169800000.0,2026-04-14T20:30:00+08:00,6.0518210069444445,6,20.5,-0.7933533402912357,0.6087614290087199,1,1,2,reversal_frequency_rule,76.84846496582031,2,learned,0.07969051599502563,1,neutral,95,88,88,1,0,1,0,1,0,0,0.6861110925674438,0.0055555556900799274,0.18333333730697632,0.0,0.125,0.7819801696506596,0.8605771803551917,0.9874818729791677,1.266273398309007,0.8113784730505545,0.8215476435688597,2.323503556031355,1.7055661016536674,0.7810643850057082,1.405164056305029,1.2233621858857342,0.7922255530841035,0.9543626173194381,1.0049145279932223,0.8645414220451182,1.3124901296678804,0.8673876750630246,0.7705374254306459,1.8707997068495192,1.4173749241971543,0.906805710201622,1.2761336885031442,1.2226282595172175,0.8635199805021885,1.3456971337064396,1.5071900122388862,1.2978731422151712,1.051761386881126,1.1728908568734586,0.7899377058728162,1.1300250244212329,1.2194241800695882,0.5933734729616968,0.9546907584997829,1.1566661307195363,0.5707397348070816,nan,nan,nan,nan,nan,nan,nan,nan,nan,nan,nan,nan,0.8388883403973463,0.9606480801651167,0.941168726261091,0.5818287642809233,0.5910273956609445,0.6630045036680156,1.1278970919901472,0.8512308503467617,0.8451039852129405,0.7353067998918341,0.9022023375401904,0.6956837736695253
195,8,BW08_slice_001_2026-04-14_20260414-000000_slice_lfp_rhythm.h5,522877.335,1776169800000.0,2026-04-14T20:30:00+08:00,6.0518210069444445,6,20.5,-0.7933533402912357,0.6087614290087199,1,1,2,reversal_frequency_rule,76.84846496582031,2,learned,0.07969051599502563,1,neutral,95,88,88,1,0,1,0,1,0,0,0.6861110925674438,0.0055555556900799274,0.18333333730697632,0.0,0.125,0.7819801696506596,0.8605771803551917,0.9874818729791677,1.266273398309007,0.8113784730505545,0.8215476435688597,2.323503556031355,1.7055661016536674,0.7810643850057082,1.405164056305029,1.2233621858857342,0.7922255530841035,0.9543626173194381,1.0049145279932223,0.8645414220451182,1.3124901296678804,0.8673876750630246,0.7705374254306459,1.8707997068495192,1.4173749241971543,0.906805710201622,1.2761336885031442,1.2226282595172175,0.8635199805021885,1.3456971337064396,1.5071900122388862,1.2978731422151712,1.051761386881126,1.1728908568734586,0.7899377058728162,1.1300250244212329,1.2194241800695882,0.5933734729616968,0.9546907584997829,1.1566661307195363,0.5707397348070816,nan,nan,nan,nan,nan,nan,nan,nan,nan,nan,nan,nan,0.8388883403973463,0.9606480801651167,0.941168726261091,0.5818287642809233,0.5910273956609445,0.6630045036680156,1.1278970919901472,0.8512308503467617,0.8451039852129405,0.7353067998918341,0.9022023375401904,0.6956837736695253
196,8,BW08_slice_001_2026-04-14_20260414-000000_slice_lfp_rhythm.h5,526477.335,1776173400000.0,2026-04-14T21:30:00+08:00,6.0934876736111105,6,21.5,-0.608761429008721,0.7933533402912349,1,1,2,reversal_frequency_rule,78.39672088623047,2,learned,0.14190489053726196,2,right_bias,56,52,52,1,0,1,0,1,0,1,0.7388888597488403,0.0,0.06388889253139496,0.0,0.19722221791744232,0.4287497819620531,0.5055666588889334,1.4381114144229143,1.200562223077008,0.8949866760774113,1.9668472614029122,1.5146522183792932,1.0716104930220685,1.1145277819902752,1.0656271367657089,0.7851984983486329,1.0636241626329064,0.83228923978124,0.8935301222522406,1.2126263282127079,1.0828153635209483,0.8135682433059639,1.2389349633893112,1.1255353259636975,0.8120881216727331,1.0332729841889787,0.9214413592863554,0.7600658525172902,1.0103571638318822,1.1477738510133804,1.4215977656550123,1.1936204246780775,1.005633731955317,1.1360177767203536,1.0139934176099141,1.3280909313281355,1.28542238970759,1.9989904934100131,0.7747466139659833,1.1157047443270092,1.5030985493672784,nan,nan,nan,nan,nan,nan,nan,nan,nan,nan,nan,nan,1.0061742264946114,1.2869604716747252,1.9203191511747486,2.187529967592193,2.6586590464391384,3.532528541849634,1.193134929647047,1.4693758902662712,3.036686303029034,0.7398671020907798,1.0864558867255465,1.7113835043274133
197,9,BW08_slice_001_2026-04-14_20260414-000000_slice_lfp_rhythm.h5,526477.335,1776173400000.0,2026-04-14T21:30:00+08:00,6.0934876736111105,6,21.5,-0.608761429008721,0.7933533402912349,1,1,2,reversal_frequency_rule,78.39672088623047,2,learned,0.14190489053726196,2,right_bias,56,52,52,1,0,1,0,1,0,1,0.7388888597488403,0.0,0.06388889253139496,0.0,0.19722221791744232,0.4287497819620531,0.5055666588889334,1.4381114144229143,1.200562223077008,0.8949866760774113,1.9668472614029122,1.5146522183792932,1.0716104930220685,1.1145277819902752,1.0656271367657089,0.7851984983486329,1.0636241626329064,0.83228923978124,0.8935301222522406,1.2126263282127079,1.0828153635209483,0.8135682433059639,1.2389349633893112,1.1255353259636975,0.8120881216727331,1.0332729841889787,0.9214413592863554,0.7600658525172902,1.0103571638318822,1.1477738510133804,1.4215977656550123,1.1936204246780775,1.005633731955317,1.1360177767203536,1.0139934176099141,1.3280909313281355,1.28542238970759,1.9989904934100131,0.7747466139659833,1.1157047443270092,1.5030985493672784,nan,nan,nan,nan,nan,nan,nan,nan,nan,nan,nan,nan,1.0061742264946114,1.2869604716747252,1.9203191511747486,2.187529967592193,2.6586590464391384,3.532528541849634,1.193134929647047,1.4693758902662712,3.036686303029034,0.7398671020907798,1.0864558867255465,1.7113835043274133
198,8,BW08_slice_001_2026-04-14_20260414-000000_slice_lfp_rhythm.h5,530077.335,1776177000000.0,2026-04-14T22:30:00+08:00,6.1351543402777775,6,22.5,-0.38268343236508956,0.9238795325112868,1,1,2,reversal_frequency_rule,78.39672088623047,2,learned,0.14190489053726196,2,right_bias,0,0,0,3,0,1,0,1,0,1,0.9777777791023254,0.0,0.02222222276031971,0.0,0.0,0.7327323427631451,0.6011396945958043,1.3477974848873426,3.7758742079287777,1.4786839724302177,1.3326228465210515,7.112040733421208,5.290091307756332,1.0501857978387572,3.7227062860468165,2.2209504737052357,0.9556325537424573,1.6051732445611433,1.2556806664833389,1.2072554842391368,3.313441256790526,1.7884778383669413,1.138408172337431,4.079760942634239,3.2092799259945712,1.0394706490762928,2.552563546806177,1.8673458738960897,0.899939500133335,1.7101980036922937,1.5016888725202269,1.5994216690631873,1.7434148969480026,1.434002710160744,1.3341064896703523,4.5272739039279495,2.0184413125196836,1.3612943527292554,1.5294050925772193,1.2923348228419989,0.79758426802078,nan,nan,nan,nan,nan,nan,nan,nan,nan,nan,nan,nan,nan,nan,nan,nan,nan,nan,nan,nan,nan,nan,nan,nan
199,9,BW08_slice_001_2026-04-14_20260414-000000_slice_lfp_rhythm.h5,530077.335,1776177000000.0,2026-04-14T22:30:00+08:00,6.1351543402777775,6,22.5,-0.38268343236508956,0.9238795325112868,1,1,2,reversal_frequency_rule,78.39672088623047,2,learned,0.14190489053726196,2,right_bias,0,0,0,3,0,1,0,1,0,1,0.9777777791023254,0.0,0.02222222276031971,0.0,0.0,0.7327323427631451,0.6011396945958043,1.3477974848873426,3.7758742079287777,1.4786839724302177,1.3326228465210515,7.112040733421208,5.290091307756332,1.0501857978387572,3.7227062860468165,2.2209504737052357,0.9556325537424573,1.6051732445611433,1.2556806664833389,1.2072554842391368,3.313441256790526,1.7884778383669413,1.138408172337431,4.079760942634239,3.2092799259945712,1.0394706490762928,2.552563546806177,1.8673458738960897,0.899939500133335,1.7101980036922937,1.5016888725202269,1.5994216690631873,1.7434148969480026,1.434002710160744,1.3341064896703523,4.5272739039279495,2.0184413125196836,1.3612943527292554,1.5294050925772193,1.2923348228419989,0.79758426802078,nan,nan,nan,nan,nan,nan,nan,nan,nan,nan,nan,nan,nan,nan,nan,nan,nan,nan,nan,nan,nan,nan,nan,nan
200,9,BW08_slice_001_2026-04-14_20260414-000000_slice_lfp_rhythm.h5,533677.335,1776180600000.0,2026-04-14T23:30:00+08:00,6.176821006944444,6,23.5,-0.13052619222005168,0.9914448613738104,1,1,2,reversal_frequency_rule,75.78932189941406,2,learned,0.17714959383010864,2,right_bias,1,0,0,2,0,1,0,1,0,1,0.7833333611488342,0.0,0.21666666865348816,0.0,0.0,1.099453631391242,1.019589231837972,1.0739676998691448,1.0139164863098842,0.8448926648999616,0.841375125609126,1.290683907727729,1.1569081895085642,0.6365156775846501,0.9148813290659717,0.8882762005669488,0.5636802853524525,0.7852651975450574,0.9412682173616419,0.9039550753803653,0.7468172092816837,0.7048171552589831,0.7738282527696915,0.8925063897025176,0.8291267894732318,0.7176484359737773,0.6536163476810437,0.6843589078673088,0.5614264356404192,1.9838922158537178,1.6958912969695648,1.5242781037617474,1.7020906700079224,1.3787545541459139,0.8278206087867542,2.0023972854337577,1.2826295104508456,0.3200517459346807,1.4521861464217098,1.299223301267124,0.45122029038062417,nan,nan,nan,nan,nan,nan,nan,nan,nan,nan,nan,nan,nan,nan,nan,nan,nan,nan,nan,nan,nan,nan,nan,nan
201,8,BW08_slice_001_2026-04-14_20260414-000000_slice_lfp_rhythm.h5,533677.335,1776180600000.0,2026-04-14T23:30:00+08:00,6.176821006944444,6,23.5,-0.13052619222005168,0.9914448613738104,1,1,2,reversal_frequency_rule,75.78932189941406,2,learned,0.17714959383010864,2,right_bias,1,0,0,2,0,1,0,1,0,1,0.7833333611488342,0.0,0.21666666865348816,0.0,0.0,1.099453631391242,1.019589231837972,1.0739676998691448,1.0139164863098842,0.8448926648999616,0.841375125609126,1.290683907727729,1.1569081895085642,0.6365156775846501,0.9148813290659717,0.8882762005669488,0.5636802853524525,0.7852651975450574,0.9412682173616419,0.9039550753803653,0.7468172092816837,0.7048171552589831,0.7738282527696915,0.8925063897025176,0.8291267894732318,0.7176484359737773,0.6536163476810437,0.6843589078673088,0.5614264356404192,1.9838922158537178,1.6958912969695648,1.5242781037617474,1.7020906700079224,1.3787545541459139,0.8278206087867542,2.0023972854337577,1.2826295104508456,0.3200517459346807,1.4521861464217098,1.299223301267124,0.45122029038062417,nan,nan,nan,nan,nan,nan,nan,nan,nan,nan,nan,nan,nan,nan,nan,nan,nan,nan,nan,nan,nan,nan,nan,nan
202,10,BW08_slice_001_2026-04-15_20260415-000000_slice_lfp_rhythm.h5,537277.335,1776184200000.0,2026-04-15T00:30:00+08:00,6.2184876736111105,6,0.5,0.13052619222005157,0.9914448613738104,1,1,2,reversal_frequency_rule,72.92315673828125,2,learned,0.16244538128376007,2,right_bias,4,4,4,2,0,1,0,1,0,1,0.9299719929695129,0.0,0.07002801448106766,0.0,0.0,0.46574006744232105,0.5034249996232676,1.142824506730842,1.4180464885442003,0.9066678929739579,1.4764848147649812,2.083873426934379,1.8142565685961856,0.7754874354142798,1.583206498925984,1.3264138922230542,0.6996052263141213,0.9754227605777466,0.9008761301660525,1.0310290708885168,1.2539619271770168,1.0112127187551554,1.2443735313105198,1.258130100753817,1.1535959169061332,0.8083355443530664,1.13478346902851,1.1468263885906993,0.6834118084121806,0.6154281928961837,1.0105711944878706,1.214066139760877,0.6019375119485216,0.7927974955217714,0.7340993140820827,0.5449881173684569,0.7175586784526787,0.2908397416731382,0.5272302284814537,0.7605513166393059,0.34931193876911154,nan,nan,nan,nan,nan,nan,nan,nan,nan,nan,nan,nan,nan,nan,nan,nan,nan,nan,nan,nan,nan,nan,nan,nan
203,11,BW08_slice_001_2026-04-15_20260415-000000_slice_lfp_rhythm.h5,537277.335,1776184200000.0,2026-04-15T00:30:00+08:00,6.2184876736111105,6,0.5,0.13052619222005157,0.9914448613738104,1,1,2,reversal_frequency_rule,72.92315673828125,2,learned,0.16244538128376007,2,right_bias,4,4,4,2,0,1,0,1,0,1,0.9299719929695129,0.0,0.07002801448106766,0.0,0.0,0.46574006744232105,0.5034249996232676,1.142824506730842,1.4180464885442003,0.9066678929739579,1.4764848147649812,2.083873426934379,1.8142565685961856,0.7754874354142798,1.583206498925984,1.3264138922230542,0.6996052263141213,0.9754227605777466,0.9008761301660525,1.0310290708885168,1.2539619271770168,1.0112127187551554,1.2443735313105198,1.258130100753817,1.1535959169061332,0.8083355443530664,1.13478346902851,1.1468263885906993,0.6834118084121806,0.6154281928961837,1.0105711944878706,1.214066139760877,0.6019375119485216,0.7927974955217714,0.7340993140820827,0.5449881173684569,0.7175586784526787,0.2908397416731382,0.5272302284814537,0.7605513166393059,0.34931193876911154,nan,nan,nan,nan,nan,nan,nan,nan,nan,nan,nan,nan,nan,nan,nan,nan,nan,nan,nan,nan,nan,nan,nan,nan
204,11,BW08_slice_001_2026-04-15_20260415-000000_slice_lfp_rhythm.h5,540877.335,1776187800000.0,2026-04-15T01:30:00+08:00,6.2601543402777775,6,1.5,0.3826834323650898,0.9238795325112867,1,1,2,reversal_frequency_rule,72.2138671875,2,learned,0.1617869734764099,2,right_bias,23,23,23,1,0,1,0,1,0,1,0.7749999761581421,0.0027777778450399637,0.21388888359069824,0.008333333767950535,0.0,0.8351871956807722,0.8649228525536395,1.5289897146604845,1.6158721997494592,1.0679206606346798,1.8767772648477388,2.3320963044905607,1.5550940567805402,0.8499219181004027,1.6608188635684276,1.2983033981273568,1.1272564998369654,1.2097401055067192,1.2684122985626631,1.4922968967419736,1.57009722458621,1.1800958019427892,1.7379340985647869,1.6669812379116542,1.1537890900445347,0.8479727976418836,1.3607672290342459,1.1990703557508846,1.0392033015775244,1.0284520433098012,1.035655413439567,1.2288820368028273,0.9846039407881548,0.9644939677490885,1.0542085386987061,1.3702117571613033,0.9932413096425972,0.8162041049779261,0.9075841809469628,0.9468495156011075,1.2853403093946005,1.1909237279723055,1.2752432854769336,1.119683756780748,0.8748629008154691,0.8768821242541901,0.7265483845307897,0.9721681047357498,0.8822213794550497,0.296969343536783,0.7961155683341471,1.0959753863439472,0.5400907437196248,nan,nan,nan,nan,nan,nan,nan,nan,nan,nan,nan,nan
205,10,BW08_slice_001_2026-04-15_20260415-000000_slice_lfp_rhythm.h5,540877.335,1776187800000.0,2026-04-15T01:30:00+08:00,6.2601543402777775,6,1.5,0.3826834323650898,0.9238795325112867,1,1,2,reversal_frequency_rule,72.2138671875,2,learned,0.1617869734764099,2,right_bias,23,23,23,1,0,1,0,1,0,1,0.7749999761581421,0.0027777778450399637,0.21388888359069824,0.008333333767950535,0.0,0.8351871956807722,0.8649228525536395,1.5289897146604845,1.6158721997494592,1.0679206606346798,1.8767772648477388,2.3320963044905607,1.5550940567805402,0.8499219181004027,1.6608188635684276,1.2983033981273568,1.1272564998369654,1.2097401055067192,1.2684122985626631,1.4922968967419736,1.57009722458621,1.1800958019427892,1.7379340985647869,1.6669812379116542,1.1537890900445347,0.8479727976418836,1.3607672290342459,1.1990703557508846,1.0392033015775244,1.0284520433098012,1.035655413439567,1.2288820368028273,0.9846039407881548,0.9644939677490885,1.0542085386987061,1.3702117571613033,0.9932413096425972,0.8162041049779261,0.9075841809469628,0.9468495156011075,1.2853403093946005,1.1909237279723055,1.2752432854769336,1.119683756780748,0.8748629008154691,0.8768821242541901,0.7265483845307897,0.9721681047357498,0.8822213794550497,0.296969343536783,0.7961155683341471,1.0959753863439472,0.5400907437196248,nan,nan,nan,nan,nan,nan,nan,nan,nan,nan,nan,nan
206,10,BW08_slice_001_2026-04-15_20260415-000000_slice_lfp_rhythm.h5,544477.335,1776191400000.0,2026-04-15T02:30:00+08:00,6.301821006944444,6,2.5,0.6087614290087207,0.7933533402912352,1,1,2,reversal_frequency_rule,72.2138671875,2,learned,0.1617869734764099,2,right_bias,0,0,0,3,0,1,0,1,0,1,0.7888888716697693,0.0027777778450399637,0.1527777761220932,0.008333333767950535,0.04722222313284874,0.45898676195707555,0.5510912522242966,1.0689852026058257,0.8555136250185797,0.6270421832180552,1.0694536205789678,1.2178156897897674,0.9080879273421084,0.5832623797439143,0.988982334784362,0.9460868160762649,0.7394231469833391,0.7339876875630603,0.8715564258067436,0.9950667369283162,0.8160132844413349,0.7213188409181398,0.989262797729932,0.8410995264556004,0.6510140284734665,0.615962240924764,0.7927214877860553,0.8802798362189117,0.7205045473692963,0.6887843087142858,0.8144081901353332,1.0928145917925556,0.6734650699489233,0.7043896859243052,0.7420860523745271,1.3929330937841857,0.8186398128913026,0.48858028917995905,0.6499587162156897,0.7329973192426342,0.7270236900145498,0.4040815207368504,0.6264604913371028,1.0323284118661136,0.5197222756922822,0.5175774459017378,0.6701742692508151,1.911245714909663,1.3805414303841075,0.22685479757480892,0.7158008417311278,0.7736814732608974,0.4203047199457118,0.9269205352129398,0.8403409045883347,0.8598408181901394,0.827148895999544,0.6089094682137007,0.609828592585637,2.612291028836151,1.8762724558655133,0.8603293689444607,1.1746056706992622,1.1186756188492013,0.6936332030979786
207,11,BW08_slice_001_2026-04-15_20260415-000000_slice_lfp_rhythm.h5,544477.335,1776191400000.0,2026-04-15T02:30:00+08:00,6.301821006944444,6,2.5,0.6087614290087207,0.7933533402912352,1,1,2,reversal_frequency_rule,72.2138671875,2,learned,0.1617869734764099,2,right_bias,0,0,0,3,0,1,0,1,0,1,0.7888888716697693,0.0027777778450399637,0.1527777761220932,0.008333333767950535,0.04722222313284874,0.45898676195707555,0.5510912522242966,1.0689852026058257,0.8555136250185797,0.6270421832180552,1.0694536205789678,1.2178156897897674,0.9080879273421084,0.5832623797439143,0.988982334784362,0.9460868160762649,0.7394231469833391,0.7339876875630603,0.8715564258067436,0.9950667369283162,0.8160132844413349,0.7213188409181398,0.989262797729932,0.8410995264556004,0.6510140284734665,0.615962240924764,0.7927214877860553,0.8802798362189117,0.7205045473692963,0.6887843087142858,0.8144081901353332,1.0928145917925556,0.6734650699489233,0.7043896859243052,0.7420860523745271,1.3929330937841857,0.8186398128913026,0.48858028917995905,0.6499587162156897,0.7329973192426342,0.7270236900145498,0.4040815207368504,0.6264604913371028,1.0323284118661136,0.5197222756922822,0.5175774459017378,0.6701742692508151,1.911245714909663,1.3805414303841075,0.22685479757480892,0.7158008417311278,0.7736814732608974,0.4203047199457118,0.9269205352129398,0.8403409045883347,0.8598408181901394,0.827148895999544,0.6089094682137007,0.609828592585637,2.612291028836151,1.8762724558655133,0.8603293689444607,1.1746056706992622,1.1186756188492013,0.6936332030979786
208,11,BW08_slice_001_2026-04-15_20260415-000000_slice_lfp_rhythm.h5,548077.335,1776195000000.0,2026-04-15T03:30:00+08:00,6.3434876736111105,6,3.5,0.7933533402912352,0.6087614290087207,1,1,2,reversal_frequency_rule,73.48207092285156,2,learned,0.2650962471961975,2,right_bias,3,2,2,2,0,1,0,1,0,1,0.675000011920929,0.0055555556900799274,0.3194444477558136,0.0,0.0,1.0197293754178909,0.9014954993583016,0.9531241803297466,1.0469969614160484,0.8716194854347631,1.0366923566934947,0.9919726822967483,0.6928205867875702,0.5545454284347072,0.8167393460408258,0.7880621280440785,0.5918954897442702,1.0062477840620023,0.9403555033161997,0.867977743087523,0.9026623226442596,0.7891571399746256,1.0180506388754396,0.7995640647871817,0.5512292887452697,0.6891117638581727,0.6607111203001595,0.6425746831778377,0.6729785283603517,1.1637129732588933,1.0174389040988083,1.073911712043719,1.1198615664662315,0.9781013399213111,0.7272850134356403,0.9162873672910976,0.89051359912943,0.25440199322748486,0.9752535815920362,0.9507967780475793,0.34468444643900487,nan,nan,nan,nan,nan,nan,nan,nan,nan,nan,nan,nan,nan,nan,nan,nan,nan,nan,nan,nan,nan,nan,nan,nan
209,10,BW08_slice_001_2026-04-15_20260415-000000_slice_lfp_rhythm.h5,548077.335,1776195000000.0,2026-04-15T03:30:00+08:00,6.3434876736111105,6,3.5,0.7933533402912352,0.6087614290087207,1,1,2,reversal_frequency_rule,73.48207092285156,2,learned,0.2650962471961975,2,right_bias,3,2,2,2,0,1,0,1,0,1,0.675000011920929,0.0055555556900799274,0.3194444477558136,0.0,0.0,1.0197293754178909,0.9014954993583016,0.9531241803297466,1.0469969614160484,0.8716194854347631,1.0366923566934947,0.9919726822967483,0.6928205867875702,0.5545454284347072,0.8167393460408258,0.7880621280440785,0.5918954897442702,1.0062477840620023,0.9403555033161997,0.867977743087523,0.9026623226442596,0.7891571399746256,1.0180506388754396,0.7995640647871817,0.5512292887452697,0.6891117638581727,0.6607111203001595,0.6425746831778377,0.6729785283603517,1.1637129732588933,1.0174389040988083,1.073911712043719,1.1198615664662315,0.9781013399213111,0.7272850134356403,0.9162873672910976,0.89051359912943,0.25440199322748486,0.9752535815920362,0.9507967780475793,0.34468444643900487,nan,nan,nan,nan,nan,nan,nan,nan,nan,nan,nan,nan,nan,nan,nan,nan,nan,nan,nan,nan,nan,nan,nan,nan
210,11,BW08_slice_001_2026-04-15_20260415-000000_slice_lfp_rhythm.h5,551677.335,1776198600000.0,2026-04-15T04:30:00+08:00,6.3851543402777775,6,4.5,0.9238795325112867,0.38268343236508984,1,1,2,reversal_frequency_rule,73.66387176513672,2,learned,0.42893704771995544,2,right_bias,103,101,101,1,0,1,0,1,0,1,0.7604456543922424,0.0,0.008356546051800251,0.0,0.2311977744102478,0.1957201923906339,0.21729224730371746,0.9298124984013768,0.6640291903270575,0.38697942271518615,1.1333147578513223,1.2887653412959283,0.7939656025058032,0.5829352760844558,0.9166961789379533,0.6624379196940176,0.710612588140024,0.5297524297633563,0.5516301211335517,0.8823678245709291,0.7224099918208582,0.5297489207182756,1.0566833741206254,0.9452975076771969,0.5919149685867343,0.6832087060923558,0.7854846662714312,0.672348724727263,0.756988952039789,0.14860549629919306,0.2672702517825063,0.9104828393445187,0.4051870484644045,0.32696129585734385,0.7124583073755418,4.654643035544081,1.6611232155519702,0.40384119408324926,0.6055566697719117,0.4734039777862518,0.5593913306065144,nan,nan,nan,nan,nan,nan,nan,nan,nan,nan,nan,nan,0.7777340800007949,0.7407012265701518,0.7756649028047561,0.4478052032286594,0.5498933627189252,0.6105242633603459,0.6004087488034203,1.137464535186136,0.7727324697110187,0.6936045633892873,0.9070526683454138,0.6535294646698433
211,10,BW08_slice_001_2026-04-15_20260415-000000_slice_lfp_rhythm.h5,551677.335,1776198600000.0,2026-04-15T04:30:00+08:00,6.3851543402777775,6,4.5,0.9238795325112867,0.38268343236508984,1,1,2,reversal_frequency_rule,73.66387176513672,2,learned,0.42893704771995544,2,right_bias,103,101,101,1,0,1,0,1,0,1,0.7604456543922424,0.0,0.008356546051800251,0.0,0.2311977744102478,0.1957201923906339,0.21729224730371746,0.9298124984013768,0.6640291903270575,0.38697942271518615,1.1333147578513223,1.2887653412959283,0.7939656025058032,0.5829352760844558,0.9166961789379533,0.6624379196940176,0.710612588140024,0.5297524297633563,0.5516301211335517,0.8823678245709291,0.7224099918208582,0.5297489207182756,1.0566833741206254,0.9452975076771969,0.5919149685867343,0.6832087060923558,0.7854846662714312,0.672348724727263,0.756988952039789,0.14860549629919306,0.2672702517825063,0.9104828393445187,0.4051870484644045,0.32696129585734385,0.7124583073755418,4.654643035544081,1.6611232155519702,0.40384119408324926,0.6055566697719117,0.4734039777862518,0.5593913306065144,nan,nan,nan,nan,nan,nan,nan,nan,nan,nan,nan,nan,0.7777340800007949,0.7407012265701518,0.7756649028047561,0.4478052032286594,0.5498933627189252,0.6105242633603459,0.6004087488034203,1.137464535186136,0.7727324697110187,0.6936045633892873,0.9070526683454138,0.6535294646698433
212,10,BW08_slice_001_2026-04-15_20260415-000000_slice_lfp_rhythm.h5,555277.335,1776202200000.0,2026-04-15T05:30:00+08:00,6.426821006944444,6,5.5,0.9914448613738104,0.1305261922200517,1,1,2,reversal_frequency_rule,69.22432708740234,1,intermediate,0.3394312560558319,2,right_bias,3,3,3,2,0,1,1,0,0,1,0.8027777671813965,0.0027777778450399637,0.1944444477558136,0.0,0.0,0.6729040948935757,0.7499880983386167,1.0144119005064167,0.942675175488497,0.806819709731336,1.151578860389952,1.3023364042234307,1.2159073653821846,0.5863723815708377,1.0408897198649025,1.1859235143995246,0.7277928799258241,0.8263933041244396,0.9359614975839837,0.9269474538251484,0.8032283101634653,0.7773294475498805,1.0405563853756863,0.8954233019771791,0.8632806733989424,0.6484672351627561,0.7937279906714542,1.0409521914302131,0.7542920659556508,1.0304572208644438,1.1324279690304562,1.0860389591089752,1.0619364425556883,1.0634189123944642,0.7003021623733443,1.0821099563459573,1.0933381336551542,0.30844008779654386,1.0089856276066496,1.078007186495195,0.4307141661810074,nan,nan,nan,nan,nan,nan,nan,nan,nan,nan,nan,nan,nan,nan,nan,nan,nan,nan,nan,nan,nan,nan,nan,nan
213,11,BW08_slice_001_2026-04-15_20260415-000000_slice_lfp_rhythm.h5,555277.335,1776202200000.0,2026-04-15T05:30:00+08:00,6.426821006944444,6,5.5,0.9914448613738104,0.1305261922200517,1,1,2,reversal_frequency_rule,69.22432708740234,1,intermediate,0.3394312560558319,2,right_bias,3,3,3,2,0,1,1,0,0,1,0.8027777671813965,0.0027777778450399637,0.1944444477558136,0.0,0.0,0.6729040948935757,0.7499880983386167,1.0144119005064167,0.942675175488497,0.806819709731336,1.151578860389952,1.3023364042234307,1.2159073653821846,0.5863723815708377,1.0408897198649025,1.1859235143995246,0.7277928799258241,0.8263933041244396,0.9359614975839837,0.9269474538251484,0.8032283101634653,0.7773294475498805,1.0405563853756863,0.8954233019771791,0.8632806733989424,0.6484672351627561,0.7937279906714542,1.0409521914302131,0.7542920659556508,1.0304572208644438,1.1324279690304562,1.0860389591089752,1.0619364425556883,1.0634189123944642,0.7003021623733443,1.0821099563459573,1.0933381336551542,0.30844008779654386,1.0089856276066496,1.078007186495195,0.4307141661810074,nan,nan,nan,nan,nan,nan,nan,nan,nan,nan,nan,nan,nan,nan,nan,nan,nan,nan,nan,nan,nan,nan,nan,nan
214,11,BW08_slice_001_2026-04-15_20260415-000000_slice_lfp_rhythm.h5,558877.335,1776205800000.0,2026-04-15T06:30:00+08:00,6.4684876736111105,6,6.5,0.9914448613738104,-0.1305261922200516,0,1,2,reversal_frequency_rule,69.22432708740234,1,intermediate,0.3394312560558319,2,right_bias,0,0,0,3,0,1,1,0,0,1,0.2083333283662796,0.0,0.75,0.0416666679084301,0.0,2.063281995359331,1.842221162104196,0.8662969683647844,0.9380906530541521,1.2620465318390093,0.7203700823029423,0.14207850009769687,0.23239931907279104,0.5960006779123342,0.47111418928992804,0.7880617459469366,0.3990855096044366,1.8109665501034764,1.9320315866601967,0.7677081258265271,0.441171666275868,0.9849358981166717,0.6882315861093967,0.20160104956401148,0.2042105030569703,0.6390029527337864,0.21965743412632877,0.3817099486151492,0.4991280914657878,1.2621397934529839,1.1239757702341826,1.0154705724800748,1.2139359426027945,1.1061892198770533,0.964608970152022,0.8765954733313533,0.910415653365536,0.5538610494683529,1.075650044899574,1.0281068510613254,0.38794973563757473,1.2923152614327447,1.3971173585761065,0.990955706273885,1.1576933325162744,1.2046718688101408,1.1489462254119496,0.8301550456527492,0.8973709106213125,0.47541420679759383,0.9315508410931285,1.1446627159128553,0.31791722808769224,nan,nan,nan,nan,nan,nan,nan,nan,nan,nan,nan,nan
215,10,BW08_slice_001_2026-04-15_20260415-000000_slice_lfp_rhythm.h5,558877.335,1776205800000.0,2026-04-15T06:30:00+08:00,6.4684876736111105,6,6.5,0.9914448613738104,-0.1305261922200516,0,1,2,reversal_frequency_rule,69.22432708740234,1,intermediate,0.3394312560558319,2,right_bias,0,0,0,3,0,1,1,0,0,1,0.2083333283662796,0.0,0.75,0.0416666679084301,0.0,2.063281995359331,1.842221162104196,0.8662969683647844,0.9380906530541521,1.2620465318390093,0.7203700823029423,0.14207850009769687,0.23239931907279104,0.5960006779123342,0.47111418928992804,0.7880617459469366,0.3990855096044366,1.8109665501034764,1.9320315866601967,0.7677081258265271,0.441171666275868,0.9849358981166717,0.6882315861093967,0.20160104956401148,0.2042105030569703,0.6390029527337864,0.21965743412632877,0.3817099486151492,0.4991280914657878,1.2621397934529839,1.1239757702341826,1.0154705724800748,1.2139359426027945,1.1061892198770533,0.964608970152022,0.8765954733313533,0.910415653365536,0.5538610494683529,1.075650044899574,1.0281068510613254,0.38794973563757473,1.2923152614327447,1.3971173585761065,0.990955706273885,1.1576933325162744,1.2046718688101408,1.1489462254119496,0.8301550456527492,0.8973709106213125,0.47541420679759383,0.9315508410931285,1.1446627159128553,0.31791722808769224,nan,nan,nan,nan,nan,nan,nan,nan,nan,nan,nan,nan
216,10,BW08_slice_001_2026-04-15_20260415-000000_slice_lfp_rhythm.h5,562477.335,1776209400000.0,2026-04-15T07:30:00+08:00,6.5101543402777775,6,7.5,0.9238795325112868,-0.3826834323650895,0,1,2,reversal_frequency_rule,69.22432708740234,1,intermediate,0.3394312560558319,2,right_bias,0,0,0,3,0,1,1,0,0,1,0.34166666865348816,0.0,0.5249999761581421,0.13333334028720856,0.0,1.0689136567223247,1.172265640724927,0.8376102438428141,0.7067909203339591,0.9541991009929508,0.9452931475815856,0.4345475441889074,0.5306714775782175,0.4792038384303948,0.5593487333287434,0.7839689574356389,0.5323325885208471,0.7747029581387818,0.8545413858022555,0.8156854996256581,0.6904197760174733,0.8792326360005515,1.0925368378577742,0.6505754217663814,0.7112037974771402,0.7791890693784808,0.668140338903969,0.8503395540074165,0.9660786707867596,0.8895436231261695,0.9672298827377348,0.9245865996581742,0.8545008652834251,0.9229170903705994,1.0210493779030627,0.6533292849355127,0.9299396952496928,0.3119476157966691,0.8013123785269786,0.8831904704891874,0.28673737199586685,0.5922715949969664,0.705433858949429,1.0212434671202222,0.5481195866944373,0.657177656111696,1.0436644653660319,0.39520847619491134,0.572671861220325,0.26172886262993894,0.5541922257086949,0.6198428793076306,0.3125986667097454,nan,nan,nan,nan,nan,nan,nan,nan,nan,nan,nan,nan
217,11,BW08_slice_001_2026-04-15_20260415-000000_slice_lfp_rhythm.h5,562477.335,1776209400000.0,2026-04-15T07:30:00+08:00,6.5101543402777775,6,7.5,0.9238795325112868,-0.3826834323650895,0,1,2,reversal_frequency_rule,69.22432708740234,1,intermediate,0.3394312560558319,2,right_bias,0,0,0,3,0,1,1,0,0,1,0.34166666865348816,0.0,0.5249999761581421,0.13333334028720856,0.0,1.0689136567223247,1.172265640724927,0.8376102438428141,0.7067909203339591,0.9541991009929508,0.9452931475815856,0.4345475441889074,0.5306714775782175,0.4792038384303948,0.5593487333287434,0.7839689574356389,0.5323325885208471,0.7747029581387818,0.8545413858022555,0.8156854996256581,0.6904197760174733,0.8792326360005515,1.0925368378577742,0.6505754217663814,0.7112037974771402,0.7791890693784808,0.668140338903969,0.8503395540074165,0.9660786707867596,0.8895436231261695,0.9672298827377348,0.9245865996581742,0.8545008652834251,0.9229170903705994,1.0210493779030627,0.6533292849355127,0.9299396952496928,0.3119476157966691,0.8013123785269786,0.8831904704891874,0.28673737199586685,0.5922715949969664,0.705433858949429,1.0212434671202222,0.5481195866944373,0.657177656111696,1.0436644653660319,0.39520847619491134,0.572671861220325,0.26172886262993894,0.5541922257086949,0.6198428793076306,0.3125986667097454,nan,nan,nan,nan,nan,nan,nan,nan,nan,nan,nan,nan
218,10,BW08_slice_001_2026-04-15_20260415-000000_slice_lfp_rhythm.h5,566077.335,1776213000000.0,2026-04-15T08:30:00+08:00,6.551821006944444,6,8.5,0.7933533402912352,-0.6087614290087207,0,1,2,reversal_frequency_rule,69.22432708740234,1,intermediate,0.3394312560558319,2,right_bias,0,0,0,3,0,1,1,0,0,1,0.8583333492279053,0.0,0.14166666567325592,0.0,0.0,0.5058927903029479,0.5546085172925393,0.8267130363785963,0.8429417579247338,0.6674603950485736,0.7543916247801573,1.2094192509341044,1.2067016177611014,0.6628974689979651,0.8124007091375102,0.7976729172811979,0.5872709720886738,0.5916735542333299,0.6367695073832995,0.7270369703658647,0.7419026894725788,0.7000142373541038,0.6557693828685206,0.7800384684446432,0.8119566365934985,0.687628903614311,0.5870766587893439,0.6523680277511387,0.5551191460666903,1.0567860932484083,1.1741214016218278,1.0707053532093715,0.9983389346186463,1.0722656010381126,1.2209152404832624,1.1329089829248749,1.0286136779140629,0.4779762548444232,0.9404783429231897,1.0291080756283921,0.5629415490730098,nan,nan,nan,nan,nan,nan,nan,nan,nan,nan,nan,nan,nan,nan,nan,nan,nan,nan,nan,nan,nan,nan,nan,nan
219,11,BW08_slice_001_2026-04-15_20260415-000000_slice_lfp_rhythm.h5,566077.335,1776213000000.0,2026-04-15T08:30:00+08:00,6.551821006944444,6,8.5,0.7933533402912352,-0.6087614290087207,0,1,2,reversal_frequency_rule,69.22432708740234,1,intermediate,0.3394312560558319,2,right_bias,0,0,0,3,0,1,1,0,0,1,0.8583333492279053,0.0,0.14166666567325592,0.0,0.0,0.5058927903029479,0.5546085172925393,0.8267130363785963,0.8429417579247338,0.6674603950485736,0.7543916247801573,1.2094192509341044,1.2067016177611014,0.6628974689979651,0.8124007091375102,0.7976729172811979,0.5872709720886738,0.5916735542333299,0.6367695073832995,0.7270369703658647,0.7419026894725788,0.7000142373541038,0.6557693828685206,0.7800384684446432,0.8119566365934985,0.687628903614311,0.5870766587893439,0.6523680277511387,0.5551191460666903,1.0567860932484083,1.1741214016218278,1.0707053532093715,0.9983389346186463,1.0722656010381126,1.2209152404832624,1.1329089829248749,1.0286136779140629,0.4779762548444232,0.9404783429231897,1.0291080756283921,0.5629415490730098,nan,nan,nan,nan,nan,nan,nan,nan,nan,nan,nan,nan,nan,nan,nan,nan,nan,nan,nan,nan,nan,nan,nan,nan
220,11,BW08_slice_001_2026-04-15_20260415-000000_slice_lfp_rhythm.h5,569677.335,1776216600000.0,2026-04-15T09:30:00+08:00,6.5934876736111105,6,9.5,0.6087614290087209,-0.793353340291235,0,1,2,reversal_frequency_rule,69.22432708740234,1,intermediate,0.3394312560558319,2,right_bias,0,0,0,3,0,1,1,0,0,1,0.16111111640930176,0.0027777778450399637,0.7749999761581421,0.06111111119389534,0.0,1.5379623272393068,1.6410124591816457,0.8131765444297149,0.7390680259586503,1.2137762150179092,0.8238939455056243,0.059378116380836524,0.1678644418144204,1.214278220372944,0.350371303502445,0.6617525766060234,0.3431082280615853,0.8003359145073183,1.2201843191191342,0.7667981396530625,0.19244839626226526,0.7526374769233124,0.8039755850693533,0.01920366380761459,0.0594050734719361,1.7905955978914327,0.07513551652794088,0.18410061273940057,0.36343568864439413,0.9527109277239368,1.0128292129804801,0.9349922330062269,0.9855111692856376,1.078797892187398,1.1504654672344523,0.63468645567689,0.8092411316382171,1.04019915268313,0.8459288398791333,0.8971718496958992,0.3481486189483205,1.0322055391196703,1.1394448919882445,1.0285692645727522,0.9561683016917967,1.216096900390963,1.126734043150693,0.5720522356986051,0.8146533158475897,1.0064573413833524,0.7420338357041031,0.9297878724232794,0.40743607104110974,nan,nan,nan,nan,nan,nan,nan,nan,nan,nan,nan,nan
221,10,BW08_slice_001_2026-04-15_20260415-000000_slice_lfp_rhythm.h5,569677.335,1776216600000.0,2026-04-15T09:30:00+08:00,6.5934876736111105,6,9.5,0.6087614290087209,-0.793353340291235,0,1,2,reversal_frequency_rule,69.22432708740234,1,intermediate,0.3394312560558319,2,right_bias,0,0,0,3,0,1,1,0,0,1,0.16111111640930176,0.0027777778450399637,0.7749999761581421,0.06111111119389534,0.0,1.5379623272393068,1.6410124591816457,0.8131765444297149,0.7390680259586503,1.2137762150179092,0.8238939455056243,0.059378116380836524,0.1678644418144204,1.214278220372944,0.350371303502445,0.6617525766060234,0.3431082280615853,0.8003359145073183,1.2201843191191342,0.7667981396530625,0.19244839626226526,0.7526374769233124,0.8039755850693533,0.01920366380761459,0.0594050734719361,1.7905955978914327,0.07513551652794088,0.18410061273940057,0.36343568864439413,0.9527109277239368,1.0128292129804801,0.9349922330062269,0.9855111692856376,1.078797892187398,1.1504654672344523,0.63468645567689,0.8092411316382171,1.04019915268313,0.8459288398791333,0.8971718496958992,0.3481486189483205,1.0322055391196703,1.1394448919882445,1.0285692645727522,0.9561683016917967,1.216096900390963,1.126734043150693,0.5720522356986051,0.8146533158475897,1.0064573413833524,0.7420338357041031,0.9297878724232794,0.40743607104110974,nan,nan,nan,nan,nan,nan,nan,nan,nan,nan,nan,nan
222,11,BW08_slice_001_2026-04-15_20260415-000000_slice_lfp_rhythm.h5,573277.335,1776220200000.0,2026-04-15T10:30:00+08:00,6.6351543402777775,6,10.5,0.3826834323650899,-0.9238795325112867,0,1,2,reversal_frequency_rule,70.46696472167969,2,learned,0.298003613948822,2,right_bias,45,42,42,1,0,1,0,1,0,1,0.470752090215683,0.0,0.40111419558525085,0.016713092103600502,0.11142061650753021,0.7916267798781014,0.8141585769219121,0.8005833014163415,0.6923119043611621,0.7794273068524356,0.9206238424370387,0.5610277773097726,0.5867574182652154,0.9744869634707856,0.5107740655418375,0.5844111488977622,0.5740434557353686,0.6712186684320843,0.6346611426406155,0.7386684720565432,0.6603914803629435,0.6545054281322013,0.904219634430293,0.6370602586213355,0.6405904452037333,0.8862695626123969,0.49524844938786367,0.5066099336864004,0.6916588077854186,0.8197881709055941,0.8608216176018052,0.9059678771778475,0.8709451043516435,0.9395361084555987,1.1757091977134084,0.5831641934022469,0.753486778514498,1.1779485393883533,0.7700285386344853,0.797411702585039,0.3565458869911759,0.9248568040752848,1.1244709906090586,0.9694796426189419,0.8764689223232337,1.0697030164826684,1.1465296659590123,0.7619574283759688,0.8514166772301192,1.309882027115527,0.8463607876148204,0.8278554102473978,0.42830203626708147,0.5673996580305612,0.7228295152576805,0.8011142850541997,0.40740043958946887,0.5335359021590489,0.5856509935993083,0.2545594557935952,0.5509755020687772,0.7770529429920927,0.41938078247962296,0.5960115833066637,1.1548502105150573
223,10,BW08_slice_001_2026-04-15_20260415-000000_slice_lfp_rhythm.h5,573277.335,1776220200000.0,2026-04-15T10:30:00+08:00,6.6351543402777775,6,10.5,0.3826834323650899,-0.9238795325112867,0,1,2,reversal_frequency_rule,70.46696472167969,2,learned,0.298003613948822,2,right_bias,45,42,42,1,0,1,0,1,0,1,0.470752090215683,0.0,0.40111419558525085,0.016713092103600502,0.11142061650753021,0.7916267798781014,0.8141585769219121,0.8005833014163415,0.6923119043611621,0.7794273068524356,0.9206238424370387,0.5610277773097726,0.5867574182652154,0.9744869634707856,0.5107740655418375,0.5844111488977622,0.5740434557353686,0.6712186684320843,0.6346611426406155,0.7386684720565432,0.6603914803629435,0.6545054281322013,0.904219634430293,0.6370602586213355,0.6405904452037333,0.8862695626123969,0.49524844938786367,0.5066099336864004,0.6916588077854186,0.8197881709055941,0.8608216176018052,0.9059678771778475,0.8709451043516435,0.9395361084555987,1.1757091977134084,0.5831641934022469,0.753486778514498,1.1779485393883533,0.7700285386344853,0.797411702585039,0.3565458869911759,0.9248568040752848,1.1244709906090586,0.9694796426189419,0.8764689223232337,1.0697030164826684,1.1465296659590123,0.7619574283759688,0.8514166772301192,1.309882027115527,0.8463607876148204,0.8278554102473978,0.42830203626708147,0.5673996580305612,0.7228295152576805,0.8011142850541997,0.40740043958946887,0.5335359021590489,0.5856509935993083,0.2545594557935952,0.5509755020687772,0.7770529429920927,0.41938078247962296,0.5960115833066637,1.1548502105150573
224,11,BW08_slice_001_2026-04-15_20260415-000000_slice_lfp_rhythm.h5,576877.335,1776223800000.0,2026-04-15T11:30:00+08:00,6.676821006944444,6,11.5,0.130526192220052,-0.9914448613738104,0,1,2,reversal_frequency_rule,70.46696472167969,2,learned,0.298003613948822,2,right_bias,0,0,0,3,0,1,0,1,0,1,0.3722222149372101,0.0027777778450399637,0.5888888835906982,0.03611111268401146,0.0,1.1097288056569614,1.2010463824417308,0.8053846913759111,0.8181645259456709,1.0946082037928744,0.7442285069402134,0.5634817576616963,0.5608277924922559,0.8005939909493696,0.5188141964246221,0.672237953140746,0.506963725285492,0.8444765188365769,1.03494634680406,0.71553377318892,0.753828375548771,0.8901140353273344,0.6465565606109839,0.7917028629904305,0.7179264716521099,0.659885616693981,0.5274486781836321,0.5132499346941167,0.5639332272881786,0.8322951500306882,0.8990101309783721,0.9483502612246131,0.9111737938191543,1.0710299788537665,1.0225272625758577,0.6065639846277998,0.7898288819118598,0.793823935534591,0.7603524968174117,0.8412035709170945,0.45704358555986596,0.8156399121658446,0.8039313775207131,0.904176762126507,0.8727963947415088,1.059366470902393,1.1507511809465134,0.5424165647000923,0.7632350615279728,1.3788969751653273,0.7891919869289126,0.8284173536197502,0.7342220473697507,nan,nan,nan,nan,nan,nan,nan,nan,nan,nan,nan,nan
225,10,BW08_slice_001_2026-04-15_20260415-000000_slice_lfp_rhythm.h5,576877.335,1776223800000.0,2026-04-15T11:30:00+08:00,6.676821006944444,6,11.5,0.130526192220052,-0.9914448613738104,0,1,2,reversal_frequency_rule,70.46696472167969,2,learned,0.298003613948822,2,right_bias,0,0,0,3,0,1,0,1,0,1,0.3722222149372101,0.0027777778450399637,0.5888888835906982,0.03611111268401146,0.0,1.1097288056569614,1.2010463824417308,0.8053846913759111,0.8181645259456709,1.0946082037928744,0.7442285069402134,0.5634817576616963,0.5608277924922559,0.8005939909493696,0.5188141964246221,0.672237953140746,0.506963725285492,0.8444765188365769,1.03494634680406,0.71553377318892,0.753828375548771,0.8901140353273344,0.6465565606109839,0.7917028629904305,0.7179264716521099,0.659885616693981,0.5274486781836321,0.5132499346941167,0.5639332272881786,0.8322951500306882,0.8990101309783721,0.9483502612246131,0.9111737938191543,1.0710299788537665,1.0225272625758577,0.6065639846277998,0.7898288819118598,0.793823935534591,0.7603524968174117,0.8412035709170945,0.45704358555986596,0.8156399121658446,0.8039313775207131,0.904176762126507,0.8727963947415088,1.059366470902393,1.1507511809465134,0.5424165647000923,0.7632350615279728,1.3788969751653273,0.7891919869289126,0.8284173536197502,0.7342220473697507,nan,nan,nan,nan,nan,nan,nan,nan,nan,nan,nan,nan
226,10,BW08_slice_001_2026-04-15_20260415-000000_slice_lfp_rhythm.h5,580477.335,1776227400000.0,2026-04-15T12:30:00+08:00,6.7184876736111105,6,12.5,-0.13052619222005177,-0.9914448613738104,0,1,2,reversal_frequency_rule,70.46696472167969,2,learned,0.298003613948822,2,right_bias,0,0,0,3,0,1,0,1,0,1,0.12222222238779068,0.008333333767950535,0.7083333134651184,0.16111111640930176,0.0,1.0350146115216454,1.2051535806547296,0.7744215547514869,0.5371422110370282,1.10630932507263,0.8557920478850537,0.04781393041516345,0.15125546566164688,1.7173374421097836,0.27057618769232605,0.5281477595539364,0.6898250593951061,0.7444318164805297,1.1239399631792422,0.7304860629142307,0.19502070624473847,0.8326831055634026,0.7693488108645973,0.013684703268708848,0.055674987113816285,1.4751220069753537,0.0701820311701176,0.18242852927284595,0.5113731406062212,0.6668942136061702,0.762460583853244,0.8907066501574721,0.7336145793917622,0.9966957673259865,1.201752989712826,0.52086917555141,0.7374128755202959,1.6874507671309367,0.6665685730742443,0.7351778786160725,0.7547019949087015,0.7240056905180617,0.8128627769912486,0.9720791719070326,0.7613378816601685,1.182192287407015,1.1316707244249327,0.6405619243163874,0.8070668985590108,1.4130952824757061,0.7213988369673819,0.7585981171809751,0.7297162864430128,nan,nan,nan,nan,nan,nan,nan,nan,nan,nan,nan,nan
227,11,BW08_slice_001_2026-04-15_20260415-000000_slice_lfp_rhythm.h5,580477.335,1776227400000.0,2026-04-15T12:30:00+08:00,6.7184876736111105,6,12.5,-0.13052619222005177,-0.9914448613738104,0,1,2,reversal_frequency_rule,70.46696472167969,2,learned,0.298003613948822,2,right_bias,0,0,0,3,0,1,0,1,0,1,0.12222222238779068,0.008333333767950535,0.7083333134651184,0.16111111640930176,0.0,1.0350146115216454,1.2051535806547296,0.7744215547514869,0.5371422110370282,1.10630932507263,0.8557920478850537,0.04781393041516345,0.15125546566164688,1.7173374421097836,0.27057618769232605,0.5281477595539364,0.6898250593951061,0.7444318164805297,1.1239399631792422,0.7304860629142307,0.19502070624473847,0.8326831055634026,0.7693488108645973,0.013684703268708848,0.055674987113816285,1.4751220069753537,0.0701820311701176,0.18242852927284595,0.5113731406062212,0.6668942136061702,0.762460583853244,0.8907066501574721,0.7336145793917622,0.9966957673259865,1.201752989712826,0.52086917555141,0.7374128755202959,1.6874507671309367,0.6665685730742443,0.7351778786160725,0.7547019949087015,0.7240056905180617,0.8128627769912486,0.9720791719070326,0.7613378816601685,1.182192287407015,1.1316707244249327,0.6405619243163874,0.8070668985590108,1.4130952824757061,0.7213988369673819,0.7585981171809751,0.7297162864430128,nan,nan,nan,nan,nan,nan,nan,nan,nan,nan,nan,nan
228,11,BW08_slice_001_2026-04-15_20260415-000000_slice_lfp_rhythm.h5,584077.335,1776231000000.0,2026-04-15T13:30:00+08:00,6.7601543402777775,6,13.5,-0.38268343236508967,-0.9238795325112868,0,1,2,reversal_frequency_rule,63.97968673706055,1,intermediate,0.3989350199699402,2,right_bias,3,3,3,2,0,1,1,0,0,1,0.5583333373069763,0.0,0.4277777671813965,0.013888888992369175,0.0,0.6469250216944966,0.8083738347333143,0.8340869101466283,0.7786487235423559,0.8855755644774201,0.86851045695761,1.0449863605690488,0.8142551252158714,0.8215926714147942,0.6539493860103003,0.6252848675575354,0.6969246406721,0.7017264198024157,0.797161343779415,0.795125536359823,0.8366007931122098,0.7720112735307171,0.8373083820749612,1.0232691636372235,0.78581597058393,0.904973014097566,0.6411069392537491,0.5603634806426733,0.8712339598613198,0.5664582813116051,0.7412232951357788,0.8957453598426958,0.6084643339214834,0.935974443807197,1.0181921574937456,0.5790567988058257,0.7457136386739986,0.6624109548117515,0.5658249753868915,0.6578270152974469,0.4124471656062841,1.082150845877952,1.0135894458279033,0.8428989621732536,1.1189950028669893,1.2626275494978472,0.9298491197964854,2.2149220291806575,1.4355713874608333,0.935980380141513,1.1776812306141256,1.0608643952791883,0.565219210355921,nan,nan,nan,nan,nan,nan,nan,nan,nan,nan,nan,nan
229,10,BW08_slice_001_2026-04-15_20260415-000000_slice_lfp_rhythm.h5,584077.335,1776231000000.0,2026-04-15T13:30:00+08:00,6.7601543402777775,6,13.5,-0.38268343236508967,-0.9238795325112868,0,1,2,reversal_frequency_rule,63.97968673706055,1,intermediate,0.3989350199699402,2,right_bias,3,3,3,2,0,1,1,0,0,1,0.5583333373069763,0.0,0.4277777671813965,0.013888888992369175,0.0,0.6469250216944966,0.8083738347333143,0.8340869101466283,0.7786487235423559,0.8855755644774201,0.86851045695761,1.0449863605690488,0.8142551252158714,0.8215926714147942,0.6539493860103003,0.6252848675575354,0.6969246406721,0.7017264198024157,0.797161343779415,0.795125536359823,0.8366007931122098,0.7720112735307171,0.8373083820749612,1.0232691636372235,0.78581597058393,0.904973014097566,0.6411069392537491,0.5603634806426733,0.8712339598613198,0.5664582813116051,0.7412232951357788,0.8957453598426958,0.6084643339214834,0.935974443807197,1.0181921574937456,0.5790567988058257,0.7457136386739986,0.6624109548117515,0.5658249753868915,0.6578270152974469,0.4124471656062841,1.082150845877952,1.0135894458279033,0.8428989621732536,1.1189950028669893,1.2626275494978472,0.9298491197964854,2.2149220291806575,1.4355713874608333,0.935980380141513,1.1776812306141256,1.0608643952791883,0.565219210355921,nan,nan,nan,nan,nan,nan,nan,nan,nan,nan,nan,nan
230,11,BW08_slice_001_2026-04-15_20260415-000000_slice_lfp_rhythm.h5,587677.335,1776234600000.0,2026-04-15T14:30:00+08:00,6.801821006944444,6,14.5,-0.6087614290087207,-0.7933533402912352,0,1,2,reversal_frequency_rule,63.97968673706055,1,intermediate,0.3989350199699402,2,right_bias,0,0,0,3,0,1,1,0,0,1,0.2527777850627899,0.0,0.6861110925674438,0.06111111119389534,0.0,0.9293924101431568,1.0988863974727545,0.7406976645791095,0.6980083080196513,1.095752903413481,0.8579770626110359,0.44408202687068277,0.4111101667996633,0.7000432176647289,0.4010357544377718,0.5801222786633908,0.46250918340013475,1.2793414568357557,1.5601946118738774,0.7391940686480254,0.8420779490248079,1.194103415691974,0.801739710132319,0.8420538364713561,0.6426700980144513,0.6335370218748051,0.5095687267491958,0.5010521881130071,0.7424901629532714,0.5688527018229085,0.6739000649089575,0.8240976688925169,0.6991644547958957,0.896026895915122,1.2043697244498472,0.8822321858260089,0.8283861575133878,0.6601070491427314,0.5958084028456575,0.6849731461630771,0.3606764993559452,0.8798232849702842,0.9325965093818536,0.9424184354841112,0.9515482649691046,1.2112919732830332,1.2381492070800737,0.5543587718789853,0.9135311665447532,0.8720337301201724,0.7201911673032653,0.8901011628033372,0.4647753202422467,nan,nan,nan,nan,nan,nan,nan,nan,nan,nan,nan,nan
231,10,BW08_slice_001_2026-04-15_20260415-000000_slice_lfp_rhythm.h5,587677.335,1776234600000.0,2026-04-15T14:30:00+08:00,6.801821006944444,6,14.5,-0.6087614290087207,-0.7933533402912352,0,1,2,reversal_frequency_rule,63.97968673706055,1,intermediate,0.3989350199699402,2,right_bias,0,0,0,3,0,1,1,0,0,1,0.2527777850627899,0.0,0.6861110925674438,0.06111111119389534,0.0,0.9293924101431568,1.0988863974727545,0.7406976645791095,0.6980083080196513,1.095752903413481,0.8579770626110359,0.44408202687068277,0.4111101667996633,0.7000432176647289,0.4010357544377718,0.5801222786633908,0.46250918340013475,1.2793414568357557,1.5601946118738774,0.7391940686480254,0.8420779490248079,1.194103415691974,0.801739710132319,0.8420538364713561,0.6426700980144513,0.6335370218748051,0.5095687267491958,0.5010521881130071,0.7424901629532714,0.5688527018229085,0.6739000649089575,0.8240976688925169,0.6991644547958957,0.896026895915122,1.2043697244498472,0.8822321858260089,0.8283861575133878,0.6601070491427314,0.5958084028456575,0.6849731461630771,0.3606764993559452,0.8798232849702842,0.9325965093818536,0.9424184354841112,0.9515482649691046,1.2112919732830332,1.2381492070800737,0.5543587718789853,0.9135311665447532,0.8720337301201724,0.7201911673032653,0.8901011628033372,0.4647753202422467,nan,nan,nan,nan,nan,nan,nan,nan,nan,nan,nan,nan
232,11,BW08_slice_001_2026-04-15_20260415-000000_slice_lfp_rhythm.h5,591277.335,1776238200000.0,2026-04-15T15:30:00+08:00,6.8434876736111105,6,15.5,-0.7933533402912349,-0.6087614290087209,0,1,2,reversal_frequency_rule,63.97968673706055,1,intermediate,0.3989350199699402,2,right_bias,0,0,0,3,0,1,1,0,0,1,0.26944443583488464,0.0,0.5888888835906982,0.14166666567325592,0.0,0.6863242057279176,0.9457239919296999,0.6553916662623471,0.41476001150327196,0.8576267466779489,0.7926182700208099,0.14351431212150573,0.2422617812264476,0.3116697789431061,0.2363873446826922,0.4504231615301681,0.3443228476260665,0.6406033671926261,0.7863895781967414,0.6256910098793961,0.3042677937012665,0.6149232617174264,0.7560788619760278,0.24083356031477843,0.3088686640640158,0.41840197994395967,0.21277028038454163,0.29985488031938407,0.5955144160441835,0.4831242126800723,0.6756903763951579,0.7363685987099777,0.5474485140157012,0.832907462938894,1.1002447420783072,0.3976143617455122,0.6480391119312203,0.25074407324965925,0.4670140356086181,0.61554926554395,0.24598526534201823,0.7295235202380959,0.8027087886756034,0.8306600343712512,0.6875868606140569,0.9184014631403428,1.1037783690517362,0.46479152636982574,0.7146684015188927,0.269289649939308,0.6227786490884369,0.7455240495810286,0.283542016588326,nan,nan,nan,nan,nan,nan,nan,nan,nan,nan,nan,nan
233,10,BW08_slice_001_2026-04-15_20260415-000000_slice_lfp_rhythm.h5,591277.335,1776238200000.0,2026-04-15T15:30:00+08:00,6.8434876736111105,6,15.5,-0.7933533402912349,-0.6087614290087209,0,1,2,reversal_frequency_rule,63.97968673706055,1,intermediate,0.3989350199699402,2,right_bias,0,0,0,3,0,1,1,0,0,1,0.26944443583488464,0.0,0.5888888835906982,0.14166666567325592,0.0,0.6863242057279176,0.9457239919296999,0.6553916662623471,0.41476001150327196,0.8576267466779489,0.7926182700208099,0.14351431212150573,0.2422617812264476,0.3116697789431061,0.2363873446826922,0.4504231615301681,0.3443228476260665,0.6406033671926261,0.7863895781967414,0.6256910098793961,0.3042677937012665,0.6149232617174264,0.7560788619760278,0.24083356031477843,0.3088686640640158,0.41840197994395967,0.21277028038454163,0.29985488031938407,0.5955144160441835,0.4831242126800723,0.6756903763951579,0.7363685987099777,0.5474485140157012,0.832907462938894,1.1002447420783072,0.3976143617455122,0.6480391119312203,0.25074407324965925,0.4670140356086181,0.61554926554395,0.24598526534201823,0.7295235202380959,0.8027087886756034,0.8306600343712512,0.6875868606140569,0.9184014631403428,1.1037783690517362,0.46479152636982574,0.7146684015188927,0.269289649939308,0.6227786490884369,0.7455240495810286,0.283542016588326,nan,nan,nan,nan,nan,nan,nan,nan,nan,nan,nan,nan
234,11,BW08_slice_001_2026-04-15_20260415-000000_slice_lfp_rhythm.h5,594877.335,1776241800000.0,2026-04-15T16:30:00+08:00,6.8851543402777775,6,16.5,-0.9238795325112868,-0.3826834323650895,0,1,2,reversal_frequency_rule,62.44703674316406,1,intermediate,0.40492990612983704,2,right_bias,8,8,8,2,0,1,1,0,0,1,0.09166666865348816,0.0,0.7444444298744202,0.16388888657093048,0.0,0.825573633497819,1.2219743460975023,0.649737288674828,0.46768669247094713,1.0611632755778417,0.7654663055626977,0.035169615252569474,0.13981055773640577,0.2723765885629839,0.21076100093179026,0.5127159384398116,0.26919021896738476,0.8930287410505287,1.2921785070850413,0.5473292082274639,0.23096050294022752,0.7659705723491875,0.6564974739964655,0.02148163398793777,0.07328392345578268,0.29714205463394183,0.09467868322203922,0.24243705862132559,0.3200402913607536,0.5036703555978497,0.7550248792683597,0.7631018355622662,0.6098792353175498,0.9298068364736359,1.114455459004675,0.364419261145652,0.6600670210101014,0.25147538334305697,0.4934888502446157,0.6889049489439817,0.2777087184475944,0.6318359335293576,0.7338290234415002,0.8011521686658519,0.7035307955565085,0.9287317568271147,1.1009781182217557,0.3813032718324859,0.6572132840439273,0.2577292442525699,0.5702498546771477,0.6983634804032085,0.2866267591444929,nan,nan,nan,nan,nan,nan,nan,nan,nan,nan,nan,nan
235,10,BW08_slice_001_2026-04-15_20260415-000000_slice_lfp_rhythm.h5,594877.335,1776241800000.0,2026-04-15T16:30:00+08:00,6.8851543402777775,6,16.5,-0.9238795325112868,-0.3826834323650895,0,1,2,reversal_frequency_rule,62.44703674316406,1,intermediate,0.40492990612983704,2,right_bias,8,8,8,2,0,1,1,0,0,1,0.09166666865348816,0.0,0.7444444298744202,0.16388888657093048,0.0,0.825573633497819,1.2219743460975023,0.649737288674828,0.46768669247094713,1.0611632755778417,0.7654663055626977,0.035169615252569474,0.13981055773640577,0.2723765885629839,0.21076100093179026,0.5127159384398116,0.26919021896738476,0.8930287410505287,1.2921785070850413,0.5473292082274639,0.23096050294022752,0.7659705723491875,0.6564974739964655,0.02148163398793777,0.07328392345578268,0.29714205463394183,0.09467868322203922,0.24243705862132559,0.3200402913607536,0.5036703555978497,0.7550248792683597,0.7631018355622662,0.6098792353175498,0.9298068364736359,1.114455459004675,0.364419261145652,0.6600670210101014,0.25147538334305697,0.4934888502446157,0.6889049489439817,0.2777087184475944,0.6318359335293576,0.7338290234415002,0.8011521686658519,0.7035307955565085,0.9287317568271147,1.1009781182217557,0.3813032718324859,0.6572132840439273,0.2577292442525699,0.5702498546771477,0.6983634804032085,0.2866267591444929,nan,nan,nan,nan,nan,nan,nan,nan,nan,nan,nan,nan
236,11,BW08_slice_001_2026-04-15_20260415-000000_slice_lfp_rhythm.h5,598477.335,1776245400000.0,2026-04-15T17:30:00+08:00,6.926821006944444,6,17.5,-0.9914448613738104,-0.13052619222005163,0,1,2,reversal_frequency_rule,72.29609680175781,2,learned,0.3053397536277771,2,right_bias,71,67,67,1,0,1,0,1,0,1,0.4735375940799713,0.0,0.28133705258369446,0.038997214287519455,0.20612813532352448,0.4749782711298267,0.7367915781014017,0.7427038774475193,0.40671497806572926,0.6123259380529088,0.6579291289618528,0.3365346896343374,0.3815089577956636,0.40950197889889867,0.3556773194277311,0.4608424400398922,0.5968719083771462,0.565390050734731,0.7395585543875246,0.6636061398485231,0.38058441161414414,0.507555115334646,0.6009244665037956,0.3848990470072906,0.4113217072426374,0.5885708845575625,0.36003338289560327,0.4257548110054297,0.728334902928332,0.5883711524526346,0.9540635858080748,0.8559169891500409,0.6337091360644355,0.9330645725117325,0.6769031980551158,0.6387248837411391,0.7621337553064639,0.2426451175580595,0.606201382694706,0.7433438472837272,0.3372209282382083,0.7480380239665524,1.1533067770359904,0.8748550315159265,0.7250357586597406,1.0909555777255304,0.920209337605998,0.4922088631644538,0.6879969600430651,0.2545508580027807,0.6736955704908416,0.8211494007576269,0.30837846340950575,0.5507863064289662,0.6468869681372752,0.7737333581188713,0.44723506144344677,0.5786097970965554,0.7269414455253002,0.18727013004489962,0.4090043615536677,0.7427695593910331,0.36822194309756445,0.5347816206674462,1.0059066878296692
237,10,BW08_slice_001_2026-04-15_20260415-000000_slice_lfp_rhythm.h5,598477.335,1776245400000.0,2026-04-15T17:30:00+08:00,6.926821006944444,6,17.5,-0.9914448613738104,-0.13052619222005163,0,1,2,reversal_frequency_rule,72.29609680175781,2,learned,0.3053397536277771,2,right_bias,71,67,67,1,0,1,0,1,0,1,0.4735375940799713,0.0,0.28133705258369446,0.038997214287519455,0.20612813532352448,0.4749782711298267,0.7367915781014017,0.7427038774475193,0.40671497806572926,0.6123259380529088,0.6579291289618528,0.3365346896343374,0.3815089577956636,0.40950197889889867,0.3556773194277311,0.4608424400398922,0.5968719083771462,0.565390050734731,0.7395585543875246,0.6636061398485231,0.38058441161414414,0.507555115334646,0.6009244665037956,0.3848990470072906,0.4113217072426374,0.5885708845575625,0.36003338289560327,0.4257548110054297,0.728334902928332,0.5883711524526346,0.9540635858080748,0.8559169891500409,0.6337091360644355,0.9330645725117325,0.6769031980551158,0.6387248837411391,0.7621337553064639,0.2426451175580595,0.606201382694706,0.7433438472837272,0.3372209282382083,0.7480380239665524,1.1533067770359904,0.8748550315159265,0.7250357586597406,1.0909555777255304,0.920209337605998,0.4922088631644538,0.6879969600430651,0.2545508580027807,0.6736955704908416,0.8211494007576269,0.30837846340950575,0.5507863064289662,0.6468869681372752,0.7737333581188713,0.44723506144344677,0.5786097970965554,0.7269414455253002,0.18727013004489962,0.4090043615536677,0.7427695593910331,0.36822194309756445,0.5347816206674462,1.0059066878296692
238,11,BW08_slice_001_2026-04-15_20260415-000000_slice_lfp_rhythm.h5,602077.335,1776249000000.0,2026-04-15T18:30:00+08:00,6.9684876736111105,6,18.5,-0.9914448613738105,0.13052619222005127,1,1,2,reversal_frequency_rule,76.21656799316406,2,learned,0.6155145764350891,2,right_bias,24,22,22,1,0,1,0,1,0,1,0.8527777791023254,0.0,0.0833333358168602,0.02222222276031971,0.0416666679084301,0.32992283375089476,0.41877899164427984,0.7996729412163811,0.911712362953967,0.7122734945118618,1.0683797625240847,1.417885951995812,1.0796377754257325,0.6821794632876635,0.970358239932961,0.8193823067080714,0.850073350332215,0.6707220601508447,0.6620783954362713,0.7208906667482873,0.8399644295481932,0.7580885694603853,0.908364448948067,0.924884026775762,0.7351758842004543,0.7274377654627115,0.7444667090694946,0.7394476826173678,0.8098364077485098,0.4470235078097412,0.8380148417036595,0.8129504709757309,0.4572802098287145,0.8351748070536154,0.6609530815378939,0.3271135646120301,0.6059606882965836,0.4266262759470677,0.4306949106995652,0.622960017921771,0.8636566937747601,1.0772657017739704,1.777687075299116,0.8706682642903762,0.9389220986401977,1.3661285941108388,0.6286707201380658,0.7943152080411835,0.9531954018457865,0.3500603258737342,0.8781181293210952,1.147859620396816,0.7766853265026228,0.7356962341618878,0.7210138579384183,0.9726582514775135,1.0602989628120651,0.9489381623421167,1.1187882459335163,2.1777197781826296,1.5591102878149976,0.9556120180810975,0.8932869112674545,0.8681862547465551,1.0642268281985559
239,10,BW08_slice_001_2026-04-15_20260415-000000_slice_lfp_rhythm.h5,602077.335,1776249000000.0,2026-04-15T18:30:00+08:00,6.9684876736111105,6,18.5,-0.9914448613738105,0.13052619222005127,1,1,2,reversal_frequency_rule,76.21656799316406,2,learned,0.6155145764350891,2,right_bias,24,22,22,1,0,1,0,1,0,1,0.8527777791023254,0.0,0.0833333358168602,0.02222222276031971,0.0416666679084301,0.32992283375089476,0.41877899164427984,0.7996729412163811,0.911712362953967,0.7122734945118618,1.0683797625240847,1.417885951995812,1.0796377754257325,0.6821794632876635,0.970358239932961,0.8193823067080714,0.850073350332215,0.6707220601508447,0.6620783954362713,0.7208906667482873,0.8399644295481932,0.7580885694603853,0.908364448948067,0.924884026775762,0.7351758842004543,0.7274377654627115,0.7444667090694946,0.7394476826173678,0.8098364077485098,0.4470235078097412,0.8380148417036595,0.8129504709757309,0.4572802098287145,0.8351748070536154,0.6609530815378939,0.3271135646120301,0.6059606882965836,0.4266262759470677,0.4306949106995652,0.622960017921771,0.8636566937747601,1.0772657017739704,1.777687075299116,0.8706682642903762,0.9389220986401977,1.3661285941108388,0.6286707201380658,0.7943152080411835,0.9531954018457865,0.3500603258737342,0.8781181293210952,1.147859620396816,0.7766853265026228,0.7356962341618878,0.7210138579384183,0.9726582514775135,1.0602989628120651,0.9489381623421167,1.1187882459335163,2.1777197781826296,1.5591102878149976,0.9556120180810975,0.8932869112674545,0.8681862547465551,1.0642268281985559
240,11,BW08_slice_001_2026-04-15_20260415-000000_slice_lfp_rhythm.h5,605677.335,1776252600000.0,2026-04-15T19:30:00+08:00,7.0101543402777775,7,19.5,-0.923879532511287,0.38268343236508917,1,1,2,reversal_frequency_rule,70.30058288574219,2,learned,0.6674706339836121,2,right_bias,28,28,28,1,0,1,0,1,0,1,0.7250000238418579,0.0,0.21666666865348816,0.0,0.05833333358168602,0.6132831977267827,0.7352394818070065,0.7724980022384202,0.9129094837182178,0.8196442408878148,0.9831624158644218,1.3403432066541692,1.2645453088293575,1.353990079583045,0.9460066396290671,0.8855207279343141,2.3225270065460957,0.7094297115731708,0.8039577483051212,0.6697297167349797,0.8321679896339168,0.8000315211265834,0.8566813942846246,0.9974514182178966,0.9795733318413449,0.9497449775209394,0.76499967070181,0.7714611871992013,1.1892864588814984,0.8989431977023186,1.11806732175329,1.0097689709209312,1.0021956388286817,1.0723216379865959,1.0289640630092163,2.6882175868294973,1.5250400991481012,2.7553328067124916,1.1653596487202995,1.0917513164068067,6.39702421021,nan,nan,nan,nan,nan,nan,nan,nan,nan,nan,nan,nan,0.7258287360223332,0.7759601259930191,0.7285152360939081,0.6622719642359857,0.7553795448885153,0.8915321565703819,1.0079971266136256,0.8126538977272519,0.834880045240185,0.6107922991113917,0.7448479696180423,0.7478608282496325
241,10,BW08_slice_001_2026-04-15_20260415-000000_slice_lfp_rhythm.h5,605677.335,1776252600000.0,2026-04-15T19:30:00+08:00,7.0101543402777775,7,19.5,-0.923879532511287,0.38268343236508917,1,1,2,reversal_frequency_rule,70.30058288574219,2,learned,0.6674706339836121,2,right_bias,28,28,28,1,0,1,0,1,0,1,0.7250000238418579,0.0,0.21666666865348816,0.0,0.05833333358168602,0.6132831977267827,0.7352394818070065,0.7724980022384202,0.9129094837182178,0.8196442408878148,0.9831624158644218,1.3403432066541692,1.2645453088293575,1.353990079583045,0.9460066396290671,0.8855207279343141,2.3225270065460957,0.7094297115731708,0.8039577483051212,0.6697297167349797,0.8321679896339168,0.8000315211265834,0.8566813942846246,0.9974514182178966,0.9795733318413449,0.9497449775209394,0.76499967070181,0.7714611871992013,1.1892864588814984,0.8989431977023186,1.11806732175329,1.0097689709209312,1.0021956388286817,1.0723216379865959,1.0289640630092163,2.6882175868294973,1.5250400991481012,2.7553328067124916,1.1653596487202995,1.0917513164068067,6.39702421021,nan,nan,nan,nan,nan,nan,nan,nan,nan,nan,nan,nan,0.7258287360223332,0.7759601259930191,0.7285152360939081,0.6622719642359857,0.7553795448885153,0.8915321565703819,1.0079971266136256,0.8126538977272519,0.834880045240185,0.6107922991113917,0.7448479696180423,0.7478608282496325
242,10,BW08_slice_001_2026-04-15_20260415-000000_slice_lfp_rhythm.h5,609277.335,1776256200000.0,2026-04-15T20:30:00+08:00,7.051821006944444,7,20.5,-0.7933533402912357,0.6087614290087199,1,1,2,reversal_frequency_rule,71.2558364868164,2,learned,0.37795495986938477,2,right_bias,94,90,90,1,0,1,0,1,0,1,0.48055556416511536,0.0027777778450399637,0.31388887763023376,0.0055555556900799274,0.19722221791744232,0.7712997362778126,0.9690230401513845,0.7990935878681885,0.5893467298946101,0.7319908768280611,0.7611549121774169,0.5515430772325736,0.45868070550572126,0.703468196121623,0.47491837029485956,0.5934679383011513,0.524604461806735,0.6291844865998467,0.861116406622349,0.7076624648328431,0.5645027551335403,0.6190313339379107,0.7885909108964473,0.6104387014905855,0.4795549826535441,1.1439615247739465,0.45022673182874895,0.4949635234585508,0.6537422338591597,0.9672421475553096,1.2110387335750232,0.9831172134650009,0.8841369831644101,1.0621135981632863,0.7645040146452623,1.0865763159818538,0.9215263878642507,0.3414306368945744,0.8676877959817794,0.9854807779430869,0.3408337502702077,2.6564246255273503,2.9469679583573405,1.0751306677056107,2.0168712550866563,2.116709153493906,0.7231279674852806,0.7772353849585287,1.0777600427352723,0.4465019353527927,1.5507059675564001,1.9828879710998712,0.4161463818183308,0.7383436117115244,0.7653581391176414,0.755871953741747,0.4425529911709239,0.520518058327413,0.6369540312035676,0.5217834474057528,0.4942720377732873,0.7254606149788165,0.5575774530436156,0.7092947463230361,0.722626729082709
243,11,BW08_slice_001_2026-04-15_20260415-000000_slice_lfp_rhythm.h5,609277.335,1776256200000.0,2026-04-15T20:30:00+08:00,7.051821006944444,7,20.5,-0.7933533402912357,0.6087614290087199,1,1,2,reversal_frequency_rule,71.2558364868164,2,learned,0.37795495986938477,2,right_bias,94,90,90,1,0,1,0,1,0,1,0.48055556416511536,0.0027777778450399637,0.31388887763023376,0.0055555556900799274,0.19722221791744232,0.7712997362778126,0.9690230401513845,0.7990935878681885,0.5893467298946101,0.7319908768280611,0.7611549121774169,0.5515430772325736,0.45868070550572126,0.703468196121623,0.47491837029485956,0.5934679383011513,0.524604461806735,0.6291844865998467,0.861116406622349,0.7076624648328431,0.5645027551335403,0.6190313339379107,0.7885909108964473,0.6104387014905855,0.4795549826535441,1.1439615247739465,0.45022673182874895,0.4949635234585508,0.6537422338591597,0.9672421475553096,1.2110387335750232,0.9831172134650009,0.8841369831644101,1.0621135981632863,0.7645040146452623,1.0865763159818538,0.9215263878642507,0.3414306368945744,0.8676877959817794,0.9854807779430869,0.3408337502702077,2.6564246255273503,2.9469679583573405,1.0751306677056107,2.0168712550866563,2.116709153493906,0.7231279674852806,0.7772353849585287,1.0777600427352723,0.4465019353527927,1.5507059675564001,1.9828879710998712,0.4161463818183308,0.7383436117115244,0.7653581391176414,0.755871953741747,0.4425529911709239,0.520518058327413,0.6369540312035676,0.5217834474057528,0.4942720377732873,0.7254606149788165,0.5575774530436156,0.7092947463230361,0.722626729082709
244,10,BW08_slice_001_2026-04-15_20260415-000000_slice_lfp_rhythm.h5,612877.335,1776259800000.0,2026-04-15T21:30:00+08:00,7.0934876736111105,7,21.5,-0.608761429008721,0.7933533402912349,1,1,2,reversal_frequency_rule,71.2558364868164,2,learned,0.37795495986938477,2,right_bias,0,0,0,3,0,1,0,1,0,1,0.7722222208976746,0.0,0.22777777910232544,0.0,0.0,0.9005402191847218,0.8795051377990897,1.1502943425205943,1.6594301780096181,1.2488535482083185,1.6555374827327176,2.397034679684156,2.0528244821988286,0.9454538544978573,1.857646915554021,1.5451981048505614,1.0967790544686047,0.9925382856240527,0.93764444635711,1.090429607093902,1.5127238544859976,1.2455949339139103,1.5325123037702646,1.7205897580456064,1.5349448178847576,0.9863267670728335,1.5002403593720899,1.3996754347505644,0.9738070597914069,1.2991533406643732,1.3024222742566138,1.0761719573028181,1.2491699908253266,1.256595087008212,0.7747004027222478,1.2835181472972041,1.090890115234997,0.7515620981220045,1.2518229712541693,1.2494712213565065,1.3410534547496606,nan,nan,nan,nan,nan,nan,nan,nan,nan,nan,nan,nan,nan,nan,nan,nan,nan,nan,nan,nan,nan,nan,nan,nan
245,11,BW08_slice_001_2026-04-15_20260415-000000_slice_lfp_rhythm.h5,612877.335,1776259800000.0,2026-04-15T21:30:00+08:00,7.0934876736111105,7,21.5,-0.608761429008721,0.7933533402912349,1,1,2,reversal_frequency_rule,71.2558364868164,2,learned,0.37795495986938477,2,right_bias,0,0,0,3,0,1,0,1,0,1,0.7722222208976746,0.0,0.22777777910232544,0.0,0.0,0.9005402191847218,0.8795051377990897,1.1502943425205943,1.6594301780096181,1.2488535482083185,1.6555374827327176,2.397034679684156,2.0528244821988286,0.9454538544978573,1.857646915554021,1.5451981048505614,1.0967790544686047,0.9925382856240527,0.93764444635711,1.090429607093902,1.5127238544859976,1.2455949339139103,1.5325123037702646,1.7205897580456064,1.5349448178847576,0.9863267670728335,1.5002403593720899,1.3996754347505644,0.9738070597914069,1.2991533406643732,1.3024222742566138,1.0761719573028181,1.2491699908253266,1.256595087008212,0.7747004027222478,1.2835181472972041,1.090890115234997,0.7515620981220045,1.2518229712541693,1.2494712213565065,1.3410534547496606,nan,nan,nan,nan,nan,nan,nan,nan,nan,nan,nan,nan,nan,nan,nan,nan,nan,nan,nan,nan,nan,nan,nan,nan
246,10,BW08_slice_001_2026-04-15_20260415-000000_slice_lfp_rhythm.h5,616477.335,1776263400000.0,2026-04-15T22:30:00+08:00,7.1351543402777775,7,22.5,-0.38268343236508956,0.9238795325112868,1,1,2,reversal_frequency_rule,71.2558364868164,2,learned,0.37795495986938477,2,right_bias,0,0,0,3,0,1,0,1,0,1,0.5444444417953491,0.0,0.4555555582046509,0.0,0.0,1.190777045521006,1.2042993025109257,0.9814176286606453,1.467849153929383,1.332156731037265,1.2660099184659128,1.9849558231801514,1.496542279157611,1.3376938308375232,1.2711622390802102,1.1172149127094586,1.2157660095698786,1.0835925316009443,1.0971652309769364,0.9384810406367907,1.6308560929205027,1.3994135373818983,1.2494341765399974,1.9812790899398056,1.5112849204287762,1.1380494097737244,1.3008888620570878,1.0922695248486844,1.01078754426234,1.0577294975898366,1.091127276780612,1.050526614979566,1.0487938839412807,1.1254862480087138,1.3437450702263651,1.3421134073058238,1.0695944073346326,1.4805793148398247,0.9847195781802097,1.0137318602058916,1.4294783632389396,nan,nan,nan,nan,nan,nan,nan,nan,nan,nan,nan,nan,nan,nan,nan,nan,nan,nan,nan,nan,nan,nan,nan,nan
247,11,BW08_slice_001_2026-04-15_20260415-000000_slice_lfp_rhythm.h5,616477.335,1776263400000.0,2026-04-15T22:30:00+08:00,7.1351543402777775,7,22.5,-0.38268343236508956,0.9238795325112868,1,1,2,reversal_frequency_rule,71.2558364868164,2,learned,0.37795495986938477,2,right_bias,0,0,0,3,0,1,0,1,0,1,0.5444444417953491,0.0,0.4555555582046509,0.0,0.0,1.190777045521006,1.2042993025109257,0.9814176286606453,1.467849153929383,1.332156731037265,1.2660099184659128,1.9849558231801514,1.496542279157611,1.3376938308375232,1.2711622390802102,1.1172149127094586,1.2157660095698786,1.0835925316009443,1.0971652309769364,0.9384810406367907,1.6308560929205027,1.3994135373818983,1.2494341765399974,1.9812790899398056,1.5112849204287762,1.1380494097737244,1.3008888620570878,1.0922695248486844,1.01078754426234,1.0577294975898366,1.091127276780612,1.050526614979566,1.0487938839412807,1.1254862480087138,1.3437450702263651,1.3421134073058238,1.0695944073346326,1.4805793148398247,0.9847195781802097,1.0137318602058916,1.4294783632389396,nan,nan,nan,nan,nan,nan,nan,nan,nan,nan,nan,nan,nan,nan,nan,nan,nan,nan,nan,nan,nan,nan,nan,nan
248,11,BW08_slice_001_2026-04-15_20260415-000000_slice_lfp_rhythm.h5,620077.335,1776267000000.0,2026-04-15T23:30:00+08:00,7.176821006944444,7,23.5,-0.13052619222005168,0.9914448613738104,1,1,2,reversal_frequency_rule,67.84092712402344,1,intermediate,0.12054837495088577,2,right_bias,1,1,1,2,0,1,1,0,0,1,0.3888888955116272,0.0,0.574999988079071,0.03611111268401146,0.0,1.2312135257291383,1.2749988187710364,1.0474264171960697,1.2907031677344578,1.5176898481200418,1.7832586658989724,0.8248778057051671,0.7696772684738955,1.5847033363833236,0.8093811857516876,0.9092435708687492,0.7480946401624884,1.0221046516941343,1.1435379698254688,1.3031239095560807,1.504544046016463,1.7478516931494068,2.262184618917656,1.0600405146241942,0.9534861852824301,1.5197864247185229,0.9155786290547852,0.8563633467878805,0.9295219211464926,0.9244089083133692,0.9445888226251176,0.9181146861023548,1.0876482784554664,1.1256316276884182,1.662307369066468,1.4861954183443782,1.0690764853516594,1.5082403556242974,0.970223023597522,0.9845781334259017,0.6318828141322584,1.1955861517401052,1.6060465061832694,0.973623965953242,1.2516150608570467,1.5248295476315716,1.472851726819328,0.6284835040954576,0.9044586629401492,1.7175647564655185,1.0559957978824526,1.3516934053951815,0.48624131763158135,nan,nan,nan,nan,nan,nan,nan,nan,nan,nan,nan,nan
249,10,BW08_slice_001_2026-04-15_20260415-000000_slice_lfp_rhythm.h5,620077.335,1776267000000.0,2026-04-15T23:30:00+08:00,7.176821006944444,7,23.5,-0.13052619222005168,0.9914448613738104,1,1,2,reversal_frequency_rule,67.84092712402344,1,intermediate,0.12054837495088577,2,right_bias,1,1,1,2,0,1,1,0,0,1,0.3888888955116272,0.0,0.574999988079071,0.03611111268401146,0.0,1.2312135257291383,1.2749988187710364,1.0474264171960697,1.2907031677344578,1.5176898481200418,1.7832586658989724,0.8248778057051671,0.7696772684738955,1.5847033363833236,0.8093811857516876,0.9092435708687492,0.7480946401624884,1.0221046516941343,1.1435379698254688,1.3031239095560807,1.504544046016463,1.7478516931494068,2.262184618917656,1.0600405146241942,0.9534861852824301,1.5197864247185229,0.9155786290547852,0.8563633467878805,0.9295219211464926,0.9244089083133692,0.9445888226251176,0.9181146861023548,1.0876482784554664,1.1256316276884182,1.662307369066468,1.4861954183443782,1.0690764853516594,1.5082403556242974,0.970223023597522,0.9845781334259017,0.6318828141322584,1.1955861517401052,1.6060465061832694,0.973623965953242,1.2516150608570467,1.5248295476315716,1.472851726819328,0.6284835040954576,0.9044586629401492,1.7175647564655185,1.0559957978824526,1.3516934053951815,0.48624131763158135,nan,nan,nan,nan,nan,nan,nan,nan,nan,nan,nan,nan
250,12,BW08_slice_001_2026-04-16_20260416-000000_slice_lfp_rhythm.h5,623677.335,1776270600000.0,2026-04-16T00:30:00+08:00,7.2184876736111105,7,0.5,0.13052619222005157,0.9914448613738104,1,1,2,reversal_frequency_rule,67.84092712402344,1,intermediate,0.12054837495088577,2,right_bias,0,0,0,3,0,1,1,0,0,1,0.6638176441192627,0.005698005668818951,0.31908831000328064,0.011396011337637901,0.0,0.8350299325725161,0.761376526751006,0.9852643682563835,1.246541503826937,1.3051280346101388,1.4726171559241603,1.6928579085158675,1.3925705449890324,1.0720395167873866,1.0625613531173081,0.9021333950056815,1.444703695750265,1.1147479145928374,1.0263267712855724,0.9935230875744664,1.2203008505533512,1.3955712696234845,1.385452215367253,1.4037592899512503,1.1809299285251469,1.0911029910532484,0.9112355613396309,0.7857799671093079,1.1130620881267619,0.8093835138258924,0.7334847755205097,0.8781691994088804,1.0314206867581521,1.116472791308913,1.5059821262829887,1.6099066410233616,1.1855123364823072,1.0135168002705155,1.0920408957880046,0.9788978763632862,2.0522974628914903,0.7620733029985968,0.5522907368746642,0.8821581982855415,0.7498837253674749,0.6999939596509458,1.2945514412303514,0.3997929300606151,0.5915556236866412,0.28428451231079743,0.7587803604248315,0.6383862687251917,1.405870269686875,nan,nan,nan,nan,nan,nan,nan,nan,nan,nan,nan,nan
251,13,BW08_slice_001_2026-04-16_20260416-000000_slice_lfp_rhythm.h5,623677.335,1776270600000.0,2026-04-16T00:30:00+08:00,7.2184876736111105,7,0.5,0.13052619222005157,0.9914448613738104,1,1,2,reversal_frequency_rule,67.84092712402344,1,intermediate,0.12054837495088577,2,right_bias,0,0,0,3,0,1,1,0,0,1,0.6638176441192627,0.005698005668818951,0.31908831000328064,0.011396011337637901,0.0,0.8350299325725161,0.761376526751006,0.9852643682563835,1.246541503826937,1.3051280346101388,1.4726171559241603,1.6928579085158675,1.3925705449890324,1.0720395167873866,1.0625613531173081,0.9021333950056815,1.444703695750265,1.1147479145928374,1.0263267712855724,0.9935230875744664,1.2203008505533512,1.3955712696234845,1.385452215367253,1.4037592899512503,1.1809299285251469,1.0911029910532484,0.9112355613396309,0.7857799671093079,1.1130620881267619,0.8093835138258924,0.7334847755205097,0.8781691994088804,1.0314206867581521,1.116472791308913,1.5059821262829887,1.6099066410233616,1.1855123364823072,1.0135168002705155,1.0920408957880046,0.9788978763632862,2.0522974628914903,0.7620733029985968,0.5522907368746642,0.8821581982855415,0.7498837253674749,0.6999939596509458,1.2945514412303514,0.3997929300606151,0.5915556236866412,0.28428451231079743,0.7587803604248315,0.6383862687251917,1.405870269686875,nan,nan,nan,nan,nan,nan,nan,nan,nan,nan,nan,nan
252,12,BW08_slice_001_2026-04-16_20260416-000000_slice_lfp_rhythm.h5,627277.335,1776274200000.0,2026-04-16T01:30:00+08:00,7.2601543402777775,7,1.5,0.3826834323650898,0.9238795325112867,1,1,2,reversal_frequency_rule,67.84092712402344,1,intermediate,0.12054837495088577,2,right_bias,0,0,0,3,0,1,1,0,0,1,1.0,0.0,0.0,0.0,0.0,0.2751495800360051,0.22264853424802028,0.8911911100755515,1.3884307500932012,0.9678702236852511,1.670931993020849,1.9408733536941873,1.9537655776993632,1.004485347822586,1.5630696817058636,1.2131374889873343,0.9214973051758544,0.6570102940951724,0.5090919568478055,0.79862643537596,1.1757283235839715,1.0544724438141604,1.2908701728997904,1.0896763673373087,1.1618808800751708,1.000724080484058,1.0511679610592706,1.0069306333378707,0.863614831492946,nan,nan,nan,nan,nan,nan,nan,nan,nan,nan,nan,nan,nan,nan,nan,nan,nan,nan,nan,nan,nan,nan,nan,nan,nan,nan,nan,nan,nan,nan,nan,nan,nan,nan,nan,nan
253,13,BW08_slice_001_2026-04-16_20260416-000000_slice_lfp_rhythm.h5,627277.335,1776274200000.0,2026-04-16T01:30:00+08:00,7.2601543402777775,7,1.5,0.3826834323650898,0.9238795325112867,1,1,2,reversal_frequency_rule,67.84092712402344,1,intermediate,0.12054837495088577,2,right_bias,0,0,0,3,0,1,1,0,0,1,1.0,0.0,0.0,0.0,0.0,0.2751495800360051,0.22264853424802028,0.8911911100755515,1.3884307500932012,0.9678702236852511,1.670931993020849,1.9408733536941873,1.9537655776993632,1.004485347822586,1.5630696817058636,1.2131374889873343,0.9214973051758544,0.6570102940951724,0.5090919568478055,0.79862643537596,1.1757283235839715,1.0544724438141604,1.2908701728997904,1.0896763673373087,1.1618808800751708,1.000724080484058,1.0511679610592706,1.0069306333378707,0.863614831492946,nan,nan,nan,nan,nan,nan,nan,nan,nan,nan,nan,nan,nan,nan,nan,nan,nan,nan,nan,nan,nan,nan,nan,nan,nan,nan,nan,nan,nan,nan,nan,nan,nan,nan,nan,nan
254,13,BW08_slice_001_2026-04-16_20260416-000000_slice_lfp_rhythm.h5,630877.335,1776277800000.0,2026-04-16T02:30:00+08:00,7.301821006944444,7,2.5,0.6087614290087207,0.7933533402912352,1,1,2,reversal_frequency_rule,67.84092712402344,1,intermediate,0.12054837495088577,2,right_bias,0,0,0,3,0,1,1,0,0,1,0.6527777910232544,0.0,0.3444444537162781,0.0027777778450399637,0.0,1.2509417431045808,0.8615425928054261,1.172374158587505,1.8202810020209392,1.7646470303824966,1.7845471892453295,1.8862300105592678,2.1323110748181717,1.02154605810181,1.6354148415272824,1.6063922505425552,1.3338950324001315,1.2660823720665835,1.0318260967680288,1.2068103808826616,1.6970352918113107,2.0363910611747325,1.8585446127150138,1.564298983574907,1.8435734175525957,1.0876237926002408,1.4005431191873294,1.5462034432100051,1.1390670027793053,1.3400205261454354,0.86479844958733,0.98369114140511,1.5605896317355834,1.1871779025271314,0.8031191502845819,1.8644191332342577,1.3656053918355375,0.8367900594431166,1.60795448147001,1.2882876446944296,1.6286953115959248,0.560572382877901,0.7638033731352659,0.9529590623184447,0.6883015284525585,0.92211689067386,0.633185646410425,1.376868714092053,1.429153024493629,0.45279571062783336,0.924513512836222,1.0419888834801077,0.5148974987726329,nan,nan,nan,nan,nan,nan,nan,nan,nan,nan,nan,nan
255,12,BW08_slice_001_2026-04-16_20260416-000000_slice_lfp_rhythm.h5,630877.335,1776277800000.0,2026-04-16T02:30:00+08:00,7.301821006944444,7,2.5,0.6087614290087207,0.7933533402912352,1,1,2,reversal_frequency_rule,67.84092712402344,1,intermediate,0.12054837495088577,2,right_bias,0,0,0,3,0,1,1,0,0,1,0.6527777910232544,0.0,0.3444444537162781,0.0027777778450399637,0.0,1.2509417431045808,0.8615425928054261,1.172374158587505,1.8202810020209392,1.7646470303824966,1.7845471892453295,1.8862300105592678,2.1323110748181717,1.02154605810181,1.6354148415272824,1.6063922505425552,1.3338950324001315,1.2660823720665835,1.0318260967680288,1.2068103808826616,1.6970352918113107,2.0363910611747325,1.8585446127150138,1.564298983574907,1.8435734175525957,1.0876237926002408,1.4005431191873294,1.5462034432100051,1.1390670027793053,1.3400205261454354,0.86479844958733,0.98369114140511,1.5605896317355834,1.1871779025271314,0.8031191502845819,1.8644191332342577,1.3656053918355375,0.8367900594431166,1.60795448147001,1.2882876446944296,1.6286953115959248,0.560572382877901,0.7638033731352659,0.9529590623184447,0.6883015284525585,0.92211689067386,0.633185646410425,1.376868714092053,1.429153024493629,0.45279571062783336,0.924513512836222,1.0419888834801077,0.5148974987726329,nan,nan,nan,nan,nan,nan,nan,nan,nan,nan,nan,nan
256,13,BW08_slice_001_2026-04-16_20260416-000000_slice_lfp_rhythm.h5,634477.335,1776281400000.0,2026-04-16T03:30:00+08:00,7.3434876736111105,7,3.5,0.7933533402912352,0.6087614290087207,1,1,2,reversal_frequency_rule,67.84092712402344,1,intermediate,0.12054837495088577,2,right_bias,0,0,0,3,0,1,1,0,0,1,0.6916666626930237,0.0027777778450399637,0.2944444417953491,0.011111111380159855,0.0,1.089598368075034,0.9079169399419926,0.9972045871539376,1.4794450837568733,1.230227468205563,1.3870023606276227,2.1833379310074177,1.9042984825398321,0.8557214010433503,1.4910284254923223,1.2581998532122167,0.796916602303735,1.1035655789230594,0.9290828970690229,0.9334292223326414,1.4261040014397635,1.302595595922415,1.330283529028913,1.7442081054718102,1.5743708622059027,1.0223560456678575,1.2808827600412134,1.1553513428291484,0.9303127981145484,1.3025528990953676,1.0832052644378816,1.0238066461709434,1.2212214834418291,1.1669506585210294,1.0335639135557848,1.1007132853451076,1.0304507761085955,0.4571171197952343,1.179581780617023,1.1145755492695433,0.37906774213561456,1.6406179936419385,1.4925232315367336,1.6855690727016077,1.2767967614239124,1.4057295924786857,1.2565614001284686,0.8633031109264653,1.0566354973045349,0.2413866457391755,1.133661134202456,1.763065352983,0.34825535947782066,nan,nan,nan,nan,nan,nan,nan,nan,nan,nan,nan,nan
257,12,BW08_slice_001_2026-04-16_20260416-000000_slice_lfp_rhythm.h5,634477.335,1776281400000.0,2026-04-16T03:30:00+08:00,7.3434876736111105,7,3.5,0.7933533402912352,0.6087614290087207,1,1,2,reversal_frequency_rule,67.84092712402344,1,intermediate,0.12054837495088577,2,right_bias,0,0,0,3,0,1,1,0,0,1,0.6916666626930237,0.0027777778450399637,0.2944444417953491,0.011111111380159855,0.0,1.089598368075034,0.9079169399419926,0.9972045871539376,1.4794450837568733,1.230227468205563,1.3870023606276227,2.1833379310074177,1.9042984825398321,0.8557214010433503,1.4910284254923223,1.2581998532122167,0.796916602303735,1.1035655789230594,0.9290828970690229,0.9334292223326414,1.4261040014397635,1.302595595922415,1.330283529028913,1.7442081054718102,1.5743708622059027,1.0223560456678575,1.2808827600412134,1.1553513428291484,0.9303127981145484,1.3025528990953676,1.0832052644378816,1.0238066461709434,1.2212214834418291,1.1669506585210294,1.0335639135557848,1.1007132853451076,1.0304507761085955,0.4571171197952343,1.179581780617023,1.1145755492695433,0.37906774213561456,1.6406179936419385,1.4925232315367336,1.6855690727016077,1.2767967614239124,1.4057295924786857,1.2565614001284686,0.8633031109264653,1.0566354973045349,0.2413866457391755,1.133661134202456,1.763065352983,0.34825535947782066,nan,nan,nan,nan,nan,nan,nan,nan,nan,nan,nan,nan
258,13,BW08_slice_001_2026-04-16_20260416-000000_slice_lfp_rhythm.h5,638077.335,1776285000000.0,2026-04-16T04:30:00+08:00,7.3851543402777775,7,4.5,0.9238795325112867,0.38268343236508984,1,1,2,reversal_frequency_rule,67.84092712402344,1,intermediate,0.12054837495088577,2,right_bias,0,0,0,3,0,1,1,0,0,1,0.7416666746139526,0.0027777778450399637,0.24722221493721008,0.008333333767950535,0.0,0.7141821877814671,0.7572585523765399,0.8371059498977493,1.0093174441303627,0.9647852561868242,1.3382707931474869,1.392653010074002,1.160342986175299,0.7491820877597004,0.9903127910390394,0.9671012804800374,0.6747254484238109,0.7503580734257347,0.8270723137959826,0.7576169987445802,0.9135435813793279,0.9419307442464282,1.23459545549575,1.039992366417492,0.8925474172174331,0.8636134801664882,0.7996099556812323,0.8470760414358712,0.7495276883711465,0.9714587615320053,1.012809788419539,0.9493128748028816,0.9314814024875169,1.0476169433381581,0.896506049678731,0.6985089960858826,0.7849916842283206,0.38777675392370564,0.8852815657274841,0.956817765370339,0.3290776900440817,1.3178546823133748,1.443467068599255,0.9587252512616524,1.3360909631355382,1.310874175390217,0.6458820421302457,1.0690409118471957,1.0305099518094865,0.44816232124496863,1.1735225163762515,1.4156410725015345,0.41726440550474003,nan,nan,nan,nan,nan,nan,nan,nan,nan,nan,nan,nan
259,12,BW08_slice_001_2026-04-16_20260416-000000_slice_lfp_rhythm.h5,638077.335,1776285000000.0,2026-04-16T04:30:00+08:00,7.3851543402777775,7,4.5,0.9238795325112867,0.38268343236508984,1,1,2,reversal_frequency_rule,67.84092712402344,1,intermediate,0.12054837495088577,2,right_bias,0,0,0,3,0,1,1,0,0,1,0.7416666746139526,0.0027777778450399637,0.24722221493721008,0.008333333767950535,0.0,0.7141821877814671,0.7572585523765399,0.8371059498977493,1.0093174441303627,0.9647852561868242,1.3382707931474869,1.392653010074002,1.160342986175299,0.7491820877597004,0.9903127910390394,0.9671012804800374,0.6747254484238109,0.7503580734257347,0.8270723137959826,0.7576169987445802,0.9135435813793279,0.9419307442464282,1.23459545549575,1.039992366417492,0.8925474172174331,0.8636134801664882,0.7996099556812323,0.8470760414358712,0.7495276883711465,0.9714587615320053,1.012809788419539,0.9493128748028816,0.9314814024875169,1.0476169433381581,0.896506049678731,0.6985089960858826,0.7849916842283206,0.38777675392370564,0.8852815657274841,0.956817765370339,0.3290776900440817,1.3178546823133748,1.443467068599255,0.9587252512616524,1.3360909631355382,1.310874175390217,0.6458820421302457,1.0690409118471957,1.0305099518094865,0.44816232124496863,1.1735225163762515,1.4156410725015345,0.41726440550474003,nan,nan,nan,nan,nan,nan,nan,nan,nan,nan,nan,nan
260,13,BW08_slice_001_2026-04-16_20260416-000000_slice_lfp_rhythm.h5,641677.335,1776288600000.0,2026-04-16T05:30:00+08:00,7.426821006944444,7,5.5,0.9914448613738104,0.1305261922200517,1,1,2,reversal_frequency_rule,67.84092712402344,1,intermediate,0.12054837495088577,2,right_bias,0,0,0,3,0,1,1,0,0,1,0.7722222208976746,0.0027777778450399637,0.21111111342906952,0.013888888992369175,0.0,0.7341060886518617,0.6901201050471251,0.7687326074486033,1.0575659746905681,0.7798626336916653,0.9986006085706093,1.4965810084150553,0.9159998047158968,1.0824264564319828,1.1301199201848313,0.9137517742213608,2.2183082292880463,0.5999478321466246,0.6046843405960407,0.6539501608978918,0.9150763969688368,0.6422579505960958,0.8220810867939763,1.072851853645398,0.6647862731970159,0.6809390800144577,0.8771648032125764,0.7363690432927953,0.8903190752573592,1.263521871946594,1.1603829473123053,1.0598450342110781,1.157975794491986,1.2186932273355102,1.3688416255615383,0.8931903628797251,1.0013618142596599,2.2868154523187116,1.1640146342214985,1.2073994515382387,6.774359129664212,1.8490337042443696,1.4378544649980618,0.9662203698477994,1.5029969275709727,1.6067744138405224,1.2885402752305437,1.4711287783491218,1.35310900464964,2.33411537047748,2.1631738159081917,1.6187400118571056,7.1501470412310075,nan,nan,nan,nan,nan,nan,nan,nan,nan,nan,nan,nan
261,12,BW08_slice_001_2026-04-16_20260416-000000_slice_lfp_rhythm.h5,641677.335,1776288600000.0,2026-04-16T05:30:00+08:00,7.426821006944444,7,5.5,0.9914448613738104,0.1305261922200517,1,1,2,reversal_frequency_rule,67.84092712402344,1,intermediate,0.12054837495088577,2,right_bias,0,0,0,3,0,1,1,0,0,1,0.7722222208976746,0.0027777778450399637,0.21111111342906952,0.013888888992369175,0.0,0.7341060886518617,0.6901201050471251,0.7687326074486033,1.0575659746905681,0.7798626336916653,0.9986006085706093,1.4965810084150553,0.9159998047158968,1.0824264564319828,1.1301199201848313,0.9137517742213608,2.2183082292880463,0.5999478321466246,0.6046843405960407,0.6539501608978918,0.9150763969688368,0.6422579505960958,0.8220810867939763,1.072851853645398,0.6647862731970159,0.6809390800144577,0.8771648032125764,0.7363690432927953,0.8903190752573592,1.263521871946594,1.1603829473123053,1.0598450342110781,1.157975794491986,1.2186932273355102,1.3688416255615383,0.8931903628797251,1.0013618142596599,2.2868154523187116,1.1640146342214985,1.2073994515382387,6.774359129664212,1.8490337042443696,1.4378544649980618,0.9662203698477994,1.5029969275709727,1.6067744138405224,1.2885402752305437,1.4711287783491218,1.35310900464964,2.33411537047748,2.1631738159081917,1.6187400118571056,7.1501470412310075,nan,nan,nan,nan,nan,nan,nan,nan,nan,nan,nan,nan
262,13,BW08_slice_001_2026-04-16_20260416-000000_slice_lfp_rhythm.h5,645277.335,1776292200000.0,2026-04-16T06:30:00+08:00,7.4684876736111105,7,6.5,0.9914448613738104,-0.1305261922200516,0,1,2,reversal_frequency_rule,67.84092712402344,1,intermediate,0.12054837495088577,2,right_bias,0,0,0,3,0,1,1,0,0,1,0.2888889014720917,0.0,0.7111111283302307,0.0,0.0,1.5810542639482668,1.358908099253066,0.7606797640067088,0.7936469205999529,1.1288734873667547,0.9342103296004088,0.2690872158413007,0.26659275060890575,1.680133716974463,0.5360766393693802,0.7295270182027984,3.929214445915349,0.8166519423337291,0.9320711068660228,0.6861512536050531,0.44491734391977306,0.6965754512568912,0.91470470621149,0.4058997887225028,0.2561224549907627,1.4182039633508279,0.4008842581056123,0.3404371962203487,2.549451184883465,1.064296309999331,0.9199537966451834,0.8828527337713572,1.0198570342407554,1.0690198607638732,1.2516887236638852,0.8085754003781249,0.8662795579208297,1.6801933725205873,1.0519336353561732,0.9940066313839564,4.575217460327445,nan,nan,nan,nan,nan,nan,nan,nan,nan,nan,nan,nan,nan,nan,nan,nan,nan,nan,nan,nan,nan,nan,nan,nan
263,12,BW08_slice_001_2026-04-16_20260416-000000_slice_lfp_rhythm.h5,645277.335,1776292200000.0,2026-04-16T06:30:00+08:00,7.4684876736111105,7,6.5,0.9914448613738104,-0.1305261922200516,0,1,2,reversal_frequency_rule,67.84092712402344,1,intermediate,0.12054837495088577,2,right_bias,0,0,0,3,0,1,1,0,0,1,0.2888889014720917,0.0,0.7111111283302307,0.0,0.0,1.5810542639482668,1.358908099253066,0.7606797640067088,0.7936469205999529,1.1288734873667547,0.9342103296004088,0.2690872158413007,0.26659275060890575,1.680133716974463,0.5360766393693802,0.7295270182027984,3.929214445915349,0.8166519423337291,0.9320711068660228,0.6861512536050531,0.44491734391977306,0.6965754512568912,0.91470470621149,0.4058997887225028,0.2561224549907627,1.4182039633508279,0.4008842581056123,0.3404371962203487,2.549451184883465,1.064296309999331,0.9199537966451834,0.8828527337713572,1.0198570342407554,1.0690198607638732,1.2516887236638852,0.8085754003781249,0.8662795579208297,1.6801933725205873,1.0519336353561732,0.9940066313839564,4.575217460327445,nan,nan,nan,nan,nan,nan,nan,nan,nan,nan,nan,nan,nan,nan,nan,nan,nan,nan,nan,nan,nan,nan,nan,nan
264,13,BW08_slice_001_2026-04-16_20260416-000000_slice_lfp_rhythm.h5,648877.335,1776295800000.0,2026-04-16T07:30:00+08:00,7.5101543402777775,7,7.5,0.9238795325112868,-0.3826834323650895,0,1,2,reversal_frequency_rule,67.84092712402344,1,intermediate,0.12054837495088577,2,right_bias,0,0,0,3,0,1,1,0,0,1,0.8277778029441833,0.0,0.16944444179534912,0.0027777778450399637,0.0,0.6197731499116949,0.5195242969427633,0.8322464565053789,1.2189499910780426,1.120166105288146,1.150114410956521,1.7988316335927188,1.9088151702496567,0.7623482068746843,1.2535739204735703,1.258882576767626,0.7436064584485321,0.823090875251465,0.7551490363288147,0.7684488731722797,1.0809379554563023,1.2011465229841514,1.0110054330793947,1.1890865001344681,1.315143620229375,0.8517992042794085,0.9319748109255066,1.09741550640281,0.7747040012994809,1.0063343541209617,0.7628805532668047,0.8310815928513382,1.192608199281133,1.1546048751239464,1.2081032344595986,2.529156786367869,2.0003513130689887,0.30220167060801983,1.2553338473058573,1.0851093298635632,0.3515407189323465,0.3129377870957101,0.3735036326635718,0.6282387549596509,0.8155177307145531,0.3900403153996222,0.5742014081533996,6.838085009648165,2.55246516845713,0.252478699961861,1.6391597619980676,0.8612163707274524,0.40559510906169755,nan,nan,nan,nan,nan,nan,nan,nan,nan,nan,nan,nan
265,12,BW08_slice_001_2026-04-16_20260416-000000_slice_lfp_rhythm.h5,648877.335,1776295800000.0,2026-04-16T07:30:00+08:00,7.5101543402777775,7,7.5,0.9238795325112868,-0.3826834323650895,0,1,2,reversal_frequency_rule,67.84092712402344,1,intermediate,0.12054837495088577,2,right_bias,0,0,0,3,0,1,1,0,0,1,0.8277778029441833,0.0,0.16944444179534912,0.0027777778450399637,0.0,0.6197731499116949,0.5195242969427633,0.8322464565053789,1.2189499910780426,1.120166105288146,1.150114410956521,1.7988316335927188,1.9088151702496567,0.7623482068746843,1.2535739204735703,1.258882576767626,0.7436064584485321,0.823090875251465,0.7551490363288147,0.7684488731722797,1.0809379554563023,1.2011465229841514,1.0110054330793947,1.1890865001344681,1.315143620229375,0.8517992042794085,0.9319748109255066,1.09741550640281,0.7747040012994809,1.0063343541209617,0.7628805532668047,0.8310815928513382,1.192608199281133,1.1546048751239464,1.2081032344595986,2.529156786367869,2.0003513130689887,0.30220167060801983,1.2553338473058573,1.0851093298635632,0.3515407189323465,0.3129377870957101,0.3735036326635718,0.6282387549596509,0.8155177307145531,0.3900403153996222,0.5742014081533996,6.838085009648165,2.55246516845713,0.252478699961861,1.6391597619980676,0.8612163707274524,0.40559510906169755,nan,nan,nan,nan,nan,nan,nan,nan,nan,nan,nan,nan
266,13,BW08_slice_001_2026-04-16_20260416-000000_slice_lfp_rhythm.h5,652477.335,1776299400000.0,2026-04-16T08:30:00+08:00,7.551821006944444,7,8.5,0.7933533402912352,-0.6087614290087207,0,1,2,reversal_frequency_rule,67.84092712402344,1,intermediate,0.12054837495088577,2,right_bias,0,0,0,3,0,1,1,0,0,1,0.16388888657093048,0.0,0.7805555462837219,0.0555555559694767,0.0,1.429656668061212,1.2368850163549954,0.7099312756793394,0.8062315891378854,1.1337644211320101,0.8164803673465676,0.2100216594076135,0.3340077253435258,0.7413927663834007,0.45400680752166656,0.7459665984603374,0.6421678610894311,1.448338712695877,1.3329406643237853,0.6709339715047721,0.5955885575331572,0.9389704934894875,0.673254067073648,0.44179124672869474,0.47481081761245153,0.7253571614161562,0.4120897059100301,0.47935730993943143,0.6043447159316012,0.8507172477767904,0.7443731958126694,0.8177471239156151,0.971887436256118,0.9629832614624743,1.2383448712943501,0.9663988991910901,1.075094522661858,0.6940937614208493,0.8949922815645515,0.9338536998362218,0.6847656322057688,0.9736827857235482,0.813639739542043,0.86692274993853,0.9961103215223948,1.0136021523419556,1.05780139515206,0.7489425663664536,0.8328026181093536,0.7700027726881286,0.9683190994527248,0.967403112403861,0.4643063828939586,nan,nan,nan,nan,nan,nan,nan,nan,nan,nan,nan,nan
267,12,BW08_slice_001_2026-04-16_20260416-000000_slice_lfp_rhythm.h5,652477.335,1776299400000.0,2026-04-16T08:30:00+08:00,7.551821006944444,7,8.5,0.7933533402912352,-0.6087614290087207,0,1,2,reversal_frequency_rule,67.84092712402344,1,intermediate,0.12054837495088577,2,right_bias,0,0,0,3,0,1,1,0,0,1,0.16388888657093048,0.0,0.7805555462837219,0.0555555559694767,0.0,1.429656668061212,1.2368850163549954,0.7099312756793394,0.8062315891378854,1.1337644211320101,0.8164803673465676,0.2100216594076135,0.3340077253435258,0.7413927663834007,0.45400680752166656,0.7459665984603374,0.6421678610894311,1.448338712695877,1.3329406643237853,0.6709339715047721,0.5955885575331572,0.9389704934894875,0.673254067073648,0.44179124672869474,0.47481081761245153,0.7253571614161562,0.4120897059100301,0.47935730993943143,0.6043447159316012,0.8507172477767904,0.7443731958126694,0.8177471239156151,0.971887436256118,0.9629832614624743,1.2383448712943501,0.9663988991910901,1.075094522661858,0.6940937614208493,0.8949922815645515,0.9338536998362218,0.6847656322057688,0.9736827857235482,0.813639739542043,0.86692274993853,0.9961103215223948,1.0136021523419556,1.05780139515206,0.7489425663664536,0.8328026181093536,0.7700027726881286,0.9683190994527248,0.967403112403861,0.4643063828939586,nan,nan,nan,nan,nan,nan,nan,nan,nan,nan,nan,nan
268,13,BW08_slice_001_2026-04-16_20260416-000000_slice_lfp_rhythm.h5,656077.335,1776303000000.0,2026-04-16T09:30:00+08:00,7.5934876736111105,7,9.5,0.6087614290087209,-0.793353340291235,0,1,2,reversal_frequency_rule,67.84092712402344,1,intermediate,0.12054837495088577,2,right_bias,0,0,0,3,0,1,1,0,0,1,0.4749999940395355,0.0,0.5249999761581421,0.0,0.0,0.9372633798718945,0.8906396272004128,0.7260455867204499,0.8514621113748215,0.955206834769648,0.8283620105678162,0.7392164840869249,0.6695549740432464,0.6001096777305667,0.6322968469866513,0.750985328135699,0.5556996229600977,0.822927606775441,0.6500258207258409,0.6736586249380745,0.8193469213845216,0.8038331418948851,0.7881492450661417,0.8216856790536735,0.7073077244217139,0.7703300571243108,0.6121434023196174,0.6165234789454997,0.7853435655909897,0.7549874202100862,0.7614015984147959,0.8175981986306223,0.88020990072364,0.9657079764933738,1.0895588509485454,0.7381491257348967,0.8434947722525639,0.41755660611713985,0.7741320690906847,0.8765936232808001,0.3085241920647774,nan,nan,nan,nan,nan,nan,nan,nan,nan,nan,nan,nan,nan,nan,nan,nan,nan,nan,nan,nan,nan,nan,nan,nan
269,12,BW08_slice_001_2026-04-16_20260416-000000_slice_lfp_rhythm.h5,656077.335,1776303000000.0,2026-04-16T09:30:00+08:00,7.5934876736111105,7,9.5,0.6087614290087209,-0.793353340291235,0,1,2,reversal_frequency_rule,67.84092712402344,1,intermediate,0.12054837495088577,2,right_bias,0,0,0,3,0,1,1,0,0,1,0.4749999940395355,0.0,0.5249999761581421,0.0,0.0,0.9372633798718945,0.8906396272004128,0.7260455867204499,0.8514621113748215,0.955206834769648,0.8283620105678162,0.7392164840869249,0.6695549740432464,0.6001096777305667,0.6322968469866513,0.750985328135699,0.5556996229600977,0.822927606775441,0.6500258207258409,0.6736586249380745,0.8193469213845216,0.8038331418948851,0.7881492450661417,0.8216856790536735,0.7073077244217139,0.7703300571243108,0.6121434023196174,0.6165234789454997,0.7853435655909897,0.7549874202100862,0.7614015984147959,0.8175981986306223,0.88020990072364,0.9657079764933738,1.0895588509485454,0.7381491257348967,0.8434947722525639,0.41755660611713985,0.7741320690906847,0.8765936232808001,0.3085241920647774,nan,nan,nan,nan,nan,nan,nan,nan,nan,nan,nan,nan,nan,nan,nan,nan,nan,nan,nan,nan,nan,nan,nan,nan
270,13,BW08_slice_001_2026-04-16_20260416-000000_slice_lfp_rhythm.h5,659677.335,1776306600000.0,2026-04-16T10:30:00+08:00,7.6351543402777775,7,10.5,0.3826834323650899,-0.9238795325112867,0,1,2,reversal_frequency_rule,83.36612701416016,2,learned,-0.021869229152798653,1,neutral,99,93,93,1,0,1,0,1,0,0,0.39444443583488464,0.0,0.35555556416511536,0.03333333507180214,0.21666666865348816,0.6201594701558889,0.7949755288161041,0.7405943939494897,0.594984900780469,1.1222343942008457,0.8344646758659384,0.3607539334592397,0.5691996727847346,0.4844735804269016,0.4370754276505731,0.5847933795487663,0.4678283713675606,0.8487714515921753,1.5719389516246027,0.7396861973443989,0.7115355564655159,1.661243295504445,0.9369276933697258,0.4969079004284381,0.7692928021471579,0.699151265904649,0.5192123512267465,0.6766876409614181,0.6736601937264658,0.640036615844999,0.7038653118146276,0.7685766046056611,0.7209077635043224,0.9455100594936248,0.9573438766075131,0.43714612586084245,0.6951504536922452,0.37863997429468466,0.6078454431863589,0.7299835379282756,0.2277391886889973,0.7801643716528147,0.9472800625915241,0.8703844264480328,0.8164470639683802,1.1153377669335154,1.0038721614872628,0.4026843994199938,0.758074515114914,0.5084472302439458,0.6978406229586304,0.9035786564644966,0.2728357217978169,0.6180729612950746,0.6201806098151592,0.7424043122590885,0.35073955927164974,0.4930667393462141,0.5849414290988231,0.21990615962896554,0.3852828527631042,0.683196280951157,0.5644595658618637,0.5804118465460216,0.7510677609837785
271,12,BW08_slice_001_2026-04-16_20260416-000000_slice_lfp_rhythm.h5,659677.335,1776306600000.0,2026-04-16T10:30:00+08:00,7.6351543402777775,7,10.5,0.3826834323650899,-0.9238795325112867,0,1,2,reversal_frequency_rule,83.36612701416016,2,learned,-0.021869229152798653,1,neutral,99,93,93,1,0,1,0,1,0,0,0.39444443583488464,0.0,0.35555556416511536,0.03333333507180214,0.21666666865348816,0.6201594701558889,0.7949755288161041,0.7405943939494897,0.594984900780469,1.1222343942008457,0.8344646758659384,0.3607539334592397,0.5691996727847346,0.4844735804269016,0.4370754276505731,0.5847933795487663,0.4678283713675606,0.8487714515921753,1.5719389516246027,0.7396861973443989,0.7115355564655159,1.661243295504445,0.9369276933697258,0.4969079004284381,0.7692928021471579,0.699151265904649,0.5192123512267465,0.6766876409614181,0.6736601937264658,0.640036615844999,0.7038653118146276,0.7685766046056611,0.7209077635043224,0.9455100594936248,0.9573438766075131,0.43714612586084245,0.6951504536922452,0.37863997429468466,0.6078454431863589,0.7299835379282756,0.2277391886889973,0.7801643716528147,0.9472800625915241,0.8703844264480328,0.8164470639683802,1.1153377669335154,1.0038721614872628,0.4026843994199938,0.758074515114914,0.5084472302439458,0.6978406229586304,0.9035786564644966,0.2728357217978169,0.6180729612950746,0.6201806098151592,0.7424043122590885,0.35073955927164974,0.4930667393462141,0.5849414290988231,0.21990615962896554,0.3852828527631042,0.683196280951157,0.5644595658618637,0.5804118465460216,0.7510677609837785
272,13,BW08_slice_001_2026-04-16_20260416-000000_slice_lfp_rhythm.h5,663277.335,1776310200000.0,2026-04-16T11:30:00+08:00,7.676821006944444,7,11.5,0.130526192220052,-0.9914448613738104,0,1,2,reversal_frequency_rule,83.36612701416016,2,learned,-0.021869229152798653,1,neutral,0,0,0,3,0,1,0,1,0,0,0.3083333373069763,0.0055555556900799274,0.625,0.06111111119389534,0.0,1.1527076518491493,1.2624766723636631,0.7921360854921905,0.796868520053076,1.1126234162164044,0.7870787564354073,0.6838319490930493,0.6623625120381164,0.9514431436010243,0.6456785825449081,0.8529710822806438,1.534403138055323,0.9330122189926425,1.145046463724376,0.7015962614808586,0.9155633773373109,1.0038420716413128,0.6885827417324949,1.1514613910274685,1.0252784084446254,0.8349298307543483,0.8548455003365966,0.9713066481913938,1.0546814831914926,0.8044948129217506,0.8753499751506679,0.9270774197017483,0.7985043436864098,1.0117676364980486,1.0996293287445043,0.7278073681833224,0.8417129295425824,0.9210904851834563,0.7788952544141892,0.8497032053691642,1.6956695722023767,1.2496919967412328,1.2207585840450688,0.9952339959801396,1.1110867436588332,1.3336433639771519,1.2530976198892423,0.9654356923066896,0.9749330368549026,1.140439164538289,1.1798698889077877,1.245475235442614,2.984787440940506,nan,nan,nan,nan,nan,nan,nan,nan,nan,nan,nan,nan
273,12,BW08_slice_001_2026-04-16_20260416-000000_slice_lfp_rhythm.h5,663277.335,1776310200000.0,2026-04-16T11:30:00+08:00,7.676821006944444,7,11.5,0.130526192220052,-0.9914448613738104,0,1,2,reversal_frequency_rule,83.36612701416016,2,learned,-0.021869229152798653,1,neutral,0,0,0,3,0,1,0,1,0,0,0.3083333373069763,0.0055555556900799274,0.625,0.06111111119389534,0.0,1.1527076518491493,1.2624766723636631,0.7921360854921905,0.796868520053076,1.1126234162164044,0.7870787564354073,0.6838319490930493,0.6623625120381164,0.9514431436010243,0.6456785825449081,0.8529710822806438,1.534403138055323,0.9330122189926425,1.145046463724376,0.7015962614808586,0.9155633773373109,1.0038420716413128,0.6885827417324949,1.1514613910274685,1.0252784084446254,0.8349298307543483,0.8548455003365966,0.9713066481913938,1.0546814831914926,0.8044948129217506,0.8753499751506679,0.9270774197017483,0.7985043436864098,1.0117676364980486,1.0996293287445043,0.7278073681833224,0.8417129295425824,0.9210904851834563,0.7788952544141892,0.8497032053691642,1.6956695722023767,1.2496919967412328,1.2207585840450688,0.9952339959801396,1.1110867436588332,1.3336433639771519,1.2530976198892423,0.9654356923066896,0.9749330368549026,1.140439164538289,1.1798698889077877,1.245475235442614,2.984787440940506,nan,nan,nan,nan,nan,nan,nan,nan,nan,nan,nan,nan
274,13,BW08_slice_001_2026-04-16_20260416-000000_slice_lfp_rhythm.h5,666877.335,1776313800000.0,2026-04-16T12:30:00+08:00,7.7184876736111105,7,12.5,-0.13052619222005177,-0.9914448613738104,0,1,2,reversal_frequency_rule,66.28366088867188,1,intermediate,-0.007153135258704424,1,neutral,4,4,4,2,0,1,1,0,0,0,0.375,0.0,0.6027777791023254,0.02222222276031971,0.0,1.031018348644424,1.1040193875445146,0.8116480952596946,0.6957074699490912,1.161731466253766,0.9598007823713534,0.3890329724033108,0.5075031877993856,1.1283668130144018,0.4753975348471913,0.7499780300445514,1.3684859807568637,0.6203065040597299,0.8905594990112942,0.7724077125457555,0.5625129018545649,1.1557888915990577,1.0385886909239925,0.5375677109296875,0.64384237242665,0.9400074750567349,0.47358125405851337,0.7182600487512666,1.0845902813908108,0.7664073563628204,0.8077817266339404,0.9112460920615518,0.8063332153621673,0.9718822293011146,1.1032467681616809,0.5751631850659409,0.765081304322105,1.1879665503574182,0.7108507535531395,0.8015595082544286,1.5854844298927553,1.3072814364733722,1.161263803890378,0.9657299474983645,1.560305492197889,1.3788517158532034,0.9278295501254101,2.751914744046458,1.5757471178154525,0.4857918812625154,1.4333237618690984,1.2737970858933514,0.38626283422896684,nan,nan,nan,nan,nan,nan,nan,nan,nan,nan,nan,nan
275,12,BW08_slice_001_2026-04-16_20260416-000000_slice_lfp_rhythm.h5,666877.335,1776313800000.0,2026-04-16T12:30:00+08:00,7.7184876736111105,7,12.5,-0.13052619222005177,-0.9914448613738104,0,1,2,reversal_frequency_rule,66.28366088867188,1,intermediate,-0.007153135258704424,1,neutral,4,4,4,2,0,1,1,0,0,0,0.375,0.0,0.6027777791023254,0.02222222276031971,0.0,1.031018348644424,1.1040193875445146,0.8116480952596946,0.6957074699490912,1.161731466253766,0.9598007823713534,0.3890329724033108,0.5075031877993856,1.1283668130144018,0.4753975348471913,0.7499780300445514,1.3684859807568637,0.6203065040597299,0.8905594990112942,0.7724077125457555,0.5625129018545649,1.1557888915990577,1.0385886909239925,0.5375677109296875,0.64384237242665,0.9400074750567349,0.47358125405851337,0.7182600487512666,1.0845902813908108,0.7664073563628204,0.8077817266339404,0.9112460920615518,0.8063332153621673,0.9718822293011146,1.1032467681616809,0.5751631850659409,0.765081304322105,1.1879665503574182,0.7108507535531395,0.8015595082544286,1.5854844298927553,1.3072814364733722,1.161263803890378,0.9657299474983645,1.560305492197889,1.3788517158532034,0.9278295501254101,2.751914744046458,1.5757471178154525,0.4857918812625154,1.4333237618690984,1.2737970858933514,0.38626283422896684,nan,nan,nan,nan,nan,nan,nan,nan,nan,nan,nan,nan
276,12,BW08_slice_001_2026-04-16_20260416-000000_slice_lfp_rhythm.h5,670477.335,1776317400000.0,2026-04-16T13:30:00+08:00,7.7601543402777775,7,13.5,-0.38268343236508967,-0.9238795325112868,0,1,2,reversal_frequency_rule,66.28366088867188,1,intermediate,-0.007153135258704424,1,neutral,0,0,0,3,0,1,1,0,0,0,0.13611111044883728,0.0027777778450399637,0.7888888716697693,0.07222222536802292,0.0,0.9340111049912878,1.2048761973229138,0.79765591160828,0.5896092114477857,1.2044875812575209,0.7540245431921102,0.19428151695472487,0.27405989018331034,0.3351864880135977,0.3411146560822238,0.6067746991688346,0.34494889136796836,1.135238367490162,1.1365197113653784,0.83275242326364,0.7593365472362569,1.5072774130346307,1.2732459667377907,0.600414201891479,0.5615473117580303,0.6274695809189215,0.5930117337621384,0.6040898547816034,0.7115403082652453,0.538866752212448,0.7170986841812872,0.9050046682386453,0.6244227270275929,0.9307047264186347,0.7996178451506748,0.44853830380601156,0.7066114396122863,0.2686837456713977,0.5299848376348385,0.7014949025240642,0.29031603774230724,0.8632258339538376,0.9854932560678364,0.960695120424301,1.1998224268550608,1.3384831914056496,0.9617507272692531,3.153395650909803,1.692657791280536,0.29744658226082693,1.1807990026026032,1.0781892057838143,0.35330453284697816,nan,nan,nan,nan,nan,nan,nan,nan,nan,nan,nan,nan
277,13,BW08_slice_001_2026-04-16_20260416-000000_slice_lfp_rhythm.h5,670477.335,1776317400000.0,2026-04-16T13:30:00+08:00,7.7601543402777775,7,13.5,-0.38268343236508967,-0.9238795325112868,0,1,2,reversal_frequency_rule,66.28366088867188,1,intermediate,-0.007153135258704424,1,neutral,0,0,0,3,0,1,1,0,0,0,0.13611111044883728,0.0027777778450399637,0.7888888716697693,0.07222222536802292,0.0,0.9340111049912878,1.2048761973229138,0.79765591160828,0.5896092114477857,1.2044875812575209,0.7540245431921102,0.19428151695472487,0.27405989018331034,0.3351864880135977,0.3411146560822238,0.6067746991688346,0.34494889136796836,1.135238367490162,1.1365197113653784,0.83275242326364,0.7593365472362569,1.5072774130346307,1.2732459667377907,0.600414201891479,0.5615473117580303,0.6274695809189215,0.5930117337621384,0.6040898547816034,0.7115403082652453,0.538866752212448,0.7170986841812872,0.9050046682386453,0.6244227270275929,0.9307047264186347,0.7996178451506748,0.44853830380601156,0.7066114396122863,0.2686837456713977,0.5299848376348385,0.7014949025240642,0.29031603774230724,0.8632258339538376,0.9854932560678364,0.960695120424301,1.1998224268550608,1.3384831914056496,0.9617507272692531,3.153395650909803,1.692657791280536,0.29744658226082693,1.1807990026026032,1.0781892057838143,0.35330453284697816,nan,nan,nan,nan,nan,nan,nan,nan,nan,nan,nan,nan
278,13,BW08_slice_001_2026-04-16_20260416-000000_slice_lfp_rhythm.h5,674077.335,1776321000000.0,2026-04-16T14:30:00+08:00,7.801821006944444,7,14.5,-0.6087614290087207,-0.7933533402912352,0,1,2,reversal_frequency_rule,66.28366088867188,1,intermediate,-0.007153135258704424,1,neutral,0,0,0,3,0,1,1,0,0,0,0.4277777671813965,0.0027777778450399637,0.5138888955116272,0.0555555559694767,0.0,0.6446263646887632,0.8816852951072494,0.7277960713984567,0.5390381047793866,0.8816977458831289,0.829179209181119,0.382576423051853,0.4607332266771664,0.50702939632208,0.40385024760678584,0.6026633986388896,0.5320983648844712,0.5216835008321086,0.6170683795674872,0.6618224516775042,0.4901649973823721,0.6422775952886781,0.9241764852988764,0.47338566037445223,0.5243057690864329,0.8074672620902105,0.4218583419396678,0.5250682437109843,0.8342001675924627,0.5148899624099905,0.7284819104767047,0.8369950578513252,0.5965014962484173,0.8860711771277727,0.8027520737173734,0.3757361946333906,0.6460098960033297,0.2648430321252445,0.49902061982721735,0.6943897314296464,0.2765909632157592,1.025097928284856,1.1229044831179833,0.9028395523364335,0.9830846037272726,1.2014516715053296,0.9268210850394837,0.5286966264464253,0.825154997285743,0.255924513712663,0.850193040835062,1.0686384668833993,0.2910315883485984,nan,nan,nan,nan,nan,nan,nan,nan,nan,nan,nan,nan
279,12,BW08_slice_001_2026-04-16_20260416-000000_slice_lfp_rhythm.h5,674077.335,1776321000000.0,2026-04-16T14:30:00+08:00,7.801821006944444,7,14.5,-0.6087614290087207,-0.7933533402912352,0,1,2,reversal_frequency_rule,66.28366088867188,1,intermediate,-0.007153135258704424,1,neutral,0,0,0,3,0,1,1,0,0,0,0.4277777671813965,0.0027777778450399637,0.5138888955116272,0.0555555559694767,0.0,0.6446263646887632,0.8816852951072494,0.7277960713984567,0.5390381047793866,0.8816977458831289,0.829179209181119,0.382576423051853,0.4607332266771664,0.50702939632208,0.40385024760678584,0.6026633986388896,0.5320983648844712,0.5216835008321086,0.6170683795674872,0.6618224516775042,0.4901649973823721,0.6422775952886781,0.9241764852988764,0.47338566037445223,0.5243057690864329,0.8074672620902105,0.4218583419396678,0.5250682437109843,0.8342001675924627,0.5148899624099905,0.7284819104767047,0.8369950578513252,0.5965014962484173,0.8860711771277727,0.8027520737173734,0.3757361946333906,0.6460098960033297,0.2648430321252445,0.49902061982721735,0.6943897314296464,0.2765909632157592,1.025097928284856,1.1229044831179833,0.9028395523364335,0.9830846037272726,1.2014516715053296,0.9268210850394837,0.5286966264464253,0.825154997285743,0.255924513712663,0.850193040835062,1.0686384668833993,0.2910315883485984,nan,nan,nan,nan,nan,nan,nan,nan,nan,nan,nan,nan
280,12,BW08_slice_001_2026-04-16_20260416-000000_slice_lfp_rhythm.h5,677677.335,1776324600000.0,2026-04-16T15:30:00+08:00,7.8434876736111105,7,15.5,-0.7933533402912349,-0.6087614290087209,0,1,2,reversal_frequency_rule,67.61888885498047,1,intermediate,-0.024179672822356224,1,neutral,1,1,1,2,0,1,1,0,0,0,0.2222222238779068,0.0027777778450399637,0.6277777552604675,0.14722222089767456,0.0,0.7568577408363042,0.9341443072164589,0.6287523020712609,0.5738484382318064,0.9509978260987548,0.7374315923842496,0.23464863129579872,0.298083093982567,0.4864006437269504,0.3939039734692313,0.6181010048193427,0.7078638691316628,0.7147564751816098,0.8430615027126104,0.5978148075550308,0.46002023178106016,0.7540205063993266,0.6933502671145012,0.35658791489791397,0.4471010222071226,0.6637318808781996,0.4563742610570456,0.6490192826170097,0.8490613457904348,0.5212841535481301,0.6441063004553452,0.7196405724520322,0.7441309401437395,0.8899605406301682,0.9473314329832009,1.2654430633732876,0.7963809844404158,0.39744883069001646,0.7210896517168005,0.7411764946680443,0.6362161415339127,0.6047048566175152,0.6635317853069446,0.7656926151263633,0.7885771351684417,0.8110391641111449,1.2734987268182916,1.3756844770057814,0.7996363212822574,0.44552766621657736,0.7271485463304735,0.7228719512932956,0.9474643602607479,nan,nan,nan,nan,nan,nan,nan,nan,nan,nan,nan,nan
281,13,BW08_slice_001_2026-04-16_20260416-000000_slice_lfp_rhythm.h5,677677.335,1776324600000.0,2026-04-16T15:30:00+08:00,7.8434876736111105,7,15.5,-0.7933533402912349,-0.6087614290087209,0,1,2,reversal_frequency_rule,67.61888885498047,1,intermediate,-0.024179672822356224,1,neutral,1,1,1,2,0,1,1,0,0,0,0.2222222238779068,0.0027777778450399637,0.6277777552604675,0.14722222089767456,0.0,0.7568577408363042,0.9341443072164589,0.6287523020712609,0.5738484382318064,0.9509978260987548,0.7374315923842496,0.23464863129579872,0.298083093982567,0.4864006437269504,0.3939039734692313,0.6181010048193427,0.7078638691316628,0.7147564751816098,0.8430615027126104,0.5978148075550308,0.46002023178106016,0.7540205063993266,0.6933502671145012,0.35658791489791397,0.4471010222071226,0.6637318808781996,0.4563742610570456,0.6490192826170097,0.8490613457904348,0.5212841535481301,0.6441063004553452,0.7196405724520322,0.7441309401437395,0.8899605406301682,0.9473314329832009,1.2654430633732876,0.7963809844404158,0.39744883069001646,0.7210896517168005,0.7411764946680443,0.6362161415339127,0.6047048566175152,0.6635317853069446,0.7656926151263633,0.7885771351684417,0.8110391641111449,1.2734987268182916,1.3756844770057814,0.7996363212822574,0.44552766621657736,0.7271485463304735,0.7228719512932956,0.9474643602607479,nan,nan,nan,nan,nan,nan,nan,nan,nan,nan,nan,nan
282,12,BW08_slice_001_2026-04-16_20260416-000000_slice_lfp_rhythm.h5,681277.335,1776328200000.0,2026-04-16T16:30:00+08:00,7.8851543402777775,7,16.5,-0.9238795325112868,-0.3826834323650895,0,1,2,reversal_frequency_rule,67.61888885498047,1,intermediate,-0.024179672822356224,1,neutral,0,0,0,3,0,1,1,0,0,0,0.39722222089767456,0.0,0.5611110925674438,0.0416666679084301,0.0,0.7602097567772885,0.8421233740158569,0.6320669019258373,0.6589136412301133,1.0471857694287419,0.9897491209363634,0.4272723814361877,0.6089139819179481,0.45120426950538217,0.4856374776069763,0.7650004498479289,0.5211339051744059,0.7280353206195072,0.8071000990934122,0.580686777173142,0.5719141395371028,0.9124291262119139,0.9550292272125156,0.5447195384953482,0.733898321042069,0.604658638511349,0.514113327319255,0.7595388996557654,0.7843229754037507,0.56343782468393,0.6263352119059875,0.7202342323545162,0.7486944040687789,0.9608152708936822,1.329167306298248,0.6984499649865816,0.8817359658968857,0.3295245796725438,0.6440321909785237,0.7931352092246217,0.32984675289025717,0.8693100364561119,0.9773347203393989,0.8175856799132063,1.0939333669384157,1.3341426765211002,1.6463984742757711,0.42833490424553544,0.804748612682665,0.3133412796213023,0.8087630643448561,1.1599902513719593,0.2896213739475891,nan,nan,nan,nan,nan,nan,nan,nan,nan,nan,nan,nan
283,13,BW08_slice_001_2026-04-16_20260416-000000_slice_lfp_rhythm.h5,681277.335,1776328200000.0,2026-04-16T16:30:00+08:00,7.8851543402777775,7,16.5,-0.9238795325112868,-0.3826834323650895,0,1,2,reversal_frequency_rule,67.61888885498047,1,intermediate,-0.024179672822356224,1,neutral,0,0,0,3,0,1,1,0,0,0,0.39722222089767456,0.0,0.5611110925674438,0.0416666679084301,0.0,0.7602097567772885,0.8421233740158569,0.6320669019258373,0.6589136412301133,1.0471857694287419,0.9897491209363634,0.4272723814361877,0.6089139819179481,0.45120426950538217,0.4856374776069763,0.7650004498479289,0.5211339051744059,0.7280353206195072,0.8071000990934122,0.580686777173142,0.5719141395371028,0.9124291262119139,0.9550292272125156,0.5447195384953482,0.733898321042069,0.604658638511349,0.514113327319255,0.7595388996557654,0.7843229754037507,0.56343782468393,0.6263352119059875,0.7202342323545162,0.7486944040687789,0.9608152708936822,1.329167306298248,0.6984499649865816,0.8817359658968857,0.3295245796725438,0.6440321909785237,0.7931352092246217,0.32984675289025717,0.8693100364561119,0.9773347203393989,0.8175856799132063,1.0939333669384157,1.3341426765211002,1.6463984742757711,0.42833490424553544,0.804748612682665,0.3133412796213023,0.8087630643448561,1.1599902513719593,0.2896213739475891,nan,nan,nan,nan,nan,nan,nan,nan,nan,nan,nan,nan
284,12,BW08_slice_001_2026-04-16_20260416-000000_slice_lfp_rhythm.h5,684877.335,1776331800000.0,2026-04-16T17:30:00+08:00,7.926821006944444,7,17.5,-0.9914448613738104,-0.13052619222005163,0,1,2,reversal_frequency_rule,80.66877746582031,2,learned,0.22038373351097107,2,right_bias,94,93,93,1,0,1,0,1,0,1,0.2527777850627899,0.0027777778450399637,0.49444442987442017,0.05833333358168602,0.19166666269302368,0.6012151263479958,0.7639860853023681,0.6675232976007887,0.5808639340234499,0.8399797884858765,0.9877749660033999,0.5209944563864733,0.38456947126437147,0.5295630332061002,0.4258195138409624,0.5087917854828882,0.6328157775464983,0.7898381402334411,0.7114414601112754,0.6668036009820013,0.9423834262441518,0.8338920767106043,1.0624249516818365,1.098163282450949,0.6815889574449534,0.7925842406666489,0.7284829893343764,0.49603515943895377,0.8433206917279327,0.49057690747925614,0.6657023365326908,0.7461329432808486,0.6026637535735656,0.9111210848174482,1.5834695076435796,0.3535676917492001,0.659681074178074,0.4827227550493588,0.48625930947820767,0.7238525595604112,0.5521818888332897,0.7412992782698187,0.8049100395878221,0.7939839680172359,0.8607671174866963,0.9904683131924963,1.3200217084606616,0.6304229759522573,0.8290351470051146,0.3843216672060553,0.8871494453557774,0.954159940338091,0.4901594957313533,0.6358046290272331,0.5363887633660576,0.6546354712684581,0.41175284775474674,0.4741834794230379,0.5605937493307248,0.30706361693801043,0.42564197932847864,0.7483266705611287,0.5536094727687146,0.5873909524322084,0.9408926456944046
285,13,BW08_slice_001_2026-04-16_20260416-000000_slice_lfp_rhythm.h5,684877.335,1776331800000.0,2026-04-16T17:30:00+08:00,7.926821006944444,7,17.5,-0.9914448613738104,-0.13052619222005163,0,1,2,reversal_frequency_rule,80.66877746582031,2,learned,0.22038373351097107,2,right_bias,94,93,93,1,0,1,0,1,0,1,0.2527777850627899,0.0027777778450399637,0.49444442987442017,0.05833333358168602,0.19166666269302368,0.6012151263479958,0.7639860853023681,0.6675232976007887,0.5808639340234499,0.8399797884858765,0.9877749660033999,0.5209944563864733,0.38456947126437147,0.5295630332061002,0.4258195138409624,0.5087917854828882,0.6328157775464983,0.7898381402334411,0.7114414601112754,0.6668036009820013,0.9423834262441518,0.8338920767106043,1.0624249516818365,1.098163282450949,0.6815889574449534,0.7925842406666489,0.7284829893343764,0.49603515943895377,0.8433206917279327,0.49057690747925614,0.6657023365326908,0.7461329432808486,0.6026637535735656,0.9111210848174482,1.5834695076435796,0.3535676917492001,0.659681074178074,0.4827227550493588,0.48625930947820767,0.7238525595604112,0.5521818888332897,0.7412992782698187,0.8049100395878221,0.7939839680172359,0.8607671174866963,0.9904683131924963,1.3200217084606616,0.6304229759522573,0.8290351470051146,0.3843216672060553,0.8871494453557774,0.954159940338091,0.4901594957313533,0.6358046290272331,0.5363887633660576,0.6546354712684581,0.41175284775474674,0.4741834794230379,0.5605937493307248,0.30706361693801043,0.42564197932847864,0.7483266705611287,0.5536094727687146,0.5873909524322084,0.9408926456944046
286,13,BW08_slice_001_2026-04-16_20260416-000000_slice_lfp_rhythm.h5,688477.335,1776335400000.0,2026-04-16T18:30:00+08:00,7.9684876736111105,7,18.5,-0.9914448613738105,0.13052619222005127,1,1,2,reversal_frequency_rule,79.58818817138672,2,learned,0.21221601963043213,2,right_bias,166,154,154,1,0,1,0,1,0,1,0.7416666746139526,0.0,0.0,0.0,0.25833332538604736,0.12833033216444217,0.1554800925836816,0.7525166336716109,0.4514176239606895,0.4399778535411678,0.9132038744943948,0.4630106738536668,0.43571300516082784,0.6043557370694955,0.3221445229255166,0.3693008033619156,0.6601818654069489,0.3159714407933206,0.3808605238423854,0.6737296214122386,0.3976333985728089,0.48428595881706044,0.7629624942013989,0.3413648274743014,0.32826223969193963,0.6996089935109211,0.2564766422890054,0.35910158109147877,0.642536571530711,nan,nan,nan,nan,nan,nan,nan,nan,nan,nan,nan,nan,nan,nan,nan,nan,nan,nan,nan,nan,nan,nan,nan,nan,0.8404997069953853,0.7051241590613034,0.7666580081960587,0.9281060604062112,0.977304066568148,0.9046497150065272,0.4425031395950253,0.6912009756260765,0.9437855870565676,0.6937489577528334,0.8138439157143479,0.9637121483896661
287,12,BW08_slice_001_2026-04-16_20260416-000000_slice_lfp_rhythm.h5,688477.335,1776335400000.0,2026-04-16T18:30:00+08:00,7.9684876736111105,7,18.5,-0.9914448613738105,0.13052619222005127,1,1,2,reversal_frequency_rule,79.58818817138672,2,learned,0.21221601963043213,2,right_bias,166,154,154,1,0,1,0,1,0,1,0.7416666746139526,0.0,0.0,0.0,0.25833332538604736,0.12833033216444217,0.1554800925836816,0.7525166336716109,0.4514176239606895,0.4399778535411678,0.9132038744943948,0.4630106738536668,0.43571300516082784,0.6043557370694955,0.3221445229255166,0.3693008033619156,0.6601818654069489,0.3159714407933206,0.3808605238423854,0.6737296214122386,0.3976333985728089,0.48428595881706044,0.7629624942013989,0.3413648274743014,0.32826223969193963,0.6996089935109211,0.2564766422890054,0.35910158109147877,0.642536571530711,nan,nan,nan,nan,nan,nan,nan,nan,nan,nan,nan,nan,nan,nan,nan,nan,nan,nan,nan,nan,nan,nan,nan,nan,0.8404997069953853,0.7051241590613034,0.7666580081960587,0.9281060604062112,0.977304066568148,0.9046497150065272,0.4425031395950253,0.6912009756260765,0.9437855870565676,0.6937489577528334,0.8138439157143479,0.9637121483896661
288,12,BW08_slice_001_2026-04-16_20260416-000000_slice_lfp_rhythm.h5,692077.335,1776339000000.0,2026-04-16T19:30:00+08:00,8.010154340277778,8,19.5,-0.923879532511287,0.38268343236508917,1,1,2,reversal_frequency_rule,74.24385070800781,2,learned,0.31046319007873535,2,right_bias,92,83,83,1,0,1,0,1,0,1,0.7805555462837219,0.0,0.0,0.0,0.21944443881511688,0.2767415569771203,0.24673609312424838,0.8039217273326703,1.0259019261255757,0.7226671913510523,1.074310804330326,1.2412801296111489,1.2239030912205038,0.6841074045164064,0.8496843560385168,0.7799623468718165,1.052714640633595,0.7341292516980257,0.6259083983340447,0.7322406713485994,1.0018759081537443,0.8924457266083543,0.9499875268920511,0.8624460903336011,0.8973491605199776,0.7848892379717715,0.6721796336805467,0.7641358520851381,1.124822178568625,nan,nan,nan,nan,nan,nan,nan,nan,nan,nan,nan,nan,nan,nan,nan,nan,nan,nan,nan,nan,nan,nan,nan,nan,1.1403512809431515,0.8143275264431674,0.7652662712118924,0.8654970602099664,0.7834365503539061,0.7401600727457881,1.0288328413927978,0.8614961658970051,0.8401501775055447,1.3829614966068349,1.03395726271706,0.7892039534748417
289,13,BW08_slice_001_2026-04-16_20260416-000000_slice_lfp_rhythm.h5,692077.335,1776339000000.0,2026-04-16T19:30:00+08:00,8.010154340277778,8,19.5,-0.923879532511287,0.38268343236508917,1,1,2,reversal_frequency_rule,74.24385070800781,2,learned,0.31046319007873535,2,right_bias,92,83,83,1,0,1,0,1,0,1,0.7805555462837219,0.0,0.0,0.0,0.21944443881511688,0.2767415569771203,0.24673609312424838,0.8039217273326703,1.0259019261255757,0.7226671913510523,1.074310804330326,1.2412801296111489,1.2239030912205038,0.6841074045164064,0.8496843560385168,0.7799623468718165,1.052714640633595,0.7341292516980257,0.6259083983340447,0.7322406713485994,1.0018759081537443,0.8924457266083543,0.9499875268920511,0.8624460903336011,0.8973491605199776,0.7848892379717715,0.6721796336805467,0.7641358520851381,1.124822178568625,nan,nan,nan,nan,nan,nan,nan,nan,nan,nan,nan,nan,nan,nan,nan,nan,nan,nan,nan,nan,nan,nan,nan,nan,1.1403512809431515,0.8143275264431674,0.7652662712118924,0.8654970602099664,0.7834365503539061,0.7401600727457881,1.0288328413927978,0.8614961658970051,0.8401501775055447,1.3829614966068349,1.03395726271706,0.7892039534748417
290,12,BW08_slice_001_2026-04-16_20260416-000000_slice_lfp_rhythm.h5,695677.335,1776342600000.0,2026-04-16T20:30:00+08:00,8.051821006944444,8,20.5,-0.7933533402912357,0.6087614290087199,1,1,2,reversal_frequency_rule,79.07914733886719,2,learned,0.2540019750595093,2,right_bias,166,157,157,1,0,1,0,1,0,1,0.39444443583488464,0.0055555556900799274,0.47777777910232544,0.0027777778450399637,0.11944444477558136,1.3864035610860268,1.3161550359341734,0.9223217599930321,1.1949517662663312,1.3349839370397447,1.2112079048612774,0.7870888126138799,0.6205317834875373,0.6177772708868242,0.7119583462580961,0.80869258160557,0.9804932651039068,1.1781025621979329,1.270408137560332,0.8232531081194666,1.202684614466059,1.2744281917115547,1.2875360889874552,1.036603095166443,0.7473869915056921,0.7127933900263981,0.7165846011806948,0.6392125915639357,0.8285592090516491,1.2425323445048642,1.1722295881330311,1.0398443939520179,1.205659476133347,1.2199685390797497,0.8893870456513907,1.088163957283072,1.0078649271068099,0.5469621523007202,1.157533230335301,1.1571437531858146,1.1889495761438138,1.896311202279267,1.4296832515590052,0.9979797612875484,1.5020228225401873,1.4620220485116588,0.6791684018568377,0.8593637530296208,0.9771856819359135,0.23862305349675492,1.615425285601038,1.3594629143752766,0.49337500112880345,0.8528963208269512,0.8984124440485044,1.0704516682908116,1.5010140348430585,1.6990596354641518,1.8372687012586046,0.30174288273394173,0.6422114684383117,1.263182817104974,0.6537059833451145,0.8002560310843639,1.289747593007469
291,13,BW08_slice_001_2026-04-16_20260416-000000_slice_lfp_rhythm.h5,695677.335,1776342600000.0,2026-04-16T20:30:00+08:00,8.051821006944444,8,20.5,-0.7933533402912357,0.6087614290087199,1,1,2,reversal_frequency_rule,79.07914733886719,2,learned,0.2540019750595093,2,right_bias,166,157,157,1,0,1,0,1,0,1,0.39444443583488464,0.0055555556900799274,0.47777777910232544,0.0027777778450399637,0.11944444477558136,1.3864035610860268,1.3161550359341734,0.9223217599930321,1.1949517662663312,1.3349839370397447,1.2112079048612774,0.7870888126138799,0.6205317834875373,0.6177772708868242,0.7119583462580961,0.80869258160557,0.9804932651039068,1.1781025621979329,1.270408137560332,0.8232531081194666,1.202684614466059,1.2744281917115547,1.2875360889874552,1.036603095166443,0.7473869915056921,0.7127933900263981,0.7165846011806948,0.6392125915639357,0.8285592090516491,1.2425323445048642,1.1722295881330311,1.0398443939520179,1.205659476133347,1.2199685390797497,0.8893870456513907,1.088163957283072,1.0078649271068099,0.5469621523007202,1.157533230335301,1.1571437531858146,1.1889495761438138,1.896311202279267,1.4296832515590052,0.9979797612875484,1.5020228225401873,1.4620220485116588,0.6791684018568377,0.8593637530296208,0.9771856819359135,0.23862305349675492,1.615425285601038,1.3594629143752766,0.49337500112880345,0.8528963208269512,0.8984124440485044,1.0704516682908116,1.5010140348430585,1.6990596354641518,1.8372687012586046,0.30174288273394173,0.6422114684383117,1.263182817104974,0.6537059833451145,0.8002560310843639,1.289747593007469
292,12,BW08_slice_001_2026-04-16_20260416-000000_slice_lfp_rhythm.h5,699277.335,1776346200000.0,2026-04-16T21:30:00+08:00,8.093487673611111,8,21.5,-0.608761429008721,0.7933533402912349,1,1,2,reversal_frequency_rule,82.662841796875,2,learned,0.3476491868495941,2,right_bias,80,72,72,1,0,1,0,1,0,1,0.7770897746086121,0.0,0.0,0.0,0.22291021049022675,0.19094787026180143,0.24398465530196414,1.068278898738419,1.1188146618840007,0.8250888868126172,1.6192842004941734,1.4623490006867996,1.0684850603157348,0.761095817588316,0.9801847094963446,0.8888820657331572,0.8474171690259928,0.4947983659571767,0.5926652931970169,0.8397990853040342,0.962407486594739,0.7495442124181703,1.0837463546350339,1.0555369833916843,0.7950930137957022,0.7862022501641609,0.8237428744319691,0.9046727649385858,0.7907325769713341,nan,nan,nan,nan,nan,nan,nan,nan,nan,nan,nan,nan,nan,nan,nan,nan,nan,nan,nan,nan,nan,nan,nan,nan,0.9735802047145585,1.0949179443334267,1.540740098873366,1.7807181541756414,2.3615642631855054,2.3714343965533,0.3313520753607378,1.0007966341366512,1.890210168762452,0.6939746074708806,0.9202414357699963,1.6439313323082325
293,13,BW08_slice_001_2026-04-16_20260416-000000_slice_lfp_rhythm.h5,699277.335,1776346200000.0,2026-04-16T21:30:00+08:00,8.093487673611111,8,21.5,-0.608761429008721,0.7933533402912349,1,1,2,reversal_frequency_rule,82.662841796875,2,learned,0.3476491868495941,2,right_bias,80,72,72,1,0,1,0,1,0,1,0.7770897746086121,0.0,0.0,0.0,0.22291021049022675,0.19094787026180143,0.24398465530196414,1.068278898738419,1.1188146618840007,0.8250888868126172,1.6192842004941734,1.4623490006867996,1.0684850603157348,0.761095817588316,0.9801847094963446,0.8888820657331572,0.8474171690259928,0.4947983659571767,0.5926652931970169,0.8397990853040342,0.962407486594739,0.7495442124181703,1.0837463546350339,1.0555369833916843,0.7950930137957022,0.7862022501641609,0.8237428744319691,0.9046727649385858,0.7907325769713341,nan,nan,nan,nan,nan,nan,nan,nan,nan,nan,nan,nan,nan,nan,nan,nan,nan,nan,nan,nan,nan,nan,nan,nan,0.9735802047145585,1.0949179443334267,1.540740098873366,1.7807181541756414,2.3615642631855054,2.3714343965533,0.3313520753607378,1.0007966341366512,1.890210168762452,0.6939746074708806,0.9202414357699963,1.6439313323082325
294,13,BW08_slice_001_2026-04-16_20260416-000000_slice_lfp_rhythm.h5,702877.335,1776349800000.0,2026-04-16T22:30:00+08:00,8.135154340277778,8,22.5,-0.38268343236508956,0.9238795325112868,1,1,0,location_rule,67.87639617919922,1,intermediate,0.16713088750839233,2,right_bias,5,1,1,2,0,0,1,0,0,1,0.875,0.0,0.0,0.0,0.125,0.21667821486988972,0.2372080743893046,0.9135614433064669,1.0808783934802262,0.6225412067717491,1.3840170340160014,1.8494546297914092,1.1931841033979618,0.8136544654363231,1.2423628851150903,0.8986308585425679,0.8295746159174868,0.5380049061519756,0.5588025205849331,0.8294200426312891,1.008993824790873,0.7313417117311216,1.1738039474933644,1.18851730262784,0.8045735733526455,0.8848176738541866,0.9457423668128536,0.8318983136323483,0.8297761710522699,nan,nan,nan,nan,nan,nan,nan,nan,nan,nan,nan,nan,nan,nan,nan,nan,nan,nan,nan,nan,nan,nan,nan,nan,1.148626195824265,1.0824297590021417,0.847832566025705,0.9664084971778658,0.9578440884423222,0.8786731338603159,0.8151173167695328,0.9105603532455436,0.9449900071336075,0.7963938534112165,1.0051676297716332,0.7780305183142325
295,12,BW08_slice_001_2026-04-16_20260416-000000_slice_lfp_rhythm.h5,702877.335,1776349800000.0,2026-04-16T22:30:00+08:00,8.135154340277778,8,22.5,-0.38268343236508956,0.9238795325112868,1,1,0,location_rule,67.87639617919922,1,intermediate,0.16713088750839233,2,right_bias,5,1,1,2,0,0,1,0,0,1,0.875,0.0,0.0,0.0,0.125,0.21667821486988972,0.2372080743893046,0.9135614433064669,1.0808783934802262,0.6225412067717491,1.3840170340160014,1.8494546297914092,1.1931841033979618,0.8136544654363231,1.2423628851150903,0.8986308585425679,0.8295746159174868,0.5380049061519756,0.5588025205849331,0.8294200426312891,1.008993824790873,0.7313417117311216,1.1738039474933644,1.18851730262784,0.8045735733526455,0.8848176738541866,0.9457423668128536,0.8318983136323483,0.8297761710522699,nan,nan,nan,nan,nan,nan,nan,nan,nan,nan,nan,nan,nan,nan,nan,nan,nan,nan,nan,nan,nan,nan,nan,nan,1.148626195824265,1.0824297590021417,0.847832566025705,0.9664084971778658,0.9578440884423222,0.8786731338603159,0.8151173167695328,0.9105603532455436,0.9449900071336075,0.7963938534112165,1.0051676297716332,0.7780305183142325
296,12,BW08_slice_001_2026-04-16_20260416-000000_slice_lfp_rhythm.h5,706477.335,1776353400000.0,2026-04-16T23:30:00+08:00,8.176821006944444,8,23.5,-0.13052619222005168,0.9914448613738104,1,0,0,location_rule,52.328067779541016,0,unlearned,0.21059979498386383,2,right_bias,17,7,7,2,0,0,0,0,0,1,nan,nan,nan,nan,nan,nan,nan,nan,nan,nan,nan,nan,nan,nan,nan,nan,nan,nan,nan,nan,nan,nan,nan,nan,nan,nan,nan,nan,nan,nan,nan,nan,nan,nan,nan,nan,nan,nan,nan,nan,nan,nan,nan,nan,nan,nan,nan,nan,nan,nan,nan,nan,nan,nan,nan,nan,nan,nan,nan,nan,nan,nan,nan,nan,nan
297,13,BW08_slice_001_2026-04-16_20260416-000000_slice_lfp_rhythm.h5,706477.335,1776353400000.0,2026-04-16T23:30:00+08:00,8.176821006944444,8,23.5,-0.13052619222005168,0.9914448613738104,1,0,0,location_rule,52.328067779541016,0,unlearned,0.21059979498386383,2,right_bias,17,7,7,2,0,0,0,0,0,1,nan,nan,nan,nan,nan,nan,nan,nan,nan,nan,nan,nan,nan,nan,nan,nan,nan,nan,nan,nan,nan,nan,nan,nan,nan,nan,nan,nan,nan,nan,nan,nan,nan,nan,nan,nan,nan,nan,nan,nan,nan,nan,nan,nan,nan,nan,nan,nan,nan,nan,nan,nan,nan,nan,nan,nan,nan,nan,nan,nan,nan,nan,nan,nan,nan
298,15,BW08_slice_001_2026-04-17_20260417-000000_slice_lfp_rhythm.h5,710077.335,1776357000000.0,2026-04-17T00:30:00+08:00,8.218487673611111,8,0.5,0.13052619222005157,0.9914448613738104,1,0,0,location_rule,43.22216796875,0,unlearned,0.2983035445213318,2,right_bias,13,9,9,2,0,0,0,0,0,1,nan,nan,nan,nan,nan,nan,nan,nan,nan,nan,nan,nan,nan,nan,nan,nan,nan,nan,nan,nan,nan,nan,nan,nan,nan,nan,nan,nan,nan,nan,nan,nan,nan,nan,nan,nan,nan,nan,nan,nan,nan,nan,nan,nan,nan,nan,nan,nan,nan,nan,nan,nan,nan,nan,nan,nan,nan,nan,nan,nan,nan,nan,nan,nan,nan
299,14,BW08_slice_001_2026-04-17_20260417-000000_slice_lfp_rhythm.h5,710077.335,1776357000000.0,2026-04-17T00:30:00+08:00,8.218487673611111,8,0.5,0.13052619222005157,0.9914448613738104,1,0,0,location_rule,43.22216796875,0,unlearned,0.2983035445213318,2,right_bias,13,9,9,2,0,0,0,0,0,1,nan,nan,nan,nan,nan,nan,nan,nan,nan,nan,nan,nan,nan,nan,nan,nan,nan,nan,nan,nan,nan,nan,nan,nan,nan,nan,nan,nan,nan,nan,nan,nan,nan,nan,nan,nan,nan,nan,nan,nan,nan,nan,nan,nan,nan,nan,nan,nan,nan,nan,nan,nan,nan,nan,nan,nan,nan,nan,nan,nan,nan,nan,nan,nan,nan
300,14,BW08_slice_001_2026-04-17_20260417-000000_slice_lfp_rhythm.h5,713677.335,1776360600000.0,2026-04-17T01:30:00+08:00,8.260154340277778,8,1.5,0.3826834323650898,0.9238795325112867,1,1,0,location_rule,43.22216796875,0,unlearned,0.2983035445213318,2,right_bias,0,0,0,3,0,0,0,0,0,1,0.5790960192680359,0.0,0.4209039509296417,0.0,0.0,2.1141112987009185,1.5313300554222693,0.9515027656672448,2.8286530674655883,1.8021852693634572,1.016889459922849,4.154623039113332,3.349744912670965,0.4117152993511118,3.12945501622106,2.6109880396232974,0.48688647163002297,2.2374840633205384,1.7840236951897732,0.8317785140654667,3.153841796206017,2.05239743050825,0.9308623238932693,3.7329043135952005,3.021133200653686,0.5018591799755777,3.023757402344533,2.7360766481688192,0.5139677391899852,1.8095438451268826,1.288056250538473,1.1402425747010634,2.22724828334159,1.5385313551506272,1.4815438097145686,10.818967938858576,5.548986075565909,0.28280436460660197,3.045728251205812,2.0617314259788597,0.4321893306385562,nan,nan,nan,nan,nan,nan,nan,nan,nan,nan,nan,nan,nan,nan,nan,nan,nan,nan,nan,nan,nan,nan,nan,nan
301,15,BW08_slice_001_2026-04-17_20260417-000000_slice_lfp_rhythm.h5,713677.335,1776360600000.0,2026-04-17T01:30:00+08:00,8.260154340277778,8,1.5,0.3826834323650898,0.9238795325112867,1,1,0,location_rule,43.22216796875,0,unlearned,0.2983035445213318,2,right_bias,0,0,0,3,0,0,0,0,0,1,0.5790960192680359,0.0,0.4209039509296417,0.0,0.0,2.1141112987009185,1.5313300554222693,0.9515027656672448,2.8286530674655883,1.8021852693634572,1.016889459922849,4.154623039113332,3.349744912670965,0.4117152993511118,3.12945501622106,2.6109880396232974,0.48688647163002297,2.2374840633205384,1.7840236951897732,0.8317785140654667,3.153841796206017,2.05239743050825,0.9308623238932693,3.7329043135952005,3.021133200653686,0.5018591799755777,3.023757402344533,2.7360766481688192,0.5139677391899852,1.8095438451268826,1.288056250538473,1.1402425747010634,2.22724828334159,1.5385313551506272,1.4815438097145686,10.818967938858576,5.548986075565909,0.28280436460660197,3.045728251205812,2.0617314259788597,0.4321893306385562,nan,nan,nan,nan,nan,nan,nan,nan,nan,nan,nan,nan,nan,nan,nan,nan,nan,nan,nan,nan,nan,nan,nan,nan
302,15,BW08_slice_001_2026-04-17_20260417-000000_slice_lfp_rhythm.h5,717277.335,1776364200000.0,2026-04-17T02:30:00+08:00,8.301821006944444,8,2.5,0.6087614290087207,0.7933533402912352,1,1,0,location_rule,43.22216796875,0,unlearned,0.2983035445213318,2,right_bias,0,0,0,3,0,0,0,0,0,1,0.28611111640930176,0.0027777778450399637,0.7083333134651184,0.0027777778450399637,0.0,2.3694427695951505,1.6760343258643056,0.8496081276566951,1.3835162182800398,1.4542341077309413,0.7306487159514296,0.634953571318834,0.6843808356603439,0.46848540460144006,0.8789301777198176,1.151199763915715,0.49596187458094115,1.526406311975692,1.3918636209916053,0.8046574679653742,1.1312532818189476,1.2810637780277037,0.8623960541370165,1.027172249150296,0.9082672361285997,0.564740583504354,0.8630847509340823,0.9474475095230327,0.5098056903981311,1.5662191176703166,1.1099787264571321,0.9656000788151862,1.5813286848569137,1.26275941073212,0.7959080952681802,1.510570588040332,1.4740136468058078,0.4048640683466509,1.4927216370238543,1.3412572716843043,0.4955123507889219,1.6340901267039203,1.4993006593767573,1.0647495462870034,1.5539832147486496,1.5419680233766748,0.7112991588516299,1.268784395204342,1.1185739412608664,0.30523547373249765,1.3737714189747603,1.4794768788667108,1.060901995989232,nan,nan,nan,nan,nan,nan,nan,nan,nan,nan,nan,nan
303,14,BW08_slice_001_2026-04-17_20260417-000000_slice_lfp_rhythm.h5,717277.335,1776364200000.0,2026-04-17T02:30:00+08:00,8.301821006944444,8,2.5,0.6087614290087207,0.7933533402912352,1,1,0,location_rule,43.22216796875,0,unlearned,0.2983035445213318,2,right_bias,0,0,0,3,0,0,0,0,0,1,0.28611111640930176,0.0027777778450399637,0.7083333134651184,0.0027777778450399637,0.0,2.3694427695951505,1.6760343258643056,0.8496081276566951,1.3835162182800398,1.4542341077309413,0.7306487159514296,0.634953571318834,0.6843808356603439,0.46848540460144006,0.8789301777198176,1.151199763915715,0.49596187458094115,1.526406311975692,1.3918636209916053,0.8046574679653742,1.1312532818189476,1.2810637780277037,0.8623960541370165,1.027172249150296,0.9082672361285997,0.564740583504354,0.8630847509340823,0.9474475095230327,0.5098056903981311,1.5662191176703166,1.1099787264571321,0.9656000788151862,1.5813286848569137,1.26275941073212,0.7959080952681802,1.510570588040332,1.4740136468058078,0.4048640683466509,1.4927216370238543,1.3412572716843043,0.4955123507889219,1.6340901267039203,1.4993006593767573,1.0647495462870034,1.5539832147486496,1.5419680233766748,0.7112991588516299,1.268784395204342,1.1185739412608664,0.30523547373249765,1.3737714189747603,1.4794768788667108,1.060901995989232,nan,nan,nan,nan,nan,nan,nan,nan,nan,nan,nan,nan
304,15,BW08_slice_001_2026-04-17_20260417-000000_slice_lfp_rhythm.h5,720877.335,1776367800000.0,2026-04-17T03:30:00+08:00,8.343487673611111,8,3.5,0.7933533402912352,0.6087614290087207,1,1,0,location_rule,43.0621452331543,0,unlearned,0.15345920622348785,2,right_bias,23,16,16,1,0,0,0,0,0,1,0.7234637141227722,0.002793296007439494,0.25139665603637695,0.0,0.022346368059515953,0.8808737566116243,0.8353267420393984,0.8629455331263945,1.1504423143629274,1.0316911594047584,0.9699634530792814,1.3328494936585291,1.185731748808136,0.559803340874315,1.006951041715012,0.9830812290104746,0.5652423090757147,0.9238301813104698,0.8811413809930794,0.7844107668175528,1.0421771936345008,1.0331108897841832,0.9148007352494764,1.0194750030165654,0.9325812110975443,0.5058152768158811,0.7998753361807515,0.8303296998730053,0.5543173162526851,1.205175106402642,1.1533446657756037,0.9674200971895781,1.0770119499371165,1.1373009339274183,0.7824830088394911,0.6493197175781347,0.8079550804126281,0.6859438743439894,1.1236172466181902,1.1507842932902612,0.5265826263247172,nan,nan,nan,nan,nan,nan,nan,nan,nan,nan,nan,nan,1.409760964737748,1.0151944978366905,0.8986353102524333,1.3676910265446196,0.9111457505195385,0.8112651652845027,3.9346437074484095,3.1261266741689946,1.2217189323415112,2.3296181000896072,1.8812867266400266,0.704807873344729
305,14,BW08_slice_001_2026-04-17_20260417-000000_slice_lfp_rhythm.h5,720877.335,1776367800000.0,2026-04-17T03:30:00+08:00,8.343487673611111,8,3.5,0.7933533402912352,0.6087614290087207,1,1,0,location_rule,43.0621452331543,0,unlearned,0.15345920622348785,2,right_bias,23,16,16,1,0,0,0,0,0,1,0.7234637141227722,0.002793296007439494,0.25139665603637695,0.0,0.022346368059515953,0.8808737566116243,0.8353267420393984,0.8629455331263945,1.1504423143629274,1.0316911594047584,0.9699634530792814,1.3328494936585291,1.185731748808136,0.559803340874315,1.006951041715012,0.9830812290104746,0.5652423090757147,0.9238301813104698,0.8811413809930794,0.7844107668175528,1.0421771936345008,1.0331108897841832,0.9148007352494764,1.0194750030165654,0.9325812110975443,0.5058152768158811,0.7998753361807515,0.8303296998730053,0.5543173162526851,1.205175106402642,1.1533446657756037,0.9674200971895781,1.0770119499371165,1.1373009339274183,0.7824830088394911,0.6493197175781347,0.8079550804126281,0.6859438743439894,1.1236172466181902,1.1507842932902612,0.5265826263247172,nan,nan,nan,nan,nan,nan,nan,nan,nan,nan,nan,nan,1.409760964737748,1.0151944978366905,0.8986353102524333,1.3676910265446196,0.9111457505195385,0.8112651652845027,3.9346437074484095,3.1261266741689946,1.2217189323415112,2.3296181000896072,1.8812867266400266,0.704807873344729
306,14,BW08_slice_001_2026-04-17_20260417-000000_slice_lfp_rhythm.h5,724477.335,1776371400000.0,2026-04-17T04:30:00+08:00,8.385154340277778,8,4.5,0.9238795325112867,0.38268343236508984,1,1,0,location_rule,46.36288070678711,0,unlearned,-0.09719942510128021,1,neutral,91,82,82,1,0,0,0,0,0,0,0.7444444298744202,0.0,0.17499999701976776,0.0,0.08055555820465088,0.9697252421329423,0.6741084154525357,1.1200297626392033,2.525471705961387,1.8062982212688923,1.8513729375550183,3.339601917118616,2.8479572202386434,0.9884130468193824,2.584397829400661,1.791711105541095,0.8776709864705893,1.5234637216407483,1.1634906230111457,1.089362040185346,2.564664932817554,2.232442146057261,1.729536082745633,2.4673008149838114,2.2086608522841518,1.1997486018093375,2.182982252852174,1.7603364865557154,0.9694095491346401,1.4089756030779912,0.8545604919363264,0.8996816311817879,1.5287571181076565,1.0962749272634162,0.733779227521087,3.455364473274867,1.861398703359188,0.31301316441351135,1.6073184893674373,1.2283072713401129,0.38241214506686116,nan,nan,nan,nan,nan,nan,nan,nan,nan,nan,nan,nan,1.0583377560137301,0.8193260373759663,1.0061851441855643,1.1553522683553734,1.363599283752276,1.5529426076245612,0.604228190521347,0.8751217373459701,1.1602641788068704,1.0643970553537387,1.1264439490806786,1.116856740481561
307,15,BW08_slice_001_2026-04-17_20260417-000000_slice_lfp_rhythm.h5,724477.335,1776371400000.0,2026-04-17T04:30:00+08:00,8.385154340277778,8,4.5,0.9238795325112867,0.38268343236508984,1,1,0,location_rule,46.36288070678711,0,unlearned,-0.09719942510128021,1,neutral,91,82,82,1,0,0,0,0,0,0,0.7444444298744202,0.0,0.17499999701976776,0.0,0.08055555820465088,0.9697252421329423,0.6741084154525357,1.1200297626392033,2.525471705961387,1.8062982212688923,1.8513729375550183,3.339601917118616,2.8479572202386434,0.9884130468193824,2.584397829400661,1.791711105541095,0.8776709864705893,1.5234637216407483,1.1634906230111457,1.089362040185346,2.564664932817554,2.232442146057261,1.729536082745633,2.4673008149838114,2.2086608522841518,1.1997486018093375,2.182982252852174,1.7603364865557154,0.9694095491346401,1.4089756030779912,0.8545604919363264,0.8996816311817879,1.5287571181076565,1.0962749272634162,0.733779227521087,3.455364473274867,1.861398703359188,0.31301316441351135,1.6073184893674373,1.2283072713401129,0.38241214506686116,nan,nan,nan,nan,nan,nan,nan,nan,nan,nan,nan,nan,1.0583377560137301,0.8193260373759663,1.0061851441855643,1.1553522683553734,1.363599283752276,1.5529426076245612,0.604228190521347,0.8751217373459701,1.1602641788068704,1.0643970553537387,1.1264439490806786,1.116856740481561
308,15,BW08_slice_001_2026-04-17_20260417-000000_slice_lfp_rhythm.h5,728077.335,1776375000000.0,2026-04-17T05:30:00+08:00,8.426821006944444,8,5.5,0.9914448613738104,0.1305261922200517,1,1,0,location_rule,48.99668502807617,0,unlearned,-0.0929611325263977,1,neutral,6,0,0,2,0,0,0,0,0,0,0.7472222447395325,0.0,0.15555556118488312,0.0,0.0972222238779068,0.9108316732753126,0.6463063301706703,0.9803666508446987,1.59263691123017,1.2932079098680582,1.6049538829869494,1.6420233526372399,1.5873329687573112,0.6237353464263128,1.6221378764804282,1.474638549866752,0.7705543545886377,1.2568233649599996,0.9478950573923526,0.9143079200921643,1.4507708882003942,1.4289774042472854,1.4643911858007506,1.1866241228508392,1.2021147324952974,0.7210575311477152,1.3035560382628837,1.377132960490738,0.8258411450738624,1.6525213300948025,1.0878809470333355,1.021656202478335,1.5973809604333642,1.1946126929700431,0.7737793097098509,1.9783213518518186,1.4792550529358366,0.2700679044557717,1.6146799939943508,1.401449686721097,0.3613205764185084,nan,nan,nan,nan,nan,nan,nan,nan,nan,nan,nan,nan,1.042092265140887,0.9079964220516529,0.8509776940740168,1.4504813006839452,1.165031565593118,1.2170622313242074,3.041028774493813,1.643055317139039,1.126051403774007,2.5484056780599453,2.0388503955007584,1.0955638588016365
309,14,BW08_slice_001_2026-04-17_20260417-000000_slice_lfp_rhythm.h5,728077.335,1776375000000.0,2026-04-17T05:30:00+08:00,8.426821006944444,8,5.5,0.9914448613738104,0.1305261922200517,1,1,0,location_rule,48.99668502807617,0,unlearned,-0.0929611325263977,1,neutral,6,0,0,2,0,0,0,0,0,0,0.7472222447395325,0.0,0.15555556118488312,0.0,0.0972222238779068,0.9108316732753126,0.6463063301706703,0.9803666508446987,1.59263691123017,1.2932079098680582,1.6049538829869494,1.6420233526372399,1.5873329687573112,0.6237353464263128,1.6221378764804282,1.474638549866752,0.7705543545886377,1.2568233649599996,0.9478950573923526,0.9143079200921643,1.4507708882003942,1.4289774042472854,1.4643911858007506,1.1866241228508392,1.2021147324952974,0.7210575311477152,1.3035560382628837,1.377132960490738,0.8258411450738624,1.6525213300948025,1.0878809470333355,1.021656202478335,1.5973809604333642,1.1946126929700431,0.7737793097098509,1.9783213518518186,1.4792550529358366,0.2700679044557717,1.6146799939943508,1.401449686721097,0.3613205764185084,nan,nan,nan,nan,nan,nan,nan,nan,nan,nan,nan,nan,1.042092265140887,0.9079964220516529,0.8509776940740168,1.4504813006839452,1.165031565593118,1.2170622313242074,3.041028774493813,1.643055317139039,1.126051403774007,2.5484056780599453,2.0388503955007584,1.0955638588016365
310,15,BW08_slice_001_2026-04-17_20260417-000000_slice_lfp_rhythm.h5,731677.335,1776378600000.0,2026-04-17T06:30:00+08:00,8.468487673611111,8,6.5,0.9914448613738104,-0.1305261922200516,0,1,0,location_rule,48.99668502807617,0,unlearned,-0.0929611325263977,1,neutral,0,0,0,3,0,0,0,0,0,0,0.3777777850627899,0.0,0.5972222089767456,0.02500000037252903,0.0,1.8571249293424439,1.0908287078222936,0.8033226407431492,1.5708640798714253,1.4293415516518027,1.1561412512748002,0.9448922128083644,0.8806212894052677,1.54571270205093,1.1809599377212445,1.215534326240258,1.153053890697785,1.5175321519911646,1.106004027148688,0.7855743492529763,1.5254397717743604,1.4979013301956725,1.3235772998399655,1.2981196096446397,1.1584619811270538,2.5026734803522888,1.346945158100226,1.303603861262001,1.584108222329722,1.3512958261767454,0.7772488316214834,0.8860251570324824,1.5889440093335534,1.163344624570601,1.261030261589357,1.1194366952010486,1.0156227310354535,0.9310086027214444,1.4101601235303047,1.1699529965957278,0.8844561577348121,2.653849477147641,1.2709755677338141,0.8676459320427654,2.6878765304836274,1.6445000007808288,1.3363829131280525,1.0857779029135288,1.1229824068993277,0.29793631597979464,2.2462906407439367,1.819474360727942,0.36781639356192586,nan,nan,nan,nan,nan,nan,nan,nan,nan,nan,nan,nan
311,14,BW08_slice_001_2026-04-17_20260417-000000_slice_lfp_rhythm.h5,731677.335,1776378600000.0,2026-04-17T06:30:00+08:00,8.468487673611111,8,6.5,0.9914448613738104,-0.1305261922200516,0,1,0,location_rule,48.99668502807617,0,unlearned,-0.0929611325263977,1,neutral,0,0,0,3,0,0,0,0,0,0,0.3777777850627899,0.0,0.5972222089767456,0.02500000037252903,0.0,1.8571249293424439,1.0908287078222936,0.8033226407431492,1.5708640798714253,1.4293415516518027,1.1561412512748002,0.9448922128083644,0.8806212894052677,1.54571270205093,1.1809599377212445,1.215534326240258,1.153053890697785,1.5175321519911646,1.106004027148688,0.7855743492529763,1.5254397717743604,1.4979013301956725,1.3235772998399655,1.2981196096446397,1.1584619811270538,2.5026734803522888,1.346945158100226,1.303603861262001,1.584108222329722,1.3512958261767454,0.7772488316214834,0.8860251570324824,1.5889440093335534,1.163344624570601,1.261030261589357,1.1194366952010486,1.0156227310354535,0.9310086027214444,1.4101601235303047,1.1699529965957278,0.8844561577348121,2.653849477147641,1.2709755677338141,0.8676459320427654,2.6878765304836274,1.6445000007808288,1.3363829131280525,1.0857779029135288,1.1229824068993277,0.29793631597979464,2.2462906407439367,1.819474360727942,0.36781639356192586,nan,nan,nan,nan,nan,nan,nan,nan,nan,nan,nan,nan
312,15,BW08_slice_001_2026-04-17_20260417-000000_slice_lfp_rhythm.h5,735277.335,1776382200000.0,2026-04-17T07:30:00+08:00,8.510154340277778,8,7.5,0.9238795325112868,-0.3826834323650895,0,1,0,location_rule,54.78501510620117,0,unlearned,-0.18155770003795624,0,left_bias,22,17,17,1,0,0,0,0,1,0,0.4749999940395355,0.0,0.5027777552604675,0.02222222276031971,0.0,1.2321292116120617,0.7980107046150389,0.6766942849652261,1.5900636881438903,1.030945853342432,0.9692720022388741,2.3099604380094005,1.198676115231128,1.551207637634849,1.7744417580357752,1.0654385696021278,1.3429992990421684,1.500310826380832,0.7918692010936726,0.5895061897358602,1.952662293406705,0.9793355644460441,0.8784365793889547,2.6616511692738194,1.350028079881783,1.6604469869745706,2.1493488830756085,1.1112819247865373,1.1444996693692664,0.9359342459614862,0.6512893556728107,0.8091705244075221,1.1261186215766694,0.9966786104946131,1.3903499341956618,1.0742237086226663,1.012482006141263,1.392364931130711,1.026972535513475,0.9696578856881714,1.5366676373239274,0.9882456563716301,0.6389942193855241,0.8184701851587032,1.0920131207968409,0.9012537831906852,0.8679979114516948,1.6464884066463739,0.9862188719444381,0.7379084632483593,1.2641572644917065,1.047215077746119,0.85421930126361,nan,nan,nan,nan,nan,nan,nan,nan,nan,nan,nan,nan
313,14,BW08_slice_001_2026-04-17_20260417-000000_slice_lfp_rhythm.h5,735277.335,1776382200000.0,2026-04-17T07:30:00+08:00,8.510154340277778,8,7.5,0.9238795325112868,-0.3826834323650895,0,1,0,location_rule,54.78501510620117,0,unlearned,-0.18155770003795624,0,left_bias,22,17,17,1,0,0,0,0,1,0,0.4749999940395355,0.0,0.5027777552604675,0.02222222276031971,0.0,1.2321292116120617,0.7980107046150389,0.6766942849652261,1.5900636881438903,1.030945853342432,0.9692720022388741,2.3099604380094005,1.198676115231128,1.551207637634849,1.7744417580357752,1.0654385696021278,1.3429992990421684,1.500310826380832,0.7918692010936726,0.5895061897358602,1.952662293406705,0.9793355644460441,0.8784365793889547,2.6616511692738194,1.350028079881783,1.6604469869745706,2.1493488830756085,1.1112819247865373,1.1444996693692664,0.9359342459614862,0.6512893556728107,0.8091705244075221,1.1261186215766694,0.9966786104946131,1.3903499341956618,1.0742237086226663,1.012482006141263,1.392364931130711,1.026972535513475,0.9696578856881714,1.5366676373239274,0.9882456563716301,0.6389942193855241,0.8184701851587032,1.0920131207968409,0.9012537831906852,0.8679979114516948,1.6464884066463739,0.9862188719444381,0.7379084632483593,1.2641572644917065,1.047215077746119,0.85421930126361,nan,nan,nan,nan,nan,nan,nan,nan,nan,nan,nan,nan
314,15,BW08_slice_001_2026-04-17_20260417-000000_slice_lfp_rhythm.h5,738877.335,1776385800000.0,2026-04-17T08:30:00+08:00,8.551821006944444,8,8.5,0.7933533402912352,-0.6087614290087207,0,1,0,location_rule,52.70084762573242,0,unlearned,-0.18066520988941193,0,left_bias,3,0,0,2,0,0,0,0,1,0,0.2611111104488373,0.0055555556900799274,0.6000000238418579,0.13333334028720856,0.0,1.0354960602091703,0.9570242367917611,0.6545174105854101,0.713946222855489,0.9891644781958665,0.6752619704291253,0.249232249940993,0.3648375132458147,0.7169606944438316,0.467900074744376,0.6700237261968974,0.5125854305162852,0.8546371955387267,0.8337082762648599,0.6379092149054637,0.5940761516257328,0.8238826954919821,0.7688235533506846,0.42794657680673165,0.5631312739259091,1.1326545805187322,0.5275775132624662,0.5675759053691706,0.7473523637505265,0.7464730630299647,0.6750747739035478,0.738723676460663,0.9108809333148744,0.9220629368142187,0.7681027204879126,0.6888516123218833,0.7388395239421263,0.5482881267733084,0.8037683431627403,0.8543856597127842,0.4001521869110976,0.8473510152022826,0.7807297372709138,0.7862233706166525,0.9662327814026631,0.9368756875650073,0.7116588994062821,0.93331455568139,0.7973101373870438,0.4633079963855994,0.8821317053564314,0.9029552562474352,0.6293657517755079,nan,nan,nan,nan,nan,nan,nan,nan,nan,nan,nan,nan
315,14,BW08_slice_001_2026-04-17_20260417-000000_slice_lfp_rhythm.h5,738877.335,1776385800000.0,2026-04-17T08:30:00+08:00,8.551821006944444,8,8.5,0.7933533402912352,-0.6087614290087207,0,1,0,location_rule,52.70084762573242,0,unlearned,-0.18066520988941193,0,left_bias,3,0,0,2,0,0,0,0,1,0,0.2611111104488373,0.0055555556900799274,0.6000000238418579,0.13333334028720856,0.0,1.0354960602091703,0.9570242367917611,0.6545174105854101,0.713946222855489,0.9891644781958665,0.6752619704291253,0.249232249940993,0.3648375132458147,0.7169606944438316,0.467900074744376,0.6700237261968974,0.5125854305162852,0.8546371955387267,0.8337082762648599,0.6379092149054637,0.5940761516257328,0.8238826954919821,0.7688235533506846,0.42794657680673165,0.5631312739259091,1.1326545805187322,0.5275775132624662,0.5675759053691706,0.7473523637505265,0.7464730630299647,0.6750747739035478,0.738723676460663,0.9108809333148744,0.9220629368142187,0.7681027204879126,0.6888516123218833,0.7388395239421263,0.5482881267733084,0.8037683431627403,0.8543856597127842,0.4001521869110976,0.8473510152022826,0.7807297372709138,0.7862233706166525,0.9662327814026631,0.9368756875650073,0.7116588994062821,0.93331455568139,0.7973101373870438,0.4633079963855994,0.8821317053564314,0.9029552562474352,0.6293657517755079,nan,nan,nan,nan,nan,nan,nan,nan,nan,nan,nan,nan
316,15,BW08_slice_001_2026-04-17_20260417-000000_slice_lfp_rhythm.h5,742477.335,1776389400000.0,2026-04-17T09:30:00+08:00,8.593487673611111,8,9.5,0.6087614290087209,-0.793353340291235,0,1,0,location_rule,52.70084762573242,0,unlearned,-0.18066520988941193,0,left_bias,0,0,0,3,0,0,0,0,1,0,0.32499998807907104,0.0055555556900799274,0.6333333253860474,0.03611111268401146,0.0,1.0959649734535053,1.073425536095637,0.7162267643518018,0.7757573783406654,1.149580886003826,0.8741630269965558,0.45521812294481123,0.8191151307023434,1.0975805301761645,0.6636234762307379,1.0054898146532605,0.6007308391483167,1.2297075809681448,1.1802666927539678,0.6813678334107971,0.7288903332122277,1.1753642925370533,0.9219563793570756,0.6812142325444441,1.2541736515298993,0.8580064662043541,0.8221726839584177,1.3130008960385748,0.5863391608676563,0.7210526274040496,0.7164549420913495,0.8102945658503915,0.8619911938851536,0.994240777066767,1.0991712497339055,0.8683464955840325,0.8742513290778915,1.1155872154546915,0.8187875563174486,0.8546506650570436,0.6057937356583537,1.4599994980237452,1.2655531297919063,0.8525523571737873,1.6025816807283153,1.5320533849058606,0.9514191354621023,1.4590846461862625,1.0831713065563597,1.6684471663459473,1.4836841307212654,1.4549778904053898,0.8158171195860185,nan,nan,nan,nan,nan,nan,nan,nan,nan,nan,nan,nan
317,14,BW08_slice_001_2026-04-17_20260417-000000_slice_lfp_rhythm.h5,742477.335,1776389400000.0,2026-04-17T09:30:00+08:00,8.593487673611111,8,9.5,0.6087614290087209,-0.793353340291235,0,1,0,location_rule,52.70084762573242,0,unlearned,-0.18066520988941193,0,left_bias,0,0,0,3,0,0,0,0,1,0,0.32499998807907104,0.0055555556900799274,0.6333333253860474,0.03611111268401146,0.0,1.0959649734535053,1.073425536095637,0.7162267643518018,0.7757573783406654,1.149580886003826,0.8741630269965558,0.45521812294481123,0.8191151307023434,1.0975805301761645,0.6636234762307379,1.0054898146532605,0.6007308391483167,1.2297075809681448,1.1802666927539678,0.6813678334107971,0.7288903332122277,1.1753642925370533,0.9219563793570756,0.6812142325444441,1.2541736515298993,0.8580064662043541,0.8221726839584177,1.3130008960385748,0.5863391608676563,0.7210526274040496,0.7164549420913495,0.8102945658503915,0.8619911938851536,0.994240777066767,1.0991712497339055,0.8683464955840325,0.8742513290778915,1.1155872154546915,0.8187875563174486,0.8546506650570436,0.6057937356583537,1.4599994980237452,1.2655531297919063,0.8525523571737873,1.6025816807283153,1.5320533849058606,0.9514191354621023,1.4590846461862625,1.0831713065563597,1.6684471663459473,1.4836841307212654,1.4549778904053898,0.8158171195860185,nan,nan,nan,nan,nan,nan,nan,nan,nan,nan,nan,nan
318,15,BW08_slice_001_2026-04-17_20260417-000000_slice_lfp_rhythm.h5,746077.335,1776393000000.0,2026-04-17T10:30:00+08:00,8.635154340277778,8,10.5,0.3826834323650899,-0.9238795325112867,0,1,0,location_rule,52.70084762573242,0,unlearned,-0.18066520988941193,0,left_bias,0,0,0,3,0,0,0,0,1,0,0.5666666626930237,0.0027777778450399637,0.4000000059604645,0.03055555559694767,0.0,0.7979952303033911,0.7476907194267092,0.7567567956305787,0.838692890161551,1.057585923340178,0.885315281770453,0.7492072884873133,0.9253494167328595,0.6102249456269873,1.0493546598774361,1.017312600058923,0.684020473064381,1.0025855814400748,0.9430817956874853,0.7206795111830613,0.7966504381414352,1.0631606439935382,0.8256647389007545,0.7166296744241627,0.893263049861851,0.8204320372363828,1.0567457084021772,1.0584535870398943,0.9461729915620568,0.6811687458841187,0.6288442321470076,0.808497511397729,0.8544976921066257,0.9926469588727344,1.157128544372438,0.588966329345045,0.7511275328985623,0.3159331414638744,0.7666069668817693,0.8039048744708085,0.27016082106084616,1.3661366421568657,1.2685868201540191,0.8622899128666073,1.5659715193851997,1.6146093699911273,1.1436801076397223,0.5980121534926627,0.9367340591266495,0.27241785396183,1.2431418411133541,1.3762684306352986,0.2831007870316484,nan,nan,nan,nan,nan,nan,nan,nan,nan,nan,nan,nan
319,14,BW08_slice_001_2026-04-17_20260417-000000_slice_lfp_rhythm.h5,746077.335,1776393000000.0,2026-04-17T10:30:00+08:00,8.635154340277778,8,10.5,0.3826834323650899,-0.9238795325112867,0,1,0,location_rule,52.70084762573242,0,unlearned,-0.18066520988941193,0,left_bias,0,0,0,3,0,0,0,0,1,0,0.5666666626930237,0.0027777778450399637,0.4000000059604645,0.03055555559694767,0.0,0.7979952303033911,0.7476907194267092,0.7567567956305787,0.838692890161551,1.057585923340178,0.885315281770453,0.7492072884873133,0.9253494167328595,0.6102249456269873,1.0493546598774361,1.017312600058923,0.684020473064381,1.0025855814400748,0.9430817956874853,0.7206795111830613,0.7966504381414352,1.0631606439935382,0.8256647389007545,0.7166296744241627,0.893263049861851,0.8204320372363828,1.0567457084021772,1.0584535870398943,0.9461729915620568,0.6811687458841187,0.6288442321470076,0.808497511397729,0.8544976921066257,0.9926469588727344,1.157128544372438,0.588966329345045,0.7511275328985623,0.3159331414638744,0.7666069668817693,0.8039048744708085,0.27016082106084616,1.3661366421568657,1.2685868201540191,0.8622899128666073,1.5659715193851997,1.6146093699911273,1.1436801076397223,0.5980121534926627,0.9367340591266495,0.27241785396183,1.2431418411133541,1.3762684306352986,0.2831007870316484,nan,nan,nan,nan,nan,nan,nan,nan,nan,nan,nan,nan
320,15,BW08_slice_001_2026-04-17_20260417-000000_slice_lfp_rhythm.h5,749677.335,1776396600000.0,2026-04-17T11:30:00+08:00,8.676821006944444,8,11.5,0.130526192220052,-0.9914448613738104,0,1,0,location_rule,52.70084762573242,0,unlearned,-0.18066520988941193,0,left_bias,0,0,0,3,0,0,0,0,1,0,0.4194444417953491,0.0027777778450399637,0.5277777910232544,0.05000000074505806,0.0,1.1492121563849667,0.7660915498272275,0.7541924243768848,1.0713096035489469,1.1293814273052645,0.8123046634541639,0.7100757931301992,0.9621945845891918,1.223018083287555,1.0375739171461393,1.1278596622620853,0.9103170584015806,1.301587823319272,0.8643465020993981,0.7353897972441319,0.9955570947052239,1.1107709230454466,0.7535247483475667,0.9256364307542204,1.250061290738214,0.9167949737424834,1.2582322181305479,1.3334740715673405,0.9160116775347195,0.8159493287448943,0.551031175352873,0.8273681566045825,1.1836517416563082,1.006344707581169,1.079087193914123,0.8478890231561094,0.9139131904601079,1.2254045975098167,1.0087562924988678,0.9555928020896878,0.8309194041953375,1.9745798847805467,0.947929199503671,0.8718440600529114,2.323013854437219,1.6493762970543566,1.3315364079492344,1.032401629658818,1.0848771480250117,2.369251465994685,1.8925831884398743,1.608166409259546,1.642665936467316,nan,nan,nan,nan,nan,nan,nan,nan,nan,nan,nan,nan
321,14,BW08_slice_001_2026-04-17_20260417-000000_slice_lfp_rhythm.h5,749677.335,1776396600000.0,2026-04-17T11:30:00+08:00,8.676821006944444,8,11.5,0.130526192220052,-0.9914448613738104,0,1,0,location_rule,52.70084762573242,0,unlearned,-0.18066520988941193,0,left_bias,0,0,0,3,0,0,0,0,1,0,0.4194444417953491,0.0027777778450399637,0.5277777910232544,0.05000000074505806,0.0,1.1492121563849667,0.7660915498272275,0.7541924243768848,1.0713096035489469,1.1293814273052645,0.8123046634541639,0.7100757931301992,0.9621945845891918,1.223018083287555,1.0375739171461393,1.1278596622620853,0.9103170584015806,1.301587823319272,0.8643465020993981,0.7353897972441319,0.9955570947052239,1.1107709230454466,0.7535247483475667,0.9256364307542204,1.250061290738214,0.9167949737424834,1.2582322181305479,1.3334740715673405,0.9160116775347195,0.8159493287448943,0.551031175352873,0.8273681566045825,1.1836517416563082,1.006344707581169,1.079087193914123,0.8478890231561094,0.9139131904601079,1.2254045975098167,1.0087562924988678,0.9555928020896878,0.8309194041953375,1.9745798847805467,0.947929199503671,0.8718440600529114,2.323013854437219,1.6493762970543566,1.3315364079492344,1.032401629658818,1.0848771480250117,2.369251465994685,1.8925831884398743,1.608166409259546,1.642665936467316,nan,nan,nan,nan,nan,nan,nan,nan,nan,nan,nan,nan
322,14,BW08_slice_001_2026-04-17_20260417-000000_slice_lfp_rhythm.h5,753277.335,1776400200000.0,2026-04-17T12:30:00+08:00,8.718487673611111,8,12.5,-0.13052619222005177,-0.9914448613738104,0,1,0,location_rule,52.70084762573242,0,unlearned,-0.18066520988941193,0,left_bias,0,0,0,3,0,0,0,0,1,0,0.16111111640930176,0.01666666753590107,0.6916666626930237,0.13055555522441864,0.0,1.0017618753683537,0.7578017202709586,0.6974534355846991,0.7611909193818219,1.0597686317098887,0.7894850055124113,0.13335013177478464,0.2952695172362605,1.0912441419705576,0.42918222724021565,0.6875458360838719,0.5167526892372638,1.2527056303321493,1.12450931617575,0.661104889527189,0.49036819408242,1.0808118272404357,0.7047437423012268,0.24524104663572732,0.5348022903782639,0.9573097337859942,0.3871748453020951,0.655937837310581,0.5778480329321259,0.6281326751388089,0.46491463905717006,0.798778669412507,0.9932044418841146,0.9117906957850819,1.095945061716069,0.7710961209366572,0.8280057994697566,1.1697915747362657,0.8966307504955013,0.8500725362329368,0.5569145572698321,0.7337123302471428,0.5173792767849813,0.8826516198821097,1.0087533389765537,0.867266940890143,1.1214242758542303,0.6704955628972042,0.7894311277498733,0.47548219613274495,1.0222091491476972,0.879285162335573,0.35551125199179184,nan,nan,nan,nan,nan,nan,nan,nan,nan,nan,nan,nan
323,15,BW08_slice_001_2026-04-17_20260417-000000_slice_lfp_rhythm.h5,753277.335,1776400200000.0,2026-04-17T12:30:00+08:00,8.718487673611111,8,12.5,-0.13052619222005177,-0.9914448613738104,0,1,0,location_rule,52.70084762573242,0,unlearned,-0.18066520988941193,0,left_bias,0,0,0,3,0,0,0,0,1,0,0.16111111640930176,0.01666666753590107,0.6916666626930237,0.13055555522441864,0.0,1.0017618753683537,0.7578017202709586,0.6974534355846991,0.7611909193818219,1.0597686317098887,0.7894850055124113,0.13335013177478464,0.2952695172362605,1.0912441419705576,0.42918222724021565,0.6875458360838719,0.5167526892372638,1.2527056303321493,1.12450931617575,0.661104889527189,0.49036819408242,1.0808118272404357,0.7047437423012268,0.24524104663572732,0.5348022903782639,0.9573097337859942,0.3871748453020951,0.655937837310581,0.5778480329321259,0.6281326751388089,0.46491463905717006,0.798778669412507,0.9932044418841146,0.9117906957850819,1.095945061716069,0.7710961209366572,0.8280057994697566,1.1697915747362657,0.8966307504955013,0.8500725362329368,0.5569145572698321,0.7337123302471428,0.5173792767849813,0.8826516198821097,1.0087533389765537,0.867266940890143,1.1214242758542303,0.6704955628972042,0.7894311277498733,0.47548219613274495,1.0222091491476972,0.879285162335573,0.35551125199179184,nan,nan,nan,nan,nan,nan,nan,nan,nan,nan,nan,nan
324,15,BW08_slice_001_2026-04-17_20260417-000000_slice_lfp_rhythm.h5,756877.335,1776403800000.0,2026-04-17T13:30:00+08:00,8.760154340277778,8,13.5,-0.38268343236508967,-0.9238795325112868,0,1,0,location_rule,52.70084762573242,0,unlearned,-0.18066520988941193,0,left_bias,0,0,0,3,0,0,0,0,1,0,0.27222222089767456,0.0055555556900799274,0.6000000238418579,0.12222222238779068,0.0,0.7463173139573496,0.6687717888333528,0.7214566579925185,0.6977235707732145,1.118293315865334,0.9039311447448973,0.2695106752859463,0.4823632248659388,0.8084349028392485,0.45650709063081435,0.6870836767177148,0.5799325539331047,0.9194148056592649,0.8091329921182737,0.6935806023599684,0.6580914360140179,1.2722801664204746,0.9740145068189712,0.45719373518730516,0.7681783118827965,0.9641076982114484,0.5673606573331563,0.7093140985367463,0.8310229254130176,0.49175117545357844,0.4442366302762649,0.8130098369659793,0.8006509429564231,0.9208345955608611,1.1451028348189078,0.6697632047683125,0.8204343522448788,0.7260165641261083,0.6821223834589304,0.7721956438350531,0.49176007468384136,0.8774783565924857,0.6008539942361205,0.8947098657658992,1.3092158516578916,1.1587007630999147,1.1705549317215482,0.8697794806714519,0.9362073688221857,0.6079685501484074,1.0651271489114333,1.1067144968697527,0.4988318724317757,nan,nan,nan,nan,nan,nan,nan,nan,nan,nan,nan,nan
325,14,BW08_slice_001_2026-04-17_20260417-000000_slice_lfp_rhythm.h5,756877.335,1776403800000.0,2026-04-17T13:30:00+08:00,8.760154340277778,8,13.5,-0.38268343236508967,-0.9238795325112868,0,1,0,location_rule,52.70084762573242,0,unlearned,-0.18066520988941193,0,left_bias,0,0,0,3,0,0,0,0,1,0,0.27222222089767456,0.0055555556900799274,0.6000000238418579,0.12222222238779068,0.0,0.7463173139573496,0.6687717888333528,0.7214566579925185,0.6977235707732145,1.118293315865334,0.9039311447448973,0.2695106752859463,0.4823632248659388,0.8084349028392485,0.45650709063081435,0.6870836767177148,0.5799325539331047,0.9194148056592649,0.8091329921182737,0.6935806023599684,0.6580914360140179,1.2722801664204746,0.9740145068189712,0.45719373518730516,0.7681783118827965,0.9641076982114484,0.5673606573331563,0.7093140985367463,0.8310229254130176,0.49175117545357844,0.4442366302762649,0.8130098369659793,0.8006509429564231,0.9208345955608611,1.1451028348189078,0.6697632047683125,0.8204343522448788,0.7260165641261083,0.6821223834589304,0.7721956438350531,0.49176007468384136,0.8774783565924857,0.6008539942361205,0.8947098657658992,1.3092158516578916,1.1587007630999147,1.1705549317215482,0.8697794806714519,0.9362073688221857,0.6079685501484074,1.0651271489114333,1.1067144968697527,0.4988318724317757,nan,nan,nan,nan,nan,nan,nan,nan,nan,nan,nan,nan
326,14,BW08_slice_001_2026-04-17_20260417-000000_slice_lfp_rhythm.h5,760477.335,1776407400000.0,2026-04-17T14:30:00+08:00,8.801821006944444,8,14.5,-0.6087614290087207,-0.7933533402912352,0,1,0,location_rule,40.337406158447266,0,unlearned,0.02772556059062481,1,neutral,52,43,43,1,0,0,0,0,0,0,0.6751412153244019,0.0028248587623238564,0.2118644118309021,0.028248587623238564,0.08192090690135956,0.641731920358826,0.4605544267879161,0.8607249587882926,1.2002845039339964,1.3314474504555371,1.0194165682193068,1.4854698752758104,2.07115351561706,1.2101009903639792,1.5957543852164235,1.388528579245979,0.8987335352449176,1.178138455347027,0.7579921335269358,0.7887511794922093,1.1822375419750255,1.5977795246794058,0.8500792097790363,1.1802691471579645,1.740618941224173,0.6875664047535917,1.425509327280066,1.4280613390073735,0.656011619144266,0.6514782197078777,0.5003983690394826,0.8823664939916293,1.1273334815488598,1.0707428038367341,1.5128696421729657,2.369666900495522,1.5777877922864012,2.810695384923856,1.2759383813394338,0.9909093064509871,1.5989346269925857,1.5942759802268927,1.03557955448396,0.9457291498879039,2.1410617778081167,1.8008138351047585,1.438666565515937,0.9540848513357736,1.1517399730247848,2.6302328654802114,1.6482278772622465,1.8304667507569736,1.650084065098869,0.9402470463243479,0.614235217523639,1.0153899460064064,1.253828839387142,1.3977852426066175,1.2381633849071416,1.296347516535817,1.2791596877423537,0.9575739662001819,0.9187799879724178,0.8764689044677089,1.049299432581886
327,15,BW08_slice_001_2026-04-17_20260417-000000_slice_lfp_rhythm.h5,760477.335,1776407400000.0,2026-04-17T14:30:00+08:00,8.801821006944444,8,14.5,-0.6087614290087207,-0.7933533402912352,0,1,0,location_rule,40.337406158447266,0,unlearned,0.02772556059062481,1,neutral,52,43,43,1,0,0,0,0,0,0,0.6751412153244019,0.0028248587623238564,0.2118644118309021,0.028248587623238564,0.08192090690135956,0.641731920358826,0.4605544267879161,0.8607249587882926,1.2002845039339964,1.3314474504555371,1.0194165682193068,1.4854698752758104,2.07115351561706,1.2101009903639792,1.5957543852164235,1.388528579245979,0.8987335352449176,1.178138455347027,0.7579921335269358,0.7887511794922093,1.1822375419750255,1.5977795246794058,0.8500792097790363,1.1802691471579645,1.740618941224173,0.6875664047535917,1.425509327280066,1.4280613390073735,0.656011619144266,0.6514782197078777,0.5003983690394826,0.8823664939916293,1.1273334815488598,1.0707428038367341,1.5128696421729657,2.369666900495522,1.5777877922864012,2.810695384923856,1.2759383813394338,0.9909093064509871,1.5989346269925857,1.5942759802268927,1.03557955448396,0.9457291498879039,2.1410617778081167,1.8008138351047585,1.438666565515937,0.9540848513357736,1.1517399730247848,2.6302328654802114,1.6482278772622465,1.8304667507569736,1.650084065098869,0.9402470463243479,0.614235217523639,1.0153899460064064,1.253828839387142,1.3977852426066175,1.2381633849071416,1.296347516535817,1.2791596877423537,0.9575739662001819,0.9187799879724178,0.8764689044677089,1.049299432581886
328,15,BW08_slice_001_2026-04-17_20260417-000000_slice_lfp_rhythm.h5,764077.335,1776411000000.0,2026-04-17T15:30:00+08:00,8.843487673611111,8,15.5,-0.7933533402912349,-0.6087614290087209,0,1,0,location_rule,40.337406158447266,0,unlearned,0.02772556059062481,1,neutral,0,0,0,3,0,0,0,0,0,0,0.4318840503692627,0.0,0.5159420371055603,0.052173912525177,0.0,1.094144780500737,0.7086985364599182,0.9085584819410294,1.5065595555267877,1.3782369936457382,1.098554361467328,1.4611506844146152,1.657559553272165,1.2462383277807534,1.5573665209747871,1.3431232010866114,0.977956657320878,1.2989537585727513,0.8301288008106013,0.9676833182493481,1.7101063015245461,1.534907349617117,1.1095308407669002,1.8705155473558375,2.157192559808809,2.075520916593061,2.0182924952447148,1.6447107266972847,1.6774241692865228,0.8091157984609112,0.5219155795547951,0.9119026050683247,1.3059589292993217,1.117629255933612,1.3981567767502945,0.6745064293290631,0.8465488975896683,0.5864823370114347,1.0050259735757285,1.0317339515609745,0.38906389043529516,1.2837901150953812,0.8442857695957857,0.9386836457129234,1.822262178773835,1.5670260804880887,1.3574692509394743,0.7305036167585104,0.9935756999967053,0.5984777411387195,1.3446249083082875,1.4640104731570602,0.45681205243620093,nan,nan,nan,nan,nan,nan,nan,nan,nan,nan,nan,nan
329,14,BW08_slice_001_2026-04-17_20260417-000000_slice_lfp_rhythm.h5,764077.335,1776411000000.0,2026-04-17T15:30:00+08:00,8.843487673611111,8,15.5,-0.7933533402912349,-0.6087614290087209,0,1,0,location_rule,40.337406158447266,0,unlearned,0.02772556059062481,1,neutral,0,0,0,3,0,0,0,0,0,0,0.4318840503692627,0.0,0.5159420371055603,0.052173912525177,0.0,1.094144780500737,0.7086985364599182,0.9085584819410294,1.5065595555267877,1.3782369936457382,1.098554361467328,1.4611506844146152,1.657559553272165,1.2462383277807534,1.5573665209747871,1.3431232010866114,0.977956657320878,1.2989537585727513,0.8301288008106013,0.9676833182493481,1.7101063015245461,1.534907349617117,1.1095308407669002,1.8705155473558375,2.157192559808809,2.075520916593061,2.0182924952447148,1.6447107266972847,1.6774241692865228,0.8091157984609112,0.5219155795547951,0.9119026050683247,1.3059589292993217,1.117629255933612,1.3981567767502945,0.6745064293290631,0.8465488975896683,0.5864823370114347,1.0050259735757285,1.0317339515609745,0.38906389043529516,1.2837901150953812,0.8442857695957857,0.9386836457129234,1.822262178773835,1.5670260804880887,1.3574692509394743,0.7305036167585104,0.9935756999967053,0.5984777411387195,1.3446249083082875,1.4640104731570602,0.45681205243620093,nan,nan,nan,nan,nan,nan,nan,nan,nan,nan,nan,nan
330,15,BW08_slice_001_2026-04-17_20260417-000000_slice_lfp_rhythm.h5,767677.335,1776414600000.0,2026-04-17T16:30:00+08:00,8.885154340277778,8,16.5,-0.9238795325112868,-0.3826834323650895,0,1,0,location_rule,35.06651306152344,0,unlearned,0.006596350111067295,1,neutral,7,0,0,2,0,0,0,0,0,0,0.2666666805744171,0.011111111380159855,0.5527777671813965,0.16944444179534912,0.0,0.8463777844990004,0.6908695829641399,0.7524777518775856,0.6685589891664118,0.995780211826571,0.9640757905002896,0.18913427082604786,0.3692684535075877,1.3922230808285903,0.47799438244782594,0.7291908286440507,1.101400795137295,0.957402067325674,0.7981361280226926,0.6771960046148291,0.4654683350038544,0.8772246544343426,1.020847479233883,0.32112707103391497,0.568108122454557,4.0114198686628075,0.6387838580272516,0.8629996471839507,2.9348182113146506,0.6022024110389076,0.4740089323243731,0.8673548082540458,0.9002733545168994,0.9171387854166598,1.3582369994103718,0.5839466319694318,0.768227081349424,0.4465560181241336,0.7307714871304815,0.8053673576485689,0.3929996699755722,0.8107986805783012,0.6198782811763855,0.9592913818796343,1.1406961193184362,1.1346028967914408,1.1756076532758477,0.6513465227103807,0.8518037076691878,0.4127979884116525,0.8652809262170864,0.9903649061362835,0.5043719977348121,nan,nan,nan,nan,nan,nan,nan,nan,nan,nan,nan,nan
331,14,BW08_slice_001_2026-04-17_20260417-000000_slice_lfp_rhythm.h5,767677.335,1776414600000.0,2026-04-17T16:30:00+08:00,8.885154340277778,8,16.5,-0.9238795325112868,-0.3826834323650895,0,1,0,location_rule,35.06651306152344,0,unlearned,0.006596350111067295,1,neutral,7,0,0,2,0,0,0,0,0,0,0.2666666805744171,0.011111111380159855,0.5527777671813965,0.16944444179534912,0.0,0.8463777844990004,0.6908695829641399,0.7524777518775856,0.6685589891664118,0.995780211826571,0.9640757905002896,0.18913427082604786,0.3692684535075877,1.3922230808285903,0.47799438244782594,0.7291908286440507,1.101400795137295,0.957402067325674,0.7981361280226926,0.6771960046148291,0.4654683350038544,0.8772246544343426,1.020847479233883,0.32112707103391497,0.568108122454557,4.0114198686628075,0.6387838580272516,0.8629996471839507,2.9348182113146506,0.6022024110389076,0.4740089323243731,0.8673548082540458,0.9002733545168994,0.9171387854166598,1.3582369994103718,0.5839466319694318,0.768227081349424,0.4465560181241336,0.7307714871304815,0.8053673576485689,0.3929996699755722,0.8107986805783012,0.6198782811763855,0.9592913818796343,1.1406961193184362,1.1346028967914408,1.1756076532758477,0.6513465227103807,0.8518037076691878,0.4127979884116525,0.8652809262170864,0.9903649061362835,0.5043719977348121,nan,nan,nan,nan,nan,nan,nan,nan,nan,nan,nan,nan
332,14,BW08_slice_001_2026-04-17_20260417-000000_slice_lfp_rhythm.h5,771277.335,1776418200000.0,2026-04-17T17:30:00+08:00,8.926821006944444,8,17.5,-0.9914448613738104,-0.13052619222005163,0,1,0,location_rule,35.06651306152344,0,unlearned,0.006596350111067295,1,neutral,0,0,0,3,0,0,0,0,0,0,0.7111111283302307,0.0,0.2750000059604645,0.0027777778450399637,0.011111111380159855,0.8320348789248748,0.6208237930794562,0.8646819852772342,1.9998331794978004,1.4604026918625663,1.298388186552086,3.364152095997715,3.4174867761358834,2.4653128626338314,3.0374816627804933,2.064305787022185,1.453751768464371,1.5158322161681814,1.0065267543591179,0.8013755184078447,2.1211807532465548,1.8154310680623043,1.147163444306924,2.6268463590844453,2.7900794202262578,2.605512508765565,2.7269035314548873,2.0952899723408738,1.7206585546329876,0.7026158997973896,0.5841035715580054,0.9203187122789982,1.0789742939376916,1.0858242796515436,1.7593305294030461,1.0574117757873303,1.1671652044217278,2.034049101434481,1.0059713926185394,1.059037142959703,0.5165158424292323,0.32208861278245837,0.3875106917960753,0.8704365042846204,0.5945160669834326,0.8913597117681661,2.1229904037144585,0.3058071185490775,0.6234342859035165,3.0550402120661824,0.6027367714859407,0.6802511618727728,0.6705805325243954,1.0999506104987702,1.0858233564603184,0.8539604862252375,2.0543204495339817,1.6775958184709516,0.797051488424685,5.773163803465181,5.346016360955227,1.6347066612289805,1.386381418116251,2.0866969890274247,1.555058074538114
333,15,BW08_slice_001_2026-04-17_20260417-000000_slice_lfp_rhythm.h5,771277.335,1776418200000.0,2026-04-17T17:30:00+08:00,8.926821006944444,8,17.5,-0.9914448613738104,-0.13052619222005163,0,1,0,location_rule,35.06651306152344,0,unlearned,0.006596350111067295,1,neutral,0,0,0,3,0,0,0,0,0,0,0.7111111283302307,0.0,0.2750000059604645,0.0027777778450399637,0.011111111380159855,0.8320348789248748,0.6208237930794562,0.8646819852772342,1.9998331794978004,1.4604026918625663,1.298388186552086,3.364152095997715,3.4174867761358834,2.4653128626338314,3.0374816627804933,2.064305787022185,1.453751768464371,1.5158322161681814,1.0065267543591179,0.8013755184078447,2.1211807532465548,1.8154310680623043,1.147163444306924,2.6268463590844453,2.7900794202262578,2.605512508765565,2.7269035314548873,2.0952899723408738,1.7206585546329876,0.7026158997973896,0.5841035715580054,0.9203187122789982,1.0789742939376916,1.0858242796515436,1.7593305294030461,1.0574117757873303,1.1671652044217278,2.034049101434481,1.0059713926185394,1.059037142959703,0.5165158424292323,0.32208861278245837,0.3875106917960753,0.8704365042846204,0.5945160669834326,0.8913597117681661,2.1229904037144585,0.3058071185490775,0.6234342859035165,3.0550402120661824,0.6027367714859407,0.6802511618727728,0.6705805325243954,1.0999506104987702,1.0858233564603184,0.8539604862252375,2.0543204495339817,1.6775958184709516,0.797051488424685,5.773163803465181,5.346016360955227,1.6347066612289805,1.386381418116251,2.0866969890274247,1.555058074538114
334,14,BW08_slice_001_2026-04-17_20260417-000000_slice_lfp_rhythm.h5,774877.335,1776421800000.0,2026-04-17T18:30:00+08:00,8.968487673611111,8,18.5,-0.9914448613738105,0.13052619222005127,1,1,0,location_rule,27.502038955688477,0,unlearned,-0.4696868360042572,0,left_bias,22,15,15,1,0,0,0,0,1,0,0.5210084319114685,0.005602241028100252,0.4313725531101227,0.02240896411240101,0.019607843831181526,0.9176746263295156,0.7861808648863614,0.895578467397615,1.1544465764422431,1.3067713858196441,1.2284744158185477,0.9877255869482904,1.3547946003994669,1.652471370395616,1.375567491420808,1.364524620543583,1.25929470396521,0.9120197803206217,0.8243227921233859,0.8655131699115134,1.1258995699727972,1.3582311331130665,1.2399154952686209,1.0250161867122347,1.438687450034881,2.373501067775957,1.4952101748093727,1.5155362440359585,1.920336372096288,0.8236098894795045,0.6984950710903457,0.9519116252785835,1.090977627858433,1.1744162071089301,1.3653295607793854,0.7782020927751692,0.9260025707877239,0.8328483000401112,0.9719577979568811,1.0535543591614862,0.4082178142781329,1.2192569716965256,0.9983688533578752,0.9592607532043638,1.5122134103291935,1.413692769235973,1.0979392886718669,1.4371117284456258,1.318939485743179,1.101339452687641,1.6875318504000125,1.5120135698374149,0.44859730135293674,0.9640085075827524,0.7448876055473965,1.0330939157532317,2.4803394707295303,1.8970648144276678,1.6044467147750838,3.441047735228846,2.730409560307245,1.5516704930422578,1.2828409139365171,1.3266351064495436,1.7960419642507588
335,15,BW08_slice_001_2026-04-17_20260417-000000_slice_lfp_rhythm.h5,774877.335,1776421800000.0,2026-04-17T18:30:00+08:00,8.968487673611111,8,18.5,-0.9914448613738105,0.13052619222005127,1,1,0,location_rule,27.502038955688477,0,unlearned,-0.4696868360042572,0,left_bias,22,15,15,1,0,0,0,0,1,0,0.5210084319114685,0.005602241028100252,0.4313725531101227,0.02240896411240101,0.019607843831181526,0.9176746263295156,0.7861808648863614,0.895578467397615,1.1544465764422431,1.3067713858196441,1.2284744158185477,0.9877255869482904,1.3547946003994669,1.652471370395616,1.375567491420808,1.364524620543583,1.25929470396521,0.9120197803206217,0.8243227921233859,0.8655131699115134,1.1258995699727972,1.3582311331130665,1.2399154952686209,1.0250161867122347,1.438687450034881,2.373501067775957,1.4952101748093727,1.5155362440359585,1.920336372096288,0.8236098894795045,0.6984950710903457,0.9519116252785835,1.090977627858433,1.1744162071089301,1.3653295607793854,0.7782020927751692,0.9260025707877239,0.8328483000401112,0.9719577979568811,1.0535543591614862,0.4082178142781329,1.2192569716965256,0.9983688533578752,0.9592607532043638,1.5122134103291935,1.413692769235973,1.0979392886718669,1.4371117284456258,1.318939485743179,1.101339452687641,1.6875318504000125,1.5120135698374149,0.44859730135293674,0.9640085075827524,0.7448876055473965,1.0330939157532317,2.4803394707295303,1.8970648144276678,1.6044467147750838,3.441047735228846,2.730409560307245,1.5516704930422578,1.2828409139365171,1.3266351064495436,1.7960419642507588
336,14,BW08_slice_001_2026-04-17_20260417-000000_slice_lfp_rhythm.h5,778477.335,1776425400000.0,2026-04-17T19:30:00+08:00,9.010154340277778,9,19.5,-0.923879532511287,0.38268343236508917,1,1,0,location_rule,31.578105926513672,0,unlearned,-0.4200747609138489,0,left_bias,68,51,51,1,0,0,0,0,1,0,0.7472222447395325,0.0,0.16944444179534912,0.008333333767950535,0.07500000298023224,0.5672466205611995,0.42402303376169576,0.8659727585183631,1.1261125345107212,1.0207983472431785,1.136992424404806,1.0916481611462143,1.5857149302533966,1.6887013297667923,1.4676915793547405,1.2143419114874563,1.8594500058385528,1.0966200602061047,0.7253648870119153,0.7808083507027495,1.067357565469618,1.1774676989129707,1.0025474935735021,0.7881882422695351,1.211589528434007,1.863573936856067,1.2041769717225104,1.146117995934979,1.9588760438469572,0.6173918637631072,0.5204859231978531,0.9145868323637968,1.047404137974863,1.1036010006630015,1.4141760632002518,1.5326589224281848,1.295418952628656,1.4448284171028605,1.2175136653088654,1.0741971159423718,1.4832829858864862,1.3645235232664954,0.9846493780820453,0.9307906270070904,1.9563479896229863,1.7809552861276494,1.1847624773745193,0.8940572066366954,1.145981242196592,0.2734553162889669,1.5126654676221438,1.7202012644632845,0.336975953688613,0.8960612158296376,0.6854284052404259,1.0253395175948277,1.607465699516463,1.3692836754558668,1.1907458264037016,3.303691779973712,2.337013468468416,1.4555077436055996,2.2202190240608766,1.4635071486655844,1.312232547347602
337,15,BW08_slice_001_2026-04-17_20260417-000000_slice_lfp_rhythm.h5,778477.335,1776425400000.0,2026-04-17T19:30:00+08:00,9.010154340277778,9,19.5,-0.923879532511287,0.38268343236508917,1,1,0,location_rule,31.578105926513672,0,unlearned,-0.4200747609138489,0,left_bias,68,51,51,1,0,0,0,0,1,0,0.7472222447395325,0.0,0.16944444179534912,0.008333333767950535,0.07500000298023224,0.5672466205611995,0.42402303376169576,0.8659727585183631,1.1261125345107212,1.0207983472431785,1.136992424404806,1.0916481611462143,1.5857149302533966,1.6887013297667923,1.4676915793547405,1.2143419114874563,1.8594500058385528,1.0966200602061047,0.7253648870119153,0.7808083507027495,1.067357565469618,1.1774676989129707,1.0025474935735021,0.7881882422695351,1.211589528434007,1.863573936856067,1.2041769717225104,1.146117995934979,1.9588760438469572,0.6173918637631072,0.5204859231978531,0.9145868323637968,1.047404137974863,1.1036010006630015,1.4141760632002518,1.5326589224281848,1.295418952628656,1.4448284171028605,1.2175136653088654,1.0741971159423718,1.4832829858864862,1.3645235232664954,0.9846493780820453,0.9307906270070904,1.9563479896229863,1.7809552861276494,1.1847624773745193,0.8940572066366954,1.145981242196592,0.2734553162889669,1.5126654676221438,1.7202012644632845,0.336975953688613,0.8960612158296376,0.6854284052404259,1.0253395175948277,1.607465699516463,1.3692836754558668,1.1907458264037016,3.303691779973712,2.337013468468416,1.4555077436055996,2.2202190240608766,1.4635071486655844,1.312232547347602
338,14,BW08_slice_001_2026-04-17_20260417-000000_slice_lfp_rhythm.h5,782077.335,1776429000000.0,2026-04-17T20:30:00+08:00,9.051821006944444,9,20.5,-0.7933533402912357,0.6087614290087199,1,1,0,location_rule,48.72560501098633,0,unlearned,-0.31328609585762024,0,left_bias,159,143,143,1,0,0,0,0,1,0,0.6834734082221985,0.0,0.011204482056200504,0.0,0.30532214045524597,0.48087037387938464,0.3409892547033065,1.0621105067573289,1.3170318554870146,0.8919775583504735,1.1622475434518114,1.8130361199415628,1.666045967093489,0.690003382436094,1.8429680061274307,1.156504967139822,0.8657693768430631,1.4606605586657784,0.9624319917711421,1.0621958026026215,1.4677987861411959,1.3098784039631124,1.097179177881509,1.4811406111615597,1.42286124120496,0.877285166319244,1.7269443764341428,1.3003252068999767,0.9389311569374442,0.5017478035056759,0.41514267031727076,1.1073518599175234,1.1216326429227224,0.9289352922187665,3.482052009975883,0.7498702544892195,0.8140131327250726,0.27784633140819237,0.6020969909125254,0.7987142233757902,0.4261597301787809,nan,nan,nan,nan,nan,nan,nan,nan,nan,nan,nan,nan,1.2861635653329522,0.8698580017665904,0.8175826899996506,1.3161605335216835,1.068845882623651,0.8161628117197055,0.749764504330381,0.9063675639944189,0.8326793222137591,1.4428619826479459,1.1920828654397528,0.9511530653330181
339,15,BW08_slice_001_2026-04-17_20260417-000000_slice_lfp_rhythm.h5,782077.335,1776429000000.0,2026-04-17T20:30:00+08:00,9.051821006944444,9,20.5,-0.7933533402912357,0.6087614290087199,1,1,0,location_rule,48.72560501098633,0,unlearned,-0.31328609585762024,0,left_bias,159,143,143,1,0,0,0,0,1,0,0.6834734082221985,0.0,0.011204482056200504,0.0,0.30532214045524597,0.48087037387938464,0.3409892547033065,1.0621105067573289,1.3170318554870146,0.8919775583504735,1.1622475434518114,1.8130361199415628,1.666045967093489,0.690003382436094,1.8429680061274307,1.156504967139822,0.8657693768430631,1.4606605586657784,0.9624319917711421,1.0621958026026215,1.4677987861411959,1.3098784039631124,1.097179177881509,1.4811406111615597,1.42286124120496,0.877285166319244,1.7269443764341428,1.3003252068999767,0.9389311569374442,0.5017478035056759,0.41514267031727076,1.1073518599175234,1.1216326429227224,0.9289352922187665,3.482052009975883,0.7498702544892195,0.8140131327250726,0.27784633140819237,0.6020969909125254,0.7987142233757902,0.4261597301787809,nan,nan,nan,nan,nan,nan,nan,nan,nan,nan,nan,nan,1.2861635653329522,0.8698580017665904,0.8175826899996506,1.3161605335216835,1.068845882623651,0.8161628117197055,0.749764504330381,0.9063675639944189,0.8326793222137591,1.4428619826479459,1.1920828654397528,0.9511530653330181
340,14,BW08_slice_001_2026-04-17_20260417-000000_slice_lfp_rhythm.h5,785677.335,1776432600000.0,2026-04-17T21:30:00+08:00,9.093487673611111,9,21.5,-0.608761429008721,0.7933533402912349,1,1,0,location_rule,48.72560501098633,0,unlearned,-0.31328609585762024,0,left_bias,0,0,0,3,0,0,0,0,1,0,0.5222222208976746,0.0,0.47777777910232544,0.0,0.0,1.8652396623155867,1.1841964144239894,0.9665224665032487,1.4833369951242334,1.3811893949764131,1.0164388467464736,0.7971684560219678,0.7790060334060345,0.8420578064933049,0.9565947941200926,1.050500819777811,0.8783053625877341,2.017945625347473,1.4222886451011545,0.912275547776864,1.2042738123930767,1.3658551582037914,1.1231825374695068,0.7853826226906894,0.7463334087826519,1.0632350280135687,0.7747917182243036,0.8229337754338543,0.9531524701277988,1.521720401802596,0.94804474685362,1.0592652377131937,1.6681791709939127,1.2470922682901862,0.8236912494479557,1.3300559821367595,1.1149761013342168,0.5612048196863395,1.5216070643863333,1.2958671471707568,0.7580294992668755,nan,nan,nan,nan,nan,nan,nan,nan,nan,nan,nan,nan,nan,nan,nan,nan,nan,nan,nan,nan,nan,nan,nan,nan
341,15,BW08_slice_001_2026-04-17_20260417-000000_slice_lfp_rhythm.h5,785677.335,1776432600000.0,2026-04-17T21:30:00+08:00,9.093487673611111,9,21.5,-0.608761429008721,0.7933533402912349,1,1,0,location_rule,48.72560501098633,0,unlearned,-0.31328609585762024,0,left_bias,0,0,0,3,0,0,0,0,1,0,0.5222222208976746,0.0,0.47777777910232544,0.0,0.0,1.8652396623155867,1.1841964144239894,0.9665224665032487,1.4833369951242334,1.3811893949764131,1.0164388467464736,0.7971684560219678,0.7790060334060345,0.8420578064933049,0.9565947941200926,1.050500819777811,0.8783053625877341,2.017945625347473,1.4222886451011545,0.912275547776864,1.2042738123930767,1.3658551582037914,1.1231825374695068,0.7853826226906894,0.7463334087826519,1.0632350280135687,0.7747917182243036,0.8229337754338543,0.9531524701277988,1.521720401802596,0.94804474685362,1.0592652377131937,1.6681791709939127,1.2470922682901862,0.8236912494479557,1.3300559821367595,1.1149761013342168,0.5612048196863395,1.5216070643863333,1.2958671471707568,0.7580294992668755,nan,nan,nan,nan,nan,nan,nan,nan,nan,nan,nan,nan,nan,nan,nan,nan,nan,nan,nan,nan,nan,nan,nan,nan
342,15,BW08_slice_001_2026-04-17_20260417-000000_slice_lfp_rhythm.h5,789277.335,1776436200000.0,2026-04-17T22:30:00+08:00,9.135154340277778,9,22.5,-0.38268343236508956,0.9238795325112868,1,1,0,location_rule,54.96600341796875,0,unlearned,-0.8230640888214111,0,left_bias,251,240,240,1,0,0,0,0,1,0,0.4694444537162781,0.0,0.20555555820465088,0.008333333767950535,0.3166666626930237,0.635480630406526,0.4344313661755918,0.8894420871191248,0.7570455165611816,0.7671803583105984,1.1809302603615368,0.31127628364209686,0.41233314975762536,0.8522210890685468,0.5557787121955543,0.5536090587948682,0.7548565812105555,0.8397958319118329,0.5657059491790282,0.7458707499849576,0.5168672650312169,0.6437044463806653,0.9258165770330945,0.3135326731028523,0.40270463717066274,1.2774422245433992,0.5148560094588628,0.52470788868898,0.8989861257603756,0.9916369967064357,0.6747289039869698,0.9169211575333637,1.1859091542416003,1.0670848520215468,0.8585140617657746,0.8297292671689906,0.8654673277096181,0.4157449080607467,1.0565590503341806,0.9645849379107229,0.37849022235805574,1.916475632468052,1.0334489365309043,0.9963490797097944,1.8063807048360445,1.3658927265183582,0.7583234512659485,0.662981752543945,0.8243449973495371,0.4647419674097962,1.2740921149709745,1.395524677499781,0.3908784598526298,1.241678957768895,0.769464477653057,1.0677377031969881,1.640194010911002,1.4350822541410915,1.5433260724336584,0.8191795286265581,1.0170001543914433,1.3524711296431793,1.211089268199731,1.050838275011362,1.238678027266063
343,14,BW08_slice_001_2026-04-17_20260417-000000_slice_lfp_rhythm.h5,789277.335,1776436200000.0,2026-04-17T22:30:00+08:00,9.135154340277778,9,22.5,-0.38268343236508956,0.9238795325112868,1,1,0,location_rule,54.96600341796875,0,unlearned,-0.8230640888214111,0,left_bias,251,240,240,1,0,0,0,0,1,0,0.4694444537162781,0.0,0.20555555820465088,0.008333333767950535,0.3166666626930237,0.635480630406526,0.4344313661755918,0.8894420871191248,0.7570455165611816,0.7671803583105984,1.1809302603615368,0.31127628364209686,0.41233314975762536,0.8522210890685468,0.5557787121955543,0.5536090587948682,0.7548565812105555,0.8397958319118329,0.5657059491790282,0.7458707499849576,0.5168672650312169,0.6437044463806653,0.9258165770330945,0.3135326731028523,0.40270463717066274,1.2774422245433992,0.5148560094588628,0.52470788868898,0.8989861257603756,0.9916369967064357,0.6747289039869698,0.9169211575333637,1.1859091542416003,1.0670848520215468,0.8585140617657746,0.8297292671689906,0.8654673277096181,0.4157449080607467,1.0565590503341806,0.9645849379107229,0.37849022235805574,1.916475632468052,1.0334489365309043,0.9963490797097944,1.8063807048360445,1.3658927265183582,0.7583234512659485,0.662981752543945,0.8243449973495371,0.4647419674097962,1.2740921149709745,1.395524677499781,0.3908784598526298,1.241678957768895,0.769464477653057,1.0677377031969881,1.640194010911002,1.4350822541410915,1.5433260724336584,0.8191795286265581,1.0170001543914433,1.3524711296431793,1.211089268199731,1.050838275011362,1.238678027266063
344,15,BW08_slice_001_2026-04-17_20260417-000000_slice_lfp_rhythm.h5,792877.335,1776439800000.0,2026-04-17T23:30:00+08:00,9.176821006944444,9,23.5,-0.13052619222005168,0.9914448613738104,1,1,0,location_rule,48.277854919433594,0,unlearned,-0.7133073806762695,0,left_bias,180,165,165,1,0,0,0,0,1,0,0.8138889074325562,0.0,0.0,0.0,0.18611110746860504,0.26536084693743767,0.22141879736393144,1.0338674147348577,0.7404025499572109,0.5434896666851805,1.1971179448721625,0.9372571013323426,0.9509621794473265,1.204406603949545,1.2196722160817786,0.8687986850736914,1.0504046382948498,0.6710875353386428,0.5233758141017846,0.8464676452730732,0.6348145513107445,0.5716068656761362,0.8563089296852816,0.6278526157606417,0.6661598104813347,1.3859112409232615,0.9593856746482015,0.8229334669943961,1.0650385859247262,nan,nan,nan,nan,nan,nan,nan,nan,nan,nan,nan,nan,nan,nan,nan,nan,nan,nan,nan,nan,nan,nan,nan,nan,1.4152611168752236,1.0762099423386364,1.447254524262432,1.7608214538502212,1.7360377150451711,1.9621737362966476,1.3996746192892153,1.405795894358262,1.1539789275103771,1.4939130188786163,1.477249900444072,1.1293443271772396
345,14,BW08_slice_001_2026-04-17_20260417-000000_slice_lfp_rhythm.h5,792877.335,1776439800000.0,2026-04-17T23:30:00+08:00,9.176821006944444,9,23.5,-0.13052619222005168,0.9914448613738104,1,1,0,location_rule,48.277854919433594,0,unlearned,-0.7133073806762695,0,left_bias,180,165,165,1,0,0,0,0,1,0,0.8138889074325562,0.0,0.0,0.0,0.18611110746860504,0.26536084693743767,0.22141879736393144,1.0338674147348577,0.7404025499572109,0.5434896666851805,1.1971179448721625,0.9372571013323426,0.9509621794473265,1.204406603949545,1.2196722160817786,0.8687986850736914,1.0504046382948498,0.6710875353386428,0.5233758141017846,0.8464676452730732,0.6348145513107445,0.5716068656761362,0.8563089296852816,0.6278526157606417,0.6661598104813347,1.3859112409232615,0.9593856746482015,0.8229334669943961,1.0650385859247262,nan,nan,nan,nan,nan,nan,nan,nan,nan,nan,nan,nan,nan,nan,nan,nan,nan,nan,nan,nan,nan,nan,nan,nan,1.4152611168752236,1.0762099423386364,1.447254524262432,1.7608214538502212,1.7360377150451711,1.9621737362966476,1.3996746192892153,1.405795894358262,1.1539789275103771,1.4939130188786163,1.477249900444072,1.1293443271772396
346,17,BW08_slice_001_2026-04-18_20260418-000000_slice_lfp_rhythm.h5,796477.335,1776443400000.0,2026-04-18T00:30:00+08:00,9.218487673611111,9,0.5,0.13052619222005157,0.9914448613738104,1,1,0,location_rule,53.474456787109375,0,unlearned,-0.7375023365020752,0,left_bias,44,36,36,1,0,0,0,0,1,0,0.7777777910232544,0.0,0.0,0.0,0.2222222238779068,0.2528467083571792,0.20520990812752848,1.0088439837503484,0.6590106082164277,0.5557732462426387,1.3176831523329748,0.7766652784492445,0.7228751746587753,0.8290465222540535,0.8553441772223179,0.7041513160958771,0.8525404791747486,0.653164997539418,0.5159048664033906,0.9372759344332676,0.6331385902663441,0.6858461030975059,1.170917743053385,0.5486157149887251,0.5300995015793457,0.9757063121061111,0.6925238113338453,0.6938337211673723,0.8944438043735813,nan,nan,nan,nan,nan,nan,nan,nan,nan,nan,nan,nan,nan,nan,nan,nan,nan,nan,nan,nan,nan,nan,nan,nan,1.2976732152323287,0.7627029074056265,0.8932500804951743,0.8845412472744467,0.7882838124210562,0.8464469494518286,0.7171498780684195,0.8877254714809981,0.895217042169494,1.1324511713641987,1.0566293391838297,0.8221966605223573
347,16,BW08_slice_001_2026-04-18_20260418-000000_slice_lfp_rhythm.h5,796477.335,1776443400000.0,2026-04-18T00:30:00+08:00,9.218487673611111,9,0.5,0.13052619222005157,0.9914448613738104,1,1,0,location_rule,53.474456787109375,0,unlearned,-0.7375023365020752,0,left_bias,44,36,36,1,0,0,0,0,1,0,0.7777777910232544,0.0,0.0,0.0,0.2222222238779068,0.2528467083571792,0.20520990812752848,1.0088439837503484,0.6590106082164277,0.5557732462426387,1.3176831523329748,0.7766652784492445,0.7228751746587753,0.8290465222540535,0.8553441772223179,0.7041513160958771,0.8525404791747486,0.653164997539418,0.5159048664033906,0.9372759344332676,0.6331385902663441,0.6858461030975059,1.170917743053385,0.5486157149887251,0.5300995015793457,0.9757063121061111,0.6925238113338453,0.6938337211673723,0.8944438043735813,nan,nan,nan,nan,nan,nan,nan,nan,nan,nan,nan,nan,nan,nan,nan,nan,nan,nan,nan,nan,nan,nan,nan,nan,1.2976732152323287,0.7627029074056265,0.8932500804951743,0.8845412472744467,0.7882838124210562,0.8464469494518286,0.7171498780684195,0.8877254714809981,0.895217042169494,1.1324511713641987,1.0566293391838297,0.8221966605223573
348,17,BW08_slice_001_2026-04-18_20260418-000000_slice_lfp_rhythm.h5,800077.335,1776447000000.0,2026-04-18T01:30:00+08:00,9.260154340277778,9,1.5,0.3826834323650898,0.9238795325112867,1,1,0,location_rule,55.23134231567383,0,unlearned,-0.676761269569397,0,left_bias,61,56,56,1,0,0,0,0,1,0,0.7846607565879822,0.005899704992771149,0.20943953096866608,0.0,0.0,1.2839228232468547,0.8024928474384815,1.0373071379566734,1.7790977521503588,1.6318707920638713,1.0852198004531735,1.9721529099996329,2.819844667472069,0.9713063761149774,2.3530019274490077,2.258127971420987,1.2877637365071328,1.9052191089053383,1.2987493898919458,0.9585440285834772,1.4924884223419799,1.8090353018492034,0.9909775586572218,1.3820576128490762,2.0780431823617724,0.9691683106324944,1.8180751280159555,2.0660354024763232,1.0263488741710167,1.5963803485267791,0.8915806700023619,1.0478623748011546,2.0320790448009762,1.3634989777112339,0.8464998437945322,1.2052607254213992,1.1024545508874444,0.9114030783936522,2.024783171515604,1.5578795192159685,2.0777435475560413,nan,nan,nan,nan,nan,nan,nan,nan,nan,nan,nan,nan,nan,nan,nan,nan,nan,nan,nan,nan,nan,nan,nan,nan
349,16,BW08_slice_001_2026-04-18_20260418-000000_slice_lfp_rhythm.h5,800077.335,1776447000000.0,2026-04-18T01:30:00+08:00,9.260154340277778,9,1.5,0.3826834323650898,0.9238795325112867,1,1,0,location_rule,55.23134231567383,0,unlearned,-0.676761269569397,0,left_bias,61,56,56,1,0,0,0,0,1,0,0.7846607565879822,0.005899704992771149,0.20943953096866608,0.0,0.0,1.2839228232468547,0.8024928474384815,1.0373071379566734,1.7790977521503588,1.6318707920638713,1.0852198004531735,1.9721529099996329,2.819844667472069,0.9713063761149774,2.3530019274490077,2.258127971420987,1.2877637365071328,1.9052191089053383,1.2987493898919458,0.9585440285834772,1.4924884223419799,1.8090353018492034,0.9909775586572218,1.3820576128490762,2.0780431823617724,0.9691683106324944,1.8180751280159555,2.0660354024763232,1.0263488741710167,1.5963803485267791,0.8915806700023619,1.0478623748011546,2.0320790448009762,1.3634989777112339,0.8464998437945322,1.2052607254213992,1.1024545508874444,0.9114030783936522,2.024783171515604,1.5578795192159685,2.0777435475560413,nan,nan,nan,nan,nan,nan,nan,nan,nan,nan,nan,nan,nan,nan,nan,nan,nan,nan,nan,nan,nan,nan,nan,nan
350,17,BW08_slice_001_2026-04-18_20260418-000000_slice_lfp_rhythm.h5,803677.335,1776450600000.0,2026-04-18T02:30:00+08:00,9.301821006944444,9,2.5,0.6087614290087207,0.7933533402912352,1,1,0,location_rule,45.927730560302734,0,unlearned,-0.8352735042572021,0,left_bias,33,30,30,1,0,0,0,0,1,0,0.5474860072135925,0.002793296007439494,0.31284916400909424,0.002793296007439494,0.1340782195329666,1.4451225016888714,0.8641431026715867,0.9529530858188195,1.6376377489677274,1.336153148585946,0.9802164138432885,1.8780646301499224,2.1963563229416283,0.855923302000938,2.040698613277925,1.9119645293639682,0.9105522575054805,1.6626687567056215,1.2729533918545979,0.9345252795237261,1.761090691100622,1.7540755011010074,1.0906419842241741,1.960407757837616,2.3828418953921457,1.2334730426421938,2.2244619508648515,2.348756675918747,1.151907632358553,1.622712878375883,0.8775190222168243,1.035111869889852,1.7805315630631018,1.1826983651285667,0.7580156252285946,0.9671417882464173,0.9907215788045596,0.48280312724959396,1.604084356675856,1.3387836701309717,0.6100236939896825,5.573872353709689,2.0316656573613514,1.1328991667403354,4.906462748288347,2.356417963694945,0.7216851656157756,1.804580469104862,1.493463585558774,0.3141238568129543,4.079746286567961,2.9875664687624415,0.38066478631406664,1.1524527280096049,0.6241539580779975,0.7761234682963108,0.571690688610104,0.5715241382221928,0.5986865204746927,0.4316497540458785,0.5381489255133121,0.7176340773047891,0.9852457289531703,0.8141082001944712,0.7816480654472069
351,16,BW08_slice_001_2026-04-18_20260418-000000_slice_lfp_rhythm.h5,803677.335,1776450600000.0,2026-04-18T02:30:00+08:00,9.301821006944444,9,2.5,0.6087614290087207,0.7933533402912352,1,1,0,location_rule,45.927730560302734,0,unlearned,-0.8352735042572021,0,left_bias,33,30,30,1,0,0,0,0,1,0,0.5474860072135925,0.002793296007439494,0.31284916400909424,0.002793296007439494,0.1340782195329666,1.4451225016888714,0.8641431026715867,0.9529530858188195,1.6376377489677274,1.336153148585946,0.9802164138432885,1.8780646301499224,2.1963563229416283,0.855923302000938,2.040698613277925,1.9119645293639682,0.9105522575054805,1.6626687567056215,1.2729533918545979,0.9345252795237261,1.761090691100622,1.7540755011010074,1.0906419842241741,1.960407757837616,2.3828418953921457,1.2334730426421938,2.2244619508648515,2.348756675918747,1.151907632358553,1.622712878375883,0.8775190222168243,1.035111869889852,1.7805315630631018,1.1826983651285667,0.7580156252285946,0.9671417882464173,0.9907215788045596,0.48280312724959396,1.604084356675856,1.3387836701309717,0.6100236939896825,5.573872353709689,2.0316656573613514,1.1328991667403354,4.906462748288347,2.356417963694945,0.7216851656157756,1.804580469104862,1.493463585558774,0.3141238568129543,4.079746286567961,2.9875664687624415,0.38066478631406664,1.1524527280096049,0.6241539580779975,0.7761234682963108,0.571690688610104,0.5715241382221928,0.5986865204746927,0.4316497540458785,0.5381489255133121,0.7176340773047891,0.9852457289531703,0.8141082001944712,0.7816480654472069
352,16,BW08_slice_001_2026-04-18_20260418-000000_slice_lfp_rhythm.h5,807277.335,1776454200000.0,2026-04-18T03:30:00+08:00,9.343487673611111,9,3.5,0.7933533402912352,0.6087614290087207,1,1,0,location_rule,53.47456741333008,0,unlearned,-0.8917418718338013,0,left_bias,36,23,23,1,0,0,0,0,1,0,0.6722221970558167,0.0055555556900799274,0.3194444477558136,0.0027777778450399637,0.0,1.1142796679014624,0.6353559403828122,0.8862713206680102,1.059734289652434,0.9229528591016537,1.0751646057506947,0.8135275955722886,0.8342964351877997,1.0530055506862923,1.275891254049465,1.0418374297240751,1.7658683474733874,0.8611389090728385,0.6062943568867105,0.8292048263821165,0.7373652077330505,0.8174551516244373,1.075345270790035,0.653396672545809,0.6794878452425454,1.3068680130837684,1.043579981272546,0.9051354210993305,2.2832567791617397,1.3754793181757212,0.7380002922049895,0.9380439681009303,1.5751232181751291,1.0200207620062438,0.7178482388394896,0.9055167689623105,0.8675313821358932,0.49659134420184836,1.4701537101403754,1.107373655676838,0.41098897114932664,1.3588721304206206,0.9061498518192467,1.0069184266075861,1.6833685810520738,1.1378319046489966,0.7230381663499439,1.3360466236729316,1.097445278094122,0.3139113547057497,2.009862538133546,1.3781528626923338,0.5365744628658716,nan,nan,nan,nan,nan,nan,nan,nan,nan,nan,nan,nan
353,17,BW08_slice_001_2026-04-18_20260418-000000_slice_lfp_rhythm.h5,807277.335,1776454200000.0,2026-04-18T03:30:00+08:00,9.343487673611111,9,3.5,0.7933533402912352,0.6087614290087207,1,1,0,location_rule,53.47456741333008,0,unlearned,-0.8917418718338013,0,left_bias,36,23,23,1,0,0,0,0,1,0,0.6722221970558167,0.0055555556900799274,0.3194444477558136,0.0027777778450399637,0.0,1.1142796679014624,0.6353559403828122,0.8862713206680102,1.059734289652434,0.9229528591016537,1.0751646057506947,0.8135275955722886,0.8342964351877997,1.0530055506862923,1.275891254049465,1.0418374297240751,1.7658683474733874,0.8611389090728385,0.6062943568867105,0.8292048263821165,0.7373652077330505,0.8174551516244373,1.075345270790035,0.653396672545809,0.6794878452425454,1.3068680130837684,1.043579981272546,0.9051354210993305,2.2832567791617397,1.3754793181757212,0.7380002922049895,0.9380439681009303,1.5751232181751291,1.0200207620062438,0.7178482388394896,0.9055167689623105,0.8675313821358932,0.49659134420184836,1.4701537101403754,1.107373655676838,0.41098897114932664,1.3588721304206206,0.9061498518192467,1.0069184266075861,1.6833685810520738,1.1378319046489966,0.7230381663499439,1.3360466236729316,1.097445278094122,0.3139113547057497,2.009862538133546,1.3781528626923338,0.5365744628658716,nan,nan,nan,nan,nan,nan,nan,nan,nan,nan,nan,nan
354,17,BW08_slice_001_2026-04-18_20260418-000000_slice_lfp_rhythm.h5,810877.335,1776457800000.0,2026-04-18T04:30:00+08:00,9.385154340277778,9,4.5,0.9238795325112867,0.38268343236508984,1,1,0,location_rule,57.39019775390625,0,unlearned,-1.0,0,left_bias,2,0,0,2,0,0,0,0,1,0,0.5527777671813965,0.0,0.4027777910232544,0.0,0.04444444552063942,1.2951697945252203,0.7913505432635751,0.9689701192887877,1.1919036348091412,1.2188582364336142,1.1506832662914668,0.7026276063489838,0.9230808170163055,1.6858841825471742,0.9856874048344796,1.159306882381999,1.0421898237710516,1.0713166210871943,0.8217322077755493,0.9509158373049806,0.8814094233810256,1.208551789307609,1.1732684491085232,0.6544622251640946,0.8680001765373897,1.2445647315528565,0.8277371381322961,1.0459297939699315,1.3017738961491956,1.3173748319891896,0.7683860288249599,1.0003220387792968,1.6133199453421776,1.1393948898348274,1.0389896977868294,1.144000209362939,1.1504521308487752,2.2993289332066373,1.4548909582915204,1.2842818236990086,0.657245192131194,nan,nan,nan,nan,nan,nan,nan,nan,nan,nan,nan,nan,1.2892981875905523,0.7085578060592377,0.8270465906059233,0.9269708722936585,0.651710380194713,0.6863978671546845,2.130581326596004,1.3870369783497902,0.8495231720982271,1.8893671927160673,1.6637553485876817,0.7603893293425584
355,16,BW08_slice_001_2026-04-18_20260418-000000_slice_lfp_rhythm.h5,810877.335,1776457800000.0,2026-04-18T04:30:00+08:00,9.385154340277778,9,4.5,0.9238795325112867,0.38268343236508984,1,1,0,location_rule,57.39019775390625,0,unlearned,-1.0,0,left_bias,2,0,0,2,0,0,0,0,1,0,0.5527777671813965,0.0,0.4027777910232544,0.0,0.04444444552063942,1.2951697945252203,0.7913505432635751,0.9689701192887877,1.1919036348091412,1.2188582364336142,1.1506832662914668,0.7026276063489838,0.9230808170163055,1.6858841825471742,0.9856874048344796,1.159306882381999,1.0421898237710516,1.0713166210871943,0.8217322077755493,0.9509158373049806,0.8814094233810256,1.208551789307609,1.1732684491085232,0.6544622251640946,0.8680001765373897,1.2445647315528565,0.8277371381322961,1.0459297939699315,1.3017738961491956,1.3173748319891896,0.7683860288249599,1.0003220387792968,1.6133199453421776,1.1393948898348274,1.0389896977868294,1.144000209362939,1.1504521308487752,2.2993289332066373,1.4548909582915204,1.2842818236990086,0.657245192131194,nan,nan,nan,nan,nan,nan,nan,nan,nan,nan,nan,nan,1.2892981875905523,0.7085578060592377,0.8270465906059233,0.9269708722936585,0.651710380194713,0.6863978671546845,2.130581326596004,1.3870369783497902,0.8495231720982271,1.8893671927160673,1.6637553485876817,0.7603893293425584
356,17,BW08_slice_001_2026-04-18_20260418-000000_slice_lfp_rhythm.h5,814477.335,1776461400000.0,2026-04-18T05:30:00+08:00,9.426821006944444,9,5.5,0.9914448613738104,0.1305261922200517,1,1,0,location_rule,55.00321578979492,0,unlearned,-0.9964569807052612,0,left_bias,66,63,63,1,0,0,0,0,1,0,0.9027777910232544,0.0,0.0,0.0,0.0972222238779068,0.37414944712033726,0.2924585030572344,0.9686578955593215,1.1659198002083564,0.858643481878053,1.4745528010467692,1.862121617925008,1.9957596776743416,1.057767600674239,2.1964294940472704,1.7735084041775842,1.1718090293754415,0.9356279484301494,0.6976425497893234,0.8653728798306468,1.0188444545785238,1.0050005915737077,1.212266879400666,1.1509463648428275,1.3020432606088084,1.1285594247728743,1.613218626097981,1.6025931687874984,1.1624846230811725,nan,nan,nan,nan,nan,nan,nan,nan,nan,nan,nan,nan,nan,nan,nan,nan,nan,nan,nan,nan,nan,nan,nan,nan,1.5100767806199487,0.9978400881929483,1.012393712502316,1.558203053798949,1.1901223219402695,1.1060024681585765,1.120918880885439,1.321024564782283,1.0851780420904054,1.6200048579706567,1.4496794705143117,0.9798103001039843
357,16,BW08_slice_001_2026-04-18_20260418-000000_slice_lfp_rhythm.h5,814477.335,1776461400000.0,2026-04-18T05:30:00+08:00,9.426821006944444,9,5.5,0.9914448613738104,0.1305261922200517,1,1,0,location_rule,55.00321578979492,0,unlearned,-0.9964569807052612,0,left_bias,66,63,63,1,0,0,0,0,1,0,0.9027777910232544,0.0,0.0,0.0,0.0972222238779068,0.37414944712033726,0.2924585030572344,0.9686578955593215,1.1659198002083564,0.858643481878053,1.4745528010467692,1.862121617925008,1.9957596776743416,1.057767600674239,2.1964294940472704,1.7735084041775842,1.1718090293754415,0.9356279484301494,0.6976425497893234,0.8653728798306468,1.0188444545785238,1.0050005915737077,1.212266879400666,1.1509463648428275,1.3020432606088084,1.1285594247728743,1.613218626097981,1.6025931687874984,1.1624846230811725,nan,nan,nan,nan,nan,nan,nan,nan,nan,nan,nan,nan,nan,nan,nan,nan,nan,nan,nan,nan,nan,nan,nan,nan,1.5100767806199487,0.9978400881929483,1.012393712502316,1.558203053798949,1.1901223219402695,1.1060024681585765,1.120918880885439,1.321024564782283,1.0851780420904054,1.6200048579706567,1.4496794705143117,0.9798103001039843
358,17,BW08_slice_001_2026-04-18_20260418-000000_slice_lfp_rhythm.h5,818077.335,1776465000000.0,2026-04-18T06:30:00+08:00,9.468487673611111,9,6.5,0.9914448613738104,-0.1305261922200516,0,1,0,location_rule,55.00321578979492,0,unlearned,-0.9964569807052612,0,left_bias,0,0,0,3,0,0,0,0,1,0,0.5611110925674438,0.01666666753590107,0.4194444417953491,0.0027777778450399637,0.0,1.4965193197254698,0.9942194331382921,0.8990203832018007,1.08446201367335,1.0617378516550715,0.7531256517456698,0.7786308257399863,1.0129037486902792,0.9083404442659898,1.0553883972468796,1.2028845113219577,0.7492872319077515,1.1252892271269879,0.8911219866677382,0.7790466033240229,0.7249966508696298,0.8498845396636058,0.728485518849777,0.7284877385418066,0.9590317381702855,0.9735414526961662,0.908711400042623,1.0670034640539752,0.8780252830424691,1.4453195016720275,0.9338047226312263,1.0886155111270055,1.5509193954604357,1.161710861760471,0.8182549635366273,1.096736134360518,1.05316758694106,0.7748916511574231,1.3929062893182016,1.2788536767647158,0.5285852695090251,4.3793698049875776,2.4409601113919606,1.2994960750975044,3.6479914958009907,2.464189568909451,0.8420547541731116,1.6357509876266725,1.5632119119727117,0.8447377482066318,3.554874866059539,3.2058837776426863,0.6817584737346071,nan,nan,nan,nan,nan,nan,nan,nan,nan,nan,nan,nan
359,16,BW08_slice_001_2026-04-18_20260418-000000_slice_lfp_rhythm.h5,818077.335,1776465000000.0,2026-04-18T06:30:00+08:00,9.468487673611111,9,6.5,0.9914448613738104,-0.1305261922200516,0,1,0,location_rule,55.00321578979492,0,unlearned,-0.9964569807052612,0,left_bias,0,0,0,3,0,0,0,0,1,0,0.5611110925674438,0.01666666753590107,0.4194444417953491,0.0027777778450399637,0.0,1.4965193197254698,0.9942194331382921,0.8990203832018007,1.08446201367335,1.0617378516550715,0.7531256517456698,0.7786308257399863,1.0129037486902792,0.9083404442659898,1.0553883972468796,1.2028845113219577,0.7492872319077515,1.1252892271269879,0.8911219866677382,0.7790466033240229,0.7249966508696298,0.8498845396636058,0.728485518849777,0.7284877385418066,0.9590317381702855,0.9735414526961662,0.908711400042623,1.0670034640539752,0.8780252830424691,1.4453195016720275,0.9338047226312263,1.0886155111270055,1.5509193954604357,1.161710861760471,0.8182549635366273,1.096736134360518,1.05316758694106,0.7748916511574231,1.3929062893182016,1.2788536767647158,0.5285852695090251,4.3793698049875776,2.4409601113919606,1.2994960750975044,3.6479914958009907,2.464189568909451,0.8420547541731116,1.6357509876266725,1.5632119119727117,0.8447377482066318,3.554874866059539,3.2058837776426863,0.6817584737346071,nan,nan,nan,nan,nan,nan,nan,nan,nan,nan,nan,nan
360,17,BW08_slice_001_2026-04-18_20260418-000000_slice_lfp_rhythm.h5,821677.335,1776468600000.0,2026-04-18T07:30:00+08:00,9.510154340277778,9,7.5,0.9238795325112868,-0.3826834323650895,0,1,0,location_rule,55.00321578979492,0,unlearned,-0.9964569807052612,0,left_bias,0,0,0,3,0,0,0,0,1,0,0.2777777910232544,0.0027777778450399637,0.6638888716697693,0.0555555559694767,0.0,1.7897340516271978,1.123822106065082,0.987376629025415,1.081891021775104,1.4017847512260164,0.8616116361109082,0.4370900654984182,0.6841178912872861,0.7171053246216198,0.8684706589727758,1.0522666140849817,0.8883074583365573,1.7245884558158837,1.2629361083357638,1.0628563841878789,0.8869543797472339,1.7938838345956398,1.022001916567848,0.7533148315608316,1.1465971302990696,0.7598809441560436,1.0360522774154697,1.1091094683594611,0.9440573059060758,1.1929954149913915,0.7423791432285625,1.054136543475416,1.2942471650050933,1.0871980897824454,0.930122384807453,0.8890456927954412,0.9274899973525148,0.6856221846676945,1.3033428469497614,1.1458115873889048,0.8822013709312192,1.1574051561553287,0.6685847108788175,1.2085647187371942,1.1201462190792315,1.0101417203253795,1.2288758119703822,0.720063443636679,0.7694380653821261,0.35224840585091555,1.3542466489741216,1.0048041554158393,0.897637628994553,nan,nan,nan,nan,nan,nan,nan,nan,nan,nan,nan,nan
361,16,BW08_slice_001_2026-04-18_20260418-000000_slice_lfp_rhythm.h5,821677.335,1776468600000.0,2026-04-18T07:30:00+08:00,9.510154340277778,9,7.5,0.9238795325112868,-0.3826834323650895,0,1,0,location_rule,55.00321578979492,0,unlearned,-0.9964569807052612,0,left_bias,0,0,0,3,0,0,0,0,1,0,0.2777777910232544,0.0027777778450399637,0.6638888716697693,0.0555555559694767,0.0,1.7897340516271978,1.123822106065082,0.987376629025415,1.081891021775104,1.4017847512260164,0.8616116361109082,0.4370900654984182,0.6841178912872861,0.7171053246216198,0.8684706589727758,1.0522666140849817,0.8883074583365573,1.7245884558158837,1.2629361083357638,1.0628563841878789,0.8869543797472339,1.7938838345956398,1.022001916567848,0.7533148315608316,1.1465971302990696,0.7598809441560436,1.0360522774154697,1.1091094683594611,0.9440573059060758,1.1929954149913915,0.7423791432285625,1.054136543475416,1.2942471650050933,1.0871980897824454,0.930122384807453,0.8890456927954412,0.9274899973525148,0.6856221846676945,1.3033428469497614,1.1458115873889048,0.8822013709312192,1.1574051561553287,0.6685847108788175,1.2085647187371942,1.1201462190792315,1.0101417203253795,1.2288758119703822,0.720063443636679,0.7694380653821261,0.35224840585091555,1.3542466489741216,1.0048041554158393,0.897637628994553,nan,nan,nan,nan,nan,nan,nan,nan,nan,nan,nan,nan
362,16,BW08_slice_001_2026-04-18_20260418-000000_slice_lfp_rhythm.h5,825277.335,1776472200000.0,2026-04-18T08:30:00+08:00,9.551821006944444,9,8.5,0.7933533402912352,-0.6087614290087207,0,1,0,location_rule,55.00321578979492,0,unlearned,-0.9964569807052612,0,left_bias,0,0,0,3,0,0,0,0,1,0,0.2361111044883728,0.0027777778450399637,0.6972222328186035,0.06388889253139496,0.0,1.2986202491405925,0.8771093750008085,0.8811502521989169,0.9883300029148744,1.2107572181281832,0.8759819997871728,0.43672858370253353,0.8180097052732176,0.6327571042666967,0.7852995583910464,1.1514623907814394,0.5243499033275923,1.1108430768745965,0.778293790506805,0.9171152280922519,0.8286975787167697,1.1695191302753754,1.0179559319147702,0.8928437843816326,1.6851463392871664,0.9955581748347546,1.0910911123581004,1.6848179153593072,0.8887747331512448,0.8442480231871534,0.5782619817221378,0.9715755464038422,1.1468682034581164,1.013784423451736,1.05966852484065,0.7985594154895536,0.8843892406439664,0.4709350477369658,1.1174964444725182,1.0739777328712732,0.40782043686980196,0.8391715442471279,0.5182358324813914,1.0725293206919848,0.9143383303916903,0.7555632763188522,1.2640893260706825,0.6843490528150079,0.7673586196117924,0.6647530594863765,1.0347132976139752,0.8317884175269065,0.4821734440813599,nan,nan,nan,nan,nan,nan,nan,nan,nan,nan,nan,nan
363,17,BW08_slice_001_2026-04-18_20260418-000000_slice_lfp_rhythm.h5,825277.335,1776472200000.0,2026-04-18T08:30:00+08:00,9.551821006944444,9,8.5,0.7933533402912352,-0.6087614290087207,0,1,0,location_rule,55.00321578979492,0,unlearned,-0.9964569807052612,0,left_bias,0,0,0,3,0,0,0,0,1,0,0.2361111044883728,0.0027777778450399637,0.6972222328186035,0.06388889253139496,0.0,1.2986202491405925,0.8771093750008085,0.8811502521989169,0.9883300029148744,1.2107572181281832,0.8759819997871728,0.43672858370253353,0.8180097052732176,0.6327571042666967,0.7852995583910464,1.1514623907814394,0.5243499033275923,1.1108430768745965,0.778293790506805,0.9171152280922519,0.8286975787167697,1.1695191302753754,1.0179559319147702,0.8928437843816326,1.6851463392871664,0.9955581748347546,1.0910911123581004,1.6848179153593072,0.8887747331512448,0.8442480231871534,0.5782619817221378,0.9715755464038422,1.1468682034581164,1.013784423451736,1.05966852484065,0.7985594154895536,0.8843892406439664,0.4709350477369658,1.1174964444725182,1.0739777328712732,0.40782043686980196,0.8391715442471279,0.5182358324813914,1.0725293206919848,0.9143383303916903,0.7555632763188522,1.2640893260706825,0.6843490528150079,0.7673586196117924,0.6647530594863765,1.0347132976139752,0.8317884175269065,0.4821734440813599,nan,nan,nan,nan,nan,nan,nan,nan,nan,nan,nan,nan
364,17,BW08_slice_001_2026-04-18_20260418-000000_slice_lfp_rhythm.h5,828877.335,1776475800000.0,2026-04-18T09:30:00+08:00,9.593487673611111,9,9.5,0.6087614290087209,-0.793353340291235,0,1,0,location_rule,55.00321578979492,0,unlearned,-0.9964569807052612,0,left_bias,0,0,0,3,0,0,0,0,1,0,0.7972221970558167,0.0027777778450399637,0.17222222685813904,0.02777777798473835,0.0,0.5976112072501708,0.36743399607454713,0.862064626616269,0.7684746846026392,0.8645786198799897,1.043828114337857,0.9835559046935799,1.4654479645891,0.8717572152030646,1.131392151973997,1.0769549669066116,0.9095178890825033,1.023406976946737,0.5482087836151417,0.7756463699728215,0.663781786759596,0.945978863337592,0.8842417384747575,0.6834660742760909,1.0655870609072404,1.00303070398224,0.881456023670855,0.9622613008602459,0.9941926658866148,0.7424050751366638,0.5169155328066624,0.9778482692015503,1.0018656152478755,0.9264535754222235,1.7212765423020793,0.6855154117317122,0.8657469408309868,0.3220733854142273,0.9637618784512713,0.9858486060970737,0.3180329611455807,0.18186832477987355,0.2274560012176129,1.1367324772355387,0.3802582819365232,0.4485779486857484,1.7561862905489474,0.2882324757726508,0.5378209622084689,0.32582358460658495,0.3417342954826614,0.4050851918661806,0.36100230062683,nan,nan,nan,nan,nan,nan,nan,nan,nan,nan,nan,nan
365,16,BW08_slice_001_2026-04-18_20260418-000000_slice_lfp_rhythm.h5,828877.335,1776475800000.0,2026-04-18T09:30:00+08:00,9.593487673611111,9,9.5,0.6087614290087209,-0.793353340291235,0,1,0,location_rule,55.00321578979492,0,unlearned,-0.9964569807052612,0,left_bias,0,0,0,3,0,0,0,0,1,0,0.7972221970558167,0.0027777778450399637,0.17222222685813904,0.02777777798473835,0.0,0.5976112072501708,0.36743399607454713,0.862064626616269,0.7684746846026392,0.8645786198799897,1.043828114337857,0.9835559046935799,1.4654479645891,0.8717572152030646,1.131392151973997,1.0769549669066116,0.9095178890825033,1.023406976946737,0.5482087836151417,0.7756463699728215,0.663781786759596,0.945978863337592,0.8842417384747575,0.6834660742760909,1.0655870609072404,1.00303070398224,0.881456023670855,0.9622613008602459,0.9941926658866148,0.7424050751366638,0.5169155328066624,0.9778482692015503,1.0018656152478755,0.9264535754222235,1.7212765423020793,0.6855154117317122,0.8657469408309868,0.3220733854142273,0.9637618784512713,0.9858486060970737,0.3180329611455807,0.18186832477987355,0.2274560012176129,1.1367324772355387,0.3802582819365232,0.4485779486857484,1.7561862905489474,0.2882324757726508,0.5378209622084689,0.32582358460658495,0.3417342954826614,0.4050851918661806,0.36100230062683,nan,nan,nan,nan,nan,nan,nan,nan,nan,nan,nan,nan
366,16,BW08_slice_001_2026-04-18_20260418-000000_slice_lfp_rhythm.h5,832477.335,1776479400000.0,2026-04-18T10:30:00+08:00,9.635154340277778,9,10.5,0.3826834323650899,-0.9238795325112867,0,1,0,location_rule,55.00321578979492,0,unlearned,-0.9964569807052612,0,left_bias,0,0,0,3,0,0,0,0,1,0,0.16944444179534912,0.008333333767950535,0.7027778029441833,0.11944444477558136,0.0,1.0423514944624412,0.7226719274520762,0.7938938056920177,0.8486439193251439,1.1839228224884575,0.8993932920442229,0.24448609912129493,0.3773855394290292,0.8292920434166309,0.5520606751463901,0.7554224477585078,0.7490855476446111,2.212398509870227,1.3895455812397184,0.8516469166572256,0.9247319763145531,1.5642850273299034,0.9770183179904227,0.5943656987354071,0.7559376767342478,1.1754239055066495,0.8082461263458622,0.7772396089647504,0.9059391020295963,0.6137425447959979,0.4294890526824958,0.8840456669794147,0.988331834739849,0.9765112303638425,1.2169434166977442,0.8143222841747215,0.9061955754612752,0.7214232457378771,0.9339172227065564,0.915256000126365,0.6958932667655026,0.5689539007485774,0.4280222922488804,0.9600310143999644,0.9131507724687831,0.8608168970587001,1.120748955040748,0.7690603564240347,0.8390797572436645,0.6651373963862892,1.0385128006520292,0.8446113442253885,1.0423867954123276,nan,nan,nan,nan,nan,nan,nan,nan,nan,nan,nan,nan
367,17,BW08_slice_001_2026-04-18_20260418-000000_slice_lfp_rhythm.h5,832477.335,1776479400000.0,2026-04-18T10:30:00+08:00,9.635154340277778,9,10.5,0.3826834323650899,-0.9238795325112867,0,1,0,location_rule,55.00321578979492,0,unlearned,-0.9964569807052612,0,left_bias,0,0,0,3,0,0,0,0,1,0,0.16944444179534912,0.008333333767950535,0.7027778029441833,0.11944444477558136,0.0,1.0423514944624412,0.7226719274520762,0.7938938056920177,0.8486439193251439,1.1839228224884575,0.8993932920442229,0.24448609912129493,0.3773855394290292,0.8292920434166309,0.5520606751463901,0.7554224477585078,0.7490855476446111,2.212398509870227,1.3895455812397184,0.8516469166572256,0.9247319763145531,1.5642850273299034,0.9770183179904227,0.5943656987354071,0.7559376767342478,1.1754239055066495,0.8082461263458622,0.7772396089647504,0.9059391020295963,0.6137425447959979,0.4294890526824958,0.8840456669794147,0.988331834739849,0.9765112303638425,1.2169434166977442,0.8143222841747215,0.9061955754612752,0.7214232457378771,0.9339172227065564,0.915256000126365,0.6958932667655026,0.5689539007485774,0.4280222922488804,0.9600310143999644,0.9131507724687831,0.8608168970587001,1.120748955040748,0.7690603564240347,0.8390797572436645,0.6651373963862892,1.0385128006520292,0.8446113442253885,1.0423867954123276,nan,nan,nan,nan,nan,nan,nan,nan,nan,nan,nan,nan
368,16,BW08_slice_001_2026-04-18_20260418-000000_slice_lfp_rhythm.h5,836077.335,1776483000000.0,2026-04-18T11:30:00+08:00,9.676821006944444,9,11.5,0.130526192220052,-0.9914448613738104,0,1,0,location_rule,55.00321578979492,0,unlearned,-0.9964569807052612,0,left_bias,0,0,0,3,0,0,0,0,1,0,0.11142061650753021,0.011142061091959476,0.7242339849472046,0.1532033383846283,0.0,0.9551826916398126,0.7158810537298369,0.7611304858558703,0.6832761562450186,1.0381115179461058,0.9993158902624444,0.05868507678715622,0.1603615219518289,0.3417098729773438,0.3955158620100894,0.6450654713570261,0.3747585934348609,1.902710087078947,1.303290295092372,0.638597566329324,0.5629784544201365,1.3661664723152278,0.7998530689829039,0.04068871647518444,0.10301869824618352,0.32505258967437334,0.2603505873033918,0.47307003327679614,0.3140140462771414,0.5744737824131589,0.43150729925098913,0.8843542340462072,0.8681073177465678,0.8489544197426407,1.5385748630084966,0.6065726559005534,0.7475667773218675,0.3224240976900477,0.906204942244872,0.8523939604013776,0.3894409265768239,0.5071765391257009,0.39764366180201,1.0003129937847117,0.7643330815910088,0.7562813987925355,1.5419503728538242,0.4965212334362278,0.66982664475095,0.3299929481434326,0.8083904440651892,0.7326382228725755,0.4679622970674517,nan,nan,nan,nan,nan,nan,nan,nan,nan,nan,nan,nan
369,17,BW08_slice_001_2026-04-18_20260418-000000_slice_lfp_rhythm.h5,836077.335,1776483000000.0,2026-04-18T11:30:00+08:00,9.676821006944444,9,11.5,0.130526192220052,-0.9914448613738104,0,1,0,location_rule,55.00321578979492,0,unlearned,-0.9964569807052612,0,left_bias,0,0,0,3,0,0,0,0,1,0,0.11142061650753021,0.011142061091959476,0.7242339849472046,0.1532033383846283,0.0,0.9551826916398126,0.7158810537298369,0.7611304858558703,0.6832761562450186,1.0381115179461058,0.9993158902624444,0.05868507678715622,0.1603615219518289,0.3417098729773438,0.3955158620100894,0.6450654713570261,0.3747585934348609,1.902710087078947,1.303290295092372,0.638597566329324,0.5629784544201365,1.3661664723152278,0.7998530689829039,0.04068871647518444,0.10301869824618352,0.32505258967437334,0.2603505873033918,0.47307003327679614,0.3140140462771414,0.5744737824131589,0.43150729925098913,0.8843542340462072,0.8681073177465678,0.8489544197426407,1.5385748630084966,0.6065726559005534,0.7475667773218675,0.3224240976900477,0.906204942244872,0.8523939604013776,0.3894409265768239,0.5071765391257009,0.39764366180201,1.0003129937847117,0.7643330815910088,0.7562813987925355,1.5419503728538242,0.4965212334362278,0.66982664475095,0.3299929481434326,0.8083904440651892,0.7326382228725755,0.4679622970674517,nan,nan,nan,nan,nan,nan,nan,nan,nan,nan,nan,nan
370,16,BW08_slice_001_2026-04-18_20260418-000000_slice_lfp_rhythm.h5,839677.335,1776486600000.0,2026-04-18T12:30:00+08:00,9.718487673611111,9,12.5,-0.13052619222005177,-0.9914448613738104,0,1,0,location_rule,55.00321578979492,0,unlearned,-0.9964569807052612,0,left_bias,0,0,0,3,0,0,0,0,1,0,0.1953352838754654,0.008746355772018433,0.7142857313156128,0.08163265138864517,0.0,0.8807587125158676,0.7194500196948906,0.7595286582625391,0.6954780579137161,1.131943930005612,0.8387197090180868,0.1392973522261015,0.3163465485578364,0.41928738685022215,0.4180516147478072,0.6585745714890353,0.4225476346649623,0.9588161537374598,0.8993047196575212,0.7686226966431574,0.6028707720091887,1.5535314253236947,0.9815523074424561,0.2511513359277968,0.550547923509879,0.5629343291221187,0.38132773058150154,0.5484536346884976,0.6345383977852582,0.5562042452962832,0.4512210606864289,0.8461340182871008,0.8173387583037829,0.8637541117890809,1.0641743060741922,0.630617785804928,0.7595907131918624,0.3539784174395011,0.8274741475525884,0.820630406866948,0.37701792022509917,0.3563679566117501,0.34802110069537173,1.0061046308854142,0.5956590155291762,0.5911425947320986,0.8737634281214742,0.8099744359942743,0.6748598640184995,0.4164530651886097,0.7839240953664052,0.5839979393129181,0.40541648533067504,nan,nan,nan,nan,nan,nan,nan,nan,nan,nan,nan,nan
371,17,BW08_slice_001_2026-04-18_20260418-000000_slice_lfp_rhythm.h5,839677.335,1776486600000.0,2026-04-18T12:30:00+08:00,9.718487673611111,9,12.5,-0.13052619222005177,-0.9914448613738104,0,1,0,location_rule,55.00321578979492,0,unlearned,-0.9964569807052612,0,left_bias,0,0,0,3,0,0,0,0,1,0,0.1953352838754654,0.008746355772018433,0.7142857313156128,0.08163265138864517,0.0,0.8807587125158676,0.7194500196948906,0.7595286582625391,0.6954780579137161,1.131943930005612,0.8387197090180868,0.1392973522261015,0.3163465485578364,0.41928738685022215,0.4180516147478072,0.6585745714890353,0.4225476346649623,0.9588161537374598,0.8993047196575212,0.7686226966431574,0.6028707720091887,1.5535314253236947,0.9815523074424561,0.2511513359277968,0.550547923509879,0.5629343291221187,0.38132773058150154,0.5484536346884976,0.6345383977852582,0.5562042452962832,0.4512210606864289,0.8461340182871008,0.8173387583037829,0.8637541117890809,1.0641743060741922,0.630617785804928,0.7595907131918624,0.3539784174395011,0.8274741475525884,0.820630406866948,0.37701792022509917,0.3563679566117501,0.34802110069537173,1.0061046308854142,0.5956590155291762,0.5911425947320986,0.8737634281214742,0.8099744359942743,0.6748598640184995,0.4164530651886097,0.7839240953664052,0.5839979393129181,0.40541648533067504,nan,nan,nan,nan,nan,nan,nan,nan,nan,nan,nan,nan
372,17,BW08_slice_001_2026-04-18_20260418-000000_slice_lfp_rhythm.h5,843277.335,1776490200000.0,2026-04-18T13:30:00+08:00,9.760154340277778,9,13.5,-0.38268343236508967,-0.9238795325112868,0,1,0,location_rule,55.00321578979492,0,unlearned,-0.9964569807052612,0,left_bias,0,0,0,3,0,0,0,0,1,0,0.3027777671813965,0.008333333767950535,0.5694444179534912,0.11944444477558136,0.0,0.7417655834555221,0.6846836138476264,0.7958053720881292,0.5847409321586033,0.9490915966172966,0.9021416681940759,0.26478777247447677,0.429409847497728,0.8835936742077045,0.4421587395271582,0.6340300668962432,1.293839978837089,0.8763149730755817,0.7478765251719852,0.803055659138224,0.5016103317637352,0.8621973771234578,0.8545975093457919,0.42202772953547585,0.6343796185942835,0.6565279753031834,0.4837058189190815,0.5543897846478029,0.8988134235999486,0.5372060413745768,0.49946130740765576,0.8647533361283611,0.7372376909982741,0.8644862016999847,1.247010165795848,0.5703983438843206,0.7180306545126929,0.996970523695157,0.7320094356388532,0.8091348773276837,1.6457965419552367,0.42685447775182844,0.397606438899779,0.9912108240527701,0.6539235106027707,0.6818199123768417,1.101745663119084,0.43496520762559926,0.63127935093126,0.5581446088443874,0.6638852174242139,0.6839331391282345,0.8279365368631751,nan,nan,nan,nan,nan,nan,nan,nan,nan,nan,nan,nan
373,16,BW08_slice_001_2026-04-18_20260418-000000_slice_lfp_rhythm.h5,843277.335,1776490200000.0,2026-04-18T13:30:00+08:00,9.760154340277778,9,13.5,-0.38268343236508967,-0.9238795325112868,0,1,0,location_rule,55.00321578979492,0,unlearned,-0.9964569807052612,0,left_bias,0,0,0,3,0,0,0,0,1,0,0.3027777671813965,0.008333333767950535,0.5694444179534912,0.11944444477558136,0.0,0.7417655834555221,0.6846836138476264,0.7958053720881292,0.5847409321586033,0.9490915966172966,0.9021416681940759,0.26478777247447677,0.429409847497728,0.8835936742077045,0.4421587395271582,0.6340300668962432,1.293839978837089,0.8763149730755817,0.7478765251719852,0.803055659138224,0.5016103317637352,0.8621973771234578,0.8545975093457919,0.42202772953547585,0.6343796185942835,0.6565279753031834,0.4837058189190815,0.5543897846478029,0.8988134235999486,0.5372060413745768,0.49946130740765576,0.8647533361283611,0.7372376909982741,0.8644862016999847,1.247010165795848,0.5703983438843206,0.7180306545126929,0.996970523695157,0.7320094356388532,0.8091348773276837,1.6457965419552367,0.42685447775182844,0.397606438899779,0.9912108240527701,0.6539235106027707,0.6818199123768417,1.101745663119084,0.43496520762559926,0.63127935093126,0.5581446088443874,0.6638852174242139,0.6839331391282345,0.8279365368631751,nan,nan,nan,nan,nan,nan,nan,nan,nan,nan,nan,nan
374,16,BW08_slice_001_2026-04-18_20260418-000000_slice_lfp_rhythm.h5,846877.335,1776493800000.0,2026-04-18T14:30:00+08:00,9.801821006944444,9,14.5,-0.6087614290087207,-0.7933533402912352,0,1,0,location_rule,57.06041717529297,0,unlearned,-0.8750834465026855,0,left_bias,113,103,103,1,0,0,0,0,1,0,0.8055555820465088,0.0,0.0,0.0,0.1944444477558136,0.3853114648459165,0.27293035043695424,0.8928800562750446,0.6501463969328537,0.6644123481072343,0.9653668505384337,1.0349305394932176,1.4566492333103818,1.3328888880898315,1.540184916075665,1.1888798261159461,1.7328848383045015,1.0229494364794032,0.6993648096877453,0.789808332711289,0.6355382848817618,0.8844401941361113,0.8244976938880225,0.7148915991587479,1.059700130714223,1.5701783701793945,1.2543274645630478,1.1824363477551152,1.8381720112148747,nan,nan,nan,nan,nan,nan,nan,nan,nan,nan,nan,nan,nan,nan,nan,nan,nan,nan,nan,nan,nan,nan,nan,nan,1.4873598681947773,0.7783717181183678,0.9557731645930968,0.8230816423046603,0.8119023692105739,1.0795909294294488,0.44089850010887155,0.6869095372002147,0.9671084875104123,0.8903071418700296,0.8935597707468732,1.2860260899555345
375,17,BW08_slice_001_2026-04-18_20260418-000000_slice_lfp_rhythm.h5,846877.335,1776493800000.0,2026-04-18T14:30:00+08:00,9.801821006944444,9,14.5,-0.6087614290087207,-0.7933533402912352,0,1,0,location_rule,57.06041717529297,0,unlearned,-0.8750834465026855,0,left_bias,113,103,103,1,0,0,0,0,1,0,0.8055555820465088,0.0,0.0,0.0,0.1944444477558136,0.3853114648459165,0.27293035043695424,0.8928800562750446,0.6501463969328537,0.6644123481072343,0.9653668505384337,1.0349305394932176,1.4566492333103818,1.3328888880898315,1.540184916075665,1.1888798261159461,1.7328848383045015,1.0229494364794032,0.6993648096877453,0.789808332711289,0.6355382848817618,0.8844401941361113,0.8244976938880225,0.7148915991587479,1.059700130714223,1.5701783701793945,1.2543274645630478,1.1824363477551152,1.8381720112148747,nan,nan,nan,nan,nan,nan,nan,nan,nan,nan,nan,nan,nan,nan,nan,nan,nan,nan,nan,nan,nan,nan,nan,nan,1.4873598681947773,0.7783717181183678,0.9557731645930968,0.8230816423046603,0.8119023692105739,1.0795909294294488,0.44089850010887155,0.6869095372002147,0.9671084875104123,0.8903071418700296,0.8935597707468732,1.2860260899555345
376,16,BW08_slice_001_2026-04-18_20260418-000000_slice_lfp_rhythm.h5,850477.335,1776497400000.0,2026-04-18T15:30:00+08:00,9.843487673611111,9,15.5,-0.7933533402912349,-0.6087614290087209,0,1,0,location_rule,57.06041717529297,0,unlearned,-0.8750834465026855,0,left_bias,0,0,0,3,0,0,0,0,1,0,0.5071225166320801,0.0028490028344094753,0.4643874764442444,0.025641025975346565,0.0,1.9360922819914492,1.1956136341074748,0.9354811277742999,1.1845444309892803,1.223776532586841,0.7119637365342414,0.7642104644054649,0.8103302905716367,0.5898307519942878,0.9782217140707271,1.0235731085100588,0.5057842908022118,1.6160155671506933,1.4220134672240845,0.8753603939770517,0.8843237164133662,1.2157839421954966,0.7035856243683173,0.8222810164240025,0.855138553916906,0.8059243445378435,0.8676395814747447,0.898934125444598,0.6345439141453764,1.660206440178758,0.9433484256621663,1.0451285624450595,1.5512494885397003,1.1261949885680531,0.8107586875381002,1.029815008121813,0.9651237518626967,0.3686857060015838,1.4502852321435113,1.1602684662442746,0.36113853585563654,1.6119676916810535,0.9297044662225967,1.0855332382855352,1.4230743944705762,1.0815219229658621,0.7829718037157992,0.6161389116089637,0.8323839186835074,0.2507560833566367,1.2148583296708864,1.1337710651251436,0.3474088262825996,nan,nan,nan,nan,nan,nan,nan,nan,nan,nan,nan,nan
377,17,BW08_slice_001_2026-04-18_20260418-000000_slice_lfp_rhythm.h5,850477.335,1776497400000.0,2026-04-18T15:30:00+08:00,9.843487673611111,9,15.5,-0.7933533402912349,-0.6087614290087209,0,1,0,location_rule,57.06041717529297,0,unlearned,-0.8750834465026855,0,left_bias,0,0,0,3,0,0,0,0,1,0,0.5071225166320801,0.0028490028344094753,0.4643874764442444,0.025641025975346565,0.0,1.9360922819914492,1.1956136341074748,0.9354811277742999,1.1845444309892803,1.223776532586841,0.7119637365342414,0.7642104644054649,0.8103302905716367,0.5898307519942878,0.9782217140707271,1.0235731085100588,0.5057842908022118,1.6160155671506933,1.4220134672240845,0.8753603939770517,0.8843237164133662,1.2157839421954966,0.7035856243683173,0.8222810164240025,0.855138553916906,0.8059243445378435,0.8676395814747447,0.898934125444598,0.6345439141453764,1.660206440178758,0.9433484256621663,1.0451285624450595,1.5512494885397003,1.1261949885680531,0.8107586875381002,1.029815008121813,0.9651237518626967,0.3686857060015838,1.4502852321435113,1.1602684662442746,0.36113853585563654,1.6119676916810535,0.9297044662225967,1.0855332382855352,1.4230743944705762,1.0815219229658621,0.7829718037157992,0.6161389116089637,0.8323839186835074,0.2507560833566367,1.2148583296708864,1.1337710651251436,0.3474088262825996,nan,nan,nan,nan,nan,nan,nan,nan,nan,nan,nan,nan
378,16,BW08_slice_001_2026-04-18_20260418-000000_slice_lfp_rhythm.h5,854077.335,1776501000000.0,2026-04-18T16:30:00+08:00,9.885154340277778,9,16.5,-0.9238795325112868,-0.3826834323650895,0,1,0,location_rule,57.06041717529297,0,unlearned,-0.8750834465026855,0,left_bias,0,0,0,3,0,0,0,0,1,0,0.3611111044883728,0.0027777778450399637,0.6361111402511597,0.0,0.0,1.4392862930047046,1.049298450917233,0.8148800347589279,0.803934833170238,1.0738491126191052,0.6970321896681471,0.08935675472387852,0.21572948636302014,0.9537972312213119,0.3675741340175311,0.6631017669217549,0.5111870708484184,1.3556668778138699,1.2207024171795506,0.7124355368325254,0.3692014188206854,0.9167617868069056,0.6562666312054891,0.07265468819252026,0.16395088973095828,0.9530781800265157,0.1639737120166397,0.33323307988943235,0.5277673953049581,0.9845861797434852,0.7061958255436066,0.960573021193951,1.109898196960555,0.9774904479750294,0.8563055529869351,0.6313696918483582,0.7837749802678747,0.8963885292164775,0.8920048538388597,0.9441688121423347,0.5008162739554008,nan,nan,nan,nan,nan,nan,nan,nan,nan,nan,nan,nan,nan,nan,nan,nan,nan,nan,nan,nan,nan,nan,nan,nan
379,17,BW08_slice_001_2026-04-18_20260418-000000_slice_lfp_rhythm.h5,854077.335,1776501000000.0,2026-04-18T16:30:00+08:00,9.885154340277778,9,16.5,-0.9238795325112868,-0.3826834323650895,0,1,0,location_rule,57.06041717529297,0,unlearned,-0.8750834465026855,0,left_bias,0,0,0,3,0,0,0,0,1,0,0.3611111044883728,0.0027777778450399637,0.6361111402511597,0.0,0.0,1.4392862930047046,1.049298450917233,0.8148800347589279,0.803934833170238,1.0738491126191052,0.6970321896681471,0.08935675472387852,0.21572948636302014,0.9537972312213119,0.3675741340175311,0.6631017669217549,0.5111870708484184,1.3556668778138699,1.2207024171795506,0.7124355368325254,0.3692014188206854,0.9167617868069056,0.6562666312054891,0.07265468819252026,0.16395088973095828,0.9530781800265157,0.1639737120166397,0.33323307988943235,0.5277673953049581,0.9845861797434852,0.7061958255436066,0.960573021193951,1.109898196960555,0.9774904479750294,0.8563055529869351,0.6313696918483582,0.7837749802678747,0.8963885292164775,0.8920048538388597,0.9441688121423347,0.5008162739554008,nan,nan,nan,nan,nan,nan,nan,nan,nan,nan,nan,nan,nan,nan,nan,nan,nan,nan,nan,nan,nan,nan,nan,nan
380,16,BW08_slice_001_2026-04-18_20260418-000000_slice_lfp_rhythm.h5,857677.335,1776504600000.0,2026-04-18T17:30:00+08:00,9.926821006944444,9,17.5,-0.9914448613738104,-0.13052619222005163,0,1,0,location_rule,57.06041717529297,0,unlearned,-0.8750834465026855,0,left_bias,0,0,0,3,0,0,0,0,1,0,0.3222222328186035,0.0027777778450399637,0.6333333253860474,0.0416666679084301,0.0,1.1888834848241516,1.0759417286678736,0.8633699439871179,0.7895917555597571,1.1190968488902309,0.8074170691228649,0.41350907373205636,0.5905421387167061,1.9701551136047613,0.5654041739317294,0.8030584697943919,1.5210804339816697,1.4195172914421939,1.233976787306917,0.8465637917897456,0.759453507956673,1.1020401425461195,0.741030276306342,0.6432175785594382,0.8537295582350213,1.159718007197587,0.6380266613847555,0.752103385234566,1.0354255761387254,0.7796124680004447,0.716150782950721,0.9617554930598874,0.8601750635190353,0.9498999064844232,1.0117794708754835,0.6402963824782592,0.833470942366694,2.0482825365158197,0.8040202457808059,0.9021474444386838,1.6566420218525115,1.246450167550161,1.1002685737894162,0.9974089045831747,1.1152901096186014,1.1317204959125557,1.3406025750357067,0.7770673426393714,0.8984684827480731,4.330311985271059,1.1398243600904705,1.2184444093884095,3.717284621730929,nan,nan,nan,nan,nan,nan,nan,nan,nan,nan,nan,nan
381,17,BW08_slice_001_2026-04-18_20260418-000000_slice_lfp_rhythm.h5,857677.335,1776504600000.0,2026-04-18T17:30:00+08:00,9.926821006944444,9,17.5,-0.9914448613738104,-0.13052619222005163,0,1,0,location_rule,57.06041717529297,0,unlearned,-0.8750834465026855,0,left_bias,0,0,0,3,0,0,0,0,1,0,0.3222222328186035,0.0027777778450399637,0.6333333253860474,0.0416666679084301,0.0,1.1888834848241516,1.0759417286678736,0.8633699439871179,0.7895917555597571,1.1190968488902309,0.8074170691228649,0.41350907373205636,0.5905421387167061,1.9701551136047613,0.5654041739317294,0.8030584697943919,1.5210804339816697,1.4195172914421939,1.233976787306917,0.8465637917897456,0.759453507956673,1.1020401425461195,0.741030276306342,0.6432175785594382,0.8537295582350213,1.159718007197587,0.6380266613847555,0.752103385234566,1.0354255761387254,0.7796124680004447,0.716150782950721,0.9617554930598874,0.8601750635190353,0.9498999064844232,1.0117794708754835,0.6402963824782592,0.833470942366694,2.0482825365158197,0.8040202457808059,0.9021474444386838,1.6566420218525115,1.246450167550161,1.1002685737894162,0.9974089045831747,1.1152901096186014,1.1317204959125557,1.3406025750357067,0.7770673426393714,0.8984684827480731,4.330311985271059,1.1398243600904705,1.2184444093884095,3.717284621730929,nan,nan,nan,nan,nan,nan,nan,nan,nan,nan,nan,nan
382,16,BW08_slice_001_2026-04-18_20260418-000000_slice_lfp_rhythm.h5,861277.335,1776508200000.0,2026-04-18T18:30:00+08:00,9.968487673611111,9,18.5,-0.9914448613738105,0.13052619222005127,1,1,0,location_rule,37.030418395996094,0,unlearned,-0.6646378636360168,0,left_bias,35,34,34,1,0,0,0,0,1,0,0.7583333253860474,0.0027777778450399637,0.22499999403953552,0.013888888992369175,0.0,0.7862226377460169,0.6643592386251878,0.9768005617923008,0.803701694801076,0.9684685630790644,0.9841658975946387,0.7390887794595807,1.3317264444576815,0.9141578602957026,0.8339786595866512,1.025509339960707,0.9799691221595938,1.043202243039404,0.9446000703448393,0.9017582453652255,0.6714316601121815,1.018215079536869,0.8615649868774259,0.5313771717259421,1.0033937231181516,1.035461910178852,0.6319803167808505,0.8868350304016152,1.0722616759065928,0.9879211229570158,0.7779445604269755,1.0297215570474838,1.0027084669769233,1.0774970923049656,1.3870106328408196,0.8682885700040457,0.9738640788983893,0.5032721206240918,1.0049238305436659,1.0282593721052662,0.48856908310280717,1.7998789214617872,1.22623278136191,1.0723983535671635,1.6354067499853846,1.555369459169098,1.5183693469774677,0.8151874751037125,0.9947056348611939,0.42309631787311996,1.751561538628774,1.502758598389662,0.4244774325118092,nan,nan,nan,nan,nan,nan,nan,nan,nan,nan,nan,nan
383,17,BW08_slice_001_2026-04-18_20260418-000000_slice_lfp_rhythm.h5,861277.335,1776508200000.0,2026-04-18T18:30:00+08:00,9.968487673611111,9,18.5,-0.9914448613738105,0.13052619222005127,1,1,0,location_rule,37.030418395996094,0,unlearned,-0.6646378636360168,0,left_bias,35,34,34,1,0,0,0,0,1,0,0.7583333253860474,0.0027777778450399637,0.22499999403953552,0.013888888992369175,0.0,0.7862226377460169,0.6643592386251878,0.9768005617923008,0.803701694801076,0.9684685630790644,0.9841658975946387,0.7390887794595807,1.3317264444576815,0.9141578602957026,0.8339786595866512,1.025509339960707,0.9799691221595938,1.043202243039404,0.9446000703448393,0.9017582453652255,0.6714316601121815,1.018215079536869,0.8615649868774259,0.5313771717259421,1.0033937231181516,1.035461910178852,0.6319803167808505,0.8868350304016152,1.0722616759065928,0.9879211229570158,0.7779445604269755,1.0297215570474838,1.0027084669769233,1.0774970923049656,1.3870106328408196,0.8682885700040457,0.9738640788983893,0.5032721206240918,1.0049238305436659,1.0282593721052662,0.48856908310280717,1.7998789214617872,1.22623278136191,1.0723983535671635,1.6354067499853846,1.555369459169098,1.5183693469774677,0.8151874751037125,0.9947056348611939,0.42309631787311996,1.751561538628774,1.502758598389662,0.4244774325118092,nan,nan,nan,nan,nan,nan,nan,nan,nan,nan,nan,nan
384,17,BW08_slice_001_2026-04-18_20260418-000000_slice_lfp_rhythm.h5,864877.335,1776511800000.0,2026-04-18T19:30:00+08:00,10.010154340277778,10,19.5,-0.923879532511287,0.38268343236508917,1,1,0,location_rule,33.88615798950195,0,unlearned,-0.6803162097930908,0,left_bias,116,109,109,1,0,0,0,0,1,0,0.8500000238418579,0.0,0.0,0.0,0.15000000596046448,0.23143540128742568,0.20520050983403504,0.9661151577850101,0.47393961104433896,0.3364798270013731,0.8769331677420075,0.778813012509074,0.7033703445184478,1.0206344529978624,1.0279760591312928,0.7918955529611281,1.3776786512878616,0.5746380436980911,0.4896055354890509,0.8881355676528345,0.4568006245504343,0.43571856273721793,0.8006405468845513,0.5010202473952045,0.47437073152981507,1.1370308977422146,0.7906011645797152,0.7389020024843692,1.4011790474053016,nan,nan,nan,nan,nan,nan,nan,nan,nan,nan,nan,nan,nan,nan,nan,nan,nan,nan,nan,nan,nan,nan,nan,nan,1.3036317784317872,0.8930567709683207,0.8435773753105493,0.7677546152906345,0.6348940908619997,0.6730152385947298,1.5439384714658952,1.2737850522718783,1.1021494339454359,1.1353098680426157,1.1784764119585116,1.1428303995500477
385,16,BW08_slice_001_2026-04-18_20260418-000000_slice_lfp_rhythm.h5,864877.335,1776511800000.0,2026-04-18T19:30:00+08:00,10.010154340277778,10,19.5,-0.923879532511287,0.38268343236508917,1,1,0,location_rule,33.88615798950195,0,unlearned,-0.6803162097930908,0,left_bias,116,109,109,1,0,0,0,0,1,0,0.8500000238418579,0.0,0.0,0.0,0.15000000596046448,0.23143540128742568,0.20520050983403504,0.9661151577850101,0.47393961104433896,0.3364798270013731,0.8769331677420075,0.778813012509074,0.7033703445184478,1.0206344529978624,1.0279760591312928,0.7918955529611281,1.3776786512878616,0.5746380436980911,0.4896055354890509,0.8881355676528345,0.4568006245504343,0.43571856273721793,0.8006405468845513,0.5010202473952045,0.47437073152981507,1.1370308977422146,0.7906011645797152,0.7389020024843692,1.4011790474053016,nan,nan,nan,nan,nan,nan,nan,nan,nan,nan,nan,nan,nan,nan,nan,nan,nan,nan,nan,nan,nan,nan,nan,nan,1.3036317784317872,0.8930567709683207,0.8435773753105493,0.7677546152906345,0.6348940908619997,0.6730152385947298,1.5439384714658952,1.2737850522718783,1.1021494339454359,1.1353098680426157,1.1784764119585116,1.1428303995500477
386,16,BW08_slice_001_2026-04-18_20260418-000000_slice_lfp_rhythm.h5,868477.335,1776515400000.0,2026-04-18T20:30:00+08:00,10.051821006944444,10,20.5,-0.7933533402912357,0.6087614290087199,1,1,0,location_rule,40.90442657470703,0,unlearned,-0.633472740650177,0,left_bias,153,141,141,1,0,0,0,0,1,0,0.75,0.0,0.0,0.0,0.25,0.18809404409491792,0.22873542026157642,0.9997867183248271,0.43677913926792683,0.3151970867451527,0.8758067461110123,0.6590979428562461,0.5102603531833743,0.6948684337389126,0.8086444800623326,0.6948871898177491,0.9485570187013769,0.4823973477342195,0.5724101888655243,0.9297942552513624,0.44342272712639924,0.40876950856417876,0.8059687823951446,0.47677095571124106,0.38087843046783537,0.8236182119283908,0.673296941024943,0.6995378425691205,1.0037121773461868,nan,nan,nan,nan,nan,nan,nan,nan,nan,nan,nan,nan,nan,nan,nan,nan,nan,nan,nan,nan,nan,nan,nan,nan,1.0308228468367857,0.908373696925446,0.8924943942697393,0.581787041899224,0.6607978111993001,0.6959002767302204,0.4556714960871446,0.6150672972192972,0.807919568342661,0.9116313729553797,0.9765537422155445,0.8702977818598864
387,17,BW08_slice_001_2026-04-18_20260418-000000_slice_lfp_rhythm.h5,868477.335,1776515400000.0,2026-04-18T20:30:00+08:00,10.051821006944444,10,20.5,-0.7933533402912357,0.6087614290087199,1,1,0,location_rule,40.90442657470703,0,unlearned,-0.633472740650177,0,left_bias,153,141,141,1,0,0,0,0,1,0,0.75,0.0,0.0,0.0,0.25,0.18809404409491792,0.22873542026157642,0.9997867183248271,0.43677913926792683,0.3151970867451527,0.8758067461110123,0.6590979428562461,0.5102603531833743,0.6948684337389126,0.8086444800623326,0.6948871898177491,0.9485570187013769,0.4823973477342195,0.5724101888655243,0.9297942552513624,0.44342272712639924,0.40876950856417876,0.8059687823951446,0.47677095571124106,0.38087843046783537,0.8236182119283908,0.673296941024943,0.6995378425691205,1.0037121773461868,nan,nan,nan,nan,nan,nan,nan,nan,nan,nan,nan,nan,nan,nan,nan,nan,nan,nan,nan,nan,nan,nan,nan,nan,1.0308228468367857,0.908373696925446,0.8924943942697393,0.581787041899224,0.6607978111993001,0.6959002767302204,0.4556714960871446,0.6150672972192972,0.807919568342661,0.9116313729553797,0.9765537422155445,0.8702977818598864
388,17,BW08_slice_001_2026-04-18_20260418-000000_slice_lfp_rhythm.h5,872077.335,1776519000000.0,2026-04-18T21:30:00+08:00,10.093487673611111,10,21.5,-0.608761429008721,0.7933533402912349,1,1,0,location_rule,33.0206184387207,0,unlearned,-0.7969098091125488,0,left_bias,16,16,16,1,0,0,0,0,1,0,0.8138889074325562,0.0,0.18611110746860504,0.0,0.0,1.2468311958567633,1.0292010743021922,1.254594170304787,0.9280931475176434,0.9362869639670947,0.9499078993707849,0.6400195444317649,0.6746603520032363,0.53613834587021,0.7444546498560324,0.8811578610628515,0.6200263656431652,1.1042908278598107,1.1254935049944572,1.139455423290098,0.6450825791563644,0.8924537008786734,0.8809528200816211,0.4240210838228181,0.45655032985437805,0.5879504051441657,0.4792673388212531,0.6345540262078688,0.6245393667590178,2.388041227106423,1.7802048177693446,1.3738366896254717,1.9209933000656683,1.4370398769955781,0.7813689260975685,1.2906800378350227,1.1529632977414686,0.2895871559576261,1.8328943602302268,1.6355201405784718,0.4286200126202296,nan,nan,nan,nan,nan,nan,nan,nan,nan,nan,nan,nan,nan,nan,nan,nan,nan,nan,nan,nan,nan,nan,nan,nan
389,16,BW08_slice_001_2026-04-18_20260418-000000_slice_lfp_rhythm.h5,872077.335,1776519000000.0,2026-04-18T21:30:00+08:00,10.093487673611111,10,21.5,-0.608761429008721,0.7933533402912349,1,1,0,location_rule,33.0206184387207,0,unlearned,-0.7969098091125488,0,left_bias,16,16,16,1,0,0,0,0,1,0,0.8138889074325562,0.0,0.18611110746860504,0.0,0.0,1.2468311958567633,1.0292010743021922,1.254594170304787,0.9280931475176434,0.9362869639670947,0.9499078993707849,0.6400195444317649,0.6746603520032363,0.53613834587021,0.7444546498560324,0.8811578610628515,0.6200263656431652,1.1042908278598107,1.1254935049944572,1.139455423290098,0.6450825791563644,0.8924537008786734,0.8809528200816211,0.4240210838228181,0.45655032985437805,0.5879504051441657,0.4792673388212531,0.6345540262078688,0.6245393667590178,2.388041227106423,1.7802048177693446,1.3738366896254717,1.9209933000656683,1.4370398769955781,0.7813689260975685,1.2906800378350227,1.1529632977414686,0.2895871559576261,1.8328943602302268,1.6355201405784718,0.4286200126202296,nan,nan,nan,nan,nan,nan,nan,nan,nan,nan,nan,nan,nan,nan,nan,nan,nan,nan,nan,nan,nan,nan,nan,nan
390,17,BW08_slice_001_2026-04-18_20260418-000000_slice_lfp_rhythm.h5,875677.335,1776522600000.0,2026-04-18T22:30:00+08:00,10.135154340277778,10,22.5,-0.38268343236508956,0.9238795325112868,1,1,0,location_rule,40.49749755859375,0,unlearned,-0.46551844477653503,0,left_bias,96,89,89,1,0,0,0,0,1,0,0.6944444179534912,0.0,0.21111111342906952,0.0,0.09444444626569748,0.978149400310804,0.9352178103244649,1.0611544677579967,0.6741358045297886,0.6549330256798952,0.8136586237595879,0.6506462988294082,0.575914772617299,0.5272663100923092,0.7204911976202023,0.7388830384961492,0.6948281147825416,0.6851795484918487,0.860427803609394,0.9414773669251048,0.506314344362671,0.5284218182373442,0.7412613663415092,0.5012464496165028,0.44374247137649564,0.5988672285380698,0.5287604921085051,0.5571409554631953,0.7228087026388597,1.8532933348023974,1.6388821183768978,1.3342428911407038,1.3417740545705497,1.2274752657831185,0.7821736921833827,0.9539194419978688,0.9640960660831009,0.3729823352921337,1.5371182387448445,1.3925421820838375,0.5202246831862835,nan,nan,nan,nan,nan,nan,nan,nan,nan,nan,nan,nan,0.9609690217205191,1.0555273748946528,0.9631632352532713,0.648253901218797,0.6656075661809316,0.8484289385992132,0.9631967614169505,0.7359444097536356,0.8343268250755159,0.8340265162397434,0.9059952620557108,0.9003510796689401
391,16,BW08_slice_001_2026-04-18_20260418-000000_slice_lfp_rhythm.h5,875677.335,1776522600000.0,2026-04-18T22:30:00+08:00,10.135154340277778,10,22.5,-0.38268343236508956,0.9238795325112868,1,1,0,location_rule,40.49749755859375,0,unlearned,-0.46551844477653503,0,left_bias,96,89,89,1,0,0,0,0,1,0,0.6944444179534912,0.0,0.21111111342906952,0.0,0.09444444626569748,0.978149400310804,0.9352178103244649,1.0611544677579967,0.6741358045297886,0.6549330256798952,0.8136586237595879,0.6506462988294082,0.575914772617299,0.5272663100923092,0.7204911976202023,0.7388830384961492,0.6948281147825416,0.6851795484918487,0.860427803609394,0.9414773669251048,0.506314344362671,0.5284218182373442,0.7412613663415092,0.5012464496165028,0.44374247137649564,0.5988672285380698,0.5287604921085051,0.5571409554631953,0.7228087026388597,1.8532933348023974,1.6388821183768978,1.3342428911407038,1.3417740545705497,1.2274752657831185,0.7821736921833827,0.9539194419978688,0.9640960660831009,0.3729823352921337,1.5371182387448445,1.3925421820838375,0.5202246831862835,nan,nan,nan,nan,nan,nan,nan,nan,nan,nan,nan,nan,0.9609690217205191,1.0555273748946528,0.9631632352532713,0.648253901218797,0.6656075661809316,0.8484289385992132,0.9631967614169505,0.7359444097536356,0.8343268250755159,0.8340265162397434,0.9059952620557108,0.9003510796689401
392,16,BW08_slice_001_2026-04-18_20260418-000000_slice_lfp_rhythm.h5,879277.335,1776526200000.0,2026-04-18T23:30:00+08:00,10.176821006944444,10,23.5,-0.13052619222005168,0.9914448613738104,1,1,0,location_rule,50.6822509765625,0,unlearned,-0.3907243013381958,0,left_bias,125,117,117,1,0,0,0,0,1,0,0.5805555582046509,0.0,0.28333333134651184,0.0,0.13611111044883728,1.067168242431798,1.1951950090257397,1.5118063004558369,0.8604336723510668,0.9745592552688788,1.627073329265758,0.7041838067081565,0.5599083597718131,0.683434838950948,0.7752211180534162,0.8156019441394003,0.8891102432318538,1.1290792585993896,1.4058260298574008,1.5639834251973745,0.7881247299963281,0.9673839327638994,1.7020703873305063,0.6472494532624931,0.4953599635622129,0.8509004645541921,0.6807670067156897,0.6818805508013815,1.0533032221981256,1.3919268280756198,1.5107910136569171,1.3410340882601228,1.095582041581322,1.1384156831513172,0.8051191636851779,0.6742602360530322,0.8704419082531463,0.4728208168535595,1.1300103187967574,1.262310143522098,0.5839424713627471,nan,nan,nan,nan,nan,nan,nan,nan,nan,nan,nan,nan,1.070825408057478,1.0947284273312352,1.2846169764785729,0.8581032460737701,1.039344719010709,1.2472435070920915,1.0399755534093669,0.9188526603988307,0.9707451026351659,1.103613572407451,0.9745730933362714,0.9723703536813305
393,17,BW08_slice_001_2026-04-18_20260418-000000_slice_lfp_rhythm.h5,879277.335,1776526200000.0,2026-04-18T23:30:00+08:00,10.176821006944444,10,23.5,-0.13052619222005168,0.9914448613738104,1,1,0,location_rule,50.6822509765625,0,unlearned,-0.3907243013381958,0,left_bias,125,117,117,1,0,0,0,0,1,0,0.5805555582046509,0.0,0.28333333134651184,0.0,0.13611111044883728,1.067168242431798,1.1951950090257397,1.5118063004558369,0.8604336723510668,0.9745592552688788,1.627073329265758,0.7041838067081565,0.5599083597718131,0.683434838950948,0.7752211180534162,0.8156019441394003,0.8891102432318538,1.1290792585993896,1.4058260298574008,1.5639834251973745,0.7881247299963281,0.9673839327638994,1.7020703873305063,0.6472494532624931,0.4953599635622129,0.8509004645541921,0.6807670067156897,0.6818805508013815,1.0533032221981256,1.3919268280756198,1.5107910136569171,1.3410340882601228,1.095582041581322,1.1384156831513172,0.8051191636851779,0.6742602360530322,0.8704419082531463,0.4728208168535595,1.1300103187967574,1.262310143522098,0.5839424713627471,nan,nan,nan,nan,nan,nan,nan,nan,nan,nan,nan,nan,1.070825408057478,1.0947284273312352,1.2846169764785729,0.8581032460737701,1.039344719010709,1.2472435070920915,1.0399755534093669,0.9188526603988307,0.9707451026351659,1.103613572407451,0.9745730933362714,0.9723703536813305
394,19,BW08_slice_001_2026-04-19_20260419-000000_slice_lfp_rhythm.h5,882877.335,1776529800000.0,2026-04-19T00:30:00+08:00,10.218487673611111,10,0.5,0.13052619222005157,0.9914448613738104,1,1,0,location_rule,74.44752502441406,2,learned,0.26647818088531494,2,right_bias,98,96,96,1,0,0,0,1,0,1,0.7444444298744202,0.0,0.02777777798473835,0.0,0.22777777910232544,0.286736609722889,0.3859135500363193,1.2666444568373072,0.5027111199212895,0.4955874065852401,1.195780872402952,0.6454946356095197,0.7050992296347862,0.619782640433991,0.5583639187008212,0.6020982944652825,0.7462405364154945,0.6153703538012706,0.823578325932379,1.2253922016123548,0.5222133760732999,0.6385700263988352,1.0972323696244646,0.4749239879719623,0.5394327830899052,0.7324108249693733,0.4520932885907567,0.5857935939745053,0.7760612576895323,1.1315740512524726,1.4928401178436697,1.363564417126573,0.84220471649629,1.1078053270015735,0.7849838700895432,1.5753341020163607,1.6573054767465893,0.4239715500895179,1.087144222614464,1.3582155756466594,0.583525775860897,nan,nan,nan,nan,nan,nan,nan,nan,nan,nan,nan,nan,1.052262980048239,0.9789069174826833,0.964113486918038,0.5412784213860018,0.6381004559908748,0.7635459967248699,0.46120939166518327,0.5608584871499358,0.7743558601079917,0.8491098153417772,0.8461924569931254,0.8167323324169923
395,18,BW08_slice_001_2026-04-19_20260419-000000_slice_lfp_rhythm.h5,882877.335,1776529800000.0,2026-04-19T00:30:00+08:00,10.218487673611111,10,0.5,0.13052619222005157,0.9914448613738104,1,1,0,location_rule,74.44752502441406,2,learned,0.26647818088531494,2,right_bias,98,96,96,1,0,0,0,1,0,1,0.7444444298744202,0.0,0.02777777798473835,0.0,0.22777777910232544,0.286736609722889,0.3859135500363193,1.2666444568373072,0.5027111199212895,0.4955874065852401,1.195780872402952,0.6454946356095197,0.7050992296347862,0.619782640433991,0.5583639187008212,0.6020982944652825,0.7462405364154945,0.6153703538012706,0.823578325932379,1.2253922016123548,0.5222133760732999,0.6385700263988352,1.0972323696244646,0.4749239879719623,0.5394327830899052,0.7324108249693733,0.4520932885907567,0.5857935939745053,0.7760612576895323,1.1315740512524726,1.4928401178436697,1.363564417126573,0.84220471649629,1.1078053270015735,0.7849838700895432,1.5753341020163607,1.6573054767465893,0.4239715500895179,1.087144222614464,1.3582155756466594,0.583525775860897,nan,nan,nan,nan,nan,nan,nan,nan,nan,nan,nan,nan,1.052262980048239,0.9789069174826833,0.964113486918038,0.5412784213860018,0.6381004559908748,0.7635459967248699,0.46120939166518327,0.5608584871499358,0.7743558601079917,0.8491098153417772,0.8461924569931254,0.8167323324169923
396,18,BW08_slice_001_2026-04-19_20260419-000000_slice_lfp_rhythm.h5,886477.335,1776533400000.0,2026-04-19T01:30:00+08:00,10.260154340277778,10,1.5,0.3826834323650898,0.9238795325112867,1,1,0,location_rule,74.44752502441406,2,learned,0.26647818088531494,2,right_bias,0,0,0,3,0,0,0,1,0,1,0.21388888359069824,0.0,0.7722222208976746,0.013888888992369175,0.0,2.6873022259834296,2.614337079756314,1.0804654177221857,0.9568941558584355,1.3257400924423532,0.6560166904657466,0.09679285921369811,0.21719882954950975,0.40465880545059213,0.6074958330594615,0.9649997406445872,0.4370151412990209,1.6780100328567222,2.2623870482331623,1.1156354512590256,0.32251074421426934,0.8257190936599166,0.7067242767676681,0.08497748069664718,0.15024576848554566,0.4429859930715649,0.22563529967714602,0.42046016791375007,0.46570013120754555,1.662775310693986,1.6181562852863542,1.2057604294776278,1.2719026064431032,1.1785847059503929,0.7613833140187191,0.784892167995967,0.8990238138169107,0.3716121444097432,1.3999708616194777,1.2691818934081274,0.4406189677208801,2.9100526630545254,2.667710402605303,1.2593134344132635,1.9100183317312533,1.7007941813938139,0.7522250427192402,0.8997836171014064,1.04196463101855,0.3012444576238794,2.141190523864837,1.9512153091431923,0.428133427537219,nan,nan,nan,nan,nan,nan,nan,nan,nan,nan,nan,nan
397,19,BW08_slice_001_2026-04-19_20260419-000000_slice_lfp_rhythm.h5,886477.335,1776533400000.0,2026-04-19T01:30:00+08:00,10.260154340277778,10,1.5,0.3826834323650898,0.9238795325112867,1,1,0,location_rule,74.44752502441406,2,learned,0.26647818088531494,2,right_bias,0,0,0,3,0,0,0,1,0,1,0.21388888359069824,0.0,0.7722222208976746,0.013888888992369175,0.0,2.6873022259834296,2.614337079756314,1.0804654177221857,0.9568941558584355,1.3257400924423532,0.6560166904657466,0.09679285921369811,0.21719882954950975,0.40465880545059213,0.6074958330594615,0.9649997406445872,0.4370151412990209,1.6780100328567222,2.2623870482331623,1.1156354512590256,0.32251074421426934,0.8257190936599166,0.7067242767676681,0.08497748069664718,0.15024576848554566,0.4429859930715649,0.22563529967714602,0.42046016791375007,0.46570013120754555,1.662775310693986,1.6181562852863542,1.2057604294776278,1.2719026064431032,1.1785847059503929,0.7613833140187191,0.784892167995967,0.8990238138169107,0.3716121444097432,1.3999708616194777,1.2691818934081274,0.4406189677208801,2.9100526630545254,2.667710402605303,1.2593134344132635,1.9100183317312533,1.7007941813938139,0.7522250427192402,0.8997836171014064,1.04196463101855,0.3012444576238794,2.141190523864837,1.9512153091431923,0.428133427537219,nan,nan,nan,nan,nan,nan,nan,nan,nan,nan,nan,nan
398,18,BW08_slice_001_2026-04-19_20260419-000000_slice_lfp_rhythm.h5,890077.335,1776537000000.0,2026-04-19T02:30:00+08:00,10.301821006944444,10,2.5,0.6087614290087207,0.7933533402912352,1,1,0,location_rule,66.15917205810547,1,intermediate,0.03627976030111313,1,neutral,20,18,18,1,0,0,1,0,0,0,0.7638888955116272,0.0027777778450399637,0.20000000298023224,0.0,0.03333333507180214,0.8269105327162436,0.7948329708937919,1.119917575507946,0.8000948347295852,0.7247194792375647,1.0919841092732343,0.8413663273277864,0.7956473576165062,0.5949993614619304,0.8650611475786394,0.8015365897514601,0.7587838589546849,0.7575732442844403,0.7938810278695719,1.0492526345022715,0.6630349689162444,0.696123320666397,1.0141041572143654,0.6067628513265554,0.5897693052339477,0.6778910439860084,0.6539488598779328,0.6638050406354693,0.807022731997794,1.4591753096076456,1.3648794351757219,1.1181404804490842,1.074722099581498,0.9639872434545085,0.7024211809678323,0.680743990636852,0.7602556964250639,0.3086821019307508,1.1928888273934632,1.0552092988073478,0.4201747266686477,nan,nan,nan,nan,nan,nan,nan,nan,nan,nan,nan,nan,0.839058317423735,0.8938554162560209,0.9385558312294549,0.5526152442899724,0.6600173481459943,0.8702546887062619,0.35179263634922214,0.5122084899008645,0.7923066561235188,0.6638212278011658,0.78868509863978,0.8949287386581034
399,19,BW08_slice_001_2026-04-19_20260419-000000_slice_lfp_rhythm.h5,890077.335,1776537000000.0,2026-04-19T02:30:00+08:00,10.301821006944444,10,2.5,0.6087614290087207,0.7933533402912352,1,1,0,location_rule,66.15917205810547,1,intermediate,0.03627976030111313,1,neutral,20,18,18,1,0,0,1,0,0,0,0.7638888955116272,0.0027777778450399637,0.20000000298023224,0.0,0.03333333507180214,0.8269105327162436,0.7948329708937919,1.119917575507946,0.8000948347295852,0.7247194792375647,1.0919841092732343,0.8413663273277864,0.7956473576165062,0.5949993614619304,0.8650611475786394,0.8015365897514601,0.7587838589546849,0.7575732442844403,0.7938810278695719,1.0492526345022715,0.6630349689162444,0.696123320666397,1.0141041572143654,0.6067628513265554,0.5897693052339477,0.6778910439860084,0.6539488598779328,0.6638050406354693,0.807022731997794,1.4591753096076456,1.3648794351757219,1.1181404804490842,1.074722099581498,0.9639872434545085,0.7024211809678323,0.680743990636852,0.7602556964250639,0.3086821019307508,1.1928888273934632,1.0552092988073478,0.4201747266686477,nan,nan,nan,nan,nan,nan,nan,nan,nan,nan,nan,nan,0.839058317423735,0.8938554162560209,0.9385558312294549,0.5526152442899724,0.6600173481459943,0.8702546887062619,0.35179263634922214,0.5122084899008645,0.7923066561235188,0.6638212278011658,0.78868509863978,0.8949287386581034
400,19,BW08_slice_001_2026-04-19_20260419-000000_slice_lfp_rhythm.h5,893677.335,1776540600000.0,2026-04-19T03:30:00+08:00,10.343487673611111,10,3.5,0.7933533402912352,0.6087614290087207,1,1,0,location_rule,66.15917205810547,1,intermediate,0.03627976030111313,1,neutral,0,0,0,3,0,0,1,0,0,0,1.0,0.0,0.0,0.0,0.0,0.2587077437742745,0.3712348962934723,1.9914981557815084,0.9062556317250046,0.7963600528289194,1.897572947431441,1.4727219552471056,1.3593361466265221,1.0509074835929857,1.3567682488180772,1.2680557430552748,1.2491934263737587,0.6177499918393206,0.8488387333990113,1.7846487192570304,0.7669656608299436,0.8721858278086593,1.5210759213451501,0.8268498069911085,0.8088140208722248,1.0485318755237416,0.9140861288467192,1.0550417252448578,1.1719110985819177,nan,nan,nan,nan,nan,nan,nan,nan,nan,nan,nan,nan,nan,nan,nan,nan,nan,nan,nan,nan,nan,nan,nan,nan,nan,nan,nan,nan,nan,nan,nan,nan,nan,nan,nan,nan
401,18,BW08_slice_001_2026-04-19_20260419-000000_slice_lfp_rhythm.h5,893677.335,1776540600000.0,2026-04-19T03:30:00+08:00,10.343487673611111,10,3.5,0.7933533402912352,0.6087614290087207,1,1,0,location_rule,66.15917205810547,1,intermediate,0.03627976030111313,1,neutral,0,0,0,3,0,0,1,0,0,0,1.0,0.0,0.0,0.0,0.0,0.2587077437742745,0.3712348962934723,1.9914981557815084,0.9062556317250046,0.7963600528289194,1.897572947431441,1.4727219552471056,1.3593361466265221,1.0509074835929857,1.3567682488180772,1.2680557430552748,1.2491934263737587,0.6177499918393206,0.8488387333990113,1.7846487192570304,0.7669656608299436,0.8721858278086593,1.5210759213451501,0.8268498069911085,0.8088140208722248,1.0485318755237416,0.9140861288467192,1.0550417252448578,1.1719110985819177,nan,nan,nan,nan,nan,nan,nan,nan,nan,nan,nan,nan,nan,nan,nan,nan,nan,nan,nan,nan,nan,nan,nan,nan,nan,nan,nan,nan,nan,nan,nan,nan,nan,nan,nan,nan
402,19,BW08_slice_001_2026-04-19_20260419-000000_slice_lfp_rhythm.h5,897277.335,1776544200000.0,2026-04-19T04:30:00+08:00,10.385154340277778,10,4.5,0.9238795325112867,0.38268343236508984,1,1,0,location_rule,66.15917205810547,1,intermediate,0.03627976030111313,1,neutral,0,0,0,3,0,0,1,0,0,0,0.7583333253860474,0.0055555556900799274,0.2361111044883728,0.0,0.0,1.085253499881237,0.9697991705593567,1.257084797704775,1.0194557499722061,0.7910846325898783,1.2628999492400146,1.2150179639767034,0.8017701788048877,1.0239433149148984,1.1713781045842229,0.9375668558714189,0.8502989999290432,0.7452733618119091,0.8131003122632487,1.1798901421532213,0.810134170135613,0.6743536786795731,1.167300878789835,0.8751220837391852,0.5815501607381495,0.9022400893239959,0.8767846916342368,0.7423029108449057,0.771797339601954,1.8088531383769084,1.539464440543216,1.2499174994162605,1.3872477897899358,1.1002047228450331,0.8666531213103396,1.2916053465235269,1.0759566800783795,1.3034131980276187,1.5782616574553774,1.2650083514666468,0.9597673184989487,nan,nan,nan,nan,nan,nan,nan,nan,nan,nan,nan,nan,nan,nan,nan,nan,nan,nan,nan,nan,nan,nan,nan,nan
403,18,BW08_slice_001_2026-04-19_20260419-000000_slice_lfp_rhythm.h5,897277.335,1776544200000.0,2026-04-19T04:30:00+08:00,10.385154340277778,10,4.5,0.9238795325112867,0.38268343236508984,1,1,0,location_rule,66.15917205810547,1,intermediate,0.03627976030111313,1,neutral,0,0,0,3,0,0,1,0,0,0,0.7583333253860474,0.0055555556900799274,0.2361111044883728,0.0,0.0,1.085253499881237,0.9697991705593567,1.257084797704775,1.0194557499722061,0.7910846325898783,1.2628999492400146,1.2150179639767034,0.8017701788048877,1.0239433149148984,1.1713781045842229,0.9375668558714189,0.8502989999290432,0.7452733618119091,0.8131003122632487,1.1798901421532213,0.810134170135613,0.6743536786795731,1.167300878789835,0.8751220837391852,0.5815501607381495,0.9022400893239959,0.8767846916342368,0.7423029108449057,0.771797339601954,1.8088531383769084,1.539464440543216,1.2499174994162605,1.3872477897899358,1.1002047228450331,0.8666531213103396,1.2916053465235269,1.0759566800783795,1.3034131980276187,1.5782616574553774,1.2650083514666468,0.9597673184989487,nan,nan,nan,nan,nan,nan,nan,nan,nan,nan,nan,nan,nan,nan,nan,nan,nan,nan,nan,nan,nan,nan,nan,nan
404,19,BW08_slice_001_2026-04-19_20260419-000000_slice_lfp_rhythm.h5,900877.335,1776547800000.0,2026-04-19T05:30:00+08:00,10.426821006944444,10,5.5,0.9914448613738104,0.1305261922200517,1,1,0,location_rule,54.115821838378906,0,unlearned,0.30535653233528137,2,right_bias,84,82,82,1,0,0,0,0,0,1,0.6722221970558167,0.0,0.2805555462837219,0.0027777778450399637,0.04444444552063942,1.4694187293910124,1.2585103045967108,1.5439665139681185,1.7489189801521923,1.2526696749236461,1.3751579071604059,2.3240202343142364,2.365630540246934,1.1207068694510844,2.0900947018064513,1.7845396150145536,1.140114323765846,1.6095864173837033,1.5570237652220347,1.6378043015310586,1.763952149578664,1.4600849138337717,1.4124010408512582,1.8871310671010117,2.0038568637671106,1.4221403575274831,1.8406899651161497,1.776094494244732,1.3801146910694662,1.818370416831182,1.4781296550359844,1.1433246732033866,1.5396069357199884,1.1840842700661804,0.7876238383863391,2.087248763465643,1.4722242120147488,0.49768719455235055,1.7200052860478667,1.373164011834736,0.4967323353577422,7.421118966554743,2.935746564000253,1.1242862378362306,4.771920440581664,2.167147775016803,0.7510999222298324,1.715740310813428,1.5605480636222253,0.7772494056906739,3.970957961292207,2.8442808620436506,0.5485195975513485,0.9415505613045588,0.8908963240534875,0.851377815672154,0.495317702991304,0.4994776261659299,0.5756891344497052,0.6800654718963673,0.6427661229608839,0.7937037779038416,0.8574527233962798,0.856407189792741,0.6499654553435964
405,18,BW08_slice_001_2026-04-19_20260419-000000_slice_lfp_rhythm.h5,900877.335,1776547800000.0,2026-04-19T05:30:00+08:00,10.426821006944444,10,5.5,0.9914448613738104,0.1305261922200517,1,1,0,location_rule,54.115821838378906,0,unlearned,0.30535653233528137,2,right_bias,84,82,82,1,0,0,0,0,0,1,0.6722221970558167,0.0,0.2805555462837219,0.0027777778450399637,0.04444444552063942,1.4694187293910124,1.2585103045967108,1.5439665139681185,1.7489189801521923,1.2526696749236461,1.3751579071604059,2.3240202343142364,2.365630540246934,1.1207068694510844,2.0900947018064513,1.7845396150145536,1.140114323765846,1.6095864173837033,1.5570237652220347,1.6378043015310586,1.763952149578664,1.4600849138337717,1.4124010408512582,1.8871310671010117,2.0038568637671106,1.4221403575274831,1.8406899651161497,1.776094494244732,1.3801146910694662,1.818370416831182,1.4781296550359844,1.1433246732033866,1.5396069357199884,1.1840842700661804,0.7876238383863391,2.087248763465643,1.4722242120147488,0.49768719455235055,1.7200052860478667,1.373164011834736,0.4967323353577422,7.421118966554743,2.935746564000253,1.1242862378362306,4.771920440581664,2.167147775016803,0.7510999222298324,1.715740310813428,1.5605480636222253,0.7772494056906739,3.970957961292207,2.8442808620436506,0.5485195975513485,0.9415505613045588,0.8908963240534875,0.851377815672154,0.495317702991304,0.4994776261659299,0.5756891344497052,0.6800654718963673,0.6427661229608839,0.7937037779038416,0.8574527233962798,0.856407189792741,0.6499654553435964
406,18,BW08_slice_001_2026-04-19_20260419-000000_slice_lfp_rhythm.h5,904477.335,1776551400000.0,2026-04-19T06:30:00+08:00,10.468487673611111,10,6.5,0.9914448613738104,-0.1305261922200516,0,1,0,location_rule,64.83041381835938,1,intermediate,0.44282636046409607,2,right_bias,1,1,1,2,0,0,1,0,0,1,0.6611111164093018,0.0,0.2638888955116272,0.0,0.07500000298023224,1.186900602154837,1.1055639981084249,1.3851079282142367,1.0780782189493499,0.942195425465604,1.146511044214616,1.1707125983875581,1.1774453010001937,1.0281703344688757,1.1160476903662664,1.0886318256233143,0.798031828740314,1.1446793023271729,1.1470652498860932,1.4061320651696805,1.0149227544849555,0.9672705524660583,1.1467234835354991,0.9541293386975973,0.9839532072593615,0.9507728478118318,0.9232395879437113,0.9720700525961369,0.8276678479617391,1.6652036458820372,1.5235401161102937,1.2519976905186896,1.314846850088592,1.1396419209271955,0.8887181213939638,1.6326680547018184,1.2666579734488153,1.3571665032155575,1.5343546982879805,1.323941389273802,0.7263346302719431,nan,nan,nan,nan,nan,nan,nan,nan,nan,nan,nan,nan,0.8974464993219691,0.8468383706965728,0.8649518740535004,0.4621882182155624,0.516214469113123,0.5810250346695804,0.2981416661952295,0.48952619266714875,0.7036798560452922,0.724608019568531,0.8367063033162765,0.6231723979026382
407,19,BW08_slice_001_2026-04-19_20260419-000000_slice_lfp_rhythm.h5,904477.335,1776551400000.0,2026-04-19T06:30:00+08:00,10.468487673611111,10,6.5,0.9914448613738104,-0.1305261922200516,0,1,0,location_rule,64.83041381835938,1,intermediate,0.44282636046409607,2,right_bias,1,1,1,2,0,0,1,0,0,1,0.6611111164093018,0.0,0.2638888955116272,0.0,0.07500000298023224,1.186900602154837,1.1055639981084249,1.3851079282142367,1.0780782189493499,0.942195425465604,1.146511044214616,1.1707125983875581,1.1774453010001937,1.0281703344688757,1.1160476903662664,1.0886318256233143,0.798031828740314,1.1446793023271729,1.1470652498860932,1.4061320651696805,1.0149227544849555,0.9672705524660583,1.1467234835354991,0.9541293386975973,0.9839532072593615,0.9507728478118318,0.9232395879437113,0.9720700525961369,0.8276678479617391,1.6652036458820372,1.5235401161102937,1.2519976905186896,1.314846850088592,1.1396419209271955,0.8887181213939638,1.6326680547018184,1.2666579734488153,1.3571665032155575,1.5343546982879805,1.323941389273802,0.7263346302719431,nan,nan,nan,nan,nan,nan,nan,nan,nan,nan,nan,nan,0.8974464993219691,0.8468383706965728,0.8649518740535004,0.4621882182155624,0.516214469113123,0.5810250346695804,0.2981416661952295,0.48952619266714875,0.7036798560452922,0.724608019568531,0.8367063033162765,0.6231723979026382
408,18,BW08_slice_001_2026-04-19_20260419-000000_slice_lfp_rhythm.h5,908077.335,1776555000000.0,2026-04-19T07:30:00+08:00,10.510154340277778,10,7.5,0.9238795325112868,-0.3826834323650895,0,1,0,location_rule,64.92645263671875,1,intermediate,0.418535441160202,2,right_bias,2,1,1,2,0,0,1,0,0,1,0.27019497752189636,0.002785515272989869,0.6852367520332336,0.04178272932767868,0.0,2.150526445101528,1.9369442794883145,0.93104114847536,0.9810957277220392,1.0885481435836286,0.6069467233624716,0.46025176753641794,0.4121850555677404,0.555493662795187,0.7866872084475212,0.9275517788091125,0.5962181070929536,1.2103342213500288,1.2713793480649465,0.8342212119440862,0.6959067139680934,0.7218080121373768,0.6159105630899956,0.712411725509224,0.5286284312317852,1.0939773755205944,0.7763182385809723,0.7085885026383988,1.1885369248293,1.472416109238449,1.3357715571719464,1.0839004226350415,1.243104440922571,1.025671628773235,0.7153130110183498,1.6287181103638353,1.0628557839911983,0.33680631377796977,1.3911570253907184,1.1455456241578545,0.3658386253441497,1.533267975759994,1.2579535571842955,1.1514616890209577,1.1107743090710192,0.9353066031557811,0.7316201959768306,0.790970803141769,0.7886323681481043,0.31063820983849527,1.4227946134828133,1.153783982704572,0.3913622279059094,nan,nan,nan,nan,nan,nan,nan,nan,nan,nan,nan,nan
409,19,BW08_slice_001_2026-04-19_20260419-000000_slice_lfp_rhythm.h5,908077.335,1776555000000.0,2026-04-19T07:30:00+08:00,10.510154340277778,10,7.5,0.9238795325112868,-0.3826834323650895,0,1,0,location_rule,64.92645263671875,1,intermediate,0.418535441160202,2,right_bias,2,1,1,2,0,0,1,0,0,1,0.27019497752189636,0.002785515272989869,0.6852367520332336,0.04178272932767868,0.0,2.150526445101528,1.9369442794883145,0.93104114847536,0.9810957277220392,1.0885481435836286,0.6069467233624716,0.46025176753641794,0.4121850555677404,0.555493662795187,0.7866872084475212,0.9275517788091125,0.5962181070929536,1.2103342213500288,1.2713793480649465,0.8342212119440862,0.6959067139680934,0.7218080121373768,0.6159105630899956,0.712411725509224,0.5286284312317852,1.0939773755205944,0.7763182385809723,0.7085885026383988,1.1885369248293,1.472416109238449,1.3357715571719464,1.0839004226350415,1.243104440922571,1.025671628773235,0.7153130110183498,1.6287181103638353,1.0628557839911983,0.33680631377796977,1.3911570253907184,1.1455456241578545,0.3658386253441497,1.533267975759994,1.2579535571842955,1.1514616890209577,1.1107743090710192,0.9353066031557811,0.7316201959768306,0.790970803141769,0.7886323681481043,0.31063820983849527,1.4227946134828133,1.153783982704572,0.3913622279059094,nan,nan,nan,nan,nan,nan,nan,nan,nan,nan,nan,nan
410,18,BW08_slice_001_2026-04-19_20260419-000000_slice_lfp_rhythm.h5,911677.335,1776558600000.0,2026-04-19T08:30:00+08:00,10.551821006944444,10,8.5,0.7933533402912352,-0.6087614290087207,0,1,0,location_rule,64.92645263671875,1,intermediate,0.418535441160202,2,right_bias,0,0,0,3,0,0,1,0,0,1,0.31111112236976624,0.0027777778450399637,0.625,0.06111111119389534,0.0,1.7102301159504372,1.6263221655391986,1.3713458195394979,0.8347564108906376,1.2369116285074775,1.1985152701341033,0.3345565774598719,0.5254294550623672,1.4685386248303254,0.6416052497926702,0.916799463727029,0.8192704749955745,1.3599828670197491,1.4750635486733847,2.206122693867009,0.5982064742896708,1.288545213075756,1.7456775911925513,0.48269240139035396,0.7362381263456571,1.0649628292592026,0.5953523555757684,0.8122224610572278,0.7795718567623308,1.2116251015922277,1.1542100993389603,1.0297112658084866,1.080179539011702,1.0502326621364049,1.0071353075485374,0.9754944363751413,0.9216823677962118,1.3804172378756099,1.1458564147397983,1.0822453704814725,0.7501694150619981,1.4621196337893052,1.038451484884265,1.019905439353658,1.184815047476983,0.8801585236612136,1.1196453464473433,0.9714941494500187,0.8717300167084432,3.156203624901867,1.2084959855878867,1.07243470807458,1.9862337140376047,nan,nan,nan,nan,nan,nan,nan,nan,nan,nan,nan,nan
411,19,BW08_slice_001_2026-04-19_20260419-000000_slice_lfp_rhythm.h5,911677.335,1776558600000.0,2026-04-19T08:30:00+08:00,10.551821006944444,10,8.5,0.7933533402912352,-0.6087614290087207,0,1,0,location_rule,64.92645263671875,1,intermediate,0.418535441160202,2,right_bias,0,0,0,3,0,0,1,0,0,1,0.31111112236976624,0.0027777778450399637,0.625,0.06111111119389534,0.0,1.7102301159504372,1.6263221655391986,1.3713458195394979,0.8347564108906376,1.2369116285074775,1.1985152701341033,0.3345565774598719,0.5254294550623672,1.4685386248303254,0.6416052497926702,0.916799463727029,0.8192704749955745,1.3599828670197491,1.4750635486733847,2.206122693867009,0.5982064742896708,1.288545213075756,1.7456775911925513,0.48269240139035396,0.7362381263456571,1.0649628292592026,0.5953523555757684,0.8122224610572278,0.7795718567623308,1.2116251015922277,1.1542100993389603,1.0297112658084866,1.080179539011702,1.0502326621364049,1.0071353075485374,0.9754944363751413,0.9216823677962118,1.3804172378756099,1.1458564147397983,1.0822453704814725,0.7501694150619981,1.4621196337893052,1.038451484884265,1.019905439353658,1.184815047476983,0.8801585236612136,1.1196453464473433,0.9714941494500187,0.8717300167084432,3.156203624901867,1.2084959855878867,1.07243470807458,1.9862337140376047,nan,nan,nan,nan,nan,nan,nan,nan,nan,nan,nan,nan
412,18,BW08_slice_001_2026-04-19_20260419-000000_slice_lfp_rhythm.h5,915277.335,1776562200000.0,2026-04-19T09:30:00+08:00,10.593487673611111,10,9.5,0.6087614290087209,-0.793353340291235,0,1,0,location_rule,64.92645263671875,1,intermediate,0.418535441160202,2,right_bias,0,0,0,3,0,0,1,0,0,1,0.11944444477558136,0.0055555556900799274,0.7083333134651184,0.1666666716337204,0.0,1.4562038528822137,2.0205348817296995,0.897068619462242,0.5985303691670011,1.1711750986775151,0.8686335472526417,0.05444322413762879,0.16073102787909116,2.711361271237658,0.3676555527115175,0.7069720164233756,1.9720399544215315,1.3298069653058444,2.120504732923052,0.8240804397261462,0.2553553313808273,0.9315009495745121,0.8285126013157035,0.025213167487343768,0.06997131356688166,2.6760725055978294,0.14629744246078966,0.3125077632239675,1.8338191314582435,0.9208355648721116,1.2657446275107447,1.0484693877988664,0.814838294431465,1.0426394660679954,1.1520265764970579,0.5645303955237981,0.7679936748771412,2.6366145307664013,0.8708989542077293,0.9632791091401282,2.184472696657446,1.1635616909599609,1.4123579684839542,1.0757373336030307,0.946103836820865,1.2654683105534241,1.1732355614492496,0.7412075266353926,0.8616894770579406,2.156405545264888,1.1344449829509136,1.0963235226468073,1.618738829068217,nan,nan,nan,nan,nan,nan,nan,nan,nan,nan,nan,nan
413,19,BW08_slice_001_2026-04-19_20260419-000000_slice_lfp_rhythm.h5,915277.335,1776562200000.0,2026-04-19T09:30:00+08:00,10.593487673611111,10,9.5,0.6087614290087209,-0.793353340291235,0,1,0,location_rule,64.92645263671875,1,intermediate,0.418535441160202,2,right_bias,0,0,0,3,0,0,1,0,0,1,0.11944444477558136,0.0055555556900799274,0.7083333134651184,0.1666666716337204,0.0,1.4562038528822137,2.0205348817296995,0.897068619462242,0.5985303691670011,1.1711750986775151,0.8686335472526417,0.05444322413762879,0.16073102787909116,2.711361271237658,0.3676555527115175,0.7069720164233756,1.9720399544215315,1.3298069653058444,2.120504732923052,0.8240804397261462,0.2553553313808273,0.9315009495745121,0.8285126013157035,0.025213167487343768,0.06997131356688166,2.6760725055978294,0.14629744246078966,0.3125077632239675,1.8338191314582435,0.9208355648721116,1.2657446275107447,1.0484693877988664,0.814838294431465,1.0426394660679954,1.1520265764970579,0.5645303955237981,0.7679936748771412,2.6366145307664013,0.8708989542077293,0.9632791091401282,2.184472696657446,1.1635616909599609,1.4123579684839542,1.0757373336030307,0.946103836820865,1.2654683105534241,1.1732355614492496,0.7412075266353926,0.8616894770579406,2.156405545264888,1.1344449829509136,1.0963235226468073,1.618738829068217,nan,nan,nan,nan,nan,nan,nan,nan,nan,nan,nan,nan
414,18,BW08_slice_001_2026-04-19_20260419-000000_slice_lfp_rhythm.h5,918877.335,1776565800000.0,2026-04-19T10:30:00+08:00,10.635154340277778,10,10.5,0.3826834323650899,-0.9238795325112867,0,1,0,location_rule,66.43400573730469,1,intermediate,0.20830868184566498,2,right_bias,83,79,79,1,0,0,1,0,0,1,0.5611110925674438,0.0,0.29722222685813904,0.011111111380159855,0.13055555522441864,0.7431824166140645,0.9668938022626774,0.9826426244306787,0.7379496558793818,0.7872672518678104,0.7535690430945494,0.7289725602615962,0.7965523529430918,1.0035278291691268,0.8523461105842992,0.8453493167452505,1.5211400761767744,0.6392291908527573,0.7198799975527433,0.9023805779275014,0.6136861281136898,0.6749864999701357,0.7371946567156358,0.6911422032779927,0.7404237422828448,1.1289746243567484,0.7910286253379019,0.835920156404328,1.859682499555119,0.950479763156586,1.2894406840894739,1.0418326443159676,0.7924554788311139,0.9730281618592178,0.8154860516227765,0.5265433338747204,0.7374867104699365,0.9747133621182552,0.8955709719802195,0.9546489797680687,1.09946112569805,1.4804865125186797,1.981687834393983,1.1624043967437085,1.0560102180190387,1.3263429385692227,0.9732829952758433,0.6651274293286127,0.8840023429095941,2.035912716841063,1.3159194672162062,1.3542042171538615,2.398991229164276,1.6881655751687523,1.9271744711086016,1.0984770375477126,5.339420491657775,2.997556948463949,0.6490533994619657,1.6448577388319894,2.514067860010525,0.8153565446187244,2.2086991225549073,1.021950864578092,0.8375215590432724
415,19,BW08_slice_001_2026-04-19_20260419-000000_slice_lfp_rhythm.h5,918877.335,1776565800000.0,2026-04-19T10:30:00+08:00,10.635154340277778,10,10.5,0.3826834323650899,-0.9238795325112867,0,1,0,location_rule,66.43400573730469,1,intermediate,0.20830868184566498,2,right_bias,83,79,79,1,0,0,1,0,0,1,0.5611110925674438,0.0,0.29722222685813904,0.011111111380159855,0.13055555522441864,0.7431824166140645,0.9668938022626774,0.9826426244306787,0.7379496558793818,0.7872672518678104,0.7535690430945494,0.7289725602615962,0.7965523529430918,1.0035278291691268,0.8523461105842992,0.8453493167452505,1.5211400761767744,0.6392291908527573,0.7198799975527433,0.9023805779275014,0.6136861281136898,0.6749864999701357,0.7371946567156358,0.6911422032779927,0.7404237422828448,1.1289746243567484,0.7910286253379019,0.835920156404328,1.859682499555119,0.950479763156586,1.2894406840894739,1.0418326443159676,0.7924554788311139,0.9730281618592178,0.8154860516227765,0.5265433338747204,0.7374867104699365,0.9747133621182552,0.8955709719802195,0.9546489797680687,1.09946112569805,1.4804865125186797,1.981687834393983,1.1624043967437085,1.0560102180190387,1.3263429385692227,0.9732829952758433,0.6651274293286127,0.8840023429095941,2.035912716841063,1.3159194672162062,1.3542042171538615,2.398991229164276,1.6881655751687523,1.9271744711086016,1.0984770375477126,5.339420491657775,2.997556948463949,0.6490533994619657,1.6448577388319894,2.514067860010525,0.8153565446187244,2.2086991225549073,1.021950864578092,0.8375215590432724
416,19,BW08_slice_001_2026-04-19_20260419-000000_slice_lfp_rhythm.h5,922477.335,1776569400000.0,2026-04-19T11:30:00+08:00,10.676821006944444,10,11.5,0.130526192220052,-0.9914448613738104,0,1,0,location_rule,66.43400573730469,1,intermediate,0.20830868184566498,2,right_bias,0,0,0,3,0,0,1,0,0,1,0.2569832503795624,0.0,0.6871508359909058,0.05586592108011246,0.0,1.5091660303462628,1.6344080706353337,0.8465138092442093,0.8291974665577936,1.0509328680900312,0.6619436179952963,0.5072442459908445,0.4443266512837095,0.8954440508042204,0.7705992152024249,0.8592269098013791,0.8206462747976119,1.5316903795818693,1.5738470459335134,0.8598041102621274,0.9940094321279789,0.8886778013035658,0.6999011701539019,1.0450093120809794,0.7652968636606593,1.0073345162336023,1.255210269280064,0.9433576144849148,1.4445229092325895,0.9667870702261385,1.0648351796621824,0.935949318232968,0.8632124535414144,0.9328930888199675,0.7777693951638155,0.5672852267395605,0.7274529710217843,0.8292709723916933,0.8686580596891377,0.926218439834552,0.6209700830436743,1.0918562027694743,1.2185015702703528,1.0807528019001427,0.9018916594189078,0.9299813626245815,0.7503530735262002,1.0936241102265774,0.8747130840572204,0.5224559295380323,1.0941200574586991,1.0166085424243692,0.43529573260035126,nan,nan,nan,nan,nan,nan,nan,nan,nan,nan,nan,nan
417,18,BW08_slice_001_2026-04-19_20260419-000000_slice_lfp_rhythm.h5,922477.335,1776569400000.0,2026-04-19T11:30:00+08:00,10.676821006944444,10,11.5,0.130526192220052,-0.9914448613738104,0,1,0,location_rule,66.43400573730469,1,intermediate,0.20830868184566498,2,right_bias,0,0,0,3,0,0,1,0,0,1,0.2569832503795624,0.0,0.6871508359909058,0.05586592108011246,0.0,1.5091660303462628,1.6344080706353337,0.8465138092442093,0.8291974665577936,1.0509328680900312,0.6619436179952963,0.5072442459908445,0.4443266512837095,0.8954440508042204,0.7705992152024249,0.8592269098013791,0.8206462747976119,1.5316903795818693,1.5738470459335134,0.8598041102621274,0.9940094321279789,0.8886778013035658,0.6999011701539019,1.0450093120809794,0.7652968636606593,1.0073345162336023,1.255210269280064,0.9433576144849148,1.4445229092325895,0.9667870702261385,1.0648351796621824,0.935949318232968,0.8632124535414144,0.9328930888199675,0.7777693951638155,0.5672852267395605,0.7274529710217843,0.8292709723916933,0.8686580596891377,0.926218439834552,0.6209700830436743,1.0918562027694743,1.2185015702703528,1.0807528019001427,0.9018916594189078,0.9299813626245815,0.7503530735262002,1.0936241102265774,0.8747130840572204,0.5224559295380323,1.0941200574586991,1.0166085424243692,0.43529573260035126,nan,nan,nan,nan,nan,nan,nan,nan,nan,nan,nan,nan
418,19,BW08_slice_001_2026-04-19_20260419-000000_slice_lfp_rhythm.h5,926077.335,1776573000000.0,2026-04-19T12:30:00+08:00,10.718487673611111,10,12.5,-0.13052619222005177,-0.9914448613738104,0,1,0,location_rule,66.43400573730469,1,intermediate,0.20830868184566498,2,right_bias,0,0,0,3,0,0,1,0,0,1,0.23055554926395416,0.0055555556900799274,0.6833333373069763,0.08055555820465088,0.0,1.2250367431086657,1.4864345924907398,0.8216724356824764,0.745571121060333,1.0745782401973114,0.8012570448856104,0.4769827947713014,0.43715890086076437,1.5080548214392475,0.6250516200475755,0.7487169686281421,0.5835933235698129,1.3269793107948953,1.3703752946840297,0.8415740626530386,0.9808814440005937,1.076239261046137,0.9029106346345129,1.005380728288331,0.7644485341975005,1.1261490715570428,1.0115941886890478,0.7891276897833938,0.6412794058846498,0.779336551046969,0.9621544357407706,0.9115094967489434,0.7548258836604459,0.8990789548911984,0.9455341969821811,0.8259560867095518,0.8164873486963868,1.5179430500505362,0.7748921495522212,0.8368033008828504,0.5691435626103928,1.1174707189872042,1.326819548514756,1.0121417518196645,0.9318405818602487,1.086485897568995,0.980678108372446,1.1514888282489606,0.9790854708302369,1.5162957709224585,1.1501346246454642,1.116826348301912,0.6718217844206104,nan,nan,nan,nan,nan,nan,nan,nan,nan,nan,nan,nan
419,18,BW08_slice_001_2026-04-19_20260419-000000_slice_lfp_rhythm.h5,926077.335,1776573000000.0,2026-04-19T12:30:00+08:00,10.718487673611111,10,12.5,-0.13052619222005177,-0.9914448613738104,0,1,0,location_rule,66.43400573730469,1,intermediate,0.20830868184566498,2,right_bias,0,0,0,3,0,0,1,0,0,1,0.23055554926395416,0.0055555556900799274,0.6833333373069763,0.08055555820465088,0.0,1.2250367431086657,1.4864345924907398,0.8216724356824764,0.745571121060333,1.0745782401973114,0.8012570448856104,0.4769827947713014,0.43715890086076437,1.5080548214392475,0.6250516200475755,0.7487169686281421,0.5835933235698129,1.3269793107948953,1.3703752946840297,0.8415740626530386,0.9808814440005937,1.076239261046137,0.9029106346345129,1.005380728288331,0.7644485341975005,1.1261490715570428,1.0115941886890478,0.7891276897833938,0.6412794058846498,0.779336551046969,0.9621544357407706,0.9115094967489434,0.7548258836604459,0.8990789548911984,0.9455341969821811,0.8259560867095518,0.8164873486963868,1.5179430500505362,0.7748921495522212,0.8368033008828504,0.5691435626103928,1.1174707189872042,1.326819548514756,1.0121417518196645,0.9318405818602487,1.086485897568995,0.980678108372446,1.1514888282489606,0.9790854708302369,1.5162957709224585,1.1501346246454642,1.116826348301912,0.6718217844206104,nan,nan,nan,nan,nan,nan,nan,nan,nan,nan,nan,nan
420,18,BW08_slice_001_2026-04-19_20260419-000000_slice_lfp_rhythm.h5,929677.335,1776576600000.0,2026-04-19T13:30:00+08:00,10.760154340277778,10,13.5,-0.38268343236508967,-0.9238795325112868,0,1,0,location_rule,66.43400573730469,1,intermediate,0.20830868184566498,2,right_bias,0,0,0,3,0,0,1,0,0,1,0.6388888955116272,0.0055555556900799274,0.3333333432674408,0.02222222276031971,0.0,0.8645527437834796,1.0543982898968454,0.8908518444968573,0.9168197674418522,1.079925814296189,0.8263050432859528,1.0795157567304658,1.3039566498611361,1.1756697776745533,1.491697859397531,1.3043176327367765,1.5140972011902092,0.9694606752725252,1.192233074530586,0.8416434217546436,0.8482390400752885,1.0849501849922225,0.811138306812348,0.9166216931298921,1.1384411177918246,1.6612646042595531,1.4088119021110757,1.3117460996441839,1.982958021121034,0.8789749342765766,1.0654154017035071,0.9395206333196878,0.9086194122300978,1.0433746697667252,0.8495156812422096,0.9996939515842811,0.9872075236772142,0.2972890323087151,0.8975986645856685,0.9634216744205818,0.48052139423952617,1.8555970959147872,2.099300385623647,0.9776400487510236,1.590851579098496,1.7051933215698085,0.7441854353061007,0.7040827165429907,1.0195784248671702,0.2350268720162882,1.427598998580809,1.7183745315397507,0.350812488796572,nan,nan,nan,nan,nan,nan,nan,nan,nan,nan,nan,nan
421,19,BW08_slice_001_2026-04-19_20260419-000000_slice_lfp_rhythm.h5,929677.335,1776576600000.0,2026-04-19T13:30:00+08:00,10.760154340277778,10,13.5,-0.38268343236508967,-0.9238795325112868,0,1,0,location_rule,66.43400573730469,1,intermediate,0.20830868184566498,2,right_bias,0,0,0,3,0,0,1,0,0,1,0.6388888955116272,0.0055555556900799274,0.3333333432674408,0.02222222276031971,0.0,0.8645527437834796,1.0543982898968454,0.8908518444968573,0.9168197674418522,1.079925814296189,0.8263050432859528,1.0795157567304658,1.3039566498611361,1.1756697776745533,1.491697859397531,1.3043176327367765,1.5140972011902092,0.9694606752725252,1.192233074530586,0.8416434217546436,0.8482390400752885,1.0849501849922225,0.811138306812348,0.9166216931298921,1.1384411177918246,1.6612646042595531,1.4088119021110757,1.3117460996441839,1.982958021121034,0.8789749342765766,1.0654154017035071,0.9395206333196878,0.9086194122300978,1.0433746697667252,0.8495156812422096,0.9996939515842811,0.9872075236772142,0.2972890323087151,0.8975986645856685,0.9634216744205818,0.48052139423952617,1.8555970959147872,2.099300385623647,0.9776400487510236,1.590851579098496,1.7051933215698085,0.7441854353061007,0.7040827165429907,1.0195784248671702,0.2350268720162882,1.427598998580809,1.7183745315397507,0.350812488796572,nan,nan,nan,nan,nan,nan,nan,nan,nan,nan,nan,nan
422,18,BW08_slice_001_2026-04-19_20260419-000000_slice_lfp_rhythm.h5,933277.335,1776580200000.0,2026-04-19T14:30:00+08:00,10.801821006944444,10,14.5,-0.6087614290087207,-0.7933533402912352,0,1,0,location_rule,66.43400573730469,1,intermediate,0.20830868184566498,2,right_bias,0,0,0,3,0,0,1,0,0,1,0.1111111119389534,0.0,0.7416666746139526,0.14722222089767456,0.0,1.3387696617701623,1.4856646316408597,0.7681041402553261,0.682209390872735,1.3026097280757423,0.9627155577375328,0.08606484108916516,0.2066451322477006,0.4355866429105209,0.34369871127692225,0.6897598942927754,0.31765477224283073,1.245265641373522,1.6655331922541887,0.9419548247633485,0.5227309615984983,1.6891314820667116,1.5438585750783689,0.21433177627694472,0.3354919031496607,0.6735692349755268,0.22760647473554552,0.46104755913458967,0.5012499095360236,0.8170779338211118,0.9069363924438083,0.8511220372413959,0.8433694386384372,1.0526583966939211,1.2113391949480974,0.49287597686800766,0.7374138237833885,0.3561045557190085,0.7613200531186294,0.8907181414896198,0.2971888356183164,1.1607918473107404,1.011957166755421,0.9196001632938726,1.0936764396638188,1.202623721395826,1.159721941639102,0.6924914766137691,0.8317859656756935,0.49624903746657123,1.0752334128792889,1.0524740810174906,0.3759594806678616,nan,nan,nan,nan,nan,nan,nan,nan,nan,nan,nan,nan
423,19,BW08_slice_001_2026-04-19_20260419-000000_slice_lfp_rhythm.h5,933277.335,1776580200000.0,2026-04-19T14:30:00+08:00,10.801821006944444,10,14.5,-0.6087614290087207,-0.7933533402912352,0,1,0,location_rule,66.43400573730469,1,intermediate,0.20830868184566498,2,right_bias,0,0,0,3,0,0,1,0,0,1,0.1111111119389534,0.0,0.7416666746139526,0.14722222089767456,0.0,1.3387696617701623,1.4856646316408597,0.7681041402553261,0.682209390872735,1.3026097280757423,0.9627155577375328,0.08606484108916516,0.2066451322477006,0.4355866429105209,0.34369871127692225,0.6897598942927754,0.31765477224283073,1.245265641373522,1.6655331922541887,0.9419548247633485,0.5227309615984983,1.6891314820667116,1.5438585750783689,0.21433177627694472,0.3354919031496607,0.6735692349755268,0.22760647473554552,0.46104755913458967,0.5012499095360236,0.8170779338211118,0.9069363924438083,0.8511220372413959,0.8433694386384372,1.0526583966939211,1.2113391949480974,0.49287597686800766,0.7374138237833885,0.3561045557190085,0.7613200531186294,0.8907181414896198,0.2971888356183164,1.1607918473107404,1.011957166755421,0.9196001632938726,1.0936764396638188,1.202623721395826,1.159721941639102,0.6924914766137691,0.8317859656756935,0.49624903746657123,1.0752334128792889,1.0524740810174906,0.3759594806678616,nan,nan,nan,nan,nan,nan,nan,nan,nan,nan,nan,nan
424,18,BW08_slice_001_2026-04-19_20260419-000000_slice_lfp_rhythm.h5,936877.335,1776583800000.0,2026-04-19T15:30:00+08:00,10.843487673611111,10,15.5,-0.7933533402912349,-0.6087614290087209,0,1,0,location_rule,68.46635437011719,1,intermediate,0.14354249835014343,2,right_bias,1,1,1,2,0,0,1,0,0,1,0.5138888955116272,0.0027777778450399637,0.4194444417953491,0.06388889253139496,0.0,0.8551704636458636,0.9479868213162923,0.8187286015066411,0.615376112234987,0.8808397452709893,0.804431875386764,0.3967545503412936,0.49317467654964886,0.8407854999082488,0.5999838875205801,0.6770105484345802,0.8532612997437328,0.8817987206194993,0.8684588407974976,0.8213040453199751,0.5470210097310199,0.8083827678588231,0.8197762825144609,0.3945312917364741,0.46835430255215516,0.9685068803605088,0.5552943358395941,0.5632991634066359,1.1624683675453962,0.7724651161242676,0.8829355263485261,0.8283987263808574,0.7455787750184536,0.9204339672489045,0.852834823470847,0.7201270479877617,0.8093987472592564,0.7083017530804773,0.7997523172156393,0.8457688708497009,0.47970731894014196,0.8138602710923519,0.848862613771518,0.9192841517095536,0.7810571206631917,0.8037770356876801,0.7591583926645699,1.1963080710424534,1.0978550902921418,0.36786865232175303,0.9291425826503156,0.8879074935272832,0.3713828368147658,nan,nan,nan,nan,nan,nan,nan,nan,nan,nan,nan,nan
425,19,BW08_slice_001_2026-04-19_20260419-000000_slice_lfp_rhythm.h5,936877.335,1776583800000.0,2026-04-19T15:30:00+08:00,10.843487673611111,10,15.5,-0.7933533402912349,-0.6087614290087209,0,1,0,location_rule,68.46635437011719,1,intermediate,0.14354249835014343,2,right_bias,1,1,1,2,0,0,1,0,0,1,0.5138888955116272,0.0027777778450399637,0.4194444417953491,0.06388889253139496,0.0,0.8551704636458636,0.9479868213162923,0.8187286015066411,0.615376112234987,0.8808397452709893,0.804431875386764,0.3967545503412936,0.49317467654964886,0.8407854999082488,0.5999838875205801,0.6770105484345802,0.8532612997437328,0.8817987206194993,0.8684588407974976,0.8213040453199751,0.5470210097310199,0.8083827678588231,0.8197762825144609,0.3945312917364741,0.46835430255215516,0.9685068803605088,0.5552943358395941,0.5632991634066359,1.1624683675453962,0.7724651161242676,0.8829355263485261,0.8283987263808574,0.7455787750184536,0.9204339672489045,0.852834823470847,0.7201270479877617,0.8093987472592564,0.7083017530804773,0.7997523172156393,0.8457688708497009,0.47970731894014196,0.8138602710923519,0.848862613771518,0.9192841517095536,0.7810571206631917,0.8037770356876801,0.7591583926645699,1.1963080710424534,1.0978550902921418,0.36786865232175303,0.9291425826503156,0.8879074935272832,0.3713828368147658,nan,nan,nan,nan,nan,nan,nan,nan,nan,nan,nan,nan
426,19,BW08_slice_001_2026-04-19_20260419-000000_slice_lfp_rhythm.h5,940477.335,1776587400000.0,2026-04-19T16:30:00+08:00,10.885154340277778,10,16.5,-0.9238795325112868,-0.3826834323650895,0,1,0,location_rule,68.87902069091797,1,intermediate,-0.05842742323875427,1,neutral,38,36,36,1,0,0,1,0,0,0,0.21388888359069824,0.0055555556900799274,0.6722221970558167,0.10833333432674408,0.0,1.3750224440507224,1.682164892349153,1.1725090754893295,0.8933431771590131,1.6208869288290775,1.4226295594348615,0.2388885856958351,0.5443715792278085,0.61783949642365,0.45623918999470453,0.8068988244315771,0.42841020746424135,1.5088756833080028,2.5505761554099906,2.050707875197112,1.1436055772052942,2.974943609379968,2.21029439580423,0.4896078634249049,1.0886559486902658,0.9881986852602438,0.5153039571751913,0.778628681024324,0.8090978198774343,0.9037782557844147,1.0587807868238623,1.0062325269746153,0.9180658137345595,1.0854456512781574,1.5851013794498232,0.6578277650259279,0.8663360334019903,0.47395703525123956,0.8280209845985248,0.9759403197163671,0.31981470038214127,0.9012403566953979,0.9977474548952782,1.0586323545429215,0.8217225428494146,1.0213692508944767,1.5338137749178449,0.5260548375983128,0.8040783928618458,0.5355786902058067,0.787157851301139,0.9132068797017313,0.3803422716621678,nan,nan,nan,nan,nan,nan,nan,nan,nan,nan,nan,nan
427,18,BW08_slice_001_2026-04-19_20260419-000000_slice_lfp_rhythm.h5,940477.335,1776587400000.0,2026-04-19T16:30:00+08:00,10.885154340277778,10,16.5,-0.9238795325112868,-0.3826834323650895,0,1,0,location_rule,68.87902069091797,1,intermediate,-0.05842742323875427,1,neutral,38,36,36,1,0,0,1,0,0,0,0.21388888359069824,0.0055555556900799274,0.6722221970558167,0.10833333432674408,0.0,1.3750224440507224,1.682164892349153,1.1725090754893295,0.8933431771590131,1.6208869288290775,1.4226295594348615,0.2388885856958351,0.5443715792278085,0.61783949642365,0.45623918999470453,0.8068988244315771,0.42841020746424135,1.5088756833080028,2.5505761554099906,2.050707875197112,1.1436055772052942,2.974943609379968,2.21029439580423,0.4896078634249049,1.0886559486902658,0.9881986852602438,0.5153039571751913,0.778628681024324,0.8090978198774343,0.9037782557844147,1.0587807868238623,1.0062325269746153,0.9180658137345595,1.0854456512781574,1.5851013794498232,0.6578277650259279,0.8663360334019903,0.47395703525123956,0.8280209845985248,0.9759403197163671,0.31981470038214127,0.9012403566953979,0.9977474548952782,1.0586323545429215,0.8217225428494146,1.0213692508944767,1.5338137749178449,0.5260548375983128,0.8040783928618458,0.5355786902058067,0.787157851301139,0.9132068797017313,0.3803422716621678,nan,nan,nan,nan,nan,nan,nan,nan,nan,nan,nan,nan
428,19,BW08_slice_001_2026-04-19_20260419-000000_slice_lfp_rhythm.h5,944077.335,1776591000000.0,2026-04-19T17:30:00+08:00,10.926821006944444,10,17.5,-0.9914448613738104,-0.13052619222005163,0,1,0,location_rule,68.87902069091797,1,intermediate,-0.05842742323875427,1,neutral,0,0,0,3,0,0,1,0,0,0,0.4444444477558136,0.0027777778450399637,0.4555555582046509,0.03333333507180214,0.06388889253139496,0.9778776357676204,1.2011607249183691,0.8134970999721864,0.5360881277972953,0.8622031572251672,0.7301576096549005,0.2593135245662707,0.43053998326300374,1.2235642669894549,0.46817334057673166,0.7067009504912941,1.0604671462039381,0.7542074516933897,0.832504960838643,0.752361229314465,0.35360263807985715,0.5914747023373266,0.6294608431484189,0.2823580875232633,0.44345629354728866,0.6095943791775473,0.40887009767843424,0.5694557581748567,1.1653546394559464,0.8951738473792686,1.1303330648196777,0.930853283794983,0.8175342800613906,1.0283118594942686,1.0202488460840458,0.6835018884890787,0.8439068530739524,1.830450075106762,0.8329231280922839,0.9484163460695645,0.9374644517819716,1.655883365873219,1.7681259844274582,0.9731172749602657,1.3508605310488495,1.4720769625511714,0.9282673436494474,0.9696217973343477,1.1890551441101684,1.2469064229690203,1.1156352363095123,1.464139076661916,0.809037492847185,0.5124480466724531,0.7186607275863323,0.7615709388353329,0.309596245726587,0.5150900643470625,0.6188200851405015,0.19899368126371178,0.43509208353126877,0.925927490381374,0.35595385600975654,0.639876898989335,1.703699421290845
429,18,BW08_slice_001_2026-04-19_20260419-000000_slice_lfp_rhythm.h5,944077.335,1776591000000.0,2026-04-19T17:30:00+08:00,10.926821006944444,10,17.5,-0.9914448613738104,-0.13052619222005163,0,1,0,location_rule,68.87902069091797,1,intermediate,-0.05842742323875427,1,neutral,0,0,0,3,0,0,1,0,0,0,0.4444444477558136,0.0027777778450399637,0.4555555582046509,0.03333333507180214,0.06388889253139496,0.9778776357676204,1.2011607249183691,0.8134970999721864,0.5360881277972953,0.8622031572251672,0.7301576096549005,0.2593135245662707,0.43053998326300374,1.2235642669894549,0.46817334057673166,0.7067009504912941,1.0604671462039381,0.7542074516933897,0.832504960838643,0.752361229314465,0.35360263807985715,0.5914747023373266,0.6294608431484189,0.2823580875232633,0.44345629354728866,0.6095943791775473,0.40887009767843424,0.5694557581748567,1.1653546394559464,0.8951738473792686,1.1303330648196777,0.930853283794983,0.8175342800613906,1.0283118594942686,1.0202488460840458,0.6835018884890787,0.8439068530739524,1.830450075106762,0.8329231280922839,0.9484163460695645,0.9374644517819716,1.655883365873219,1.7681259844274582,0.9731172749602657,1.3508605310488495,1.4720769625511714,0.9282673436494474,0.9696217973343477,1.1890551441101684,1.2469064229690203,1.1156352363095123,1.464139076661916,0.809037492847185,0.5124480466724531,0.7186607275863323,0.7615709388353329,0.309596245726587,0.5150900643470625,0.6188200851405015,0.19899368126371178,0.43509208353126877,0.925927490381374,0.35595385600975654,0.639876898989335,1.703699421290845
430,18,BW08_slice_001_2026-04-19_20260419-000000_slice_lfp_rhythm.h5,947677.335,1776594600000.0,2026-04-19T18:30:00+08:00,10.968487673611111,10,18.5,-0.9914448613738105,0.13052619222005127,1,1,0,location_rule,64.61017608642578,1,intermediate,-0.3878558278083801,0,left_bias,123,120,120,1,0,0,1,0,1,0,0.6083333492279053,0.0027777778450399637,0.17499999701976776,0.03888889029622078,0.17499999701976776,0.5641547562216572,0.6991470734042248,1.0086717929482365,0.4887612384519404,0.7241624357806543,1.0862655912660137,0.4422199670403778,0.5912731751176947,1.8514044356613006,0.6354075510157499,0.6720841496569895,1.585656507238161,0.8191846769625905,0.9408853570959032,1.0198347476711274,0.46439336584575447,0.7828485294925421,1.053156065707238,0.3929445844527546,0.5350640442797736,1.645482352592111,0.5944964317919689,0.67238558689094,1.7470992148742377,0.8854523604547082,1.1276822192687508,0.9931501508685429,0.8242288924016085,1.073787046906818,1.384971752379749,0.5988817332180879,0.806993651401562,3.530820906260943,0.8092805509619166,0.9216512634140646,1.7564460461080662,1.0052624965900143,1.0390862283054083,0.9983607565597559,0.92819540567785,1.1768971299539326,1.3784577034185415,1.1240719246838444,0.8929743330985866,2.9501456892718316,1.2680759302927926,0.9620070614166097,1.4210636667656413,0.8084786990428112,0.8057881201841521,0.7984066321979119,0.46759368302856474,0.6218210876730642,0.6584135523127094,0.6320645873068549,0.6171794520499854,0.8742367696621924,0.6938987316641033,0.6945466734069022,0.9962050139549093
431,19,BW08_slice_001_2026-04-19_20260419-000000_slice_lfp_rhythm.h5,947677.335,1776594600000.0,2026-04-19T18:30:00+08:00,10.968487673611111,10,18.5,-0.9914448613738105,0.13052619222005127,1,1,0,location_rule,64.61017608642578,1,intermediate,-0.3878558278083801,0,left_bias,123,120,120,1,0,0,1,0,1,0,0.6083333492279053,0.0027777778450399637,0.17499999701976776,0.03888889029622078,0.17499999701976776,0.5641547562216572,0.6991470734042248,1.0086717929482365,0.4887612384519404,0.7241624357806543,1.0862655912660137,0.4422199670403778,0.5912731751176947,1.8514044356613006,0.6354075510157499,0.6720841496569895,1.585656507238161,0.8191846769625905,0.9408853570959032,1.0198347476711274,0.46439336584575447,0.7828485294925421,1.053156065707238,0.3929445844527546,0.5350640442797736,1.645482352592111,0.5944964317919689,0.67238558689094,1.7470992148742377,0.8854523604547082,1.1276822192687508,0.9931501508685429,0.8242288924016085,1.073787046906818,1.384971752379749,0.5988817332180879,0.806993651401562,3.530820906260943,0.8092805509619166,0.9216512634140646,1.7564460461080662,1.0052624965900143,1.0390862283054083,0.9983607565597559,0.92819540567785,1.1768971299539326,1.3784577034185415,1.1240719246838444,0.8929743330985866,2.9501456892718316,1.2680759302927926,0.9620070614166097,1.4210636667656413,0.8084786990428112,0.8057881201841521,0.7984066321979119,0.46759368302856474,0.6218210876730642,0.6584135523127094,0.6320645873068549,0.6171794520499854,0.8742367696621924,0.6938987316641033,0.6945466734069022,0.9962050139549093
432,19,BW08_slice_001_2026-04-19_20260419-000000_slice_lfp_rhythm.h5,951277.335,1776598200000.0,2026-04-19T19:30:00+08:00,11.010154340277778,11,19.5,-0.923879532511287,0.38268343236508917,1,1,0,location_rule,60.88768005371094,1,intermediate,-0.39833998680114746,0,left_bias,43,39,39,1,0,0,1,0,1,0,0.9303621053695679,0.0,0.0,0.0,0.06963787972927094,0.2515842893375404,0.3359737535828115,1.077241956208116,0.8488530037075847,0.6255905181534581,1.1767665088409882,1.3960818058954607,1.393240882643673,1.087374688516355,1.1686582001360935,1.1305667960605754,1.2043768825803152,0.6250206221486121,0.7973941070212975,0.9563064607390661,0.7663745558513413,0.7545212307433163,0.9914817217205013,0.8424813159912006,0.8873921331133143,1.1403792278582998,0.8408872142673033,1.0020662421097395,1.1662839800816913,nan,nan,nan,nan,nan,nan,nan,nan,nan,nan,nan,nan,nan,nan,nan,nan,nan,nan,nan,nan,nan,nan,nan,nan,0.8684066756970314,0.9803288813759822,1.2476152341379994,0.5700822858842646,0.778038098806626,0.9080430625123451,0.44571651132573764,0.6503858241564651,0.859093628280062,0.6420391868661076,0.7886726135425689,1.0329977296890924
433,18,BW08_slice_001_2026-04-19_20260419-000000_slice_lfp_rhythm.h5,951277.335,1776598200000.0,2026-04-19T19:30:00+08:00,11.010154340277778,11,19.5,-0.923879532511287,0.38268343236508917,1,1,0,location_rule,60.88768005371094,1,intermediate,-0.39833998680114746,0,left_bias,43,39,39,1,0,0,1,0,1,0,0.9303621053695679,0.0,0.0,0.0,0.06963787972927094,0.2515842893375404,0.3359737535828115,1.077241956208116,0.8488530037075847,0.6255905181534581,1.1767665088409882,1.3960818058954607,1.393240882643673,1.087374688516355,1.1686582001360935,1.1305667960605754,1.2043768825803152,0.6250206221486121,0.7973941070212975,0.9563064607390661,0.7663745558513413,0.7545212307433163,0.9914817217205013,0.8424813159912006,0.8873921331133143,1.1403792278582998,0.8408872142673033,1.0020662421097395,1.1662839800816913,nan,nan,nan,nan,nan,nan,nan,nan,nan,nan,nan,nan,nan,nan,nan,nan,nan,nan,nan,nan,nan,nan,nan,nan,0.8684066756970314,0.9803288813759822,1.2476152341379994,0.5700822858842646,0.778038098806626,0.9080430625123451,0.44571651132573764,0.6503858241564651,0.859093628280062,0.6420391868661076,0.7886726135425689,1.0329977296890924
434,18,BW08_slice_001_2026-04-19_20260419-000000_slice_lfp_rhythm.h5,954877.335,1776601800000.0,2026-04-19T20:30:00+08:00,11.051821006944444,11,20.5,-0.7933533402912357,0.6087614290087199,1,1,0,location_rule,58.997920989990234,0,unlearned,-0.21169573068618774,0,left_bias,109,106,106,1,0,0,0,0,1,0,0.7972221970558167,0.0,0.0,0.0,0.20277777314186096,0.43037993509249134,0.5052390553542487,1.4307800036667784,1.25876122754556,0.9976658351009657,1.558319374782733,1.6217278263439852,2.0687209571998872,0.9227526983315887,1.7694230445184278,1.7365240903884704,1.1614038358903864,1.1906768264148935,1.274570508599717,1.311500183609395,1.1818100721248337,1.2391600197462902,1.1793298629440299,1.136180261494135,1.5227056918592048,1.050019470741183,1.4580028285619522,1.747239707164792,1.190102583183295,nan,nan,nan,nan,nan,nan,nan,nan,nan,nan,nan,nan,nan,nan,nan,nan,nan,nan,nan,nan,nan,nan,nan,nan,1.1651633407337765,1.7111519446707102,1.3230479579204357,1.5309060036837943,1.5886421580562642,1.8647285455056197,0.38531116237995416,0.9168868484471311,1.186514927714184,0.8304614505965383,1.1026874896303782,1.3007395802234152
435,19,BW08_slice_001_2026-04-19_20260419-000000_slice_lfp_rhythm.h5,954877.335,1776601800000.0,2026-04-19T20:30:00+08:00,11.051821006944444,11,20.5,-0.7933533402912357,0.6087614290087199,1,1,0,location_rule,58.997920989990234,0,unlearned,-0.21169573068618774,0,left_bias,109,106,106,1,0,0,0,0,1,0,0.7972221970558167,0.0,0.0,0.0,0.20277777314186096,0.43037993509249134,0.5052390553542487,1.4307800036667784,1.25876122754556,0.9976658351009657,1.558319374782733,1.6217278263439852,2.0687209571998872,0.9227526983315887,1.7694230445184278,1.7365240903884704,1.1614038358903864,1.1906768264148935,1.274570508599717,1.311500183609395,1.1818100721248337,1.2391600197462902,1.1793298629440299,1.136180261494135,1.5227056918592048,1.050019470741183,1.4580028285619522,1.747239707164792,1.190102583183295,nan,nan,nan,nan,nan,nan,nan,nan,nan,nan,nan,nan,nan,nan,nan,nan,nan,nan,nan,nan,nan,nan,nan,nan,1.1651633407337765,1.7111519446707102,1.3230479579204357,1.5309060036837943,1.5886421580562642,1.8647285455056197,0.38531116237995416,0.9168868484471311,1.186514927714184,0.8304614505965383,1.1026874896303782,1.3007395802234152
436,19,BW08_slice_001_2026-04-19_20260419-000000_slice_lfp_rhythm.h5,958477.335,1776605400000.0,2026-04-19T21:30:00+08:00,11.093487673611111,11,21.5,-0.608761429008721,0.7933533402912349,1,1,0,location_rule,51.224979400634766,0,unlearned,-0.2942185699939728,0,left_bias,24,23,23,1,0,0,0,0,1,0,0.5944444537162781,0.0,0.3861111104488373,0.01944444514811039,0.0,1.6803160462817353,1.7588528284756717,1.2877813893991048,1.271952611896471,1.2747526732531014,1.273200108971101,1.137699535054883,1.349636452474943,0.6360944128858412,1.0991067024057528,1.3494485801303873,0.8147897807768812,1.0586931819601932,1.4122428657187687,1.3237859793747035,1.0413508802019846,1.1808810846069813,1.4045014597596905,1.0096939180638649,1.2402950157958794,0.8611107497030404,0.8883387336159371,1.1939381837384972,1.0052812792146835,1.8649261797591594,1.8788734359717363,1.1837143842049807,1.5272556959109638,1.3391230461247374,0.7374305953756051,1.683963195333376,1.219874776118846,0.28318946303792336,1.6448921150230325,1.459654050360405,0.4574432060254316,0.6085096047973994,0.9147930001851813,1.0815133382641293,0.5302294034177519,0.7824621102928625,0.7447517033174659,0.3768296286987958,0.6276439257326386,0.29131671612723464,0.7234481733797565,0.767399276504357,0.5352576145972687,nan,nan,nan,nan,nan,nan,nan,nan,nan,nan,nan,nan
437,18,BW08_slice_001_2026-04-19_20260419-000000_slice_lfp_rhythm.h5,958477.335,1776605400000.0,2026-04-19T21:30:00+08:00,11.093487673611111,11,21.5,-0.608761429008721,0.7933533402912349,1,1,0,location_rule,51.224979400634766,0,unlearned,-0.2942185699939728,0,left_bias,24,23,23,1,0,0,0,0,1,0,0.5944444537162781,0.0,0.3861111104488373,0.01944444514811039,0.0,1.6803160462817353,1.7588528284756717,1.2877813893991048,1.271952611896471,1.2747526732531014,1.273200108971101,1.137699535054883,1.349636452474943,0.6360944128858412,1.0991067024057528,1.3494485801303873,0.8147897807768812,1.0586931819601932,1.4122428657187687,1.3237859793747035,1.0413508802019846,1.1808810846069813,1.4045014597596905,1.0096939180638649,1.2402950157958794,0.8611107497030404,0.8883387336159371,1.1939381837384972,1.0052812792146835,1.8649261797591594,1.8788734359717363,1.1837143842049807,1.5272556959109638,1.3391230461247374,0.7374305953756051,1.683963195333376,1.219874776118846,0.28318946303792336,1.6448921150230325,1.459654050360405,0.4574432060254316,0.6085096047973994,0.9147930001851813,1.0815133382641293,0.5302294034177519,0.7824621102928625,0.7447517033174659,0.3768296286987958,0.6276439257326386,0.29131671612723464,0.7234481733797565,0.767399276504357,0.5352576145972687,nan,nan,nan,nan,nan,nan,nan,nan,nan,nan,nan,nan
438,19,BW08_slice_001_2026-04-19_20260419-000000_slice_lfp_rhythm.h5,962077.335,1776609000000.0,2026-04-19T22:30:00+08:00,11.135154340277778,11,22.5,-0.38268343236508956,0.9238795325112868,1,1,0,location_rule,58.586238861083984,0,unlearned,-0.12463551014661789,0,left_bias,118,110,110,1,0,0,0,0,1,0,0.6194444298744202,0.0,0.1944444477558136,0.01944444514811039,0.1666666716337204,0.8680183386359821,0.8148628936736935,0.9887106692253088,0.716969598316486,0.6926956215420909,0.8171127658054377,0.747802586373963,0.6917270170061308,0.5811989063579382,0.7894181129505543,0.7458901002659145,0.818217407138753,0.8388183590952558,0.9058720287257624,0.9093544096364654,0.6285527171252389,0.6800782156466899,0.7913948064271997,0.6341145660303399,0.5861834063323517,0.7203225829523746,0.634461136666842,0.6255658910915499,0.8045698511359806,1.6313246571274467,1.4308179283427775,1.2505923835604167,1.3830495317183533,1.20414740163727,0.9363688983500804,1.6019126230628948,1.275419910126183,0.39668686293438504,1.728049821520944,1.4264910170490588,0.9578977922538643,0.7742041603345955,1.1395486967015085,1.1295281947350462,0.8874039228868424,0.8836041616892217,0.7834100196562992,1.266223887525039,0.9482446678018484,0.3677819669550138,1.2667364092488584,1.1471562857950106,0.8621801230612659,0.9018236516909551,0.7696487759011659,0.8139183989794425,0.5245051425558157,0.5256108983921285,0.5944067330545558,0.8167876255094708,0.8661867200163833,0.7701369983352119,1.0363188551754707,0.8145427790104591,0.8611500528915611
439,18,BW08_slice_001_2026-04-19_20260419-000000_slice_lfp_rhythm.h5,962077.335,1776609000000.0,2026-04-19T22:30:00+08:00,11.135154340277778,11,22.5,-0.38268343236508956,0.9238795325112868,1,1,0,location_rule,58.586238861083984,0,unlearned,-0.12463551014661789,0,left_bias,118,110,110,1,0,0,0,0,1,0,0.6194444298744202,0.0,0.1944444477558136,0.01944444514811039,0.1666666716337204,0.8680183386359821,0.8148628936736935,0.9887106692253088,0.716969598316486,0.6926956215420909,0.8171127658054377,0.747802586373963,0.6917270170061308,0.5811989063579382,0.7894181129505543,0.7458901002659145,0.818217407138753,0.8388183590952558,0.9058720287257624,0.9093544096364654,0.6285527171252389,0.6800782156466899,0.7913948064271997,0.6341145660303399,0.5861834063323517,0.7203225829523746,0.634461136666842,0.6255658910915499,0.8045698511359806,1.6313246571274467,1.4308179283427775,1.2505923835604167,1.3830495317183533,1.20414740163727,0.9363688983500804,1.6019126230628948,1.275419910126183,0.39668686293438504,1.728049821520944,1.4264910170490588,0.9578977922538643,0.7742041603345955,1.1395486967015085,1.1295281947350462,0.8874039228868424,0.8836041616892217,0.7834100196562992,1.266223887525039,0.9482446678018484,0.3677819669550138,1.2667364092488584,1.1471562857950106,0.8621801230612659,0.9018236516909551,0.7696487759011659,0.8139183989794425,0.5245051425558157,0.5256108983921285,0.5944067330545558,0.8167876255094708,0.8661867200163833,0.7701369983352119,1.0363188551754707,0.8145427790104591,0.8611500528915611
440,19,BW08_slice_001_2026-04-19_20260419-000000_slice_lfp_rhythm.h5,965677.335,1776612600000.0,2026-04-19T23:30:00+08:00,11.176821006944444,11,23.5,-0.13052619222005168,0.9914448613738104,1,1,0,location_rule,50.68924331665039,0,unlearned,-0.05016973987221718,1,neutral,2,2,2,2,0,0,0,0,0,0,0.9583333134651184,0.0,0.0,0.0,0.0416666679084301,0.38443585446521794,0.3172223483263127,1.3099507359127842,1.2286164309255192,0.652790931479085,1.3632211992867358,2.104627728787859,1.694756438616444,1.0195042932237555,1.788422636930785,1.2066653429850527,1.1150955548649766,0.9322661079728438,0.739337829002192,1.1927955196949065,1.0921260100068468,0.7795228650227047,1.1428745993467981,1.2278542025909667,1.0464238685203697,1.0470259690778243,1.2438182517234464,1.0376731404876403,1.0652287493567842,nan,nan,nan,nan,nan,nan,nan,nan,nan,nan,nan,nan,nan,nan,nan,nan,nan,nan,nan,nan,nan,nan,nan,nan,1.7744126209041036,1.0059107447875089,0.838017185181128,0.8623526294741732,0.6318199417840437,0.6320180811518487,2.046032335629851,1.2688272189427856,0.9757755924824387,1.82995469482971,1.1695297424434277,0.9503801289917587
441,18,BW08_slice_001_2026-04-19_20260419-000000_slice_lfp_rhythm.h5,965677.335,1776612600000.0,2026-04-19T23:30:00+08:00,11.176821006944444,11,23.5,-0.13052619222005168,0.9914448613738104,1,1,0,location_rule,50.68924331665039,0,unlearned,-0.05016973987221718,1,neutral,2,2,2,2,0,0,0,0,0,0,0.9583333134651184,0.0,0.0,0.0,0.0416666679084301,0.38443585446521794,0.3172223483263127,1.3099507359127842,1.2286164309255192,0.652790931479085,1.3632211992867358,2.104627728787859,1.694756438616444,1.0195042932237555,1.788422636930785,1.2066653429850527,1.1150955548649766,0.9322661079728438,0.739337829002192,1.1927955196949065,1.0921260100068468,0.7795228650227047,1.1428745993467981,1.2278542025909667,1.0464238685203697,1.0470259690778243,1.2438182517234464,1.0376731404876403,1.0652287493567842,nan,nan,nan,nan,nan,nan,nan,nan,nan,nan,nan,nan,nan,nan,nan,nan,nan,nan,nan,nan,nan,nan,nan,nan,1.7744126209041036,1.0059107447875089,0.838017185181128,0.8623526294741732,0.6318199417840437,0.6320180811518487,2.046032335629851,1.2688272189427856,0.9757755924824387,1.82995469482971,1.1695297424434277,0.9503801289917587
442,20,BW08_slice_001_2026-04-20_20260420-000000_slice_lfp_rhythm.h5,969277.335,1776616200000.0,2026-04-20T00:30:00+08:00,11.218487673611111,11,0.5,0.13052619222005157,0.9914448613738104,1,1,0,location_rule,52.82626724243164,0,unlearned,-0.0016715856036171317,1,neutral,6,6,6,2,0,0,0,0,0,0,0.9748603105545044,0.0,0.025139665231108665,0.0,0.0,0.6507512146678966,0.5681522191287841,2.3494027310297207,1.7921347214122527,1.430067424069516,2.6424859791681388,2.450025363011596,2.682372095310069,1.2905965621178976,1.6325055369246826,1.4418845861591543,0.8684234462297388,1.4097090025341292,1.1655368705331173,2.138966316818417,1.5130149425279635,1.5541673234931868,2.1143376533145966,1.4078356262075906,1.6299644625072447,1.3051169562858007,1.107997893906479,1.1963525812349571,0.8263969386434483,1.5140547981993846,1.4796567377063963,1.0620811248265807,1.281458626352759,1.1483545228449328,0.7483701035423173,2.4019224581506147,1.6667232692628908,0.3025768006697239,1.6820409727014851,1.5319863689822333,0.4201440829069109,nan,nan,nan,nan,nan,nan,nan,nan,nan,nan,nan,nan,nan,nan,nan,nan,nan,nan,nan,nan,nan,nan,nan,nan
443,21,BW08_slice_001_2026-04-20_20260420-000000_slice_lfp_rhythm.h5,969277.335,1776616200000.0,2026-04-20T00:30:00+08:00,11.218487673611111,11,0.5,0.13052619222005157,0.9914448613738104,1,1,0,location_rule,52.82626724243164,0,unlearned,-0.0016715856036171317,1,neutral,6,6,6,2,0,0,0,0,0,0,0.9748603105545044,0.0,0.025139665231108665,0.0,0.0,0.6507512146678966,0.5681522191287841,2.3494027310297207,1.7921347214122527,1.430067424069516,2.6424859791681388,2.450025363011596,2.682372095310069,1.2905965621178976,1.6325055369246826,1.4418845861591543,0.8684234462297388,1.4097090025341292,1.1655368705331173,2.138966316818417,1.5130149425279635,1.5541673234931868,2.1143376533145966,1.4078356262075906,1.6299644625072447,1.3051169562858007,1.107997893906479,1.1963525812349571,0.8263969386434483,1.5140547981993846,1.4796567377063963,1.0620811248265807,1.281458626352759,1.1483545228449328,0.7483701035423173,2.4019224581506147,1.6667232692628908,0.3025768006697239,1.6820409727014851,1.5319863689822333,0.4201440829069109,nan,nan,nan,nan,nan,nan,nan,nan,nan,nan,nan,nan,nan,nan,nan,nan,nan,nan,nan,nan,nan,nan,nan,nan
444,21,BW08_slice_001_2026-04-20_20260420-000000_slice_lfp_rhythm.h5,972877.335,1776619800000.0,2026-04-20T01:30:00+08:00,11.260154340277778,11,1.5,0.3826834323650898,0.9238795325112867,1,1,0,location_rule,58.80225372314453,0,unlearned,0.23982416093349457,2,right_bias,27,26,26,1,0,0,0,0,0,1,0.5388888716697693,0.008333333767950535,0.4166666567325592,0.0027777778450399637,0.03333333507180214,2.2296298970864563,1.665450325566337,1.497012801034322,1.4913367669963744,1.4858385622615564,1.2630048797499844,1.2605732938707228,1.665822554924452,1.9014190223558187,1.2097607285603245,1.3898314430167542,0.9102708632674158,2.2268099331769244,1.806022689943176,1.7326660701986467,1.2969195822702202,1.6271066978887563,1.3502639949129012,1.2303475020558268,1.687811111716043,1.4385071849524877,0.9999590784983794,1.2236587221650193,0.8131094709380203,2.052212113007053,1.5190918916547884,1.169128891844381,1.7376312964796001,1.288378282834395,1.056033508967776,1.5140482362991439,1.3072127212829798,2.461172088571813,1.9028206061377588,1.5735960691514437,1.0371476945569087,8.957704162882345,3.3432316322942435,1.331881400325348,5.95096833188176,2.4117564273508605,1.1981933646783902,2.899685401838985,2.235122092337131,3.4162968318613296,5.481472683083839,3.5396398928998924,1.3083507617328154,3.2458044061973483,2.2852931164327748,0.8042948358943288,1.9965880149497215,1.4475702073407435,0.6978316882734341,3.5948254366410763,1.9693232077918352,0.9307060910303144,1.654374659366215,1.6164615036090415,0.797990672187528
445,20,BW08_slice_001_2026-04-20_20260420-000000_slice_lfp_rhythm.h5,972877.335,1776619800000.0,2026-04-20T01:30:00+08:00,11.260154340277778,11,1.5,0.3826834323650898,0.9238795325112867,1,1,0,location_rule,58.80225372314453,0,unlearned,0.23982416093349457,2,right_bias,27,26,26,1,0,0,0,0,0,1,0.5388888716697693,0.008333333767950535,0.4166666567325592,0.0027777778450399637,0.03333333507180214,2.2296298970864563,1.665450325566337,1.497012801034322,1.4913367669963744,1.4858385622615564,1.2630048797499844,1.2605732938707228,1.665822554924452,1.9014190223558187,1.2097607285603245,1.3898314430167542,0.9102708632674158,2.2268099331769244,1.806022689943176,1.7326660701986467,1.2969195822702202,1.6271066978887563,1.3502639949129012,1.2303475020558268,1.687811111716043,1.4385071849524877,0.9999590784983794,1.2236587221650193,0.8131094709380203,2.052212113007053,1.5190918916547884,1.169128891844381,1.7376312964796001,1.288378282834395,1.056033508967776,1.5140482362991439,1.3072127212829798,2.461172088571813,1.9028206061377588,1.5735960691514437,1.0371476945569087,8.957704162882345,3.3432316322942435,1.331881400325348,5.95096833188176,2.4117564273508605,1.1981933646783902,2.899685401838985,2.235122092337131,3.4162968318613296,5.481472683083839,3.5396398928998924,1.3083507617328154,3.2458044061973483,2.2852931164327748,0.8042948358943288,1.9965880149497215,1.4475702073407435,0.6978316882734341,3.5948254366410763,1.9693232077918352,0.9307060910303144,1.654374659366215,1.6164615036090415,0.797990672187528
446,20,BW08_slice_001_2026-04-20_20260420-000000_slice_lfp_rhythm.h5,976477.335,1776623400000.0,2026-04-20T02:30:00+08:00,11.301821006944444,11,2.5,0.6087614290087207,0.7933533402912352,1,1,0,location_rule,54.17959213256836,0,unlearned,0.5198953151702881,2,right_bias,20,20,20,1,0,0,0,0,0,1,0.2638888955116272,0.0027777778450399637,0.7055555582046509,0.02777777798473835,0.0,2.2717336484257333,1.8047145264651812,1.1920550702835664,1.184811226608912,1.3516768386084372,1.1212987639276222,0.557774435958655,0.6726037758663057,1.1932658661364264,0.7833267455008318,1.0328270964617388,0.6757936747190993,2.212111623833785,1.969591391919409,1.6824221798082593,1.1250345019732328,1.3976310392476803,1.4351479917093857,0.976943826885865,1.0777804047796677,1.1875940018536457,0.7391391746443973,0.7830754197932833,0.7414809078062713,1.4405264490228966,1.1485168819306382,1.1053663312035564,1.3012376536016328,1.1201987350208868,1.3005015918667304,1.2872145651139337,1.145947969412675,1.1323989261124083,1.390824118369484,1.2565017498058706,0.6640021428528943,1.8786479106110254,1.4382364167758845,1.0705959878125964,1.4880905072074055,1.2614438263554992,1.2134647179148683,1.9836208455675124,1.7980739169098197,0.8610488461415381,1.9099958433691784,1.6704914554130035,0.6026454156878348,nan,nan,nan,nan,nan,nan,nan,nan,nan,nan,nan,nan
447,21,BW08_slice_001_2026-04-20_20260420-000000_slice_lfp_rhythm.h5,976477.335,1776623400000.0,2026-04-20T02:30:00+08:00,11.301821006944444,11,2.5,0.6087614290087207,0.7933533402912352,1,1,0,location_rule,54.17959213256836,0,unlearned,0.5198953151702881,2,right_bias,20,20,20,1,0,0,0,0,0,1,0.2638888955116272,0.0027777778450399637,0.7055555582046509,0.02777777798473835,0.0,2.2717336484257333,1.8047145264651812,1.1920550702835664,1.184811226608912,1.3516768386084372,1.1212987639276222,0.557774435958655,0.6726037758663057,1.1932658661364264,0.7833267455008318,1.0328270964617388,0.6757936747190993,2.212111623833785,1.969591391919409,1.6824221798082593,1.1250345019732328,1.3976310392476803,1.4351479917093857,0.976943826885865,1.0777804047796677,1.1875940018536457,0.7391391746443973,0.7830754197932833,0.7414809078062713,1.4405264490228966,1.1485168819306382,1.1053663312035564,1.3012376536016328,1.1201987350208868,1.3005015918667304,1.2872145651139337,1.145947969412675,1.1323989261124083,1.390824118369484,1.2565017498058706,0.6640021428528943,1.8786479106110254,1.4382364167758845,1.0705959878125964,1.4880905072074055,1.2614438263554992,1.2134647179148683,1.9836208455675124,1.7980739169098197,0.8610488461415381,1.9099958433691784,1.6704914554130035,0.6026454156878348,nan,nan,nan,nan,nan,nan,nan,nan,nan,nan,nan,nan
448,20,BW08_slice_001_2026-04-20_20260420-000000_slice_lfp_rhythm.h5,980077.335,1776627000000.0,2026-04-20T03:30:00+08:00,11.343487673611111,11,3.5,0.7933533402912352,0.6087614290087207,1,1,0,location_rule,54.17959213256836,0,unlearned,0.5198953151702881,2,right_bias,0,0,0,3,0,0,0,0,0,1,0.3027777671813965,0.0027777778450399637,0.6361111402511597,0.02500000037252903,0.03333333507180214,1.8911306616621124,1.6664119540209417,0.9370166662939826,0.8459408013388567,1.1925968615079683,1.1518042125931547,0.21387293820911696,0.369131036508043,1.3841227694133245,0.5654958282672378,0.8760760393275611,0.6454350720243746,1.4847939718289276,1.3954861694013314,0.9748704013604137,0.46556177771403456,0.8590116652249624,1.1208583749527157,0.2702289379221714,0.42403249564587037,0.8931567494736384,0.3619495365268528,0.4993517142620994,0.58131119398622,1.3324517899522812,1.1865178268906178,1.0236818755295474,1.164002678210366,1.1616099519713992,1.6556461943455154,0.9730747329888063,0.9884511766381718,1.5691967240084561,1.2496897427270879,1.220883378178722,0.6923769549738396,2.073427847401187,1.3439132965590281,1.066314153541548,1.5159389646373558,1.3057159992814693,1.7723891035545478,1.4404925746444608,1.1161005722643373,1.4567080722787713,1.8950639871614203,1.5285188761092785,0.8281741476546683,1.6419583646059195,2.505038549575225,0.7378050674674352,0.5799959537914056,0.8410139105373063,0.5525729212975491,0.3050491288756306,0.5525174373459419,0.6669357432880527,0.728824729750715,0.9978394546923739,0.6421291233869174
449,21,BW08_slice_001_2026-04-20_20260420-000000_slice_lfp_rhythm.h5,980077.335,1776627000000.0,2026-04-20T03:30:00+08:00,11.343487673611111,11,3.5,0.7933533402912352,0.6087614290087207,1,1,0,location_rule,54.17959213256836,0,unlearned,0.5198953151702881,2,right_bias,0,0,0,3,0,0,0,0,0,1,0.3027777671813965,0.0027777778450399637,0.6361111402511597,0.02500000037252903,0.03333333507180214,1.8911306616621124,1.6664119540209417,0.9370166662939826,0.8459408013388567,1.1925968615079683,1.1518042125931547,0.21387293820911696,0.369131036508043,1.3841227694133245,0.5654958282672378,0.8760760393275611,0.6454350720243746,1.4847939718289276,1.3954861694013314,0.9748704013604137,0.46556177771403456,0.8590116652249624,1.1208583749527157,0.2702289379221714,0.42403249564587037,0.8931567494736384,0.3619495365268528,0.4993517142620994,0.58131119398622,1.3324517899522812,1.1865178268906178,1.0236818755295474,1.164002678210366,1.1616099519713992,1.6556461943455154,0.9730747329888063,0.9884511766381718,1.5691967240084561,1.2496897427270879,1.220883378178722,0.6923769549738396,2.073427847401187,1.3439132965590281,1.066314153541548,1.5159389646373558,1.3057159992814693,1.7723891035545478,1.4404925746444608,1.1161005722643373,1.4567080722787713,1.8950639871614203,1.5285188761092785,0.8281741476546683,1.6419583646059195,2.505038549575225,0.7378050674674352,0.5799959537914056,0.8410139105373063,0.5525729212975491,0.3050491288756306,0.5525174373459419,0.6669357432880527,0.728824729750715,0.9978394546923739,0.6421291233869174
450,20,BW08_slice_001_2026-04-20_20260420-000000_slice_lfp_rhythm.h5,983677.335,1776630600000.0,2026-04-20T04:30:00+08:00,11.385154340277778,11,4.5,0.9238795325112867,0.38268343236508984,1,1,0,location_rule,58.529327392578125,0,unlearned,0.6110713481903076,2,right_bias,134,128,128,1,0,0,0,0,0,1,0.7111111283302307,0.0,0.10555555671453476,0.0,0.18333333730697632,0.4186413945021393,0.43576333263726486,1.0525132813801932,0.7030452389720923,0.6242352478280299,1.037528164328368,0.7142446308697983,0.8276960914128569,0.9717209127987875,0.8112548726949503,0.6998382349747416,0.8287315449842881,0.6944200907112633,0.7061389723925605,1.054094934613754,0.7181795526110252,0.7668569431745248,0.969423028570667,0.5419319941848764,0.6509560024226712,0.7931959368019342,0.6745130365991794,0.6652836561977505,0.8042107303065574,0.9113088102581585,0.9001730031311389,0.8997096981972348,0.8917306735252192,1.111281096956569,1.4810596095436317,0.9556069422607439,1.2244490524692309,3.2118383159916504,0.8787580514444414,0.9932887575371246,1.145367268679184,nan,nan,nan,nan,nan,nan,nan,nan,nan,nan,nan,nan,0.9197299800874282,1.1161287200557954,0.7451384765130257,0.5700856035238099,0.6814174834256899,0.5807044597416927,0.9059718283077729,0.722375085119031,0.7356616470396606,1.3446266033722656,0.9265830393846132,0.858164938565372
451,21,BW08_slice_001_2026-04-20_20260420-000000_slice_lfp_rhythm.h5,983677.335,1776630600000.0,2026-04-20T04:30:00+08:00,11.385154340277778,11,4.5,0.9238795325112867,0.38268343236508984,1,1,0,location_rule,58.529327392578125,0,unlearned,0.6110713481903076,2,right_bias,134,128,128,1,0,0,0,0,0,1,0.7111111283302307,0.0,0.10555555671453476,0.0,0.18333333730697632,0.4186413945021393,0.43576333263726486,1.0525132813801932,0.7030452389720923,0.6242352478280299,1.037528164328368,0.7142446308697983,0.8276960914128569,0.9717209127987875,0.8112548726949503,0.6998382349747416,0.8287315449842881,0.6944200907112633,0.7061389723925605,1.054094934613754,0.7181795526110252,0.7668569431745248,0.969423028570667,0.5419319941848764,0.6509560024226712,0.7931959368019342,0.6745130365991794,0.6652836561977505,0.8042107303065574,0.9113088102581585,0.9001730031311389,0.8997096981972348,0.8917306735252192,1.111281096956569,1.4810596095436317,0.9556069422607439,1.2244490524692309,3.2118383159916504,0.8787580514444414,0.9932887575371246,1.145367268679184,nan,nan,nan,nan,nan,nan,nan,nan,nan,nan,nan,nan,0.9197299800874282,1.1161287200557954,0.7451384765130257,0.5700856035238099,0.6814174834256899,0.5807044597416927,0.9059718283077729,0.722375085119031,0.7356616470396606,1.3446266033722656,0.9265830393846132,0.858164938565372
452,20,BW08_slice_001_2026-04-20_20260420-000000_slice_lfp_rhythm.h5,987277.335,1776634200000.0,2026-04-20T05:30:00+08:00,11.426821006944444,11,5.5,0.9914448613738104,0.1305261922200517,1,1,0,location_rule,58.67051315307617,0,unlearned,0.2591211795806885,2,right_bias,5,4,4,2,0,0,0,0,0,1,0.9472222328186035,0.0,0.0,0.0,0.05277777835726738,0.27060159389389804,0.3012064428670272,1.0452177558888438,0.741573074265473,0.49535850124795594,0.8799365359907889,1.324614941529702,1.1934534105638244,0.7373071669706919,1.1016156232939724,1.023908716348659,0.8181547510632283,0.6566058158825463,0.7060208039022876,0.9413586246671163,0.6786518536518805,0.6309563485025939,0.7774651303006309,0.7790450951583164,0.74411803021577,0.7568985281469092,0.768421139323111,0.8856041103533044,0.7782839927997527,nan,nan,nan,nan,nan,nan,nan,nan,nan,nan,nan,nan,nan,nan,nan,nan,nan,nan,nan,nan,nan,nan,nan,nan,1.3810655836519337,0.9431217448250796,0.9663097742723263,0.8306265545814373,0.5850029792407958,0.6625217909437794,1.8794061094715022,1.0781582078830279,1.0836774365896722,1.739511557202178,1.2801240767641977,0.9218625347425387
453,21,BW08_slice_001_2026-04-20_20260420-000000_slice_lfp_rhythm.h5,987277.335,1776634200000.0,2026-04-20T05:30:00+08:00,11.426821006944444,11,5.5,0.9914448613738104,0.1305261922200517,1,1,0,location_rule,58.67051315307617,0,unlearned,0.2591211795806885,2,right_bias,5,4,4,2,0,0,0,0,0,1,0.9472222328186035,0.0,0.0,0.0,0.05277777835726738,0.27060159389389804,0.3012064428670272,1.0452177558888438,0.741573074265473,0.49535850124795594,0.8799365359907889,1.324614941529702,1.1934534105638244,0.7373071669706919,1.1016156232939724,1.023908716348659,0.8181547510632283,0.6566058158825463,0.7060208039022876,0.9413586246671163,0.6786518536518805,0.6309563485025939,0.7774651303006309,0.7790450951583164,0.74411803021577,0.7568985281469092,0.768421139323111,0.8856041103533044,0.7782839927997527,nan,nan,nan,nan,nan,nan,nan,nan,nan,nan,nan,nan,nan,nan,nan,nan,nan,nan,nan,nan,nan,nan,nan,nan,1.3810655836519337,0.9431217448250796,0.9663097742723263,0.8306265545814373,0.5850029792407958,0.6625217909437794,1.8794061094715022,1.0781582078830279,1.0836774365896722,1.739511557202178,1.2801240767641977,0.9218625347425387
454,20,BW08_slice_001_2026-04-20_20260420-000000_slice_lfp_rhythm.h5,990877.335,1776637800000.0,2026-04-20T06:30:00+08:00,11.468487673611111,11,6.5,0.9914448613738104,-0.1305261922200516,0,1,0,location_rule,58.67051315307617,0,unlearned,0.2591211795806885,2,right_bias,0,0,0,3,0,0,0,0,0,1,0.6472222208976746,0.0,0.35277777910232544,0.0,0.0,1.885691463640472,1.6151146285700664,1.5194981717535754,1.8952832082195934,1.6243525750150203,1.2675218849473413,2.3266999424418304,2.8758747332029477,1.0512589659716567,1.8496732793009212,1.9991225705913436,0.7258409779708415,1.812995355285308,1.838348848975818,1.5917735672200317,1.8538092217174913,1.8910394747764918,1.2459863323687006,1.9722761915554887,2.5491894668032167,1.1527809851843984,1.6017397800006556,1.9522991829559182,0.8087997530821144,2.018022572212439,1.6356692613105286,1.2200615094150318,1.6511909396633435,1.4048219794960826,1.1405891597004763,1.4313380506741755,1.287447482909045,0.8090530536742178,1.7316792470385816,1.5152067035455676,0.49459023584645667,nan,nan,nan,nan,nan,nan,nan,nan,nan,nan,nan,nan,nan,nan,nan,nan,nan,nan,nan,nan,nan,nan,nan,nan
455,21,BW08_slice_001_2026-04-20_20260420-000000_slice_lfp_rhythm.h5,990877.335,1776637800000.0,2026-04-20T06:30:00+08:00,11.468487673611111,11,6.5,0.9914448613738104,-0.1305261922200516,0,1,0,location_rule,58.67051315307617,0,unlearned,0.2591211795806885,2,right_bias,0,0,0,3,0,0,0,0,0,1,0.6472222208976746,0.0,0.35277777910232544,0.0,0.0,1.885691463640472,1.6151146285700664,1.5194981717535754,1.8952832082195934,1.6243525750150203,1.2675218849473413,2.3266999424418304,2.8758747332029477,1.0512589659716567,1.8496732793009212,1.9991225705913436,0.7258409779708415,1.812995355285308,1.838348848975818,1.5917735672200317,1.8538092217174913,1.8910394747764918,1.2459863323687006,1.9722761915554887,2.5491894668032167,1.1527809851843984,1.6017397800006556,1.9522991829559182,0.8087997530821144,2.018022572212439,1.6356692613105286,1.2200615094150318,1.6511909396633435,1.4048219794960826,1.1405891597004763,1.4313380506741755,1.287447482909045,0.8090530536742178,1.7316792470385816,1.5152067035455676,0.49459023584645667,nan,nan,nan,nan,nan,nan,nan,nan,nan,nan,nan,nan,nan,nan,nan,nan,nan,nan,nan,nan,nan,nan,nan,nan
456,20,BW08_slice_001_2026-04-20_20260420-000000_slice_lfp_rhythm.h5,994477.335,1776641400000.0,2026-04-20T07:30:00+08:00,11.510154340277778,11,7.5,0.9238795325112868,-0.3826834323650895,0,1,0,location_rule,58.67051315307617,0,unlearned,0.2591211795806885,2,right_bias,0,0,0,3,0,0,0,0,0,1,0.45277777314186096,0.0027777778450399637,0.5277777910232544,0.01666666753590107,0.0,1.8830148433673117,1.583988632170561,1.0352491070582561,1.1095022099263507,1.1453138136612624,1.1607410469033577,0.6374308076444721,0.6536500443043142,2.2621615058848805,0.8332908899106042,0.9661441090839848,1.1100992002725627,1.084416259935932,1.1457692993918949,1.027020586379048,0.8222235637950658,0.8408863851027478,0.9883972994183804,0.7175516913033644,0.6906004653071058,1.1266720873509481,0.667735500946001,0.660734690006636,0.7711777185809483,1.6060285199001347,1.334020051449233,1.10020905964096,1.4078906268553757,1.2013399809758225,1.733278338573269,1.0388749525635361,1.0291797198404073,3.023150110247045,1.4635890736213837,1.3087112772618394,1.3905365559072091,1.4329809654377403,1.1398472424884165,1.1031898061593435,1.1978199035599744,0.9719116148269324,1.1179343477007337,1.0237088821691245,0.9595779812922908,2.2674703861030596,1.2511752967846514,1.1434542517386896,1.4829866096853337,nan,nan,nan,nan,nan,nan,nan,nan,nan,nan,nan,nan
457,21,BW08_slice_001_2026-04-20_20260420-000000_slice_lfp_rhythm.h5,994477.335,1776641400000.0,2026-04-20T07:30:00+08:00,11.510154340277778,11,7.5,0.9238795325112868,-0.3826834323650895,0,1,0,location_rule,58.67051315307617,0,unlearned,0.2591211795806885,2,right_bias,0,0,0,3,0,0,0,0,0,1,0.45277777314186096,0.0027777778450399637,0.5277777910232544,0.01666666753590107,0.0,1.8830148433673117,1.583988632170561,1.0352491070582561,1.1095022099263507,1.1453138136612624,1.1607410469033577,0.6374308076444721,0.6536500443043142,2.2621615058848805,0.8332908899106042,0.9661441090839848,1.1100992002725627,1.084416259935932,1.1457692993918949,1.027020586379048,0.8222235637950658,0.8408863851027478,0.9883972994183804,0.7175516913033644,0.6906004653071058,1.1266720873509481,0.667735500946001,0.660734690006636,0.7711777185809483,1.6060285199001347,1.334020051449233,1.10020905964096,1.4078906268553757,1.2013399809758225,1.733278338573269,1.0388749525635361,1.0291797198404073,3.023150110247045,1.4635890736213837,1.3087112772618394,1.3905365559072091,1.4329809654377403,1.1398472424884165,1.1031898061593435,1.1978199035599744,0.9719116148269324,1.1179343477007337,1.0237088821691245,0.9595779812922908,2.2674703861030596,1.2511752967846514,1.1434542517386896,1.4829866096853337,nan,nan,nan,nan,nan,nan,nan,nan,nan,nan,nan,nan
458,20,BW08_slice_001_2026-04-20_20260420-000000_slice_lfp_rhythm.h5,998077.335,1776645000000.0,2026-04-20T08:30:00+08:00,11.551821006944444,11,8.5,0.7933533402912352,-0.6087614290087207,0,1,0,location_rule,58.67051315307617,0,unlearned,0.2591211795806885,2,right_bias,0,0,0,3,0,0,0,0,0,1,0.125,0.0027777778450399637,0.8277778029441833,0.04444444552063942,0.0,2.07817304263687,1.8730033084660411,0.8390965954313333,0.894873068618811,1.2520314476375003,1.0479227697400304,0.10110613152208336,0.21162363545543067,2.288482746367373,0.5129690802629301,0.8980828515707661,1.1203885397067328,1.8679354566236994,1.8828072864956562,0.7730567670281965,0.38211618968489636,0.8671885415414659,0.8770535517316026,0.07190977307021415,0.11771558881815081,1.8649450749380652,0.19817260522729688,0.3607093405348583,0.8121313004244963,1.2054346755952672,1.1010778549898355,0.9702781698776974,1.1182772051567873,1.0641449581844604,1.5881318175807297,0.9496346970645255,0.9478828890771174,2.223270704129848,1.1580253648209984,1.15768041367702,1.2170582830335959,0.9517801106424967,0.8953662674236117,1.0773880101616735,0.7864458583684945,0.7595389619559477,1.1487525758171622,0.9244711195695823,0.8922217534477422,1.8797372191660162,0.8530395024187879,0.8973907116770836,0.8978618119222835,nan,nan,nan,nan,nan,nan,nan,nan,nan,nan,nan,nan
459,21,BW08_slice_001_2026-04-20_20260420-000000_slice_lfp_rhythm.h5,998077.335,1776645000000.0,2026-04-20T08:30:00+08:00,11.551821006944444,11,8.5,0.7933533402912352,-0.6087614290087207,0,1,0,location_rule,58.67051315307617,0,unlearned,0.2591211795806885,2,right_bias,0,0,0,3,0,0,0,0,0,1,0.125,0.0027777778450399637,0.8277778029441833,0.04444444552063942,0.0,2.07817304263687,1.8730033084660411,0.8390965954313333,0.894873068618811,1.2520314476375003,1.0479227697400304,0.10110613152208336,0.21162363545543067,2.288482746367373,0.5129690802629301,0.8980828515707661,1.1203885397067328,1.8679354566236994,1.8828072864956562,0.7730567670281965,0.38211618968489636,0.8671885415414659,0.8770535517316026,0.07190977307021415,0.11771558881815081,1.8649450749380652,0.19817260522729688,0.3607093405348583,0.8121313004244963,1.2054346755952672,1.1010778549898355,0.9702781698776974,1.1182772051567873,1.0641449581844604,1.5881318175807297,0.9496346970645255,0.9478828890771174,2.223270704129848,1.1580253648209984,1.15768041367702,1.2170582830335959,0.9517801106424967,0.8953662674236117,1.0773880101616735,0.7864458583684945,0.7595389619559477,1.1487525758171622,0.9244711195695823,0.8922217534477422,1.8797372191660162,0.8530395024187879,0.8973907116770836,0.8978618119222835,nan,nan,nan,nan,nan,nan,nan,nan,nan,nan,nan,nan
460,21,BW08_slice_001_2026-04-20_20260420-000000_slice_lfp_rhythm.h5,1001677.335,1776648600000.0,2026-04-20T09:30:00+08:00,11.593487673611111,11,9.5,0.6087614290087209,-0.793353340291235,0,1,0,location_rule,60.72080993652344,1,intermediate,0.23915675282478333,2,right_bias,1,1,1,2,0,0,1,0,0,1,0.5166666507720947,0.0,0.4027777910232544,0.08055555820465088,0.0,0.8988245427076268,0.9555827812391489,0.9256479074480898,0.9799127407094086,1.0447900968528339,0.91797756618858,1.2307535581727609,1.291767623334599,0.8709122186432442,1.219701055427833,1.113139757445971,0.7485933269336716,0.9488459569240045,0.8944844045210818,0.9821177397816556,1.0971075134274215,1.1420610748126785,1.03635070708462,1.30873848524716,1.393318246800159,1.2775471920808799,1.352916447725866,1.1979033937587396,1.0194808949980183,0.8269427268797731,0.8820432972970856,0.8552931359430609,0.8276021801531881,0.9156898841920239,0.6983341571874186,0.5621363976614703,0.7766374117673372,0.3951130515904859,0.834321178417508,0.9636666868753911,0.3912171271425364,0.9299105919783515,1.1427267985793195,0.9783936777579759,0.8269374602719474,0.9453795333185133,0.7313704065805561,0.6338826120709041,0.8081741895047717,0.4515479891847864,0.8283815073627872,1.0106872034546361,0.4918058098478064,nan,nan,nan,nan,nan,nan,nan,nan,nan,nan,nan,nan
461,20,BW08_slice_001_2026-04-20_20260420-000000_slice_lfp_rhythm.h5,1001677.335,1776648600000.0,2026-04-20T09:30:00+08:00,11.593487673611111,11,9.5,0.6087614290087209,-0.793353340291235,0,1,0,location_rule,60.72080993652344,1,intermediate,0.23915675282478333,2,right_bias,1,1,1,2,0,0,1,0,0,1,0.5166666507720947,0.0,0.4027777910232544,0.08055555820465088,0.0,0.8988245427076268,0.9555827812391489,0.9256479074480898,0.9799127407094086,1.0447900968528339,0.91797756618858,1.2307535581727609,1.291767623334599,0.8709122186432442,1.219701055427833,1.113139757445971,0.7485933269336716,0.9488459569240045,0.8944844045210818,0.9821177397816556,1.0971075134274215,1.1420610748126785,1.03635070708462,1.30873848524716,1.393318246800159,1.2775471920808799,1.352916447725866,1.1979033937587396,1.0194808949980183,0.8269427268797731,0.8820432972970856,0.8552931359430609,0.8276021801531881,0.9156898841920239,0.6983341571874186,0.5621363976614703,0.7766374117673372,0.3951130515904859,0.834321178417508,0.9636666868753911,0.3912171271425364,0.9299105919783515,1.1427267985793195,0.9783936777579759,0.8269374602719474,0.9453795333185133,0.7313704065805561,0.6338826120709041,0.8081741895047717,0.4515479891847864,0.8283815073627872,1.0106872034546361,0.4918058098478064,nan,nan,nan,nan,nan,nan,nan,nan,nan,nan,nan,nan
462,21,BW08_slice_001_2026-04-20_20260420-000000_slice_lfp_rhythm.h5,1005277.335,1776652200000.0,2026-04-20T10:30:00+08:00,11.635154340277778,11,10.5,0.3826834323650899,-0.9238795325112867,0,1,0,location_rule,60.72080993652344,1,intermediate,0.23915675282478333,2,right_bias,0,0,0,3,0,0,1,0,0,1,0.2527777850627899,0.0,0.6916666626930237,0.0555555559694767,0.0,1.538893858818438,1.575722740499689,0.8025862984972756,1.1866588365569575,1.2316891684949014,0.7567000953199714,1.2491184371490565,1.0931637694413066,1.510782647763805,1.0270246815950614,1.0216267215090737,0.5119256475636885,1.8129974285357973,1.4374005752217096,0.7696773610559473,1.9694364088370746,1.450011460970974,0.7245411401212052,2.647439576880184,2.2308458353757925,1.1973695779167643,1.7820859316030333,1.2208944319100785,0.8135103143415335,0.9585630936116353,1.0190344063164636,0.9124471051679955,0.945035497416815,0.9742556572179867,0.9810457840415236,0.7615381696920693,0.8590087412392083,1.4997702643834239,1.005508181230506,1.0368135189486996,0.4026278371461865,1.586681187159145,1.660059082045991,0.9660285998038209,1.417895285509749,1.3674076415927805,1.0608018331867337,0.6828245172813131,0.9548897827665416,1.7713649331168497,1.4343789515908372,1.5308570182824355,0.49701813231134767,nan,nan,nan,nan,nan,nan,nan,nan,nan,nan,nan,nan
463,20,BW08_slice_001_2026-04-20_20260420-000000_slice_lfp_rhythm.h5,1005277.335,1776652200000.0,2026-04-20T10:30:00+08:00,11.635154340277778,11,10.5,0.3826834323650899,-0.9238795325112867,0,1,0,location_rule,60.72080993652344,1,intermediate,0.23915675282478333,2,right_bias,0,0,0,3,0,0,1,0,0,1,0.2527777850627899,0.0,0.6916666626930237,0.0555555559694767,0.0,1.538893858818438,1.575722740499689,0.8025862984972756,1.1866588365569575,1.2316891684949014,0.7567000953199714,1.2491184371490565,1.0931637694413066,1.510782647763805,1.0270246815950614,1.0216267215090737,0.5119256475636885,1.8129974285357973,1.4374005752217096,0.7696773610559473,1.9694364088370746,1.450011460970974,0.7245411401212052,2.647439576880184,2.2308458353757925,1.1973695779167643,1.7820859316030333,1.2208944319100785,0.8135103143415335,0.9585630936116353,1.0190344063164636,0.9124471051679955,0.945035497416815,0.9742556572179867,0.9810457840415236,0.7615381696920693,0.8590087412392083,1.4997702643834239,1.005508181230506,1.0368135189486996,0.4026278371461865,1.586681187159145,1.660059082045991,0.9660285998038209,1.417895285509749,1.3674076415927805,1.0608018331867337,0.6828245172813131,0.9548897827665416,1.7713649331168497,1.4343789515908372,1.5308570182824355,0.49701813231134767,nan,nan,nan,nan,nan,nan,nan,nan,nan,nan,nan,nan
464,20,BW08_slice_001_2026-04-20_20260420-000000_slice_lfp_rhythm.h5,1008877.335,1776655800000.0,2026-04-20T11:30:00+08:00,11.676821006944444,11,11.5,0.130526192220052,-0.9914448613738104,0,1,0,location_rule,60.72080993652344,1,intermediate,0.23915675282478333,2,right_bias,0,0,0,3,0,0,1,0,0,1,0.25555557012557983,0.0027777778450399637,0.6805555820465088,0.06111111119389534,0.0,1.2661613172480215,1.4520458047290927,0.9793264166823643,0.7564445012410864,1.1098779983125122,0.8717440287314635,0.38438951739695354,0.545956285086308,1.2658762346807952,0.5350745700286197,0.7681578988592794,0.6848081519892872,1.5094713540891793,1.7364237532934328,1.281531681134065,0.8625517750815496,1.2152207695421209,1.0052957437276728,0.7480274196505953,0.9710430550483,1.4582448140828943,0.6667416966442928,0.6749706320319371,1.4142100163039124,0.7956965034480744,0.9155731245690222,0.9637067459943843,0.7894124413909971,0.903920127303513,1.0865396447407958,0.572208449822738,0.7648003811779909,1.104551610495585,0.8044214750587657,0.9052152904024718,0.41829983694071027,1.2599517368178101,1.384428495384584,0.9785845389391866,1.1372127024383205,1.081399553619184,0.9089896334862054,0.9444233115559154,1.0078828253381849,1.404039087163619,1.0330034014797727,1.1788011921837616,0.42488672835483404,nan,nan,nan,nan,nan,nan,nan,nan,nan,nan,nan,nan
465,21,BW08_slice_001_2026-04-20_20260420-000000_slice_lfp_rhythm.h5,1008877.335,1776655800000.0,2026-04-20T11:30:00+08:00,11.676821006944444,11,11.5,0.130526192220052,-0.9914448613738104,0,1,0,location_rule,60.72080993652344,1,intermediate,0.23915675282478333,2,right_bias,0,0,0,3,0,0,1,0,0,1,0.25555557012557983,0.0027777778450399637,0.6805555820465088,0.06111111119389534,0.0,1.2661613172480215,1.4520458047290927,0.9793264166823643,0.7564445012410864,1.1098779983125122,0.8717440287314635,0.38438951739695354,0.545956285086308,1.2658762346807952,0.5350745700286197,0.7681578988592794,0.6848081519892872,1.5094713540891793,1.7364237532934328,1.281531681134065,0.8625517750815496,1.2152207695421209,1.0052957437276728,0.7480274196505953,0.9710430550483,1.4582448140828943,0.6667416966442928,0.6749706320319371,1.4142100163039124,0.7956965034480744,0.9155731245690222,0.9637067459943843,0.7894124413909971,0.903920127303513,1.0865396447407958,0.572208449822738,0.7648003811779909,1.104551610495585,0.8044214750587657,0.9052152904024718,0.41829983694071027,1.2599517368178101,1.384428495384584,0.9785845389391866,1.1372127024383205,1.081399553619184,0.9089896334862054,0.9444233115559154,1.0078828253381849,1.404039087163619,1.0330034014797727,1.1788011921837616,0.42488672835483404,nan,nan,nan,nan,nan,nan,nan,nan,nan,nan,nan,nan
466,21,BW08_slice_001_2026-04-20_20260420-000000_slice_lfp_rhythm.h5,1012477.335,1776659400000.0,2026-04-20T12:30:00+08:00,11.718487673611111,11,12.5,-0.13052619222005177,-0.9914448613738104,0,1,0,location_rule,60.72080993652344,1,intermediate,0.23915675282478333,2,right_bias,0,0,0,3,0,0,1,0,0,1,0.24166665971279144,0.008333333767950535,0.699999988079071,0.05000000074505806,0.0,0.989711223402179,1.4323153934293633,0.8765261690669889,0.5376952071886617,1.0820329515770366,1.1160478964849783,0.11229735885030308,0.2683866300409858,2.3338310338286874,0.2988093409347937,0.6206897188631518,1.0207234802672913,1.0125692543817097,1.540571683102762,0.8845196595881439,0.42815686273758136,0.9735890887837163,0.9426866553579268,0.17540125696957518,0.3380368293400417,2.0041791472261314,0.22972926864046986,0.3644928963892924,1.024026370115899,0.6240633572581844,0.9142493927709621,0.9767640318896783,0.6401564057906319,0.9490559690983217,1.714295394471263,0.47768433443635894,0.7755544406940877,2.3036917280443885,0.607465706880547,0.8185384317057807,1.0420962197898058,0.8959742098364325,1.0191428550058304,1.0540598659587719,0.7805832219507362,1.0504177363573206,1.6183761872018145,0.42955975413150005,0.7740377231498977,2.1763337723200475,0.7377187859866979,0.9525508999144483,1.0364084365565247,nan,nan,nan,nan,nan,nan,nan,nan,nan,nan,nan,nan
467,20,BW08_slice_001_2026-04-20_20260420-000000_slice_lfp_rhythm.h5,1012477.335,1776659400000.0,2026-04-20T12:30:00+08:00,11.718487673611111,11,12.5,-0.13052619222005177,-0.9914448613738104,0,1,0,location_rule,60.72080993652344,1,intermediate,0.23915675282478333,2,right_bias,0,0,0,3,0,0,1,0,0,1,0.24166665971279144,0.008333333767950535,0.699999988079071,0.05000000074505806,0.0,0.989711223402179,1.4323153934293633,0.8765261690669889,0.5376952071886617,1.0820329515770366,1.1160478964849783,0.11229735885030308,0.2683866300409858,2.3338310338286874,0.2988093409347937,0.6206897188631518,1.0207234802672913,1.0125692543817097,1.540571683102762,0.8845196595881439,0.42815686273758136,0.9735890887837163,0.9426866553579268,0.17540125696957518,0.3380368293400417,2.0041791472261314,0.22972926864046986,0.3644928963892924,1.024026370115899,0.6240633572581844,0.9142493927709621,0.9767640318896783,0.6401564057906319,0.9490559690983217,1.714295394471263,0.47768433443635894,0.7755544406940877,2.3036917280443885,0.607465706880547,0.8185384317057807,1.0420962197898058,0.8959742098364325,1.0191428550058304,1.0540598659587719,0.7805832219507362,1.0504177363573206,1.6183761872018145,0.42955975413150005,0.7740377231498977,2.1763337723200475,0.7377187859866979,0.9525508999144483,1.0364084365565247,nan,nan,nan,nan,nan,nan,nan,nan,nan,nan,nan,nan
468,21,BW08_slice_001_2026-04-20_20260420-000000_slice_lfp_rhythm.h5,1016077.335,1776663000000.0,2026-04-20T13:30:00+08:00,11.760154340277778,11,13.5,-0.38268343236508967,-0.9238795325112868,0,1,0,location_rule,60.72080993652344,1,intermediate,0.23915675282478333,2,right_bias,0,0,0,3,0,0,1,0,0,1,0.10555555671453476,0.0055555556900799274,0.7111111283302307,0.17777778208255768,0.0,1.1271346517484413,1.792739990034053,0.8403728245427422,0.5223291016395176,1.1641006577936948,0.9841019472290634,0.0855285022792332,0.20624458824772218,3.0889827113270627,0.32314368478433536,0.6695582396206197,1.2957821970814483,1.0653918542907785,1.6851283775277868,0.8766448800022416,0.329818079934415,0.8318634417440101,0.8863643536404558,0.17203034828626707,0.2461494457343288,2.680682655350585,0.2573230615096252,0.35860925431109925,1.3314876009811385,0.6778462713017452,1.0790401703014503,0.9652073107020527,0.6473592355044016,1.0121171412684402,1.3901817903904474,0.5424267272210781,0.8090912138587354,2.8233747820017525,0.6885043209187129,0.8661177441050191,1.2828088375430273,1.3395168746920445,1.6410360342804482,1.000312084921944,1.1819811835080463,1.4236408947324364,1.344507749985371,1.374425900254684,1.2086355907952828,3.3542835187741558,1.3260989612937484,1.3686313845441713,1.6388491931954228,nan,nan,nan,nan,nan,nan,nan,nan,nan,nan,nan,nan
469,20,BW08_slice_001_2026-04-20_20260420-000000_slice_lfp_rhythm.h5,1016077.335,1776663000000.0,2026-04-20T13:30:00+08:00,11.760154340277778,11,13.5,-0.38268343236508967,-0.9238795325112868,0,1,0,location_rule,60.72080993652344,1,intermediate,0.23915675282478333,2,right_bias,0,0,0,3,0,0,1,0,0,1,0.10555555671453476,0.0055555556900799274,0.7111111283302307,0.17777778208255768,0.0,1.1271346517484413,1.792739990034053,0.8403728245427422,0.5223291016395176,1.1641006577936948,0.9841019472290634,0.0855285022792332,0.20624458824772218,3.0889827113270627,0.32314368478433536,0.6695582396206197,1.2957821970814483,1.0653918542907785,1.6851283775277868,0.8766448800022416,0.329818079934415,0.8318634417440101,0.8863643536404558,0.17203034828626707,0.2461494457343288,2.680682655350585,0.2573230615096252,0.35860925431109925,1.3314876009811385,0.6778462713017452,1.0790401703014503,0.9652073107020527,0.6473592355044016,1.0121171412684402,1.3901817903904474,0.5424267272210781,0.8090912138587354,2.8233747820017525,0.6885043209187129,0.8661177441050191,1.2828088375430273,1.3395168746920445,1.6410360342804482,1.000312084921944,1.1819811835080463,1.4236408947324364,1.344507749985371,1.374425900254684,1.2086355907952828,3.3542835187741558,1.3260989612937484,1.3686313845441713,1.6388491931954228,nan,nan,nan,nan,nan,nan,nan,nan,nan,nan,nan,nan
470,21,BW08_slice_001_2026-04-20_20260420-000000_slice_lfp_rhythm.h5,1019677.335,1776666600000.0,2026-04-20T14:30:00+08:00,11.801821006944444,11,14.5,-0.6087614290087207,-0.7933533402912352,0,1,0,location_rule,60.72080993652344,1,intermediate,0.23915675282478333,2,right_bias,0,0,0,3,0,0,1,0,0,1,0.24444444477558136,0.0,0.6388888955116272,0.11666666716337204,0.0,0.9535018539879421,1.3586269319256206,0.8220418858117956,0.5025454474836016,0.9547259452923001,0.7018488144739224,0.06492019917502144,0.17951233817275872,0.8901742851325581,0.2793031349249462,0.606283050864799,0.5345342743793878,0.5367558375213142,0.9980855836365297,0.7724646931108133,0.21661562349746918,0.5729332085796849,0.6413078734458858,0.0682774227674379,0.13153497331560865,0.7482367018192271,0.14626219442209218,0.24564647554420713,0.6982017666841136,0.681991398459806,0.9537539201512866,0.9452342271490677,0.7149050071901194,0.9255566844712226,0.9286616814238192,0.48595952566105216,0.7744486085303475,0.8770613133825347,0.6776898210570366,0.897657985260644,0.4849528358349427,0.704595618153797,0.952137055575597,0.9848017964739891,0.6922825293903455,0.8521881407152997,0.8160173639183558,0.42264651106147,0.73517782569077,0.8826859772773341,0.6663187409800146,0.9343377338316124,0.5371196063558403,nan,nan,nan,nan,nan,nan,nan,nan,nan,nan,nan,nan
471,20,BW08_slice_001_2026-04-20_20260420-000000_slice_lfp_rhythm.h5,1019677.335,1776666600000.0,2026-04-20T14:30:00+08:00,11.801821006944444,11,14.5,-0.6087614290087207,-0.7933533402912352,0,1,0,location_rule,60.72080993652344,1,intermediate,0.23915675282478333,2,right_bias,0,0,0,3,0,0,1,0,0,1,0.24444444477558136,0.0,0.6388888955116272,0.11666666716337204,0.0,0.9535018539879421,1.3586269319256206,0.8220418858117956,0.5025454474836016,0.9547259452923001,0.7018488144739224,0.06492019917502144,0.17951233817275872,0.8901742851325581,0.2793031349249462,0.606283050864799,0.5345342743793878,0.5367558375213142,0.9980855836365297,0.7724646931108133,0.21661562349746918,0.5729332085796849,0.6413078734458858,0.0682774227674379,0.13153497331560865,0.7482367018192271,0.14626219442209218,0.24564647554420713,0.6982017666841136,0.681991398459806,0.9537539201512866,0.9452342271490677,0.7149050071901194,0.9255566844712226,0.9286616814238192,0.48595952566105216,0.7744486085303475,0.8770613133825347,0.6776898210570366,0.897657985260644,0.4849528358349427,0.704595618153797,0.952137055575597,0.9848017964739891,0.6922825293903455,0.8521881407152997,0.8160173639183558,0.42264651106147,0.73517782569077,0.8826859772773341,0.6663187409800146,0.9343377338316124,0.5371196063558403,nan,nan,nan,nan,nan,nan,nan,nan,nan,nan,nan,nan
472,21,BW08_slice_001_2026-04-20_20260420-000000_slice_lfp_rhythm.h5,1023277.335,1776670200000.0,2026-04-20T15:30:00+08:00,11.843487673611111,11,15.5,-0.7933533402912349,-0.6087614290087209,0,1,0,location_rule,59.44292449951172,0,unlearned,-0.2186739295721054,0,left_bias,91,87,87,1,0,0,0,0,1,0,0.8111110925674438,0.0,0.0027777778450399637,0.0,0.18611110746860504,0.3488087601205416,0.4341063538553058,1.1474955111254848,0.8726460904730983,0.8194577565508783,1.017692790626563,1.229933844592376,1.7095744186314552,1.0007363005567043,1.457536685721917,1.3615372383496374,1.508735335514877,0.979271102220157,1.1406760634764885,1.0828325258940288,0.9151852095050016,1.1705896850858029,0.9562356977055328,0.84398439965306,1.2374386205851318,1.1646275410635551,1.1769821266365326,1.3442846315023338,1.5690254382148814,0.3259942457554858,0.5595177139979534,3.1168492097152676,1.707092818431322,2.0733460675253017,6.534740479142111,12.80341475089881,10.188934834309617,0.9257298021721146,6.055476813226771,3.361252862238024,2.3740787829682377,nan,nan,nan,nan,nan,nan,nan,nan,nan,nan,nan,nan,0.5375599080782212,0.7943322513205591,0.86884451954926,0.34849672312853275,0.5223133074385481,0.6260064899115654,0.2655643353108651,0.47080489542104387,0.784922719299611,0.520906955889784,0.6978610915294828,1.1906283373675246
473,20,BW08_slice_001_2026-04-20_20260420-000000_slice_lfp_rhythm.h5,1023277.335,1776670200000.0,2026-04-20T15:30:00+08:00,11.843487673611111,11,15.5,-0.7933533402912349,-0.6087614290087209,0,1,0,location_rule,59.44292449951172,0,unlearned,-0.2186739295721054,0,left_bias,91,87,87,1,0,0,0,0,1,0,0.8111110925674438,0.0,0.0027777778450399637,0.0,0.18611110746860504,0.3488087601205416,0.4341063538553058,1.1474955111254848,0.8726460904730983,0.8194577565508783,1.017692790626563,1.229933844592376,1.7095744186314552,1.0007363005567043,1.457536685721917,1.3615372383496374,1.508735335514877,0.979271102220157,1.1406760634764885,1.0828325258940288,0.9151852095050016,1.1705896850858029,0.9562356977055328,0.84398439965306,1.2374386205851318,1.1646275410635551,1.1769821266365326,1.3442846315023338,1.5690254382148814,0.3259942457554858,0.5595177139979534,3.1168492097152676,1.707092818431322,2.0733460675253017,6.534740479142111,12.80341475089881,10.188934834309617,0.9257298021721146,6.055476813226771,3.361252862238024,2.3740787829682377,nan,nan,nan,nan,nan,nan,nan,nan,nan,nan,nan,nan,0.5375599080782212,0.7943322513205591,0.86884451954926,0.34849672312853275,0.5223133074385481,0.6260064899115654,0.2655643353108651,0.47080489542104387,0.784922719299611,0.520906955889784,0.6978610915294828,1.1906283373675246
474,20,BW08_slice_001_2026-04-20_20260420-000000_slice_lfp_rhythm.h5,1026877.335,1776673800000.0,2026-04-20T16:30:00+08:00,11.885154340277778,11,16.5,-0.9238795325112868,-0.3826834323650895,0,1,0,location_rule,59.44292449951172,0,unlearned,-0.2186739295721054,0,left_bias,0,0,0,3,0,0,0,0,1,0,0.49166667461395264,0.008333333767950535,0.4833333194255829,0.01666666753590107,0.0,1.4186516149804327,1.785439181770317,1.258758468913758,1.1238282827357609,1.2813556360395546,1.1669048425947615,1.060769859187165,1.2555737406340128,3.31705758199803,1.1357483026112856,1.2714764330774015,1.7412918929531929,1.4090896189504825,1.8966393479459975,1.2762521370543911,1.1726312722769563,1.4529347142137248,0.9532682736955492,1.153553604108363,1.382260769466244,1.6005944858407186,1.175947320658677,1.2933712250719303,1.2296598393174794,1.1682515550001389,1.4551925438025957,1.2847291887782395,1.049708880980402,1.0828490507859685,1.7979681230997115,0.9663114390213388,0.9734587469183564,4.794981123496486,1.1271775074424988,1.1701179011577836,2.2785769112593064,1.5282518835451957,1.8918909428315152,1.2253455064480754,1.2514407120948225,1.2883480161050427,1.8825883076455459,0.9832459176718793,1.0880276082956564,2.290887694807911,1.259408075448471,1.462614580303507,1.1183213113817114,nan,nan,nan,nan,nan,nan,nan,nan,nan,nan,nan,nan
475,21,BW08_slice_001_2026-04-20_20260420-000000_slice_lfp_rhythm.h5,1026877.335,1776673800000.0,2026-04-20T16:30:00+08:00,11.885154340277778,11,16.5,-0.9238795325112868,-0.3826834323650895,0,1,0,location_rule,59.44292449951172,0,unlearned,-0.2186739295721054,0,left_bias,0,0,0,3,0,0,0,0,1,0,0.49166667461395264,0.008333333767950535,0.4833333194255829,0.01666666753590107,0.0,1.4186516149804327,1.785439181770317,1.258758468913758,1.1238282827357609,1.2813556360395546,1.1669048425947615,1.060769859187165,1.2555737406340128,3.31705758199803,1.1357483026112856,1.2714764330774015,1.7412918929531929,1.4090896189504825,1.8966393479459975,1.2762521370543911,1.1726312722769563,1.4529347142137248,0.9532682736955492,1.153553604108363,1.382260769466244,1.6005944858407186,1.175947320658677,1.2933712250719303,1.2296598393174794,1.1682515550001389,1.4551925438025957,1.2847291887782395,1.049708880980402,1.0828490507859685,1.7979681230997115,0.9663114390213388,0.9734587469183564,4.794981123496486,1.1271775074424988,1.1701179011577836,2.2785769112593064,1.5282518835451957,1.8918909428315152,1.2253455064480754,1.2514407120948225,1.2883480161050427,1.8825883076455459,0.9832459176718793,1.0880276082956564,2.290887694807911,1.259408075448471,1.462614580303507,1.1183213113817114,nan,nan,nan,nan,nan,nan,nan,nan,nan,nan,nan,nan
476,20,BW08_slice_001_2026-04-20_20260420-000000_slice_lfp_rhythm.h5,1030477.335,1776677400000.0,2026-04-20T17:30:00+08:00,11.926821006944444,11,17.5,-0.9914448613738104,-0.13052619222005163,0,1,0,location_rule,59.44292449951172,0,unlearned,-0.2186739295721054,0,left_bias,0,0,0,3,0,0,0,0,1,0,0.46666666865348816,0.0055555556900799274,0.4861111044883728,0.0416666679084301,0.0,1.3112806348142774,1.5597919543768792,1.028135785161841,0.7457319517857045,0.9909059473924996,0.8827723313893513,0.4020496250171178,0.4792928213573645,0.8091327009020732,0.7037537537141644,0.8344437745983474,1.5778383969570458,0.9804671733851884,1.3250904771211929,0.9613206194743554,0.5323047268637225,0.7983290902612413,0.8098457693198599,0.4356049303955619,0.48797340668098865,0.77009146772007,0.6111630097409471,0.6275204886675162,1.2043994471744612,1.1534485744256762,1.3544023993349215,1.163501285144143,1.0260834404618357,1.0728392708485675,1.2022244646092337,0.7560422328849177,0.8204614887625278,0.8284641931404089,1.145583070149201,1.1121095252104345,2.0044315470651806,0.7938575277758902,0.9784047953725504,1.09423078231331,0.6957329167472196,0.8544071567691017,1.2319364051736645,0.5770571248741309,0.6987891987609467,0.3935065523117217,1.0021587254600481,0.919278204630846,0.7867208495463621,nan,nan,nan,nan,nan,nan,nan,nan,nan,nan,nan,nan
477,21,BW08_slice_001_2026-04-20_20260420-000000_slice_lfp_rhythm.h5,1030477.335,1776677400000.0,2026-04-20T17:30:00+08:00,11.926821006944444,11,17.5,-0.9914448613738104,-0.13052619222005163,0,1,0,location_rule,59.44292449951172,0,unlearned,-0.2186739295721054,0,left_bias,0,0,0,3,0,0,0,0,1,0,0.46666666865348816,0.0055555556900799274,0.4861111044883728,0.0416666679084301,0.0,1.3112806348142774,1.5597919543768792,1.028135785161841,0.7457319517857045,0.9909059473924996,0.8827723313893513,0.4020496250171178,0.4792928213573645,0.8091327009020732,0.7037537537141644,0.8344437745983474,1.5778383969570458,0.9804671733851884,1.3250904771211929,0.9613206194743554,0.5323047268637225,0.7983290902612413,0.8098457693198599,0.4356049303955619,0.48797340668098865,0.77009146772007,0.6111630097409471,0.6275204886675162,1.2043994471744612,1.1534485744256762,1.3544023993349215,1.163501285144143,1.0260834404618357,1.0728392708485675,1.2022244646092337,0.7560422328849177,0.8204614887625278,0.8284641931404089,1.145583070149201,1.1121095252104345,2.0044315470651806,0.7938575277758902,0.9784047953725504,1.09423078231331,0.6957329167472196,0.8544071567691017,1.2319364051736645,0.5770571248741309,0.6987891987609467,0.3935065523117217,1.0021587254600481,0.919278204630846,0.7867208495463621,nan,nan,nan,nan,nan,nan,nan,nan,nan,nan,nan,nan
478,20,BW08_slice_001_2026-04-20_20260420-000000_slice_lfp_rhythm.h5,1034077.335,1776681000000.0,2026-04-20T18:30:00+08:00,11.968487673611111,11,18.5,-0.9914448613738105,0.13052619222005127,1,1,0,location_rule,48.98438262939453,0,unlearned,-0.2281709760427475,0,left_bias,88,80,80,1,0,0,0,0,1,0,0.8746517896652222,0.0,0.0,0.0,0.12534819543361664,0.26579652218403294,0.34503047977510826,2.0572405455589964,0.9774762770275084,0.8863490091221378,2.2462262961384574,0.9221767019140948,1.026313363809606,1.2576018203031807,0.9590301614305562,0.9966156281508294,1.1705075017009425,0.6761582525116664,0.8076883552865334,1.6284927602719668,0.7727262963669386,0.8713106212930172,1.5438876450830918,0.5882426073715514,0.6867928566217225,1.3438852130577241,0.7210355056888885,0.9195372669154525,1.1477448378881452,nan,nan,nan,nan,nan,nan,nan,nan,nan,nan,nan,nan,nan,nan,nan,nan,nan,nan,nan,nan,nan,nan,nan,nan,1.049761136789566,1.6337552415672154,3.8203411168998227,2.4028945315083905,2.6970344102343144,4.095196940698835,0.6327079975060267,0.9519237187800457,1.8624151020461048,0.9154241951277048,1.0995751048695064,1.2885519221159816
479,21,BW08_slice_001_2026-04-20_20260420-000000_slice_lfp_rhythm.h5,1034077.335,1776681000000.0,2026-04-20T18:30:00+08:00,11.968487673611111,11,18.5,-0.9914448613738105,0.13052619222005127,1,1,0,location_rule,48.98438262939453,0,unlearned,-0.2281709760427475,0,left_bias,88,80,80,1,0,0,0,0,1,0,0.8746517896652222,0.0,0.0,0.0,0.12534819543361664,0.26579652218403294,0.34503047977510826,2.0572405455589964,0.9774762770275084,0.8863490091221378,2.2462262961384574,0.9221767019140948,1.026313363809606,1.2576018203031807,0.9590301614305562,0.9966156281508294,1.1705075017009425,0.6761582525116664,0.8076883552865334,1.6284927602719668,0.7727262963669386,0.8713106212930172,1.5438876450830918,0.5882426073715514,0.6867928566217225,1.3438852130577241,0.7210355056888885,0.9195372669154525,1.1477448378881452,nan,nan,nan,nan,nan,nan,nan,nan,nan,nan,nan,nan,nan,nan,nan,nan,nan,nan,nan,nan,nan,nan,nan,nan,1.049761136789566,1.6337552415672154,3.8203411168998227,2.4028945315083905,2.6970344102343144,4.095196940698835,0.6327079975060267,0.9519237187800457,1.8624151020461048,0.9154241951277048,1.0995751048695064,1.2885519221159816
480,21,BW08_slice_001_2026-04-20_20260420-000000_slice_lfp_rhythm.h5,1037677.335,1776684600000.0,2026-04-20T19:30:00+08:00,12.010154340277778,12,19.5,-0.923879532511287,0.38268343236508917,1,1,0,location_rule,64.64332580566406,1,intermediate,-0.19050145149230957,0,left_bias,59,54,54,1,0,0,1,0,1,0,0.8222222328186035,0.0,0.03888889029622078,0.0,0.1388888955116272,0.613247436378149,0.8223984741880231,3.310246555367224,1.8310979291024878,1.7793804680702596,2.7610191936776687,2.3827411804933822,2.898319405432845,1.3184495177981428,2.2745935556679924,2.13079051939931,1.1379964077560192,1.4045139551208319,1.9116435956778839,3.3033836812572304,1.7647969709558684,2.3269330553881353,2.450305054733137,1.5779709541119182,2.029681039020825,1.4955513323517435,1.7723953464225601,2.0285109751713057,1.154061711386752,1.1178615494509554,1.1835696294670708,1.2658439997542907,1.1262997129878973,1.0979381685944798,0.7921190113664638,0.5565266321206883,0.8155425750426645,0.3010900107129181,1.0507728889127665,1.2137457729586005,0.6634667812244701,nan,nan,nan,nan,nan,nan,nan,nan,nan,nan,nan,nan,2.8397815907780797,2.2568186559550036,1.4865371379402705,1.837569288328312,1.4898002031820707,1.127063608829116,2.2935482390380195,2.1365765326790194,1.241093101527753,1.6169459344786452,1.4255206271160696,1.0905199006294406
481,20,BW08_slice_001_2026-04-20_20260420-000000_slice_lfp_rhythm.h5,1037677.335,1776684600000.0,2026-04-20T19:30:00+08:00,12.010154340277778,12,19.5,-0.923879532511287,0.38268343236508917,1,1,0,location_rule,64.64332580566406,1,intermediate,-0.19050145149230957,0,left_bias,59,54,54,1,0,0,1,0,1,0,0.8222222328186035,0.0,0.03888889029622078,0.0,0.1388888955116272,0.613247436378149,0.8223984741880231,3.310246555367224,1.8310979291024878,1.7793804680702596,2.7610191936776687,2.3827411804933822,2.898319405432845,1.3184495177981428,2.2745935556679924,2.13079051939931,1.1379964077560192,1.4045139551208319,1.9116435956778839,3.3033836812572304,1.7647969709558684,2.3269330553881353,2.450305054733137,1.5779709541119182,2.029681039020825,1.4955513323517435,1.7723953464225601,2.0285109751713057,1.154061711386752,1.1178615494509554,1.1835696294670708,1.2658439997542907,1.1262997129878973,1.0979381685944798,0.7921190113664638,0.5565266321206883,0.8155425750426645,0.3010900107129181,1.0507728889127665,1.2137457729586005,0.6634667812244701,nan,nan,nan,nan,nan,nan,nan,nan,nan,nan,nan,nan,2.8397815907780797,2.2568186559550036,1.4865371379402705,1.837569288328312,1.4898002031820707,1.127063608829116,2.2935482390380195,2.1365765326790194,1.241093101527753,1.6169459344786452,1.4255206271160696,1.0905199006294406
482,20,BW08_slice_001_2026-04-20_20260420-000000_slice_lfp_rhythm.h5,1041277.335,1776688200000.0,2026-04-20T20:30:00+08:00,12.051821006944444,12,20.5,-0.7933533402912357,0.6087614290087199,1,1,0,location_rule,66.5252456665039,1,intermediate,0.04250717908143997,1,neutral,93,90,90,1,0,0,1,0,0,0,0.7944444417953491,0.0,0.07777778059244156,0.0055555556900799274,0.12222222238779068,0.4938833805597802,0.7394260616674555,2.606850636871608,1.5986521068122836,1.2340559068014105,2.8091627329574185,2.0777180097653964,1.873369228988254,1.633381228236799,1.9934120531794433,1.6455366257224178,1.7790798694474657,0.9217003699563677,1.3325654217641445,2.5315170875948176,1.502464727279027,1.4206885802168223,2.3952767448757233,1.4529786286431068,1.3714563930060417,1.845548851056429,1.6264438758352364,1.5938817169543065,1.8785464926567446,1.046357884309854,1.546066363193063,1.6378033977384567,1.1270945805440404,1.1987985976031148,1.5446850306994182,0.8769128238135109,1.0081522529858928,0.6727946702090934,1.0922725695931998,1.2596870467196826,1.1481514469619694,4.254396559441154,3.0997526729740037,2.000844296406218,2.9331290481040626,2.0124892146871556,0.811067479920946,1.0830070536082117,1.3097588502701563,0.2915118449765386,2.7001925259789226,2.6908792778723334,0.6532978916104759,0.873398848271143,1.5597412293122412,2.030107675846083,1.5806980832485216,1.5187543126657232,2.1459285973982123,1.1546039473241394,1.1710570812364958,2.3392348425991107,0.9925063452008477,1.1036132537380683,1.482832629197097
483,21,BW08_slice_001_2026-04-20_20260420-000000_slice_lfp_rhythm.h5,1041277.335,1776688200000.0,2026-04-20T20:30:00+08:00,12.051821006944444,12,20.5,-0.7933533402912357,0.6087614290087199,1,1,0,location_rule,66.5252456665039,1,intermediate,0.04250717908143997,1,neutral,93,90,90,1,0,0,1,0,0,0,0.7944444417953491,0.0,0.07777778059244156,0.0055555556900799274,0.12222222238779068,0.4938833805597802,0.7394260616674555,2.606850636871608,1.5986521068122836,1.2340559068014105,2.8091627329574185,2.0777180097653964,1.873369228988254,1.633381228236799,1.9934120531794433,1.6455366257224178,1.7790798694474657,0.9217003699563677,1.3325654217641445,2.5315170875948176,1.502464727279027,1.4206885802168223,2.3952767448757233,1.4529786286431068,1.3714563930060417,1.845548851056429,1.6264438758352364,1.5938817169543065,1.8785464926567446,1.046357884309854,1.546066363193063,1.6378033977384567,1.1270945805440404,1.1987985976031148,1.5446850306994182,0.8769128238135109,1.0081522529858928,0.6727946702090934,1.0922725695931998,1.2596870467196826,1.1481514469619694,4.254396559441154,3.0997526729740037,2.000844296406218,2.9331290481040626,2.0124892146871556,0.811067479920946,1.0830070536082117,1.3097588502701563,0.2915118449765386,2.7001925259789226,2.6908792778723334,0.6532978916104759,0.873398848271143,1.5597412293122412,2.030107675846083,1.5806980832485216,1.5187543126657232,2.1459285973982123,1.1546039473241394,1.1710570812364958,2.3392348425991107,0.9925063452008477,1.1036132537380683,1.482832629197097
484,20,BW08_slice_001_2026-04-20_20260420-000000_slice_lfp_rhythm.h5,1044877.335,1776691800000.0,2026-04-20T21:30:00+08:00,12.093487673611111,12,21.5,-0.608761429008721,0.7933533402912349,1,1,0,location_rule,56.7542724609375,0,unlearned,-0.4370083510875702,0,left_bias,9,8,8,2,0,0,0,0,1,0,0.7194444537162781,0.0027777778450399637,0.2527777850627899,0.0,0.02500000037252903,1.146785702753994,1.3697690715789776,1.769398185873344,1.5734393900332375,1.3006125383599982,1.9144108772270068,1.9577086017843555,1.7137590294984324,1.1744344609896964,1.658272170065035,1.6093977179496803,1.3153612172817493,1.0131300038499589,1.3547357678818743,1.7856437178137654,1.4386090627953922,1.3149511125147357,1.8263342278397214,1.500263539001557,1.3540786010459738,1.3806215765345384,1.3335347167839935,1.4411380107663998,1.2013088022764717,1.670015650850527,1.937008545364666,1.3649826519222639,1.4687162960591464,1.348818556660146,0.8784818624799522,1.1852253185035948,1.1753390784380267,0.6026893892969845,1.741067603788301,1.5856329244895357,1.5311684108301347,nan,nan,nan,nan,nan,nan,nan,nan,nan,nan,nan,nan,0.9373229926218265,0.9383663457397701,1.472497087905563,1.1128250412243605,1.2185699736445328,2.187660224922738,1.374147965655848,1.606587563797531,1.3507619548834164,1.864122173491987,1.592405610149313,1.2785154038148334
485,21,BW08_slice_001_2026-04-20_20260420-000000_slice_lfp_rhythm.h5,1044877.335,1776691800000.0,2026-04-20T21:30:00+08:00,12.093487673611111,12,21.5,-0.608761429008721,0.7933533402912349,1,1,0,location_rule,56.7542724609375,0,unlearned,-0.4370083510875702,0,left_bias,9,8,8,2,0,0,0,0,1,0,0.7194444537162781,0.0027777778450399637,0.2527777850627899,0.0,0.02500000037252903,1.146785702753994,1.3697690715789776,1.769398185873344,1.5734393900332375,1.3006125383599982,1.9144108772270068,1.9577086017843555,1.7137590294984324,1.1744344609896964,1.658272170065035,1.6093977179496803,1.3153612172817493,1.0131300038499589,1.3547357678818743,1.7856437178137654,1.4386090627953922,1.3149511125147357,1.8263342278397214,1.500263539001557,1.3540786010459738,1.3806215765345384,1.3335347167839935,1.4411380107663998,1.2013088022764717,1.670015650850527,1.937008545364666,1.3649826519222639,1.4687162960591464,1.348818556660146,0.8784818624799522,1.1852253185035948,1.1753390784380267,0.6026893892969845,1.741067603788301,1.5856329244895357,1.5311684108301347,nan,nan,nan,nan,nan,nan,nan,nan,nan,nan,nan,nan,0.9373229926218265,0.9383663457397701,1.472497087905563,1.1128250412243605,1.2185699736445328,2.187660224922738,1.374147965655848,1.606587563797531,1.3507619548834164,1.864122173491987,1.592405610149313,1.2785154038148334
486,21,BW08_slice_001_2026-04-20_20260420-000000_slice_lfp_rhythm.h5,1048477.335,1776695400000.0,2026-04-20T22:30:00+08:00,12.135154340277778,12,22.5,-0.38268343236508956,0.9238795325112868,1,1,0,location_rule,63.608123779296875,1,intermediate,-0.3498229384422302,0,left_bias,106,103,103,1,0,0,1,0,1,0,0.894444465637207,0.0,0.0,0.0,0.10555555671453476,0.3013057234636002,0.35339475533235387,1.3802126226431586,1.2171082069337913,0.8249160737387128,1.4566205293067203,1.788706094591759,1.5913381811774032,1.4762763130561747,1.976514778199787,1.673593200509216,1.4321018023826113,0.7735982395734304,0.8560795041137659,1.2754409171936933,1.1177920810366162,0.9899447500362729,1.2526531982723832,1.122031398223161,1.0510057866264568,1.6133610609793159,1.4713071346833875,1.531457404052718,1.4392930713078655,nan,nan,nan,nan,nan,nan,nan,nan,nan,nan,nan,nan,nan,nan,nan,nan,nan,nan,nan,nan,nan,nan,nan,nan,0.8112200908662284,1.0190923793972329,1.0385920974315683,0.7784575981163165,0.8481459564851855,0.8239467259631662,0.44240325746724907,0.8319505163163322,0.8282039917723971,1.0097616102306315,1.1364182430195542,0.914525898981487
487,20,BW08_slice_001_2026-04-20_20260420-000000_slice_lfp_rhythm.h5,1048477.335,1776695400000.0,2026-04-20T22:30:00+08:00,12.135154340277778,12,22.5,-0.38268343236508956,0.9238795325112868,1,1,0,location_rule,63.608123779296875,1,intermediate,-0.3498229384422302,0,left_bias,106,103,103,1,0,0,1,0,1,0,0.894444465637207,0.0,0.0,0.0,0.10555555671453476,0.3013057234636002,0.35339475533235387,1.3802126226431586,1.2171082069337913,0.8249160737387128,1.4566205293067203,1.788706094591759,1.5913381811774032,1.4762763130561747,1.976514778199787,1.673593200509216,1.4321018023826113,0.7735982395734304,0.8560795041137659,1.2754409171936933,1.1177920810366162,0.9899447500362729,1.2526531982723832,1.122031398223161,1.0510057866264568,1.6133610609793159,1.4713071346833875,1.531457404052718,1.4392930713078655,nan,nan,nan,nan,nan,nan,nan,nan,nan,nan,nan,nan,nan,nan,nan,nan,nan,nan,nan,nan,nan,nan,nan,nan,0.8112200908662284,1.0190923793972329,1.0385920974315683,0.7784575981163165,0.8481459564851855,0.8239467259631662,0.44240325746724907,0.8319505163163322,0.8282039917723971,1.0097616102306315,1.1364182430195542,0.914525898981487
488,20,BW08_slice_001_2026-04-20_20260420-000000_slice_lfp_rhythm.h5,1052077.335,1776699000000.0,2026-04-20T23:30:00+08:00,12.176821006944444,12,23.5,-0.13052619222005168,0.9914448613738104,1,1,0,location_rule,74.09187316894531,2,learned,0.11993777751922607,2,right_bias,32,32,32,1,0,0,0,1,0,1,0.5055555701255798,0.0027777778450399637,0.36666667461395264,0.0,0.125,1.5864644838816364,1.6262135813167795,1.4199832895611786,1.1820379645197197,1.1861823239686686,1.1139816924546975,1.014974780455202,1.2135437808499645,0.7326073833359213,1.3418432926322008,1.4528647386308393,0.800788521454653,1.5353164946874691,1.7383351392037438,1.5582408321579775,1.1602811531662494,1.2721579400667065,1.2544183586018038,1.0612923732471835,1.2969483343744528,1.068301534769057,1.3377006187022447,1.5436773519433273,1.0521461219994244,1.7283241792589301,1.7384257089895367,1.340126247887757,1.438457404873997,1.280619463469302,0.8824296187523647,1.2142898160473394,1.0973617203240011,0.39651075877512076,1.6701760111926804,1.5107922761289638,0.4662192775170138,nan,nan,nan,nan,nan,nan,nan,nan,nan,nan,nan,nan,0.9058159651437087,1.1484032544333247,0.9415189440518881,0.6616022889416445,0.7179124857869588,0.6808733703373321,0.9533639435699144,0.9177895764569259,0.8250973299078428,1.2275339832786034,1.0232018202790956,0.8732147654968303
489,21,BW08_slice_001_2026-04-20_20260420-000000_slice_lfp_rhythm.h5,1052077.335,1776699000000.0,2026-04-20T23:30:00+08:00,12.176821006944444,12,23.5,-0.13052619222005168,0.9914448613738104,1,1,0,location_rule,74.09187316894531,2,learned,0.11993777751922607,2,right_bias,32,32,32,1,0,0,0,1,0,1,0.5055555701255798,0.0027777778450399637,0.36666667461395264,0.0,0.125,1.5864644838816364,1.6262135813167795,1.4199832895611786,1.1820379645197197,1.1861823239686686,1.1139816924546975,1.014974780455202,1.2135437808499645,0.7326073833359213,1.3418432926322008,1.4528647386308393,0.800788521454653,1.5353164946874691,1.7383351392037438,1.5582408321579775,1.1602811531662494,1.2721579400667065,1.2544183586018038,1.0612923732471835,1.2969483343744528,1.068301534769057,1.3377006187022447,1.5436773519433273,1.0521461219994244,1.7283241792589301,1.7384257089895367,1.340126247887757,1.438457404873997,1.280619463469302,0.8824296187523647,1.2142898160473394,1.0973617203240011,0.39651075877512076,1.6701760111926804,1.5107922761289638,0.4662192775170138,nan,nan,nan,nan,nan,nan,nan,nan,nan,nan,nan,nan,0.9058159651437087,1.1484032544333247,0.9415189440518881,0.6616022889416445,0.7179124857869588,0.6808733703373321,0.9533639435699144,0.9177895764569259,0.8250973299078428,1.2275339832786034,1.0232018202790956,0.8732147654968303
490,22,BW08_slice_001_2026-04-21_20260421-000000_slice_lfp_rhythm.h5,1055677.335,1776702600000.0,2026-04-21T00:30:00+08:00,12.218487673611111,12,0.5,0.13052619222005157,0.9914448613738104,1,1,0,location_rule,64.21366882324219,1,intermediate,0.09846454113721848,1,neutral,59,56,56,1,0,0,1,0,0,0,0.47740113735198975,0.0028248587623238564,0.4237288236618042,0.008474576286971569,0.08757062256336212,1.6356576648236665,1.7412597166205566,1.7916483655903919,1.4881137442896646,1.664653714723509,1.7003763524899316,1.5355080326536563,1.975091086400108,0.7302082590237158,1.8301889078264144,2.0489352080112453,0.8897150222871724,1.2285175351873476,1.844291035915254,2.357488486682873,1.6607256678643534,2.210741324227122,2.2191335074985443,1.7691267911928819,2.3533772231906425,1.1704665364970162,2.0775551181928056,2.5712209877606447,1.3652449347350106,1.573573171743012,1.573648545995065,1.2218904582034296,1.3533908384941469,1.2308754205713741,0.8976477654411997,0.8566853702646228,0.9250747914699777,0.31587705852214076,1.5509225730871208,1.3984943490084134,0.3726646542829785,2.2517724641063808,2.7143365439126255,1.2212256315222259,1.6291951546865813,1.8658916597707504,1.2345414867251823,0.6817983896872498,0.9336565913973398,0.4098153058846963,1.7892001580443697,2.104506078012251,0.3937730666658588,1.590709315391804,1.4558052266549608,0.984887506217311,0.7168114781771671,1.0557971764187635,0.7555406966427509,0.3306403413590708,0.8052584620181676,0.8358372540784782,0.8070833430076577,1.0473122555563898,0.8563704262945041
491,23,BW08_slice_001_2026-04-21_20260421-000000_slice_lfp_rhythm.h5,1055677.335,1776702600000.0,2026-04-21T00:30:00+08:00,12.218487673611111,12,0.5,0.13052619222005157,0.9914448613738104,1,1,0,location_rule,64.21366882324219,1,intermediate,0.09846454113721848,1,neutral,59,56,56,1,0,0,1,0,0,0,0.47740113735198975,0.0028248587623238564,0.4237288236618042,0.008474576286971569,0.08757062256336212,1.6356576648236665,1.7412597166205566,1.7916483655903919,1.4881137442896646,1.664653714723509,1.7003763524899316,1.5355080326536563,1.975091086400108,0.7302082590237158,1.8301889078264144,2.0489352080112453,0.8897150222871724,1.2285175351873476,1.844291035915254,2.357488486682873,1.6607256678643534,2.210741324227122,2.2191335074985443,1.7691267911928819,2.3533772231906425,1.1704665364970162,2.0775551181928056,2.5712209877606447,1.3652449347350106,1.573573171743012,1.573648545995065,1.2218904582034296,1.3533908384941469,1.2308754205713741,0.8976477654411997,0.8566853702646228,0.9250747914699777,0.31587705852214076,1.5509225730871208,1.3984943490084134,0.3726646542829785,2.2517724641063808,2.7143365439126255,1.2212256315222259,1.6291951546865813,1.8658916597707504,1.2345414867251823,0.6817983896872498,0.9336565913973398,0.4098153058846963,1.7892001580443697,2.104506078012251,0.3937730666658588,1.590709315391804,1.4558052266549608,0.984887506217311,0.7168114781771671,1.0557971764187635,0.7555406966427509,0.3306403413590708,0.8052584620181676,0.8358372540784782,0.8070833430076577,1.0473122555563898,0.8563704262945041
492,22,BW08_slice_001_2026-04-21_20260421-000000_slice_lfp_rhythm.h5,1059277.335,1776706200000.0,2026-04-21T01:30:00+08:00,12.260154340277778,12,1.5,0.3826834323650898,0.9238795325112867,1,1,0,location_rule,70.41328430175781,2,learned,-0.025049181655049324,1,neutral,83,78,78,1,0,0,0,1,0,0,0.6899441480636597,0.0,0.18156424164772034,0.005586592014878988,0.12290503084659576,0.8799019053328953,0.9899192511481759,1.9069179753152443,1.3838928431600162,1.2652796700594433,2.0276130669001775,1.3402873751410689,1.3884171278398125,0.7980438885145115,2.033849051618064,1.468607812627038,0.9687581409973792,1.232993682993517,1.2949345179146843,1.9628422720001946,1.3745243853081714,1.4306794191370082,1.9335834877087852,1.064969112126294,1.1495269159583708,0.9693108684110022,1.8257702330981662,1.4663252811322047,1.1132445959519108,1.4209554638938946,1.6388807309082591,1.2206044785865873,1.169369506939487,1.2192750533684973,1.21500894653312,0.6953885615706525,0.8402506577128485,0.3725540563826951,1.2951545647299645,1.3044916718300277,0.35605211520816665,1.731520257782575,2.125788221915483,1.2480664394358965,1.2716389987055967,1.3891329354987985,1.3259995424047488,0.6586110853543554,0.8765189033061759,0.3739262853781281,1.3598735431647473,1.546216208465992,0.4196809703927779,0.9767956197263779,1.3165101127688894,1.6943964465683783,1.1486737205678887,1.6748017404719782,1.5390342476073622,0.8782500286108352,1.1049420929891252,1.2294385829904593,1.3192313689836708,1.2555279726688529,1.108399737504272
493,23,BW08_slice_001_2026-04-21_20260421-000000_slice_lfp_rhythm.h5,1059277.335,1776706200000.0,2026-04-21T01:30:00+08:00,12.260154340277778,12,1.5,0.3826834323650898,0.9238795325112867,1,1,0,location_rule,70.41328430175781,2,learned,-0.025049181655049324,1,neutral,83,78,78,1,0,0,0,1,0,0,0.6899441480636597,0.0,0.18156424164772034,0.005586592014878988,0.12290503084659576,0.8799019053328953,0.9899192511481759,1.9069179753152443,1.3838928431600162,1.2652796700594433,2.0276130669001775,1.3402873751410689,1.3884171278398125,0.7980438885145115,2.033849051618064,1.468607812627038,0.9687581409973792,1.232993682993517,1.2949345179146843,1.9628422720001946,1.3745243853081714,1.4306794191370082,1.9335834877087852,1.064969112126294,1.1495269159583708,0.9693108684110022,1.8257702330981662,1.4663252811322047,1.1132445959519108,1.4209554638938946,1.6388807309082591,1.2206044785865873,1.169369506939487,1.2192750533684973,1.21500894653312,0.6953885615706525,0.8402506577128485,0.3725540563826951,1.2951545647299645,1.3044916718300277,0.35605211520816665,1.731520257782575,2.125788221915483,1.2480664394358965,1.2716389987055967,1.3891329354987985,1.3259995424047488,0.6586110853543554,0.8765189033061759,0.3739262853781281,1.3598735431647473,1.546216208465992,0.4196809703927779,0.9767956197263779,1.3165101127688894,1.6943964465683783,1.1486737205678887,1.6748017404719782,1.5390342476073622,0.8782500286108352,1.1049420929891252,1.2294385829904593,1.3192313689836708,1.2555279726688529,1.108399737504272
494,22,BW08_slice_001_2026-04-21_20260421-000000_slice_lfp_rhythm.h5,1062877.335,1776709800000.0,2026-04-21T02:30:00+08:00,12.301821006944444,12,2.5,0.6087614290087207,0.7933533402912352,1,1,0,location_rule,55.93842697143555,0,unlearned,0.14734677970409393,2,right_bias,24,23,23,1,0,0,0,0,0,1,0.9166666865348816,0.0,0.05277777835726738,0.0,0.03055555559694767,0.5629996483809612,0.6148214711421477,1.9889765398840265,1.2628539273738821,0.9571019289717316,1.788427249266664,1.4994094764576158,1.426076808255427,1.0982096700179715,2.1088275558834972,1.7575286426317442,1.4102085656914147,0.9230325629738303,1.0529086156458172,1.841204877347589,1.0857813989891358,1.0646642368210946,1.5075517221430195,0.9105789927359812,0.9090121333483159,1.1447883249316404,1.505700478963103,1.5168513829437444,1.3949904196344105,1.9836122535221332,1.8639517310638167,1.485193168772189,1.3992934350578705,1.2719493439904699,0.8138664073462962,1.0032588625719576,1.0243636549249144,0.5861580830493015,1.8941050667862676,1.5879769673302366,0.5565299921323513,nan,nan,nan,nan,nan,nan,nan,nan,nan,nan,nan,nan,0.8520114059863544,1.1330584755751967,1.2711858717120026,1.3018784369613758,1.0073916291435479,1.0795450846423968,2.320523775747759,2.6199801944013155,1.101498031174648,1.2797900615169726,1.6673383862914681,1.0282546809571527
495,23,BW08_slice_001_2026-04-21_20260421-000000_slice_lfp_rhythm.h5,1062877.335,1776709800000.0,2026-04-21T02:30:00+08:00,12.301821006944444,12,2.5,0.6087614290087207,0.7933533402912352,1,1,0,location_rule,55.93842697143555,0,unlearned,0.14734677970409393,2,right_bias,24,23,23,1,0,0,0,0,0,1,0.9166666865348816,0.0,0.05277777835726738,0.0,0.03055555559694767,0.5629996483809612,0.6148214711421477,1.9889765398840265,1.2628539273738821,0.9571019289717316,1.788427249266664,1.4994094764576158,1.426076808255427,1.0982096700179715,2.1088275558834972,1.7575286426317442,1.4102085656914147,0.9230325629738303,1.0529086156458172,1.841204877347589,1.0857813989891358,1.0646642368210946,1.5075517221430195,0.9105789927359812,0.9090121333483159,1.1447883249316404,1.505700478963103,1.5168513829437444,1.3949904196344105,1.9836122535221332,1.8639517310638167,1.485193168772189,1.3992934350578705,1.2719493439904699,0.8138664073462962,1.0032588625719576,1.0243636549249144,0.5861580830493015,1.8941050667862676,1.5879769673302366,0.5565299921323513,nan,nan,nan,nan,nan,nan,nan,nan,nan,nan,nan,nan,0.8520114059863544,1.1330584755751967,1.2711858717120026,1.3018784369613758,1.0073916291435479,1.0795450846423968,2.320523775747759,2.6199801944013155,1.101498031174648,1.2797900615169726,1.6673383862914681,1.0282546809571527
496,22,BW08_slice_001_2026-04-21_20260421-000000_slice_lfp_rhythm.h5,1066477.335,1776713400000.0,2026-04-21T03:30:00+08:00,12.343487673611111,12,3.5,0.7933533402912352,0.6087614290087207,1,1,0,location_rule,54.073177337646484,0,unlearned,0.044412266463041306,1,neutral,8,8,8,2,0,0,0,0,0,0,0.6083333492279053,0.0,0.3888888955116272,0.0027777778450399637,0.0,1.5659472376607688,1.5828468526196704,1.3292147646142587,1.0444269730761784,1.0655016363142025,1.026477445703926,0.8679872433987729,0.8371031981120687,1.0824543628491716,1.6435139733027917,1.5221894292409257,1.7832124464285553,0.8920262596499257,1.1517555937900956,1.3112068974366027,0.7837568032252457,0.8746536638268426,1.0704988355395633,0.7664587399999554,0.7335930594374722,1.4758818810385308,1.4774337585478634,1.4012597723098665,2.4725048979613162,1.7528915942652727,1.7202547259634835,1.3060431102055312,1.4004780407869462,1.1875117297396443,0.7642996020062355,0.9152744724237587,0.9511051906346525,0.43316133774732607,1.629722575307497,1.478332251816732,0.4811576759584555,2.372913183105781,3.0027106127744627,1.1914252937781902,1.8971027138336087,1.8343362835961143,0.7851217126869088,0.7461768051232649,1.0105001605932211,0.5017468258930523,2.010330599747725,2.306464803880018,0.52142465102066,nan,nan,nan,nan,nan,nan,nan,nan,nan,nan,nan,nan
497,23,BW08_slice_001_2026-04-21_20260421-000000_slice_lfp_rhythm.h5,1066477.335,1776713400000.0,2026-04-21T03:30:00+08:00,12.343487673611111,12,3.5,0.7933533402912352,0.6087614290087207,1,1,0,location_rule,54.073177337646484,0,unlearned,0.044412266463041306,1,neutral,8,8,8,2,0,0,0,0,0,0,0.6083333492279053,0.0,0.3888888955116272,0.0027777778450399637,0.0,1.5659472376607688,1.5828468526196704,1.3292147646142587,1.0444269730761784,1.0655016363142025,1.026477445703926,0.8679872433987729,0.8371031981120687,1.0824543628491716,1.6435139733027917,1.5221894292409257,1.7832124464285553,0.8920262596499257,1.1517555937900956,1.3112068974366027,0.7837568032252457,0.8746536638268426,1.0704988355395633,0.7664587399999554,0.7335930594374722,1.4758818810385308,1.4774337585478634,1.4012597723098665,2.4725048979613162,1.7528915942652727,1.7202547259634835,1.3060431102055312,1.4004780407869462,1.1875117297396443,0.7642996020062355,0.9152744724237587,0.9511051906346525,0.43316133774732607,1.629722575307497,1.478332251816732,0.4811576759584555,2.372913183105781,3.0027106127744627,1.1914252937781902,1.8971027138336087,1.8343362835961143,0.7851217126869088,0.7461768051232649,1.0105001605932211,0.5017468258930523,2.010330599747725,2.306464803880018,0.52142465102066,nan,nan,nan,nan,nan,nan,nan,nan,nan,nan,nan,nan
498,23,BW08_slice_001_2026-04-21_20260421-000000_slice_lfp_rhythm.h5,1070077.335,1776717000000.0,2026-04-21T04:30:00+08:00,12.385154340277778,12,4.5,0.9238795325112867,0.38268343236508984,1,1,0,location_rule,62.785560607910156,1,intermediate,-0.3674261271953583,0,left_bias,33,29,29,1,0,0,1,0,1,0,0.7833333611488342,0.0,0.16111111640930176,0.0,0.0555555559694767,0.8327962320680189,0.8661251760346063,1.593620903692934,1.45808284329697,1.1524728778870248,1.3127770559388636,2.0176900481296807,1.8228312142836252,1.3046246043223984,2.299517944423972,1.6648262722266471,1.5172073127494319,0.9670365271380355,1.128914231215464,1.5326128078522063,1.36331377217173,1.328846190700751,1.2066408129978452,1.4121599845115405,1.3310846565197365,1.1553869383464648,1.8100015189782992,1.4999465006753987,1.154298705817649,1.6136295082858825,1.5230520740166493,1.4740925791113575,1.5155750040023006,1.2317116120320086,1.148667268160016,2.738437661586487,1.732157755288411,2.2546587680496226,2.360288724530228,1.7146092927619396,3.3476961823840816,nan,nan,nan,nan,nan,nan,nan,nan,nan,nan,nan,nan,0.8286623000169964,1.4197513761186316,0.9116227018510619,0.4975671282880347,0.7460386062315614,0.6198656531676506,0.2706558347078272,0.5715819210902574,0.7719587655315744,0.7515826183378859,1.0823031223487216,0.8854771267207888
499,22,BW08_slice_001_2026-04-21_20260421-000000_slice_lfp_rhythm.h5,1070077.335,1776717000000.0,2026-04-21T04:30:00+08:00,12.385154340277778,12,4.5,0.9238795325112867,0.38268343236508984,1,1,0,location_rule,62.785560607910156,1,intermediate,-0.3674261271953583,0,left_bias,33,29,29,1,0,0,1,0,1,0,0.7833333611488342,0.0,0.16111111640930176,0.0,0.0555555559694767,0.8327962320680189,0.8661251760346063,1.593620903692934,1.45808284329697,1.1524728778870248,1.3127770559388636,2.0176900481296807,1.8228312142836252,1.3046246043223984,2.299517944423972,1.6648262722266471,1.5172073127494319,0.9670365271380355,1.128914231215464,1.5326128078522063,1.36331377217173,1.328846190700751,1.2066408129978452,1.4121599845115405,1.3310846565197365,1.1553869383464648,1.8100015189782992,1.4999465006753987,1.154298705817649,1.6136295082858825,1.5230520740166493,1.4740925791113575,1.5155750040023006,1.2317116120320086,1.148667268160016,2.738437661586487,1.732157755288411,2.2546587680496226,2.360288724530228,1.7146092927619396,3.3476961823840816,nan,nan,nan,nan,nan,nan,nan,nan,nan,nan,nan,nan,0.8286623000169964,1.4197513761186316,0.9116227018510619,0.4975671282880347,0.7460386062315614,0.6198656531676506,0.2706558347078272,0.5715819210902574,0.7719587655315744,0.7515826183378859,1.0823031223487216,0.8854771267207888
500,23,BW08_slice_001_2026-04-21_20260421-000000_slice_lfp_rhythm.h5,1073677.335,1776720600000.0,2026-04-21T05:30:00+08:00,12.426821006944444,12,5.5,0.9914448613738104,0.1305261922200517,1,1,0,location_rule,74.083251953125,2,learned,-0.5720710754394531,0,left_bias,27,26,26,1,0,0,0,1,1,0,0.7083333134651184,0.0,0.25,0.0,0.0416666679084301,1.0896956128955981,1.0410738541551898,1.5807144868310676,1.2410789920267844,1.047687233868263,1.5794177817050958,1.2248384902646017,1.4887516755904873,1.4425226419110628,1.9849111447940515,1.7858164240587373,2.7021594506356776,1.256100318851893,1.2537149221270447,1.5557050005281943,1.1242701407445244,1.1293274383462555,1.5351373199396552,0.9314738534582192,1.10222014769362,1.4966411193585856,1.6888107151687646,1.6907870206973437,2.5148481124549638,1.4268488593886197,1.3583131531265304,1.3469353908867494,1.1975156344725304,1.0724052595041214,0.940890090628154,1.392259330094532,2.6216469660815997,1.3651662212351012,1.6323717848824177,1.554919900747876,3.2393928355825388,nan,nan,nan,nan,nan,nan,nan,nan,nan,nan,nan,nan,3.187098517526484,1.154214483698541,1.503986390337131,4.243626878739764,1.1378093499247866,0.9748204487899005,3.309112835949418,2.2886442306587917,1.2040181719067697,1.6423205822265,1.392088559455467,0.8332342605686963
501,22,BW08_slice_001_2026-04-21_20260421-000000_slice_lfp_rhythm.h5,1073677.335,1776720600000.0,2026-04-21T05:30:00+08:00,12.426821006944444,12,5.5,0.9914448613738104,0.1305261922200517,1,1,0,location_rule,74.083251953125,2,learned,-0.5720710754394531,0,left_bias,27,26,26,1,0,0,0,1,1,0,0.7083333134651184,0.0,0.25,0.0,0.0416666679084301,1.0896956128955981,1.0410738541551898,1.5807144868310676,1.2410789920267844,1.047687233868263,1.5794177817050958,1.2248384902646017,1.4887516755904873,1.4425226419110628,1.9849111447940515,1.7858164240587373,2.7021594506356776,1.256100318851893,1.2537149221270447,1.5557050005281943,1.1242701407445244,1.1293274383462555,1.5351373199396552,0.9314738534582192,1.10222014769362,1.4966411193585856,1.6888107151687646,1.6907870206973437,2.5148481124549638,1.4268488593886197,1.3583131531265304,1.3469353908867494,1.1975156344725304,1.0724052595041214,0.940890090628154,1.392259330094532,2.6216469660815997,1.3651662212351012,1.6323717848824177,1.554919900747876,3.2393928355825388,nan,nan,nan,nan,nan,nan,nan,nan,nan,nan,nan,nan,3.187098517526484,1.154214483698541,1.503986390337131,4.243626878739764,1.1378093499247866,0.9748204487899005,3.309112835949418,2.2886442306587917,1.2040181719067697,1.6423205822265,1.392088559455467,0.8332342605686963
502,23,BW08_slice_001_2026-04-21_20260421-000000_slice_lfp_rhythm.h5,1077277.335,1776724200000.0,2026-04-21T06:30:00+08:00,12.468487673611111,12,6.5,0.9914448613738104,-0.1305261922200516,0,1,0,location_rule,74.083251953125,2,learned,-0.5720710754394531,0,left_bias,0,0,0,3,0,0,0,1,1,0,1.0,0.0,0.0,0.0,0.0,0.24880849779787295,0.34446105012841133,1.4299615857541936,0.7408790156701427,0.70028279191916,1.2282942331821831,1.1406245928614411,1.2436459415253216,0.9061211058882088,1.0510083173476896,1.1234400047664046,0.7955856098208006,0.5941122799103219,0.7876196026171782,1.2814368445154398,0.6388181768462445,0.7864724028963122,1.0250392624040898,0.6404772823143301,0.7389506567769624,0.9028197717270083,0.708694598540144,0.9369863244327318,0.7442520783856104,nan,nan,nan,nan,nan,nan,nan,nan,nan,nan,nan,nan,nan,nan,nan,nan,nan,nan,nan,nan,nan,nan,nan,nan,nan,nan,nan,nan,nan,nan,nan,nan,nan,nan,nan,nan
503,22,BW08_slice_001_2026-04-21_20260421-000000_slice_lfp_rhythm.h5,1077277.335,1776724200000.0,2026-04-21T06:30:00+08:00,12.468487673611111,12,6.5,0.9914448613738104,-0.1305261922200516,0,1,0,location_rule,74.083251953125,2,learned,-0.5720710754394531,0,left_bias,0,0,0,3,0,0,0,1,1,0,1.0,0.0,0.0,0.0,0.0,0.24880849779787295,0.34446105012841133,1.4299615857541936,0.7408790156701427,0.70028279191916,1.2282942331821831,1.1406245928614411,1.2436459415253216,0.9061211058882088,1.0510083173476896,1.1234400047664046,0.7955856098208006,0.5941122799103219,0.7876196026171782,1.2814368445154398,0.6388181768462445,0.7864724028963122,1.0250392624040898,0.6404772823143301,0.7389506567769624,0.9028197717270083,0.708694598540144,0.9369863244327318,0.7442520783856104,nan,nan,nan,nan,nan,nan,nan,nan,nan,nan,nan,nan,nan,nan,nan,nan,nan,nan,nan,nan,nan,nan,nan,nan,nan,nan,nan,nan,nan,nan,nan,nan,nan,nan,nan,nan
504,23,BW08_slice_001_2026-04-21_20260421-000000_slice_lfp_rhythm.h5,1080877.335,1776727800000.0,2026-04-21T07:30:00+08:00,12.510154340277778,12,7.5,0.9238795325112868,-0.3826834323650895,0,1,0,location_rule,65.6046142578125,1,intermediate,-0.4092792868614197,0,left_bias,16,14,14,1,0,0,1,0,1,0,0.2916666567325592,0.0055555556900799274,0.6555555462837219,0.01666666753590107,0.03055555559694767,2.377966234704727,2.7021930676801764,1.212030591964056,1.058810302997183,1.3367726112654899,0.8050342985321007,0.43740109785690917,0.4379205586508763,0.37161599415147706,0.8463165092541587,1.1763161032449794,0.4307841742003365,2.455414047648457,2.689358722658506,1.3294059659568727,1.011636142845757,1.1992484366157152,0.905763773279349,0.6874329313900543,0.567658505852084,0.5845974486600882,0.7837899149762534,0.9402793415030501,0.5973064144491845,1.5967733597808562,1.8642679004798486,1.2880229806182824,1.2227045279866007,1.2412903061149525,0.9327381105508317,0.8565230951724352,0.9518663106869575,0.2666015020408298,1.4837137124574469,1.446112963322185,0.35421831082031185,0.8952053954194217,1.312107684928741,1.3178792787540652,0.6127062784500082,0.7783306890847931,0.879481653606703,0.37235107229096587,0.6226196283001071,0.244645267179627,0.794576653314651,0.9346369966169151,0.348103898994915,0.9983648457081598,0.9651822392599347,1.0017939061861125,2.1257998693477487,1.0061211192620565,0.6950685288219374,6.427314867433752,2.9357257331517848,0.8444830651972405,4.403878907095083,2.268614566786122,0.7894259817738115
505,22,BW08_slice_001_2026-04-21_20260421-000000_slice_lfp_rhythm.h5,1080877.335,1776727800000.0,2026-04-21T07:30:00+08:00,12.510154340277778,12,7.5,0.9238795325112868,-0.3826834323650895,0,1,0,location_rule,65.6046142578125,1,intermediate,-0.4092792868614197,0,left_bias,16,14,14,1,0,0,1,0,1,0,0.2916666567325592,0.0055555556900799274,0.6555555462837219,0.01666666753590107,0.03055555559694767,2.377966234704727,2.7021930676801764,1.212030591964056,1.058810302997183,1.3367726112654899,0.8050342985321007,0.43740109785690917,0.4379205586508763,0.37161599415147706,0.8463165092541587,1.1763161032449794,0.4307841742003365,2.455414047648457,2.689358722658506,1.3294059659568727,1.011636142845757,1.1992484366157152,0.905763773279349,0.6874329313900543,0.567658505852084,0.5845974486600882,0.7837899149762534,0.9402793415030501,0.5973064144491845,1.5967733597808562,1.8642679004798486,1.2880229806182824,1.2227045279866007,1.2412903061149525,0.9327381105508317,0.8565230951724352,0.9518663106869575,0.2666015020408298,1.4837137124574469,1.446112963322185,0.35421831082031185,0.8952053954194217,1.312107684928741,1.3178792787540652,0.6127062784500082,0.7783306890847931,0.879481653606703,0.37235107229096587,0.6226196283001071,0.244645267179627,0.794576653314651,0.9346369966169151,0.348103898994915,0.9983648457081598,0.9651822392599347,1.0017939061861125,2.1257998693477487,1.0061211192620565,0.6950685288219374,6.427314867433752,2.9357257331517848,0.8444830651972405,4.403878907095083,2.268614566786122,0.7894259817738115
506,23,BW08_slice_001_2026-04-21_20260421-000000_slice_lfp_rhythm.h5,1084477.335,1776731400000.0,2026-04-21T08:30:00+08:00,12.551821006944444,12,8.5,0.7933533402912352,-0.6087614290087207,0,1,0,location_rule,63.516571044921875,1,intermediate,-0.3377465307712555,0,left_bias,37,33,33,1,0,0,1,0,1,0,0.550000011920929,0.0,0.3472222089767456,0.02500000037252903,0.07777778059244156,0.9344343804379396,1.333505807547435,0.9896441977123106,0.5552354621284442,0.7357849311800705,0.8049400606685366,0.4283440671549289,0.4292793536690637,0.5645406493449832,0.6409749194641856,0.818055418199391,1.0212870493997694,0.6451116503813781,0.8645250949868061,0.8844301280566105,0.4232993990182699,0.5162099425848741,0.743326702349902,0.40104770759537905,0.38073452391057727,0.6116704736887298,0.5348630198873926,0.6628054918789353,1.2556552823606497,1.1065832569481677,1.5887272082927315,1.1813803992416616,0.8855555207982642,1.0475225466502425,1.104309140559369,0.7782948267421778,0.8353769270449714,0.5203184311049801,1.0835151612139187,1.1479885237340755,0.6645059390963698,1.5739292884249358,2.472064350129505,1.283329042413631,1.05417613222537,1.4629209217044046,1.0990921240931175,0.6004979202992168,0.904354361206229,0.5988448275131474,1.2423278680615064,1.5583124815123437,0.9782953624680847,1.0811777115102428,1.8791604089686271,0.8953412133982819,0.5974075877723765,0.8060546070153013,0.5736126283535016,0.7815306606932995,0.6105378808296635,0.7147731825107125,0.9469499799649809,1.1811366686352263,0.820381503319576
507,22,BW08_slice_001_2026-04-21_20260421-000000_slice_lfp_rhythm.h5,1084477.335,1776731400000.0,2026-04-21T08:30:00+08:00,12.551821006944444,12,8.5,0.7933533402912352,-0.6087614290087207,0,1,0,location_rule,63.516571044921875,1,intermediate,-0.3377465307712555,0,left_bias,37,33,33,1,0,0,1,0,1,0,0.550000011920929,0.0,0.3472222089767456,0.02500000037252903,0.07777778059244156,0.9344343804379396,1.333505807547435,0.9896441977123106,0.5552354621284442,0.7357849311800705,0.8049400606685366,0.4283440671549289,0.4292793536690637,0.5645406493449832,0.6409749194641856,0.818055418199391,1.0212870493997694,0.6451116503813781,0.8645250949868061,0.8844301280566105,0.4232993990182699,0.5162099425848741,0.743326702349902,0.40104770759537905,0.38073452391057727,0.6116704736887298,0.5348630198873926,0.6628054918789353,1.2556552823606497,1.1065832569481677,1.5887272082927315,1.1813803992416616,0.8855555207982642,1.0475225466502425,1.104309140559369,0.7782948267421778,0.8353769270449714,0.5203184311049801,1.0835151612139187,1.1479885237340755,0.6645059390963698,1.5739292884249358,2.472064350129505,1.283329042413631,1.05417613222537,1.4629209217044046,1.0990921240931175,0.6004979202992168,0.904354361206229,0.5988448275131474,1.2423278680615064,1.5583124815123437,0.9782953624680847,1.0811777115102428,1.8791604089686271,0.8953412133982819,0.5974075877723765,0.8060546070153013,0.5736126283535016,0.7815306606932995,0.6105378808296635,0.7147731825107125,0.9469499799649809,1.1811366686352263,0.820381503319576
508,23,BW08_slice_001_2026-04-21_20260421-000000_slice_lfp_rhythm.h5,1088077.335,1776735000000.0,2026-04-21T09:30:00+08:00,12.593487673611111,12,9.5,0.6087614290087209,-0.793353340291235,0,1,0,location_rule,63.516571044921875,1,intermediate,-0.3377465307712555,0,left_bias,0,0,0,3,0,0,1,0,1,0,0.14166666567325592,0.0027777778450399637,0.8138889074325562,0.0416666679084301,0.0,1.8674973484287276,2.5571743965577722,0.9478369872030978,0.7007175523877828,1.2210641468505201,0.7174548373399697,0.06766543182232755,0.1704826974637412,1.0958930534684055,0.4745676468608962,0.8772641663447608,1.3307992612432498,1.571173102741765,2.2784528844395413,0.8648478071983835,0.2929317402281309,0.784129659127159,0.6588535131756409,0.061258377305401526,0.09950650417314658,1.0912530789391965,0.20570761089140888,0.3712586549761389,1.3718449699159396,1.0892345698043602,1.5090521685855316,1.0961503991042068,0.8870038778190968,1.0460341931934682,0.9299374498499557,0.5912229453745104,0.7523565178910357,1.0310859539690977,1.0557658017825868,1.1214137928643446,1.3345009946602941,1.6068908127019272,2.3288620783181737,1.259009692476308,1.1373559343728255,1.3455237924878514,0.881051993148508,0.67220768899268,0.8895081978002477,1.059588679240744,1.2753989745369816,1.5872390442749154,1.9152764040839827,nan,nan,nan,nan,nan,nan,nan,nan,nan,nan,nan,nan
509,22,BW08_slice_001_2026-04-21_20260421-000000_slice_lfp_rhythm.h5,1088077.335,1776735000000.0,2026-04-21T09:30:00+08:00,12.593487673611111,12,9.5,0.6087614290087209,-0.793353340291235,0,1,0,location_rule,63.516571044921875,1,intermediate,-0.3377465307712555,0,left_bias,0,0,0,3,0,0,1,0,1,0,0.14166666567325592,0.0027777778450399637,0.8138889074325562,0.0416666679084301,0.0,1.8674973484287276,2.5571743965577722,0.9478369872030978,0.7007175523877828,1.2210641468505201,0.7174548373399697,0.06766543182232755,0.1704826974637412,1.0958930534684055,0.4745676468608962,0.8772641663447608,1.3307992612432498,1.571173102741765,2.2784528844395413,0.8648478071983835,0.2929317402281309,0.784129659127159,0.6588535131756409,0.061258377305401526,0.09950650417314658,1.0912530789391965,0.20570761089140888,0.3712586549761389,1.3718449699159396,1.0892345698043602,1.5090521685855316,1.0961503991042068,0.8870038778190968,1.0460341931934682,0.9299374498499557,0.5912229453745104,0.7523565178910357,1.0310859539690977,1.0557658017825868,1.1214137928643446,1.3345009946602941,1.6068908127019272,2.3288620783181737,1.259009692476308,1.1373559343728255,1.3455237924878514,0.881051993148508,0.67220768899268,0.8895081978002477,1.059588679240744,1.2753989745369816,1.5872390442749154,1.9152764040839827,nan,nan,nan,nan,nan,nan,nan,nan,nan,nan,nan,nan
510,22,BW08_slice_001_2026-04-21_20260421-000000_slice_lfp_rhythm.h5,1091677.335,1776738600000.0,2026-04-21T10:30:00+08:00,12.635154340277778,12,10.5,0.3826834323650899,-0.9238795325112867,0,1,0,location_rule,63.516571044921875,1,intermediate,-0.3377465307712555,0,left_bias,0,0,0,3,0,0,1,0,1,0,0.3583333194255829,0.0027777778450399637,0.5555555820465088,0.0833333358168602,0.0,1.2402839929543876,1.8062212148120196,0.9308440353203108,0.583430487263537,0.9742857883279056,0.6647009129310045,0.2416579447204737,0.37491307880933616,0.36208782082056473,0.44153738245639734,0.7283580316671193,0.49900218429592247,1.212495066672391,1.4622594073174981,0.8733416446014434,0.4681116564219571,0.7701142165195257,0.6539632839230728,0.32277264722986976,0.44691341428566667,0.475337360146529,0.35751312762690485,0.5347799485679589,0.7127557087308821,0.9327970275300406,1.4132073959299483,1.055130115822238,0.7623986827872464,0.9904974667085821,0.8124375666602646,0.5823613901674833,0.7706086302410823,0.28549305289558985,0.890097843607613,0.9760226934272879,0.37249172511148715,0.9364658919041671,1.2008531485562155,1.1228191515566572,0.6780620081112184,0.8321405734310243,0.7642664580940403,0.369453768332769,0.6350331834078464,0.24628386261536567,0.7092784611474595,0.8941604231893919,0.35595686014307887,nan,nan,nan,nan,nan,nan,nan,nan,nan,nan,nan,nan
511,23,BW08_slice_001_2026-04-21_20260421-000000_slice_lfp_rhythm.h5,1091677.335,1776738600000.0,2026-04-21T10:30:00+08:00,12.635154340277778,12,10.5,0.3826834323650899,-0.9238795325112867,0,1,0,location_rule,63.516571044921875,1,intermediate,-0.3377465307712555,0,left_bias,0,0,0,3,0,0,1,0,1,0,0.3583333194255829,0.0027777778450399637,0.5555555820465088,0.0833333358168602,0.0,1.2402839929543876,1.8062212148120196,0.9308440353203108,0.583430487263537,0.9742857883279056,0.6647009129310045,0.2416579447204737,0.37491307880933616,0.36208782082056473,0.44153738245639734,0.7283580316671193,0.49900218429592247,1.212495066672391,1.4622594073174981,0.8733416446014434,0.4681116564219571,0.7701142165195257,0.6539632839230728,0.32277264722986976,0.44691341428566667,0.475337360146529,0.35751312762690485,0.5347799485679589,0.7127557087308821,0.9327970275300406,1.4132073959299483,1.055130115822238,0.7623986827872464,0.9904974667085821,0.8124375666602646,0.5823613901674833,0.7706086302410823,0.28549305289558985,0.890097843607613,0.9760226934272879,0.37249172511148715,0.9364658919041671,1.2008531485562155,1.1228191515566572,0.6780620081112184,0.8321405734310243,0.7642664580940403,0.369453768332769,0.6350331834078464,0.24628386261536567,0.7092784611474595,0.8941604231893919,0.35595686014307887,nan,nan,nan,nan,nan,nan,nan,nan,nan,nan,nan,nan
512,23,BW08_slice_001_2026-04-21_20260421-000000_slice_lfp_rhythm.h5,1095277.335,1776742200000.0,2026-04-21T11:30:00+08:00,12.676821006944444,12,11.5,0.130526192220052,-0.9914448613738104,0,1,0,location_rule,63.516571044921875,1,intermediate,-0.3377465307712555,0,left_bias,0,0,0,3,0,0,1,0,1,0,0.2611111104488373,0.0,0.6472222208976746,0.09166666865348816,0.0,1.2590418242353394,1.8625670485191819,0.9949843051601516,0.5461947372123063,0.990955527927785,0.6608958984213852,0.12816234900669105,0.30178493270529,0.28338480144427486,0.38948981317117576,0.718992544610569,0.40032405913445857,1.0280953737717378,1.5892748757427486,1.1777814682766654,0.3642077565847957,0.8572390541303864,0.7958759830770493,0.19317679448421413,0.38805942484365585,0.4084607290378173,0.3050045740784921,0.5120024212521382,0.6704877885139261,0.8719663444111454,1.2926028118337425,1.023725506980833,0.7357891320759292,0.9117078743153959,0.6871612453854498,0.5338566802472288,0.8237730029505146,0.22182201625846693,0.8275214056885011,0.943692913453012,0.2982557377747671,0.8199060871476724,1.186435731948412,1.1184495211422518,0.642097854208243,0.7944217049592216,0.7196639423258828,0.4224074100020494,0.657335076195251,0.23683705889748116,0.6714955190977916,0.8853317765320089,0.3556448900233307,nan,nan,nan,nan,nan,nan,nan,nan,nan,nan,nan,nan
513,22,BW08_slice_001_2026-04-21_20260421-000000_slice_lfp_rhythm.h5,1095277.335,1776742200000.0,2026-04-21T11:30:00+08:00,12.676821006944444,12,11.5,0.130526192220052,-0.9914448613738104,0,1,0,location_rule,63.516571044921875,1,intermediate,-0.3377465307712555,0,left_bias,0,0,0,3,0,0,1,0,1,0,0.2611111104488373,0.0,0.6472222208976746,0.09166666865348816,0.0,1.2590418242353394,1.8625670485191819,0.9949843051601516,0.5461947372123063,0.990955527927785,0.6608958984213852,0.12816234900669105,0.30178493270529,0.28338480144427486,0.38948981317117576,0.718992544610569,0.40032405913445857,1.0280953737717378,1.5892748757427486,1.1777814682766654,0.3642077565847957,0.8572390541303864,0.7958759830770493,0.19317679448421413,0.38805942484365585,0.4084607290378173,0.3050045740784921,0.5120024212521382,0.6704877885139261,0.8719663444111454,1.2926028118337425,1.023725506980833,0.7357891320759292,0.9117078743153959,0.6871612453854498,0.5338566802472288,0.8237730029505146,0.22182201625846693,0.8275214056885011,0.943692913453012,0.2982557377747671,0.8199060871476724,1.186435731948412,1.1184495211422518,0.642097854208243,0.7944217049592216,0.7196639423258828,0.4224074100020494,0.657335076195251,0.23683705889748116,0.6714955190977916,0.8853317765320089,0.3556448900233307,nan,nan,nan,nan,nan,nan,nan,nan,nan,nan,nan,nan
514,23,BW08_slice_001_2026-04-21_20260421-000000_slice_lfp_rhythm.h5,1098877.335,1776745800000.0,2026-04-21T12:30:00+08:00,12.718487673611111,12,12.5,-0.13052619222005177,-0.9914448613738104,0,1,0,location_rule,58.97193145751953,0,unlearned,-0.5015646815299988,0,left_bias,2,0,0,2,0,0,0,0,1,0,0.18611110746860504,0.0027777778450399637,0.7472222447395325,0.06388889253139496,0.0,1.080594539599591,1.9089116172553577,0.8878221341782029,0.4610174354464999,1.0742604112284202,0.7658480316626807,0.08032197396114488,0.19695384261815235,0.5894580806240188,0.33869717509794633,0.6776857563405413,1.2926612323940192,0.8499225591372223,1.37514943335511,0.8302737031887195,0.2920392987749295,0.7022394951524272,0.7475003017163454,0.14151172571539714,0.2330766098609766,0.5406962987859452,0.3098049410230084,0.4897471990709483,0.9636548480127806,0.6740261597958507,1.2103292167999347,1.022246205163655,0.5802550690861298,0.9659549824676609,1.010555194816267,0.40002525432796565,0.6714827660675522,0.5934819034852963,0.6708148474717683,0.8446770412598953,1.4958916533712678,0.7463580495034026,1.3725466209005852,1.1006203602288627,0.6684227007887311,1.1082815398422199,0.9977033526011244,0.5930122306974142,0.8986052167515629,0.24877049920147076,0.7397834401505262,0.9863272561024043,0.3762656072072963,nan,nan,nan,nan,nan,nan,nan,nan,nan,nan,nan,nan
515,22,BW08_slice_001_2026-04-21_20260421-000000_slice_lfp_rhythm.h5,1098877.335,1776745800000.0,2026-04-21T12:30:00+08:00,12.718487673611111,12,12.5,-0.13052619222005177,-0.9914448613738104,0,1,0,location_rule,58.97193145751953,0,unlearned,-0.5015646815299988,0,left_bias,2,0,0,2,0,0,0,0,1,0,0.18611110746860504,0.0027777778450399637,0.7472222447395325,0.06388889253139496,0.0,1.080594539599591,1.9089116172553577,0.8878221341782029,0.4610174354464999,1.0742604112284202,0.7658480316626807,0.08032197396114488,0.19695384261815235,0.5894580806240188,0.33869717509794633,0.6776857563405413,1.2926612323940192,0.8499225591372223,1.37514943335511,0.8302737031887195,0.2920392987749295,0.7022394951524272,0.7475003017163454,0.14151172571539714,0.2330766098609766,0.5406962987859452,0.3098049410230084,0.4897471990709483,0.9636548480127806,0.6740261597958507,1.2103292167999347,1.022246205163655,0.5802550690861298,0.9659549824676609,1.010555194816267,0.40002525432796565,0.6714827660675522,0.5934819034852963,0.6708148474717683,0.8446770412598953,1.4958916533712678,0.7463580495034026,1.3725466209005852,1.1006203602288627,0.6684227007887311,1.1082815398422199,0.9977033526011244,0.5930122306974142,0.8986052167515629,0.24877049920147076,0.7397834401505262,0.9863272561024043,0.3762656072072963,nan,nan,nan,nan,nan,nan,nan,nan,nan,nan,nan,nan
516,22,BW08_slice_001_2026-04-21_20260421-000000_slice_lfp_rhythm.h5,1102477.335,1776749400000.0,2026-04-21T13:30:00+08:00,12.760154340277778,12,13.5,-0.38268343236508967,-0.9238795325112868,0,1,0,location_rule,58.97193145751953,0,unlearned,-0.5015646815299988,0,left_bias,0,0,0,3,0,0,0,0,1,0,0.10555555671453476,0.011111111380159855,0.769444465637207,0.11388888955116272,0.0,1.2403100406741816,2.077649360114349,0.9045921735200555,0.5238488203511676,1.205448013320084,0.805016352908582,0.05831326117090515,0.199604375167629,0.28960038710639213,0.2975049494082644,0.6561691136707047,0.28863761106793534,1.3622469861321043,2.442926870846627,0.9013814531919174,0.4121393957600061,1.2802950885632467,0.9319350595909821,0.07425058554306427,0.23312726656367028,0.40319344107081684,0.13738984932522855,0.3338526604043634,0.3001150846861641,0.7376558012369295,1.2438448225183252,1.0361117360522591,0.652475990742705,1.0301628843331831,1.0961322611524575,0.4850530286636202,0.7944411534721268,0.25341084801686264,0.6861112287390781,0.8556269670124376,0.2965515694225202,0.9316484421513688,1.2859180131392836,1.128411293279856,1.007966318236346,1.192726223939161,1.0661464686055881,0.816984142877257,1.0698519865801646,0.2889637984141527,0.8378217875860967,0.9597600258714093,0.3466637663280782,nan,nan,nan,nan,nan,nan,nan,nan,nan,nan,nan,nan
517,23,BW08_slice_001_2026-04-21_20260421-000000_slice_lfp_rhythm.h5,1102477.335,1776749400000.0,2026-04-21T13:30:00+08:00,12.760154340277778,12,13.5,-0.38268343236508967,-0.9238795325112868,0,1,0,location_rule,58.97193145751953,0,unlearned,-0.5015646815299988,0,left_bias,0,0,0,3,0,0,0,0,1,0,0.10555555671453476,0.011111111380159855,0.769444465637207,0.11388888955116272,0.0,1.2403100406741816,2.077649360114349,0.9045921735200555,0.5238488203511676,1.205448013320084,0.805016352908582,0.05831326117090515,0.199604375167629,0.28960038710639213,0.2975049494082644,0.6561691136707047,0.28863761106793534,1.3622469861321043,2.442926870846627,0.9013814531919174,0.4121393957600061,1.2802950885632467,0.9319350595909821,0.07425058554306427,0.23312726656367028,0.40319344107081684,0.13738984932522855,0.3338526604043634,0.3001150846861641,0.7376558012369295,1.2438448225183252,1.0361117360522591,0.652475990742705,1.0301628843331831,1.0961322611524575,0.4850530286636202,0.7944411534721268,0.25341084801686264,0.6861112287390781,0.8556269670124376,0.2965515694225202,0.9316484421513688,1.2859180131392836,1.128411293279856,1.007966318236346,1.192726223939161,1.0661464686055881,0.816984142877257,1.0698519865801646,0.2889637984141527,0.8378217875860967,0.9597600258714093,0.3466637663280782,nan,nan,nan,nan,nan,nan,nan,nan,nan,nan,nan,nan
518,22,BW08_slice_001_2026-04-21_20260421-000000_slice_lfp_rhythm.h5,1106077.335,1776753000000.0,2026-04-21T14:30:00+08:00,12.801821006944444,12,14.5,-0.6087614290087207,-0.7933533402912352,0,1,0,location_rule,57.630985260009766,0,unlearned,-0.3503560721874237,0,left_bias,40,37,37,1,0,0,0,0,1,0,0.5028571486473083,0.0057142856530845165,0.4399999976158142,0.051428571343421936,0.0,0.8620374023087102,1.418291247539302,0.9328571913662251,0.5410639197146629,0.805555929112716,0.6388674292427704,0.40024858221217574,0.4888672134946196,0.4738562474378071,0.5730469955086188,0.7672974848455932,0.6105324293022045,0.9162031462842704,1.116127676415631,0.8716047852856157,0.4865368371175955,0.6245457480471314,0.6194546495518698,0.4253737733436721,0.49359229177221053,0.5724170170171143,0.5499032975282631,0.6688690465464583,0.8698321165290036,0.7292444072420978,1.2939833431291972,1.0431284048624352,0.6137191918754642,0.8866324299260939,0.7227948470854814,0.3862561322813655,0.6388455320830173,0.34529063415583394,0.7068207886962344,0.8883015409704118,0.2948660047697493,1.3740295469373318,1.978632220171401,1.0858275280497067,0.9379686894848147,1.2038328206424829,0.7399035937425937,0.48391804072125916,0.7935705129648507,0.3774231665274044,1.0685162676662434,1.3111533719036634,0.3648925394288365,nan,nan,nan,nan,nan,nan,nan,nan,nan,nan,nan,nan
519,23,BW08_slice_001_2026-04-21_20260421-000000_slice_lfp_rhythm.h5,1106077.335,1776753000000.0,2026-04-21T14:30:00+08:00,12.801821006944444,12,14.5,-0.6087614290087207,-0.7933533402912352,0,1,0,location_rule,57.630985260009766,0,unlearned,-0.3503560721874237,0,left_bias,40,37,37,1,0,0,0,0,1,0,0.5028571486473083,0.0057142856530845165,0.4399999976158142,0.051428571343421936,0.0,0.8620374023087102,1.418291247539302,0.9328571913662251,0.5410639197146629,0.805555929112716,0.6388674292427704,0.40024858221217574,0.4888672134946196,0.4738562474378071,0.5730469955086188,0.7672974848455932,0.6105324293022045,0.9162031462842704,1.116127676415631,0.8716047852856157,0.4865368371175955,0.6245457480471314,0.6194546495518698,0.4253737733436721,0.49359229177221053,0.5724170170171143,0.5499032975282631,0.6688690465464583,0.8698321165290036,0.7292444072420978,1.2939833431291972,1.0431284048624352,0.6137191918754642,0.8866324299260939,0.7227948470854814,0.3862561322813655,0.6388455320830173,0.34529063415583394,0.7068207886962344,0.8883015409704118,0.2948660047697493,1.3740295469373318,1.978632220171401,1.0858275280497067,0.9379686894848147,1.2038328206424829,0.7399035937425937,0.48391804072125916,0.7935705129648507,0.3774231665274044,1.0685162676662434,1.3111533719036634,0.3648925394288365,nan,nan,nan,nan,nan,nan,nan,nan,nan,nan,nan,nan
520,23,BW08_slice_001_2026-04-21_20260421-000000_slice_lfp_rhythm.h5,1109677.335,1776756600000.0,2026-04-21T15:30:00+08:00,12.843487673611111,12,15.5,-0.7933533402912349,-0.6087614290087209,0,1,0,location_rule,64.42273712158203,1,intermediate,0.060809239745140076,1,neutral,42,39,39,1,0,0,1,0,0,0,0.3212290406227112,0.002793296007439494,0.44972068071365356,0.025139665231108665,0.20111732184886932,0.9818888760837233,1.5889899227422508,0.9959890925741735,0.523360940511403,0.8219506644188871,0.6515039171913749,0.2500701982615647,0.3062349227173285,0.3485624777933295,0.46653963846833424,0.6458237349574603,0.5678668603960099,1.3401673867348127,1.6968468546960807,0.981055412465289,0.6090901706474915,0.7673671755185113,0.6877797556728781,0.37838485438025066,0.3916438970157322,0.516468177284351,0.4099872657795642,0.5017420959840732,0.73304012351088,0.8684609411556602,1.4767170385282609,1.1277983404643805,0.6953744097553606,0.9915795839580972,0.7281112881767117,0.722206445794361,0.8307044054296643,0.2586748863138214,0.9819308038403268,1.028419542316465,0.3108952137985332,1.1285785133700055,1.7625254866100892,1.1241282774872097,0.7953698375774098,1.016307501274411,0.755602761452138,0.4627141131475902,0.7145849701784169,0.2391235256958842,1.0727075633842176,1.1386464307943367,0.34505368271261466,0.6734753240156414,1.2056640106047256,0.9402954096326402,0.41533236373989424,0.6094076234509477,0.6384451470884295,0.35429473034163894,0.44075663756878997,0.7725068040566808,1.154693872819372,0.8928724479689908,1.3741236720590024
521,22,BW08_slice_001_2026-04-21_20260421-000000_slice_lfp_rhythm.h5,1109677.335,1776756600000.0,2026-04-21T15:30:00+08:00,12.843487673611111,12,15.5,-0.7933533402912349,-0.6087614290087209,0,1,0,location_rule,64.42273712158203,1,intermediate,0.060809239745140076,1,neutral,42,39,39,1,0,0,1,0,0,0,0.3212290406227112,0.002793296007439494,0.44972068071365356,0.025139665231108665,0.20111732184886932,0.9818888760837233,1.5889899227422508,0.9959890925741735,0.523360940511403,0.8219506644188871,0.6515039171913749,0.2500701982615647,0.3062349227173285,0.3485624777933295,0.46653963846833424,0.6458237349574603,0.5678668603960099,1.3401673867348127,1.6968468546960807,0.981055412465289,0.6090901706474915,0.7673671755185113,0.6877797556728781,0.37838485438025066,0.3916438970157322,0.516468177284351,0.4099872657795642,0.5017420959840732,0.73304012351088,0.8684609411556602,1.4767170385282609,1.1277983404643805,0.6953744097553606,0.9915795839580972,0.7281112881767117,0.722206445794361,0.8307044054296643,0.2586748863138214,0.9819308038403268,1.028419542316465,0.3108952137985332,1.1285785133700055,1.7625254866100892,1.1241282774872097,0.7953698375774098,1.016307501274411,0.755602761452138,0.4627141131475902,0.7145849701784169,0.2391235256958842,1.0727075633842176,1.1386464307943367,0.34505368271261466,0.6734753240156414,1.2056640106047256,0.9402954096326402,0.41533236373989424,0.6094076234509477,0.6384451470884295,0.35429473034163894,0.44075663756878997,0.7725068040566808,1.154693872819372,0.8928724479689908,1.3741236720590024
522,23,BW08_slice_001_2026-04-21_20260421-000000_slice_lfp_rhythm.h5,1113277.335,1776760200000.0,2026-04-21T16:30:00+08:00,12.885154340277778,12,16.5,-0.9238795325112868,-0.3826834323650895,0,1,0,location_rule,64.42273712158203,1,intermediate,0.060809239745140076,1,neutral,0,0,0,3,0,0,1,0,0,0,0.3777777850627899,0.008333333767950535,0.5805555582046509,0.03333333507180214,0.0,1.0249608428741745,1.7407292991461947,0.9306818573110212,0.4867178084957504,0.9028076445382794,0.616920499664365,0.21612466121236626,0.37152560577599864,0.31687687967400774,0.4278633939038026,0.7058135473685044,0.6825550745729764,1.267554379913911,1.8318030763853106,0.8430135751121275,0.4004722793699332,0.7839378077555531,0.5920680010716807,0.26408096729187674,0.4008210805884569,0.4144413222982671,0.3828150121665372,0.5465759607902911,1.1519322058397679,0.7024188954251047,1.265892132770391,1.0789543341007928,0.5912170273339578,0.8728112708149577,0.7306451720487758,0.5967287986880953,0.8125994248765366,0.2409207638972013,0.7273684734061687,0.8829750356476515,0.3618907370601881,1.0232581418658149,1.173985743514869,1.1197994550110726,0.829682584718896,0.8157869101494528,0.7469192142614999,1.0680506536263266,1.2657490976170533,0.2584512353911669,1.1988997350059838,1.093258719580425,0.4386541233785115,nan,nan,nan,nan,nan,nan,nan,nan,nan,nan,nan,nan
523,22,BW08_slice_001_2026-04-21_20260421-000000_slice_lfp_rhythm.h5,1113277.335,1776760200000.0,2026-04-21T16:30:00+08:00,12.885154340277778,12,16.5,-0.9238795325112868,-0.3826834323650895,0,1,0,location_rule,64.42273712158203,1,intermediate,0.060809239745140076,1,neutral,0,0,0,3,0,0,1,0,0,0,0.3777777850627899,0.008333333767950535,0.5805555582046509,0.03333333507180214,0.0,1.0249608428741745,1.7407292991461947,0.9306818573110212,0.4867178084957504,0.9028076445382794,0.616920499664365,0.21612466121236626,0.37152560577599864,0.31687687967400774,0.4278633939038026,0.7058135473685044,0.6825550745729764,1.267554379913911,1.8318030763853106,0.8430135751121275,0.4004722793699332,0.7839378077555531,0.5920680010716807,0.26408096729187674,0.4008210805884569,0.4144413222982671,0.3828150121665372,0.5465759607902911,1.1519322058397679,0.7024188954251047,1.265892132770391,1.0789543341007928,0.5912170273339578,0.8728112708149577,0.7306451720487758,0.5967287986880953,0.8125994248765366,0.2409207638972013,0.7273684734061687,0.8829750356476515,0.3618907370601881,1.0232581418658149,1.173985743514869,1.1197994550110726,0.829682584718896,0.8157869101494528,0.7469192142614999,1.0680506536263266,1.2657490976170533,0.2584512353911669,1.1988997350059838,1.093258719580425,0.4386541233785115,nan,nan,nan,nan,nan,nan,nan,nan,nan,nan,nan,nan
524,23,BW08_slice_001_2026-04-21_20260421-000000_slice_lfp_rhythm.h5,1116877.335,1776763800000.0,2026-04-21T17:30:00+08:00,12.926821006944444,12,17.5,-0.9914448613738104,-0.13052619222005163,0,1,0,location_rule,52.89377212524414,0,unlearned,0.31426775455474854,2,right_bias,1,1,1,2,0,0,0,0,0,1,0.5638889074325562,0.0027777778450399637,0.3777777850627899,0.0555555559694767,0.0,0.8894705894652867,1.426046135278608,1.273321016325649,0.6541936105930085,0.9246990179730387,1.0183397280491093,0.4396322065302237,0.5114367456145208,0.5878593783379464,0.7268936149802419,0.9329113735803451,0.7939198136298611,0.7822974042588543,1.148245053873736,1.3486487612412374,0.5627876609628794,0.7527799240895244,1.0834932749474868,0.41705152867424555,0.4652249707051494,0.7232557305060154,0.6658319423127158,0.8286005679582232,1.075347922932951,0.9106957415181902,1.4990835532840057,1.1417803919928706,0.7805032903185802,1.0741956127467454,0.8277218964168922,0.4890403240749257,0.7302627367162934,0.39808976423381354,0.874114826147968,1.0744539181255008,0.34775943448497754,0.9793653613900846,1.3881791913051655,1.1554622302654123,0.7478425197098028,0.9474098629697189,0.8156049873120005,0.4685273723359532,0.7310186403775862,0.3089107525775451,0.8558914804930858,1.0675120805928149,0.38650627347439187,nan,nan,nan,nan,nan,nan,nan,nan,nan,nan,nan,nan
525,22,BW08_slice_001_2026-04-21_20260421-000000_slice_lfp_rhythm.h5,1116877.335,1776763800000.0,2026-04-21T17:30:00+08:00,12.926821006944444,12,17.5,-0.9914448613738104,-0.13052619222005163,0,1,0,location_rule,52.89377212524414,0,unlearned,0.31426775455474854,2,right_bias,1,1,1,2,0,0,0,0,0,1,0.5638889074325562,0.0027777778450399637,0.3777777850627899,0.0555555559694767,0.0,0.8894705894652867,1.426046135278608,1.273321016325649,0.6541936105930085,0.9246990179730387,1.0183397280491093,0.4396322065302237,0.5114367456145208,0.5878593783379464,0.7268936149802419,0.9329113735803451,0.7939198136298611,0.7822974042588543,1.148245053873736,1.3486487612412374,0.5627876609628794,0.7527799240895244,1.0834932749474868,0.41705152867424555,0.4652249707051494,0.7232557305060154,0.6658319423127158,0.8286005679582232,1.075347922932951,0.9106957415181902,1.4990835532840057,1.1417803919928706,0.7805032903185802,1.0741956127467454,0.8277218964168922,0.4890403240749257,0.7302627367162934,0.39808976423381354,0.874114826147968,1.0744539181255008,0.34775943448497754,0.9793653613900846,1.3881791913051655,1.1554622302654123,0.7478425197098028,0.9474098629697189,0.8156049873120005,0.4685273723359532,0.7310186403775862,0.3089107525775451,0.8558914804930858,1.0675120805928149,0.38650627347439187,nan,nan,nan,nan,nan,nan,nan,nan,nan,nan,nan,nan
526,23,BW08_slice_001_2026-04-21_20260421-000000_slice_lfp_rhythm.h5,1120477.335,1776767400000.0,2026-04-21T18:30:00+08:00,12.968487673611111,12,18.5,-0.9914448613738105,0.13052619222005127,1,1,0,location_rule,54.119537353515625,0,unlearned,0.6150040030479431,2,right_bias,33,32,32,1,0,0,0,0,0,1,0.7777777910232544,0.0,0.2083333283662796,0.013888888992369175,0.0,0.6228009802734102,0.9323571096283716,1.0795549113500673,0.5874093244055655,0.6792186206560474,0.8621573570472919,0.5859579678295604,0.5343487236705169,0.3773744268255764,0.8860679800008616,0.8894146884185332,0.659410139255746,0.7951805180096269,1.029946310231161,0.9759388197027002,0.5011088143780378,0.6067843698218781,0.7826587522252709,0.4150775981339273,0.3795299426833387,0.40645132399203404,0.6961217326216218,0.7424422012516456,0.6964285581659193,0.8588395357771889,1.4045370176902472,1.227538307175414,0.6732059615706155,1.0534036661928063,0.9542799490186343,0.48354552959838165,0.7444328287701932,0.2550861935265264,0.7983946321982773,1.0594368922522541,0.36793886271779314,1.7500858776537618,2.241159010751627,1.1418938180068616,1.183655754523438,1.537552005370885,1.08440378270896,0.7133170372909394,0.9209682318741766,0.24849393075922954,1.4127519994416053,1.5195257535235653,0.37290338211729895,nan,nan,nan,nan,nan,nan,nan,nan,nan,nan,nan,nan
527,22,BW08_slice_001_2026-04-21_20260421-000000_slice_lfp_rhythm.h5,1120477.335,1776767400000.0,2026-04-21T18:30:00+08:00,12.968487673611111,12,18.5,-0.9914448613738105,0.13052619222005127,1,1,0,location_rule,54.119537353515625,0,unlearned,0.6150040030479431,2,right_bias,33,32,32,1,0,0,0,0,0,1,0.7777777910232544,0.0,0.2083333283662796,0.013888888992369175,0.0,0.6228009802734102,0.9323571096283716,1.0795549113500673,0.5874093244055655,0.6792186206560474,0.8621573570472919,0.5859579678295604,0.5343487236705169,0.3773744268255764,0.8860679800008616,0.8894146884185332,0.659410139255746,0.7951805180096269,1.029946310231161,0.9759388197027002,0.5011088143780378,0.6067843698218781,0.7826587522252709,0.4150775981339273,0.3795299426833387,0.40645132399203404,0.6961217326216218,0.7424422012516456,0.6964285581659193,0.8588395357771889,1.4045370176902472,1.227538307175414,0.6732059615706155,1.0534036661928063,0.9542799490186343,0.48354552959838165,0.7444328287701932,0.2550861935265264,0.7983946321982773,1.0594368922522541,0.36793886271779314,1.7500858776537618,2.241159010751627,1.1418938180068616,1.183655754523438,1.537552005370885,1.08440378270896,0.7133170372909394,0.9209682318741766,0.24849393075922954,1.4127519994416053,1.5195257535235653,0.37290338211729895,nan,nan,nan,nan,nan,nan,nan,nan,nan,nan,nan,nan
528,22,BW08_slice_001_2026-04-21_20260421-000000_slice_lfp_rhythm.h5,1124077.335,1776771000000.0,2026-04-21T19:30:00+08:00,13.010154340277778,13,19.5,-0.923879532511287,0.38268343236508917,1,1,0,location_rule,57.93223571777344,0,unlearned,0.3423897325992584,2,right_bias,59,55,55,1,0,0,0,0,0,1,0.7055555582046509,0.0,0.21666666865348816,0.0,0.07777778059244156,0.6610677396887891,0.9908864733354507,1.0178784463192234,0.6159422429371423,0.6603718231121226,0.7626485577171946,0.6771559118076764,0.609487933403817,0.6198898820637331,0.7980943095910259,0.8737379082058405,0.8748874941593533,0.9058401332921907,1.239767372490428,0.8914395889924612,0.5416865695531948,0.6192196572702201,0.6774321972481315,0.5214793116789924,0.4714416086103778,0.7329548716603245,0.6649618472805041,0.7602229692482417,0.9616824668935733,0.880776900851425,1.3821409325091414,1.2214566952374313,0.7225006799542092,0.9775487223137901,0.836591897607708,0.5767848888363931,0.7706598115543143,0.3320034651842101,0.801527139133896,1.1006583260388172,0.4736649096170488,nan,nan,nan,nan,nan,nan,nan,nan,nan,nan,nan,nan,1.8181275506356953,2.9459074014886832,1.1574906660990938,1.443599171345075,1.6189850674365847,1.0791240130021704,1.0823940028671262,0.9734459467021681,0.9298232262269759,1.0584177327238369,1.3473538315359626,1.0375976340008826
529,23,BW08_slice_001_2026-04-21_20260421-000000_slice_lfp_rhythm.h5,1124077.335,1776771000000.0,2026-04-21T19:30:00+08:00,13.010154340277778,13,19.5,-0.923879532511287,0.38268343236508917,1,1,0,location_rule,57.93223571777344,0,unlearned,0.3423897325992584,2,right_bias,59,55,55,1,0,0,0,0,0,1,0.7055555582046509,0.0,0.21666666865348816,0.0,0.07777778059244156,0.6610677396887891,0.9908864733354507,1.0178784463192234,0.6159422429371423,0.6603718231121226,0.7626485577171946,0.6771559118076764,0.609487933403817,0.6198898820637331,0.7980943095910259,0.8737379082058405,0.8748874941593533,0.9058401332921907,1.239767372490428,0.8914395889924612,0.5416865695531948,0.6192196572702201,0.6774321972481315,0.5214793116789924,0.4714416086103778,0.7329548716603245,0.6649618472805041,0.7602229692482417,0.9616824668935733,0.880776900851425,1.3821409325091414,1.2214566952374313,0.7225006799542092,0.9775487223137901,0.836591897607708,0.5767848888363931,0.7706598115543143,0.3320034651842101,0.801527139133896,1.1006583260388172,0.4736649096170488,nan,nan,nan,nan,nan,nan,nan,nan,nan,nan,nan,nan,1.8181275506356953,2.9459074014886832,1.1574906660990938,1.443599171345075,1.6189850674365847,1.0791240130021704,1.0823940028671262,0.9734459467021681,0.9298232262269759,1.0584177327238369,1.3473538315359626,1.0375976340008826
530,22,BW08_slice_001_2026-04-21_20260421-000000_slice_lfp_rhythm.h5,1127677.335,1776774600000.0,2026-04-21T20:30:00+08:00,13.051821006944444,13,20.5,-0.7933533402912357,0.6087614290087199,1,1,0,location_rule,62.79713439941406,1,intermediate,0.4842819273471832,2,right_bias,125,119,119,1,0,0,1,0,0,1,0.8166666626930237,0.0,0.0,0.0,0.18333333730697632,0.20486910123872093,0.258715750288593,1.037411577963557,0.4329738635050044,0.2810710210078054,0.7171191362977748,0.6002802452351794,0.4878235540514454,0.6518772551569164,0.6852764101371651,0.7470663067794253,0.8551710789743366,0.5481407362427941,0.6288275785473912,0.9506091901721059,0.4434857063508993,0.3826049139648891,0.6677840672332352,0.403025007952963,0.34111667468958146,0.7318381121516324,0.5376139284380961,0.7111032307861546,0.838461891434584,nan,nan,nan,nan,nan,nan,nan,nan,nan,nan,nan,nan,nan,nan,nan,nan,nan,nan,nan,nan,nan,nan,nan,nan,0.6825580688631571,1.0613325058404917,0.9482849943354578,0.45267947241497014,0.5754927941440883,0.638001649572746,0.7385326447739146,0.7123433578867612,0.8398989678448766,0.8584808272996246,1.1703009989522077,1.049691892399232
531,23,BW08_slice_001_2026-04-21_20260421-000000_slice_lfp_rhythm.h5,1127677.335,1776774600000.0,2026-04-21T20:30:00+08:00,13.051821006944444,13,20.5,-0.7933533402912357,0.6087614290087199,1,1,0,location_rule,62.79713439941406,1,intermediate,0.4842819273471832,2,right_bias,125,119,119,1,0,0,1,0,0,1,0.8166666626930237,0.0,0.0,0.0,0.18333333730697632,0.20486910123872093,0.258715750288593,1.037411577963557,0.4329738635050044,0.2810710210078054,0.7171191362977748,0.6002802452351794,0.4878235540514454,0.6518772551569164,0.6852764101371651,0.7470663067794253,0.8551710789743366,0.5481407362427941,0.6288275785473912,0.9506091901721059,0.4434857063508993,0.3826049139648891,0.6677840672332352,0.403025007952963,0.34111667468958146,0.7318381121516324,0.5376139284380961,0.7111032307861546,0.838461891434584,nan,nan,nan,nan,nan,nan,nan,nan,nan,nan,nan,nan,nan,nan,nan,nan,nan,nan,nan,nan,nan,nan,nan,nan,0.6825580688631571,1.0613325058404917,0.9482849943354578,0.45267947241497014,0.5754927941440883,0.638001649572746,0.7385326447739146,0.7123433578867612,0.8398989678448766,0.8584808272996246,1.1703009989522077,1.049691892399232
532,22,BW08_slice_001_2026-04-21_20260421-000000_slice_lfp_rhythm.h5,1131277.335,1776778200000.0,2026-04-21T21:30:00+08:00,13.093487673611111,13,21.5,-0.608761429008721,0.7933533402912349,1,1,0,location_rule,65.90194702148438,1,intermediate,-0.046210095286369324,1,neutral,50,48,48,1,0,0,1,0,0,0,0.9416666626930237,0.0,0.0,0.0,0.05833333358168602,0.23293352503815828,0.32667951996916683,1.003611970613341,0.7653154149495092,0.4138390649578993,0.6906944209265689,1.4084723753279387,1.0909394334529154,0.6977274983467939,1.625488343709655,1.382019411676886,1.1010778681084763,0.5705036582772497,0.7689090117084882,0.9038521828887492,0.7006582552893105,0.5307969677315421,0.6351191592117004,0.834897989992933,0.6826571014264046,0.7199785721633709,1.1491392783816277,1.2054317118798146,1.0611697047759436,nan,nan,nan,nan,nan,nan,nan,nan,nan,nan,nan,nan,nan,nan,nan,nan,nan,nan,nan,nan,nan,nan,nan,nan,0.9801205147747116,0.9793176158376798,0.9377245466768293,0.752446730888888,0.6273624971382962,0.633490274895519,1.3634745906256613,1.0883494561454836,0.9114728225552382,1.57412066006226,1.4305595795356616,0.8870157835711314
533,23,BW08_slice_001_2026-04-21_20260421-000000_slice_lfp_rhythm.h5,1131277.335,1776778200000.0,2026-04-21T21:30:00+08:00,13.093487673611111,13,21.5,-0.608761429008721,0.7933533402912349,1,1,0,location_rule,65.90194702148438,1,intermediate,-0.046210095286369324,1,neutral,50,48,48,1,0,0,1,0,0,0,0.9416666626930237,0.0,0.0,0.0,0.05833333358168602,0.23293352503815828,0.32667951996916683,1.003611970613341,0.7653154149495092,0.4138390649578993,0.6906944209265689,1.4084723753279387,1.0909394334529154,0.6977274983467939,1.625488343709655,1.382019411676886,1.1010778681084763,0.5705036582772497,0.7689090117084882,0.9038521828887492,0.7006582552893105,0.5307969677315421,0.6351191592117004,0.834897989992933,0.6826571014264046,0.7199785721633709,1.1491392783816277,1.2054317118798146,1.0611697047759436,nan,nan,nan,nan,nan,nan,nan,nan,nan,nan,nan,nan,nan,nan,nan,nan,nan,nan,nan,nan,nan,nan,nan,nan,0.9801205147747116,0.9793176158376798,0.9377245466768293,0.752446730888888,0.6273624971382962,0.633490274895519,1.3634745906256613,1.0883494561454836,0.9114728225552382,1.57412066006226,1.4305595795356616,0.8870157835711314
534,22,BW08_slice_001_2026-04-21_20260421-000000_slice_lfp_rhythm.h5,1134877.335,1776781800000.0,2026-04-21T22:30:00+08:00,13.135154340277778,13,22.5,-0.38268343236508956,0.9238795325112868,1,1,0,location_rule,65.07173919677734,1,intermediate,-0.35389402508735657,0,left_bias,28,27,27,1,0,0,1,0,1,0,0.8247734308242798,0.0,0.1752265840768814,0.0,0.0,1.4189843746008004,1.3412517288623145,1.63101554218283,1.1280944351053694,1.0131915786860515,1.1721192442897383,1.2047877685074038,1.2130997940988095,0.4349213060205189,1.3925352398020994,1.6173479539444084,0.5645959102653465,1.287466007190284,1.5033222288327264,1.5451001969269957,0.8446745689228757,0.9536370010197704,1.0734933120101078,0.8036249115484401,0.8327236057247186,0.4705366898022595,0.9763217603466147,1.3401320213519001,0.5605819571558797,2.8312426561373534,2.3971571429312903,1.389576076527189,2.003601466215024,1.5276128638365662,0.742938068913008,1.362740733343007,1.4287260778226711,0.2483293293939027,2.3275340926198442,1.9310777367758902,0.4183113084257741,nan,nan,nan,nan,nan,nan,nan,nan,nan,nan,nan,nan,nan,nan,nan,nan,nan,nan,nan,nan,nan,nan,nan,nan
535,23,BW08_slice_001_2026-04-21_20260421-000000_slice_lfp_rhythm.h5,1134877.335,1776781800000.0,2026-04-21T22:30:00+08:00,13.135154340277778,13,22.5,-0.38268343236508956,0.9238795325112868,1,1,0,location_rule,65.07173919677734,1,intermediate,-0.35389402508735657,0,left_bias,28,27,27,1,0,0,1,0,1,0,0.8247734308242798,0.0,0.1752265840768814,0.0,0.0,1.4189843746008004,1.3412517288623145,1.63101554218283,1.1280944351053694,1.0131915786860515,1.1721192442897383,1.2047877685074038,1.2130997940988095,0.4349213060205189,1.3925352398020994,1.6173479539444084,0.5645959102653465,1.287466007190284,1.5033222288327264,1.5451001969269957,0.8446745689228757,0.9536370010197704,1.0734933120101078,0.8036249115484401,0.8327236057247186,0.4705366898022595,0.9763217603466147,1.3401320213519001,0.5605819571558797,2.8312426561373534,2.3971571429312903,1.389576076527189,2.003601466215024,1.5276128638365662,0.742938068913008,1.362740733343007,1.4287260778226711,0.2483293293939027,2.3275340926198442,1.9310777367758902,0.4183113084257741,nan,nan,nan,nan,nan,nan,nan,nan,nan,nan,nan,nan,nan,nan,nan,nan,nan,nan,nan,nan,nan,nan,nan,nan
536,22,BW08_slice_001_2026-04-21_20260421-000000_slice_lfp_rhythm.h5,1138477.335,1776785400000.0,2026-04-21T23:30:00+08:00,13.176821006944444,13,23.5,-0.13052619222005168,0.9914448613738104,1,1,0,location_rule,67.75028991699219,1,intermediate,-0.3458403944969177,0,left_bias,1,0,0,2,0,0,1,0,1,0,0.6892655491828918,0.005649717524647713,0.2598870098590851,0.0,0.0451977401971817,1.42971885699222,1.5521032043003193,1.5951162448691696,1.4468666781544528,1.3462832967457397,1.4286102101354536,1.3581726346310161,1.597906709751501,0.42183899479496845,1.694639832521225,1.9394208900579357,0.4844813383036655,1.1932590598991843,1.4570984584589988,1.5752418679241798,1.2897396619926178,1.3484203357599194,1.391097055506502,1.051124337241534,1.1953158978307012,0.4720847462375105,1.370283715560609,1.6915194166477303,0.46967555705838704,2.030722399499432,2.1423138407276245,1.3844427895050653,1.5531130183845139,1.4582607256751974,0.790115238515381,1.117698103821656,2.7250689528678906,0.24447862938197434,1.9021856754205348,2.1149424238782477,0.4493970302285855,nan,nan,nan,nan,nan,nan,nan,nan,nan,nan,nan,nan,1.233002128208278,1.4523501769015192,1.3996632237089481,1.756905873787943,1.5723819295670578,1.4224069100723231,4.7001137595823534,5.038646161241428,2.0043280508283736,3.3160171526151685,3.1474921634340114,1.0153457233930516
537,23,BW08_slice_001_2026-04-21_20260421-000000_slice_lfp_rhythm.h5,1138477.335,1776785400000.0,2026-04-21T23:30:00+08:00,13.176821006944444,13,23.5,-0.13052619222005168,0.9914448613738104,1,1,0,location_rule,67.75028991699219,1,intermediate,-0.3458403944969177,0,left_bias,1,0,0,2,0,0,1,0,1,0,0.6892655491828918,0.005649717524647713,0.2598870098590851,0.0,0.0451977401971817,1.42971885699222,1.5521032043003193,1.5951162448691696,1.4468666781544528,1.3462832967457397,1.4286102101354536,1.3581726346310161,1.597906709751501,0.42183899479496845,1.694639832521225,1.9394208900579357,0.4844813383036655,1.1932590598991843,1.4570984584589988,1.5752418679241798,1.2897396619926178,1.3484203357599194,1.391097055506502,1.051124337241534,1.1953158978307012,0.4720847462375105,1.370283715560609,1.6915194166477303,0.46967555705838704,2.030722399499432,2.1423138407276245,1.3844427895050653,1.5531130183845139,1.4582607256751974,0.790115238515381,1.117698103821656,2.7250689528678906,0.24447862938197434,1.9021856754205348,2.1149424238782477,0.4493970302285855,nan,nan,nan,nan,nan,nan,nan,nan,nan,nan,nan,nan,1.233002128208278,1.4523501769015192,1.3996632237089481,1.756905873787943,1.5723819295670578,1.4224069100723231,4.7001137595823534,5.038646161241428,2.0043280508283736,3.3160171526151685,3.1474921634340114,1.0153457233930516
538,24,BW08_slice_001_2026-04-22_20260422-000000_slice_lfp_rhythm.h5,1142077.335,1776789000000.0,2026-04-22T00:30:00+08:00,13.218487673611111,13,0.5,0.13052619222005157,0.9914448613738104,1,1,0,location_rule,67.95050048828125,1,intermediate,-0.3713659942150116,0,left_bias,5,5,5,2,0,0,1,0,1,0,0.5444444417953491,0.0027777778450399637,0.44999998807907104,0.0027777778450399637,0.0,1.7981192467575344,1.939308947713812,0.9535666434519816,0.8059011256906601,1.0355270756929411,0.6292038842693376,0.4248728127455698,0.6334166332809991,0.272374890638425,0.7793316402226357,1.53738604080326,0.4112472164238259,1.5950512469384324,1.9321169802050975,0.8130315806869102,0.5058863911843634,0.8121101493941018,0.5936173131384207,0.3649482137288628,0.4287533052406527,0.2839582733226383,0.5318135979097692,0.8419081526051327,0.4269530091503597,1.6196158920609716,1.7186551480567023,1.173573091111501,1.2325746144849095,1.2005932338034244,0.7192675778740195,1.4979209201498374,2.3507130352577557,0.24250980342320796,1.605807886326585,2.5366534397404212,0.3721938906608866,2.636726358771495,3.014483344561779,1.4909002109256817,1.917109459226127,1.8215731834347686,0.7733916173748746,0.8656648381366059,1.351689481452734,0.2591724646582486,1.974619285181353,2.644005336973379,0.4042539553213336,nan,nan,nan,nan,nan,nan,nan,nan,nan,nan,nan,nan
539,25,BW08_slice_001_2026-04-22_20260422-000000_slice_lfp_rhythm.h5,1142077.335,1776789000000.0,2026-04-22T00:30:00+08:00,13.218487673611111,13,0.5,0.13052619222005157,0.9914448613738104,1,1,0,location_rule,67.95050048828125,1,intermediate,-0.3713659942150116,0,left_bias,5,5,5,2,0,0,1,0,1,0,0.5444444417953491,0.0027777778450399637,0.44999998807907104,0.0027777778450399637,0.0,1.7981192467575344,1.939308947713812,0.9535666434519816,0.8059011256906601,1.0355270756929411,0.6292038842693376,0.4248728127455698,0.6334166332809991,0.272374890638425,0.7793316402226357,1.53738604080326,0.4112472164238259,1.5950512469384324,1.9321169802050975,0.8130315806869102,0.5058863911843634,0.8121101493941018,0.5936173131384207,0.3649482137288628,0.4287533052406527,0.2839582733226383,0.5318135979097692,0.8419081526051327,0.4269530091503597,1.6196158920609716,1.7186551480567023,1.173573091111501,1.2325746144849095,1.2005932338034244,0.7192675778740195,1.4979209201498374,2.3507130352577557,0.24250980342320796,1.605807886326585,2.5366534397404212,0.3721938906608866,2.636726358771495,3.014483344561779,1.4909002109256817,1.917109459226127,1.8215731834347686,0.7733916173748746,0.8656648381366059,1.351689481452734,0.2591724646582486,1.974619285181353,2.644005336973379,0.4042539553213336,nan,nan,nan,nan,nan,nan,nan,nan,nan,nan,nan,nan
540,24,BW08_slice_001_2026-04-22_20260422-000000_slice_lfp_rhythm.h5,1145677.335,1776792600000.0,2026-04-22T01:30:00+08:00,13.260154340277778,13,1.5,0.3826834323650898,0.9238795325112867,1,1,0,location_rule,70.89447784423828,2,learned,-0.5455859303474426,0,left_bias,121,113,113,1,0,0,0,1,1,0,0.5666666626930237,0.0,0.2222222238779068,0.0,0.21111111342906952,0.8629380022205861,1.0162361181453632,0.9802984615329964,1.070385629898725,0.8516309852577323,0.8266400427252534,1.479233741403182,1.4783189140501827,0.3322594503731911,1.524946280223455,1.72169350768319,0.5538930376452375,1.0769149805097178,1.1388904167396712,0.9474260724222457,1.250198674607366,0.9570932214751355,0.818741038944324,1.4200208164948038,1.3189116755206536,0.3928585036037284,1.5736612415612097,1.5523025380298912,0.5960341252586038,1.3200395724239824,1.615487489359915,1.0823380254418278,1.0863121960392974,1.2068818975367137,0.7070589883392923,0.8197396427146364,3.7684918610967477,0.23288714416941875,1.3797833328861577,3.1479724399278197,0.3556797684450848,nan,nan,nan,nan,nan,nan,nan,nan,nan,nan,nan,nan,1.1195723212855502,1.4286001548106797,0.8399471703730333,0.7343654117549456,0.8192519907942445,0.68961716548116,1.2340469745802356,1.0521083081698572,0.7378188534277561,1.0740668502111796,1.2220583597760393,0.8739598935128012
541,25,BW08_slice_001_2026-04-22_20260422-000000_slice_lfp_rhythm.h5,1145677.335,1776792600000.0,2026-04-22T01:30:00+08:00,13.260154340277778,13,1.5,0.3826834323650898,0.9238795325112867,1,1,0,location_rule,70.89447784423828,2,learned,-0.5455859303474426,0,left_bias,121,113,113,1,0,0,0,1,1,0,0.5666666626930237,0.0,0.2222222238779068,0.0,0.21111111342906952,0.8629380022205861,1.0162361181453632,0.9802984615329964,1.070385629898725,0.8516309852577323,0.8266400427252534,1.479233741403182,1.4783189140501827,0.3322594503731911,1.524946280223455,1.72169350768319,0.5538930376452375,1.0769149805097178,1.1388904167396712,0.9474260724222457,1.250198674607366,0.9570932214751355,0.818741038944324,1.4200208164948038,1.3189116755206536,0.3928585036037284,1.5736612415612097,1.5523025380298912,0.5960341252586038,1.3200395724239824,1.615487489359915,1.0823380254418278,1.0863121960392974,1.2068818975367137,0.7070589883392923,0.8197396427146364,3.7684918610967477,0.23288714416941875,1.3797833328861577,3.1479724399278197,0.3556797684450848,nan,nan,nan,nan,nan,nan,nan,nan,nan,nan,nan,nan,1.1195723212855502,1.4286001548106797,0.8399471703730333,0.7343654117549456,0.8192519907942445,0.68961716548116,1.2340469745802356,1.0521083081698572,0.7378188534277561,1.0740668502111796,1.2220583597760393,0.8739598935128012
542,25,BW08_slice_001_2026-04-22_20260422-000000_slice_lfp_rhythm.h5,1149277.335,1776796200000.0,2026-04-22T02:30:00+08:00,13.301821006944444,13,2.5,0.6087614290087207,0.7933533402912352,1,1,0,location_rule,70.89447784423828,2,learned,-0.5455859303474426,0,left_bias,0,0,0,3,0,0,0,1,1,0,0.9888888597488403,0.0,0.011111111380159855,0.0,0.0,0.2709211125900372,0.35380840363722804,1.0797322912637881,0.7874469509757925,0.5453210945372257,0.9355569230825435,1.347726833049404,1.3698126347420732,0.3289623119337032,1.2379543067560193,1.4161690335853858,0.5733506318341005,0.6120906011055216,0.7619205187296325,0.9688425780212153,0.6737901092824959,0.6303387074355139,0.7950140907162463,0.7643300403552719,0.8193089329132703,0.329015978229935,0.8413027982957292,1.183162389815806,0.535723602178875,0.8010494253442358,1.15221968886003,1.1111100332858703,0.7291170533404959,0.8726548304237326,0.684724517293057,1.4261116728156236,2.6630230712664202,0.24861188520436567,0.9672800124908578,1.322344553108593,0.423856680157519,nan,nan,nan,nan,nan,nan,nan,nan,nan,nan,nan,nan,nan,nan,nan,nan,nan,nan,nan,nan,nan,nan,nan,nan
543,24,BW08_slice_001_2026-04-22_20260422-000000_slice_lfp_rhythm.h5,1149277.335,1776796200000.0,2026-04-22T02:30:00+08:00,13.301821006944444,13,2.5,0.6087614290087207,0.7933533402912352,1,1,0,location_rule,70.89447784423828,2,learned,-0.5455859303474426,0,left_bias,0,0,0,3,0,0,0,1,1,0,0.9888888597488403,0.0,0.011111111380159855,0.0,0.0,0.2709211125900372,0.35380840363722804,1.0797322912637881,0.7874469509757925,0.5453210945372257,0.9355569230825435,1.347726833049404,1.3698126347420732,0.3289623119337032,1.2379543067560193,1.4161690335853858,0.5733506318341005,0.6120906011055216,0.7619205187296325,0.9688425780212153,0.6737901092824959,0.6303387074355139,0.7950140907162463,0.7643300403552719,0.8193089329132703,0.329015978229935,0.8413027982957292,1.183162389815806,0.535723602178875,0.8010494253442358,1.15221968886003,1.1111100332858703,0.7291170533404959,0.8726548304237326,0.684724517293057,1.4261116728156236,2.6630230712664202,0.24861188520436567,0.9672800124908578,1.322344553108593,0.423856680157519,nan,nan,nan,nan,nan,nan,nan,nan,nan,nan,nan,nan,nan,nan,nan,nan,nan,nan,nan,nan,nan,nan,nan,nan
544,25,BW08_slice_001_2026-04-22_20260422-000000_slice_lfp_rhythm.h5,1152877.335,1776799800000.0,2026-04-22T03:30:00+08:00,13.343487673611111,13,3.5,0.7933533402912352,0.6087614290087207,1,1,0,location_rule,70.89447784423828,2,learned,-0.5455859303474426,0,left_bias,0,0,0,3,0,0,0,1,1,0,0.6027777791023254,0.0,0.39722222089767456,0.0,0.0,1.5921805474582535,1.6781309884862872,1.2517955581679143,1.160061779501695,1.1527663853942813,1.161732240042006,0.9610094031990896,0.7668426826643598,0.49575414553228264,1.2951990902983825,1.3280061359655206,0.6653986441291612,1.3392076013364715,1.5251103730049975,1.2425108662232054,0.9906827456226383,1.0365499929361022,1.2151468197234923,0.8526486993822177,0.6627572585799807,0.6191277639257269,1.0903791645012537,1.1075702480484895,0.7712006251804207,1.6120605665733287,1.6932632579343856,1.2188172050635502,1.2876518944781605,1.189822598570338,0.8041722868093579,1.0935274126305923,1.0303638368067252,0.2863171279002396,1.6543777979927476,1.532687954426188,0.44429664091054705,nan,nan,nan,nan,nan,nan,nan,nan,nan,nan,nan,nan,nan,nan,nan,nan,nan,nan,nan,nan,nan,nan,nan,nan
545,24,BW08_slice_001_2026-04-22_20260422-000000_slice_lfp_rhythm.h5,1152877.335,1776799800000.0,2026-04-22T03:30:00+08:00,13.343487673611111,13,3.5,0.7933533402912352,0.6087614290087207,1,1,0,location_rule,70.89447784423828,2,learned,-0.5455859303474426,0,left_bias,0,0,0,3,0,0,0,1,1,0,0.6027777791023254,0.0,0.39722222089767456,0.0,0.0,1.5921805474582535,1.6781309884862872,1.2517955581679143,1.160061779501695,1.1527663853942813,1.161732240042006,0.9610094031990896,0.7668426826643598,0.49575414553228264,1.2951990902983825,1.3280061359655206,0.6653986441291612,1.3392076013364715,1.5251103730049975,1.2425108662232054,0.9906827456226383,1.0365499929361022,1.2151468197234923,0.8526486993822177,0.6627572585799807,0.6191277639257269,1.0903791645012537,1.1075702480484895,0.7712006251804207,1.6120605665733287,1.6932632579343856,1.2188172050635502,1.2876518944781605,1.189822598570338,0.8041722868093579,1.0935274126305923,1.0303638368067252,0.2863171279002396,1.6543777979927476,1.532687954426188,0.44429664091054705,nan,nan,nan,nan,nan,nan,nan,nan,nan,nan,nan,nan,nan,nan,nan,nan,nan,nan,nan,nan,nan,nan,nan,nan
546,24,BW08_slice_001_2026-04-22_20260422-000000_slice_lfp_rhythm.h5,1156477.335,1776803400000.0,2026-04-22T04:30:00+08:00,13.385154340277778,13,4.5,0.9238795325112867,0.38268343236508984,1,1,0,location_rule,70.89447784423828,2,learned,-0.5455859303474426,0,left_bias,0,0,0,3,0,0,0,1,1,0,0.5305555462837219,0.008333333767950535,0.4333333373069763,0.02777777798473835,0.0,1.3791972423406982,1.6047681973890267,1.1101616802533125,0.7731266727435218,1.2170759434705756,1.0413120327217258,0.5129333286665472,0.6396943034742175,0.9753474871121425,0.7429961701177762,1.0591160853621577,1.7914181525755717,1.0732896428730512,1.5734530882687676,1.1044237718925094,0.6016125296942706,1.292643389779388,1.1200710406880439,0.5056279342846667,0.6177904707143019,0.9639841733753073,0.5969795993303983,0.8927793202311393,1.2703072308911427,1.3014463496422641,1.4358679673202965,1.129614616570046,0.98771846435552,1.014046186876838,0.8331616987665053,0.7385063298114672,0.8334065142529987,0.9464572533266689,1.2549176087499325,1.2521773624191246,2.371581927442699,1.5826174538120878,1.7621762299807051,1.176704352643957,1.0531454424425462,1.1306712077919487,0.8190693669831646,0.6259532228033848,0.7867208875956682,0.5823702791062206,1.34726135117732,1.4088818805405776,2.344418086000388,nan,nan,nan,nan,nan,nan,nan,nan,nan,nan,nan,nan
547,25,BW08_slice_001_2026-04-22_20260422-000000_slice_lfp_rhythm.h5,1156477.335,1776803400000.0,2026-04-22T04:30:00+08:00,13.385154340277778,13,4.5,0.9238795325112867,0.38268343236508984,1,1,0,location_rule,70.89447784423828,2,learned,-0.5455859303474426,0,left_bias,0,0,0,3,0,0,0,1,1,0,0.5305555462837219,0.008333333767950535,0.4333333373069763,0.02777777798473835,0.0,1.3791972423406982,1.6047681973890267,1.1101616802533125,0.7731266727435218,1.2170759434705756,1.0413120327217258,0.5129333286665472,0.6396943034742175,0.9753474871121425,0.7429961701177762,1.0591160853621577,1.7914181525755717,1.0732896428730512,1.5734530882687676,1.1044237718925094,0.6016125296942706,1.292643389779388,1.1200710406880439,0.5056279342846667,0.6177904707143019,0.9639841733753073,0.5969795993303983,0.8927793202311393,1.2703072308911427,1.3014463496422641,1.4358679673202965,1.129614616570046,0.98771846435552,1.014046186876838,0.8331616987665053,0.7385063298114672,0.8334065142529987,0.9464572533266689,1.2549176087499325,1.2521773624191246,2.371581927442699,1.5826174538120878,1.7621762299807051,1.176704352643957,1.0531454424425462,1.1306712077919487,0.8190693669831646,0.6259532228033848,0.7867208875956682,0.5823702791062206,1.34726135117732,1.4088818805405776,2.344418086000388,nan,nan,nan,nan,nan,nan,nan,nan,nan,nan,nan,nan
548,24,BW08_slice_001_2026-04-22_20260422-000000_slice_lfp_rhythm.h5,1160077.335,1776807000000.0,2026-04-22T05:30:00+08:00,13.426821006944444,13,5.5,0.9914448613738104,0.1305261922200517,1,1,0,location_rule,70.89447784423828,2,learned,-0.5455859303474426,0,left_bias,0,0,0,3,0,0,0,1,1,0,1.0,0.0,0.0,0.0,0.0,0.2227821045745015,0.2649145315207442,0.9519306115736809,0.7117675329467743,0.4037274195424106,0.7912095847568236,1.2845992877406558,1.1067495973048593,0.8963944590549934,1.5337565966082565,1.228605784899503,1.0874268838253742,0.5319656894496485,0.605734314419878,0.8530571528949571,0.616338475796182,0.49067067990642516,0.6975745973228289,0.7212755594172515,0.6577534288280135,0.8940508970492493,1.0348799501086268,1.0245552420431394,1.017384840047695,nan,nan,nan,nan,nan,nan,nan,nan,nan,nan,nan,nan,nan,nan,nan,nan,nan,nan,nan,nan,nan,nan,nan,nan,nan,nan,nan,nan,nan,nan,nan,nan,nan,nan,nan,nan
549,25,BW08_slice_001_2026-04-22_20260422-000000_slice_lfp_rhythm.h5,1160077.335,1776807000000.0,2026-04-22T05:30:00+08:00,13.426821006944444,13,5.5,0.9914448613738104,0.1305261922200517,1,1,0,location_rule,70.89447784423828,2,learned,-0.5455859303474426,0,left_bias,0,0,0,3,0,0,0,1,1,0,1.0,0.0,0.0,0.0,0.0,0.2227821045745015,0.2649145315207442,0.9519306115736809,0.7117675329467743,0.4037274195424106,0.7912095847568236,1.2845992877406558,1.1067495973048593,0.8963944590549934,1.5337565966082565,1.228605784899503,1.0874268838253742,0.5319656894496485,0.605734314419878,0.8530571528949571,0.616338475796182,0.49067067990642516,0.6975745973228289,0.7212755594172515,0.6577534288280135,0.8940508970492493,1.0348799501086268,1.0245552420431394,1.017384840047695,nan,nan,nan,nan,nan,nan,nan,nan,nan,nan,nan,nan,nan,nan,nan,nan,nan,nan,nan,nan,nan,nan,nan,nan,nan,nan,nan,nan,nan,nan,nan,nan,nan,nan,nan,nan
550,24,BW08_slice_001_2026-04-22_20260422-000000_slice_lfp_rhythm.h5,1163677.335,1776810600000.0,2026-04-22T06:30:00+08:00,13.468487673611111,13,6.5,0.9914448613738104,-0.1305261922200516,0,1,0,location_rule,70.89447784423828,2,learned,-0.5455859303474426,0,left_bias,0,0,0,3,0,0,0,1,1,0,0.574999988079071,0.0,0.42500001192092896,0.0,0.0,2.1084348493648215,1.7265477061336256,1.1108094421714443,1.1706967876343448,1.1738036313531017,0.8901840318278834,0.6535651145368151,0.7854609180450082,0.598955890260094,1.2337913810893544,1.3742204520880115,0.6561520309134489,1.4040599132636984,1.525959888303553,1.0826668892859468,0.8199154551909058,0.9810333324076209,0.9221334414586431,0.5740464724035198,0.6891560016504271,0.7838759938547823,0.9456903974863771,1.1100548382706434,0.7309696186476193,2.126881591307054,1.6653518981978641,1.13940643279543,1.6395180884600633,1.2645726353480404,0.758778685371203,1.5047355122812074,1.2179875375193716,0.32891486162589306,2.0485166635539875,1.6482809858618257,0.5071191978435143,nan,nan,nan,nan,nan,nan,nan,nan,nan,nan,nan,nan,nan,nan,nan,nan,nan,nan,nan,nan,nan,nan,nan,nan
551,25,BW08_slice_001_2026-04-22_20260422-000000_slice_lfp_rhythm.h5,1163677.335,1776810600000.0,2026-04-22T06:30:00+08:00,13.468487673611111,13,6.5,0.9914448613738104,-0.1305261922200516,0,1,0,location_rule,70.89447784423828,2,learned,-0.5455859303474426,0,left_bias,0,0,0,3,0,0,0,1,1,0,0.574999988079071,0.0,0.42500001192092896,0.0,0.0,2.1084348493648215,1.7265477061336256,1.1108094421714443,1.1706967876343448,1.1738036313531017,0.8901840318278834,0.6535651145368151,0.7854609180450082,0.598955890260094,1.2337913810893544,1.3742204520880115,0.6561520309134489,1.4040599132636984,1.525959888303553,1.0826668892859468,0.8199154551909058,0.9810333324076209,0.9221334414586431,0.5740464724035198,0.6891560016504271,0.7838759938547823,0.9456903974863771,1.1100548382706434,0.7309696186476193,2.126881591307054,1.6653518981978641,1.13940643279543,1.6395180884600633,1.2645726353480404,0.758778685371203,1.5047355122812074,1.2179875375193716,0.32891486162589306,2.0485166635539875,1.6482809858618257,0.5071191978435143,nan,nan,nan,nan,nan,nan,nan,nan,nan,nan,nan,nan,nan,nan,nan,nan,nan,nan,nan,nan,nan,nan,nan,nan
552,24,BW08_slice_001_2026-04-22_20260422-000000_slice_lfp_rhythm.h5,1167277.335,1776814200000.0,2026-04-22T07:30:00+08:00,13.510154340277778,13,7.5,0.9238795325112868,-0.3826834323650895,0,1,0,location_rule,70.89447784423828,2,learned,-0.5455859303474426,0,left_bias,0,0,0,3,0,0,0,1,1,0,0.3083333373069763,0.0027777778450399637,0.6611111164093018,0.02777777798473835,0.0,2.0593490067347755,2.1940282844875445,0.9630614752324455,1.2946049881077764,1.2634985227244742,0.7936079088285924,1.1772068720802975,0.8950587663097022,1.0824052066777081,1.5357116022800146,1.3228359901318487,1.215022001231435,1.9275674533972917,2.1636766245241215,0.9422991314650833,1.758142216207576,1.4324436614525549,0.9298223262027062,1.9069756962354052,1.3787686839793853,1.2586840838857025,2.1754672643534865,1.4793820115656977,1.3190455023282364,1.375661083109925,1.4805096840520051,1.0765307047911674,1.1465144153488829,1.0528457816125085,0.8154479289929809,1.877883575738218,1.1647987294945228,0.939609653124203,1.6364084137689459,1.324038662389714,1.1755040964774202,1.7799935577819619,1.7298936314035187,1.1158413576578683,1.2498601527600492,1.0751158568590766,0.8323829093748257,1.0252293857682517,0.8699353122463332,0.9685022421849844,1.7609522181558008,1.3776723440712522,1.1342042969666384,nan,nan,nan,nan,nan,nan,nan,nan,nan,nan,nan,nan
553,25,BW08_slice_001_2026-04-22_20260422-000000_slice_lfp_rhythm.h5,1167277.335,1776814200000.0,2026-04-22T07:30:00+08:00,13.510154340277778,13,7.5,0.9238795325112868,-0.3826834323650895,0,1,0,location_rule,70.89447784423828,2,learned,-0.5455859303474426,0,left_bias,0,0,0,3,0,0,0,1,1,0,0.3083333373069763,0.0027777778450399637,0.6611111164093018,0.02777777798473835,0.0,2.0593490067347755,2.1940282844875445,0.9630614752324455,1.2946049881077764,1.2634985227244742,0.7936079088285924,1.1772068720802975,0.8950587663097022,1.0824052066777081,1.5357116022800146,1.3228359901318487,1.215022001231435,1.9275674533972917,2.1636766245241215,0.9422991314650833,1.758142216207576,1.4324436614525549,0.9298223262027062,1.9069756962354052,1.3787686839793853,1.2586840838857025,2.1754672643534865,1.4793820115656977,1.3190455023282364,1.375661083109925,1.4805096840520051,1.0765307047911674,1.1465144153488829,1.0528457816125085,0.8154479289929809,1.877883575738218,1.1647987294945228,0.939609653124203,1.6364084137689459,1.324038662389714,1.1755040964774202,1.7799935577819619,1.7298936314035187,1.1158413576578683,1.2498601527600492,1.0751158568590766,0.8323829093748257,1.0252293857682517,0.8699353122463332,0.9685022421849844,1.7609522181558008,1.3776723440712522,1.1342042969666384,nan,nan,nan,nan,nan,nan,nan,nan,nan,nan,nan,nan
554,24,BW08_slice_001_2026-04-22_20260422-000000_slice_lfp_rhythm.h5,1170877.335,1776817800000.0,2026-04-22T08:30:00+08:00,13.551821006944444,13,8.5,0.7933533402912352,-0.6087614290087207,0,1,0,location_rule,70.89447784423828,2,learned,-0.5455859303474426,0,left_bias,0,0,0,3,0,0,0,1,1,0,0.5972222089767456,0.0,0.3638888895511627,0.03888889029622078,0.0,1.1526763945853966,1.3890607039072047,1.0018042595354812,0.787919231756268,0.8790712413309367,0.6994379364217796,0.8203432561108498,0.9253458249753432,0.8561825115191418,1.0833274513078195,1.2683769252139188,1.055949510835111,0.9213628836501736,1.1431868970246821,0.90073554246479,0.6584944017725921,0.7684412042591662,0.6483749911336393,0.7246873072478255,0.8233209193411506,0.90136154940437,0.9525165246584036,1.186301888587488,1.1116380771003846,1.2770671278421883,1.522680752722231,1.1656954453395991,1.0452725839495882,1.0644995941158617,0.8905153802094001,1.276478217092788,1.1379624980440854,0.7596542884042888,1.3203201072074626,1.2861291197764022,0.9227286646356947,0.5658296485537666,1.1692533352509393,1.1834028530142409,0.4673465814540758,0.7564964022284624,0.8080618656219888,0.36257597551874715,0.6080670341875052,0.5492801843036381,0.6183032328307326,0.8595191205617908,0.6849665433418495,nan,nan,nan,nan,nan,nan,nan,nan,nan,nan,nan,nan
555,25,BW08_slice_001_2026-04-22_20260422-000000_slice_lfp_rhythm.h5,1170877.335,1776817800000.0,2026-04-22T08:30:00+08:00,13.551821006944444,13,8.5,0.7933533402912352,-0.6087614290087207,0,1,0,location_rule,70.89447784423828,2,learned,-0.5455859303474426,0,left_bias,0,0,0,3,0,0,0,1,1,0,0.5972222089767456,0.0,0.3638888895511627,0.03888889029622078,0.0,1.1526763945853966,1.3890607039072047,1.0018042595354812,0.787919231756268,0.8790712413309367,0.6994379364217796,0.8203432561108498,0.9253458249753432,0.8561825115191418,1.0833274513078195,1.2683769252139188,1.055949510835111,0.9213628836501736,1.1431868970246821,0.90073554246479,0.6584944017725921,0.7684412042591662,0.6483749911336393,0.7246873072478255,0.8233209193411506,0.90136154940437,0.9525165246584036,1.186301888587488,1.1116380771003846,1.2770671278421883,1.522680752722231,1.1656954453395991,1.0452725839495882,1.0644995941158617,0.8905153802094001,1.276478217092788,1.1379624980440854,0.7596542884042888,1.3203201072074626,1.2861291197764022,0.9227286646356947,0.5658296485537666,1.1692533352509393,1.1834028530142409,0.4673465814540758,0.7564964022284624,0.8080618656219888,0.36257597551874715,0.6080670341875052,0.5492801843036381,0.6183032328307326,0.8595191205617908,0.6849665433418495,nan,nan,nan,nan,nan,nan,nan,nan,nan,nan,nan,nan
556,24,BW08_slice_001_2026-04-22_20260422-000000_slice_lfp_rhythm.h5,1174477.335,1776821400000.0,2026-04-22T09:30:00+08:00,13.593487673611111,13,9.5,0.6087614290087209,-0.793353340291235,0,1,0,location_rule,70.89447784423828,2,learned,-0.5455859303474426,0,left_bias,0,0,0,3,0,0,0,1,1,0,0.15555556118488312,0.008333333767950535,0.7444444298744202,0.09166666865348816,0.0,1.8434342478187424,1.9856568068809701,0.8864521356274435,0.8258286157753182,1.1447755429645514,0.6633268820247542,0.2424703219384771,0.33927436728717003,0.47247354619299087,0.5831706917678864,0.8989246543766498,0.46358998140761204,1.9398273610088281,1.932410779141518,0.9165135264242211,0.8513785748529782,1.3153266957056498,0.877848052029051,0.6158617781032002,0.6798556266025411,0.6891218149890497,0.59022799053099,0.7491989226825418,0.7360686192488987,1.125069194085795,1.2296884799982,0.9949966202787045,0.9570116257396645,0.9408567707251313,0.7145534090037712,0.8767168186439221,0.880969564028274,0.3814441064542011,1.1636405400820682,1.1099584939118896,0.38783115606491286,1.2210466287709587,1.3016971874456085,1.1439409405047625,0.9264118528784554,0.8731721044426246,0.7994129525497068,0.5976662094465472,0.7152090239925559,0.6055660299848938,1.080650052139757,1.0866663534032994,0.7682683278568859,nan,nan,nan,nan,nan,nan,nan,nan,nan,nan,nan,nan
557,25,BW08_slice_001_2026-04-22_20260422-000000_slice_lfp_rhythm.h5,1174477.335,1776821400000.0,2026-04-22T09:30:00+08:00,13.593487673611111,13,9.5,0.6087614290087209,-0.793353340291235,0,1,0,location_rule,70.89447784423828,2,learned,-0.5455859303474426,0,left_bias,0,0,0,3,0,0,0,1,1,0,0.15555556118488312,0.008333333767950535,0.7444444298744202,0.09166666865348816,0.0,1.8434342478187424,1.9856568068809701,0.8864521356274435,0.8258286157753182,1.1447755429645514,0.6633268820247542,0.2424703219384771,0.33927436728717003,0.47247354619299087,0.5831706917678864,0.8989246543766498,0.46358998140761204,1.9398273610088281,1.932410779141518,0.9165135264242211,0.8513785748529782,1.3153266957056498,0.877848052029051,0.6158617781032002,0.6798556266025411,0.6891218149890497,0.59022799053099,0.7491989226825418,0.7360686192488987,1.125069194085795,1.2296884799982,0.9949966202787045,0.9570116257396645,0.9408567707251313,0.7145534090037712,0.8767168186439221,0.880969564028274,0.3814441064542011,1.1636405400820682,1.1099584939118896,0.38783115606491286,1.2210466287709587,1.3016971874456085,1.1439409405047625,0.9264118528784554,0.8731721044426246,0.7994129525497068,0.5976662094465472,0.7152090239925559,0.6055660299848938,1.080650052139757,1.0866663534032994,0.7682683278568859,nan,nan,nan,nan,nan,nan,nan,nan,nan,nan,nan,nan
558,25,BW08_slice_001_2026-04-22_20260422-000000_slice_lfp_rhythm.h5,1178077.335,1776825000000.0,2026-04-22T10:30:00+08:00,13.635154340277778,13,10.5,0.3826834323650899,-0.9238795325112867,0,1,0,location_rule,65.09309387207031,1,intermediate,-0.34700945019721985,0,left_bias,21,18,18,1,0,0,1,0,1,0,0.08356545865535736,0.005571030545979738,0.7103064060211182,0.20055709779262543,0.0,1.5604243613392903,1.9306355361657703,0.8337542223150435,0.6343108683064238,1.0603245575748812,0.5828605438441272,0.04686213402532448,0.2614347529204325,0.24824154451062178,0.395963781157453,0.8240105016983709,0.27974935952141333,3.1306160133719825,3.4568326431793146,0.7313384135736137,0.5136024308826274,1.2067279839477651,0.5330593736358019,0.024919564713758273,0.14132876483277887,0.24884977316070045,0.26661748535788893,0.5946727669866116,0.2572623894603198,0.9693046253971372,1.1737477389740818,0.9688411386868134,0.8417755583868928,0.9276613312658747,0.7033241180639419,0.5239392453384608,1.320357634116628,0.22818436063279254,0.9521392552159401,1.1053713870143682,0.29152826308155494,0.8766382953510516,1.196386495609623,1.0484330965641249,0.710885845746435,0.8626719591730859,0.7510222019391978,0.3753372060586547,0.947929313910507,0.24254003334797028,0.818958185458392,1.082914803604534,0.33634614457321294,nan,nan,nan,nan,nan,nan,nan,nan,nan,nan,nan,nan
559,24,BW08_slice_001_2026-04-22_20260422-000000_slice_lfp_rhythm.h5,1178077.335,1776825000000.0,2026-04-22T10:30:00+08:00,13.635154340277778,13,10.5,0.3826834323650899,-0.9238795325112867,0,1,0,location_rule,65.09309387207031,1,intermediate,-0.34700945019721985,0,left_bias,21,18,18,1,0,0,1,0,1,0,0.08356545865535736,0.005571030545979738,0.7103064060211182,0.20055709779262543,0.0,1.5604243613392903,1.9306355361657703,0.8337542223150435,0.6343108683064238,1.0603245575748812,0.5828605438441272,0.04686213402532448,0.2614347529204325,0.24824154451062178,0.395963781157453,0.8240105016983709,0.27974935952141333,3.1306160133719825,3.4568326431793146,0.7313384135736137,0.5136024308826274,1.2067279839477651,0.5330593736358019,0.024919564713758273,0.14132876483277887,0.24884977316070045,0.26661748535788893,0.5946727669866116,0.2572623894603198,0.9693046253971372,1.1737477389740818,0.9688411386868134,0.8417755583868928,0.9276613312658747,0.7033241180639419,0.5239392453384608,1.320357634116628,0.22818436063279254,0.9521392552159401,1.1053713870143682,0.29152826308155494,0.8766382953510516,1.196386495609623,1.0484330965641249,0.710885845746435,0.8626719591730859,0.7510222019391978,0.3753372060586547,0.947929313910507,0.24254003334797028,0.818958185458392,1.082914803604534,0.33634614457321294,nan,nan,nan,nan,nan,nan,nan,nan,nan,nan,nan,nan
560,24,BW08_slice_001_2026-04-22_20260422-000000_slice_lfp_rhythm.h5,1181677.335,1776828600000.0,2026-04-22T11:30:00+08:00,13.676821006944444,13,11.5,0.130526192220052,-0.9914448613738104,0,1,0,location_rule,70.42010498046875,2,learned,-0.10356531292200089,0,left_bias,80,75,75,1,0,0,0,1,1,0,0.3166666626930237,0.0,0.42222222685813904,0.05833333358168602,0.20277777314186096,0.9642780127310319,1.2841296824864052,0.9276867167077314,0.559210451775907,0.8299983685590152,0.684161027089198,0.3587616177272591,0.7403190586827806,0.28316677354752856,0.5701762807768694,1.05369236123937,0.5053390707831461,1.0847210277578436,1.117306916128748,0.9144165106402862,0.6625725065838326,0.8131658859537317,0.6632992447456947,0.5906932922527106,0.8280730837493346,0.37328237371984635,0.7788836511374786,1.1153301366447852,0.7487993211771159,0.9239745566199885,1.279568411141544,1.0301567658900355,0.7209547165743331,0.9656950942571109,0.7811166005396742,0.4605142277839026,2.6601387620797508,0.22045457443183286,0.8283880574964481,1.497050235694591,0.258291880938439,1.1732661597331728,1.428227411902732,1.1611857026585395,0.8496680489153676,1.0447136705336078,0.7131660873326164,0.49630478180165466,3.554024669866385,0.23886397502561016,0.8943579728725825,2.45573108425028,0.31495964469247695,0.6645543110402493,0.913761855283852,0.8835408195028129,0.4133778454723925,0.6862934351664186,0.7527462601978887,0.16890091093774035,0.40436866019407064,0.7219354239613855,0.5180739890542044,0.6830012974714078,1.0227366465046923
561,25,BW08_slice_001_2026-04-22_20260422-000000_slice_lfp_rhythm.h5,1181677.335,1776828600000.0,2026-04-22T11:30:00+08:00,13.676821006944444,13,11.5,0.130526192220052,-0.9914448613738104,0,1,0,location_rule,70.42010498046875,2,learned,-0.10356531292200089,0,left_bias,80,75,75,1,0,0,0,1,1,0,0.3166666626930237,0.0,0.42222222685813904,0.05833333358168602,0.20277777314186096,0.9642780127310319,1.2841296824864052,0.9276867167077314,0.559210451775907,0.8299983685590152,0.684161027089198,0.3587616177272591,0.7403190586827806,0.28316677354752856,0.5701762807768694,1.05369236123937,0.5053390707831461,1.0847210277578436,1.117306916128748,0.9144165106402862,0.6625725065838326,0.8131658859537317,0.6632992447456947,0.5906932922527106,0.8280730837493346,0.37328237371984635,0.7788836511374786,1.1153301366447852,0.7487993211771159,0.9239745566199885,1.279568411141544,1.0301567658900355,0.7209547165743331,0.9656950942571109,0.7811166005396742,0.4605142277839026,2.6601387620797508,0.22045457443183286,0.8283880574964481,1.497050235694591,0.258291880938439,1.1732661597331728,1.428227411902732,1.1611857026585395,0.8496680489153676,1.0447136705336078,0.7131660873326164,0.49630478180165466,3.554024669866385,0.23886397502561016,0.8943579728725825,2.45573108425028,0.31495964469247695,0.6645543110402493,0.913761855283852,0.8835408195028129,0.4133778454723925,0.6862934351664186,0.7527462601978887,0.16890091093774035,0.40436866019407064,0.7219354239613855,0.5180739890542044,0.6830012974714078,1.0227366465046923
562,25,BW08_slice_001_2026-04-22_20260422-000000_slice_lfp_rhythm.h5,1185277.335,1776832200000.0,2026-04-22T12:30:00+08:00,13.718487673611111,13,12.5,-0.13052619222005177,-0.9914448613738104,0,1,0,location_rule,70.42010498046875,2,learned,-0.10356531292200089,0,left_bias,0,0,0,3,0,0,0,1,1,0,0.17499999701976776,0.0055555556900799274,0.7527777552604675,0.06666667014360428,0.0,1.403126956918905,2.138598506765881,0.9028080692457111,0.5589077894930758,1.0368789078228804,0.586459404332048,0.11730393879894223,0.30710581674674525,0.24374808813520402,0.4045332061641804,0.9236043646836146,0.3248358011991097,1.5185863998649198,2.3165404744718625,0.9092308862506043,0.47304869210978495,0.9244020872635249,0.6692878868145721,0.2513374294937808,0.3278047011989861,0.3040959427387351,0.38854608358626214,0.7332578778348967,0.5592167842909062,0.8455915874645221,1.2976672457983873,1.02161129525362,0.674374688706563,0.885899531900173,0.665703994494634,0.45047697924958846,1.1024577221811627,0.21503367062134168,0.7911915673677515,1.1103854254913907,0.27758061792422556,1.150448525433212,1.790139637403236,1.1105296000984957,0.8717410268895117,1.1173488978045942,0.6969265786353929,0.9239847849706528,1.9454561592829112,0.22928720490998558,1.0628320269049556,1.9174606711530864,0.3259137999871042,nan,nan,nan,nan,nan,nan,nan,nan,nan,nan,nan,nan
563,24,BW08_slice_001_2026-04-22_20260422-000000_slice_lfp_rhythm.h5,1185277.335,1776832200000.0,2026-04-22T12:30:00+08:00,13.718487673611111,13,12.5,-0.13052619222005177,-0.9914448613738104,0,1,0,location_rule,70.42010498046875,2,learned,-0.10356531292200089,0,left_bias,0,0,0,3,0,0,0,1,1,0,0.17499999701976776,0.0055555556900799274,0.7527777552604675,0.06666667014360428,0.0,1.403126956918905,2.138598506765881,0.9028080692457111,0.5589077894930758,1.0368789078228804,0.586459404332048,0.11730393879894223,0.30710581674674525,0.24374808813520402,0.4045332061641804,0.9236043646836146,0.3248358011991097,1.5185863998649198,2.3165404744718625,0.9092308862506043,0.47304869210978495,0.9244020872635249,0.6692878868145721,0.2513374294937808,0.3278047011989861,0.3040959427387351,0.38854608358626214,0.7332578778348967,0.5592167842909062,0.8455915874645221,1.2976672457983873,1.02161129525362,0.674374688706563,0.885899531900173,0.665703994494634,0.45047697924958846,1.1024577221811627,0.21503367062134168,0.7911915673677515,1.1103854254913907,0.27758061792422556,1.150448525433212,1.790139637403236,1.1105296000984957,0.8717410268895117,1.1173488978045942,0.6969265786353929,0.9239847849706528,1.9454561592829112,0.22928720490998558,1.0628320269049556,1.9174606711530864,0.3259137999871042,nan,nan,nan,nan,nan,nan,nan,nan,nan,nan,nan,nan
564,24,BW08_slice_001_2026-04-22_20260422-000000_slice_lfp_rhythm.h5,1188877.335,1776835800000.0,2026-04-22T13:30:00+08:00,13.760154340277778,13,13.5,-0.38268343236508967,-0.9238795325112868,0,1,0,location_rule,70.42010498046875,2,learned,-0.10356531292200089,0,left_bias,0,0,0,3,0,0,0,1,1,0,0.15555556118488312,0.0027777778450399637,0.7194444537162781,0.12222222238779068,0.0,1.250612999174348,1.944542707234408,0.8434773750062874,0.5046792578085745,0.971135116650819,0.5627365242040318,0.05642051327159956,0.2528001191722019,0.2756702420680307,0.3370152568128204,0.8526084654256995,0.31035858903766234,1.0275664357406822,1.7756342496320479,0.7620084319481794,0.22171416048887013,0.6784692222271317,0.5429085004843757,0.0668903662293786,0.1625350519622161,0.38775335718093873,0.1634918825371679,0.4479517056484359,0.4235342355508851,0.7983636821929603,1.2393825499428535,0.9752250238760037,0.6854211033446517,0.8838799923390065,0.6763472253680874,0.4547094220520632,1.1641634465787645,0.2393983119506969,0.7955895326113488,1.146096585389902,0.29657754219095467,0.8889935012401339,1.2635762648255309,1.0759133803211285,0.6817056784409162,0.828918488804435,0.6979250224409973,0.498345267359498,1.1293845540257348,0.23187962434857382,0.8694518157151281,1.2755349745020534,0.33260814283604473,nan,nan,nan,nan,nan,nan,nan,nan,nan,nan,nan,nan
565,25,BW08_slice_001_2026-04-22_20260422-000000_slice_lfp_rhythm.h5,1188877.335,1776835800000.0,2026-04-22T13:30:00+08:00,13.760154340277778,13,13.5,-0.38268343236508967,-0.9238795325112868,0,1,0,location_rule,70.42010498046875,2,learned,-0.10356531292200089,0,left_bias,0,0,0,3,0,0,0,1,1,0,0.15555556118488312,0.0027777778450399637,0.7194444537162781,0.12222222238779068,0.0,1.250612999174348,1.944542707234408,0.8434773750062874,0.5046792578085745,0.971135116650819,0.5627365242040318,0.05642051327159956,0.2528001191722019,0.2756702420680307,0.3370152568128204,0.8526084654256995,0.31035858903766234,1.0275664357406822,1.7756342496320479,0.7620084319481794,0.22171416048887013,0.6784692222271317,0.5429085004843757,0.0668903662293786,0.1625350519622161,0.38775335718093873,0.1634918825371679,0.4479517056484359,0.4235342355508851,0.7983636821929603,1.2393825499428535,0.9752250238760037,0.6854211033446517,0.8838799923390065,0.6763472253680874,0.4547094220520632,1.1641634465787645,0.2393983119506969,0.7955895326113488,1.146096585389902,0.29657754219095467,0.8889935012401339,1.2635762648255309,1.0759133803211285,0.6817056784409162,0.828918488804435,0.6979250224409973,0.498345267359498,1.1293845540257348,0.23187962434857382,0.8694518157151281,1.2755349745020534,0.33260814283604473,nan,nan,nan,nan,nan,nan,nan,nan,nan,nan,nan,nan
566,25,BW08_slice_001_2026-04-22_20260422-000000_slice_lfp_rhythm.h5,1192477.335,1776839400000.0,2026-04-22T14:30:00+08:00,13.801821006944444,13,14.5,-0.6087614290087207,-0.7933533402912352,0,1,0,location_rule,60.393409729003906,1,intermediate,0.47909796237945557,2,right_bias,44,40,40,1,0,0,1,0,0,1,0.36944442987442017,0.0,0.550000011920929,0.08055555820465088,0.0,0.7219510830082623,1.3947765115667212,0.8732087919414107,0.3879091002652844,0.7492492583924605,0.6059814658981936,0.20074823439162567,0.26440390814986137,0.5470391350367627,0.37320016789327565,0.6233437134027399,0.6490600131560388,0.5261814825574923,0.7751906567980554,0.8580136106212625,0.3243134285147477,0.46697107093821266,0.6185265567505471,0.2712004989387979,0.2841916363524555,0.7512970601901736,0.38517371809080597,0.46548280095222583,1.0395023328008732,0.5554414975662892,1.1155631142941103,0.9543881566597483,0.4750020193025246,0.7879337690705298,0.6915542414677641,0.3351547518483949,0.6115247241526763,0.40039260950071753,0.5563092262768001,0.8064392642060946,0.38576715730958644,0.9533944136906138,1.5170485963531974,1.056118167468715,0.745339378856757,1.0009141138398159,0.7086674015118604,0.7165101196142738,0.9140693184350145,0.39649716679750935,0.9202193201632661,1.1791842372275234,0.49599055715624757,nan,nan,nan,nan,nan,nan,nan,nan,nan,nan,nan,nan
567,24,BW08_slice_001_2026-04-22_20260422-000000_slice_lfp_rhythm.h5,1192477.335,1776839400000.0,2026-04-22T14:30:00+08:00,13.801821006944444,13,14.5,-0.6087614290087207,-0.7933533402912352,0,1,0,location_rule,60.393409729003906,1,intermediate,0.47909796237945557,2,right_bias,44,40,40,1,0,0,1,0,0,1,0.36944442987442017,0.0,0.550000011920929,0.08055555820465088,0.0,0.7219510830082623,1.3947765115667212,0.8732087919414107,0.3879091002652844,0.7492492583924605,0.6059814658981936,0.20074823439162567,0.26440390814986137,0.5470391350367627,0.37320016789327565,0.6233437134027399,0.6490600131560388,0.5261814825574923,0.7751906567980554,0.8580136106212625,0.3243134285147477,0.46697107093821266,0.6185265567505471,0.2712004989387979,0.2841916363524555,0.7512970601901736,0.38517371809080597,0.46548280095222583,1.0395023328008732,0.5554414975662892,1.1155631142941103,0.9543881566597483,0.4750020193025246,0.7879337690705298,0.6915542414677641,0.3351547518483949,0.6115247241526763,0.40039260950071753,0.5563092262768001,0.8064392642060946,0.38576715730958644,0.9533944136906138,1.5170485963531974,1.056118167468715,0.745339378856757,1.0009141138398159,0.7086674015118604,0.7165101196142738,0.9140693184350145,0.39649716679750935,0.9202193201632661,1.1791842372275234,0.49599055715624757,nan,nan,nan,nan,nan,nan,nan,nan,nan,nan,nan,nan
568,25,BW08_slice_001_2026-04-22_20260422-000000_slice_lfp_rhythm.h5,1196077.335,1776843000000.0,2026-04-22T15:30:00+08:00,13.843487673611111,13,15.5,-0.7933533402912349,-0.6087614290087209,0,1,0,location_rule,60.393409729003906,1,intermediate,0.47909796237945557,2,right_bias,0,0,0,3,0,0,1,0,0,1,0.4833333194255829,0.0027777778450399637,0.38333332538604736,0.03888889029622078,0.09166666865348816,0.8405833064325868,1.1283375645022213,1.0201404604641156,0.6848926688018552,0.8080606050480134,0.7974218722384032,0.6782551202724041,0.79325880542034,1.2739082221334372,0.889727872217075,1.0143248210979765,1.7472427785754354,1.0078051839138535,1.148367689537338,1.0170001937916557,0.762041305207065,0.8802930042707103,0.7655725658877034,0.7435531808829532,0.8564869071221967,0.9746034779185562,0.9756189092277876,1.1078155794722249,1.4111039248673218,0.815679618398928,1.1560327128294043,1.0540059042762446,0.7159647860972264,0.8574160864174147,1.0053545121788405,0.8008785403882674,0.8248894254181545,1.8507654877699309,0.9216240007895001,1.0016704700148031,2.4927593814238116,0.6695606830023321,0.7687192745792076,1.107508358486206,0.5748378585360041,0.5993656702072041,0.774440975379734,0.3238939001327681,0.5524652579323501,0.27947215314857055,0.6815837508147967,0.7423421040062989,0.3395642429410686,0.5860283887891865,0.9343632681699667,0.9714255828792435,0.4023442191348705,0.7684667551190105,0.6662393093961828,0.5388936074614501,1.472514968826145,1.0403482797894277,0.5636564252866512,1.2075169664604488,1.359230099669265
569,24,BW08_slice_001_2026-04-22_20260422-000000_slice_lfp_rhythm.h5,1196077.335,1776843000000.0,2026-04-22T15:30:00+08:00,13.843487673611111,13,15.5,-0.7933533402912349,-0.6087614290087209,0,1,0,location_rule,60.393409729003906,1,intermediate,0.47909796237945557,2,right_bias,0,0,0,3,0,0,1,0,0,1,0.4833333194255829,0.0027777778450399637,0.38333332538604736,0.03888889029622078,0.09166666865348816,0.8405833064325868,1.1283375645022213,1.0201404604641156,0.6848926688018552,0.8080606050480134,0.7974218722384032,0.6782551202724041,0.79325880542034,1.2739082221334372,0.889727872217075,1.0143248210979765,1.7472427785754354,1.0078051839138535,1.148367689537338,1.0170001937916557,0.762041305207065,0.8802930042707103,0.7655725658877034,0.7435531808829532,0.8564869071221967,0.9746034779185562,0.9756189092277876,1.1078155794722249,1.4111039248673218,0.815679618398928,1.1560327128294043,1.0540059042762446,0.7159647860972264,0.8574160864174147,1.0053545121788405,0.8008785403882674,0.8248894254181545,1.8507654877699309,0.9216240007895001,1.0016704700148031,2.4927593814238116,0.6695606830023321,0.7687192745792076,1.107508358486206,0.5748378585360041,0.5993656702072041,0.774440975379734,0.3238939001327681,0.5524652579323501,0.27947215314857055,0.6815837508147967,0.7423421040062989,0.3395642429410686,0.5860283887891865,0.9343632681699667,0.9714255828792435,0.4023442191348705,0.7684667551190105,0.6662393093961828,0.5388936074614501,1.472514968826145,1.0403482797894277,0.5636564252866512,1.2075169664604488,1.359230099669265
570,25,BW08_slice_001_2026-04-22_20260422-000000_slice_lfp_rhythm.h5,1199677.335,1776846600000.0,2026-04-22T16:30:00+08:00,13.885154340277778,13,16.5,-0.9238795325112868,-0.3826834323650895,0,1,0,location_rule,60.393409729003906,1,intermediate,0.47909796237945557,2,right_bias,0,0,0,3,0,0,1,0,0,1,0.4444444477558136,0.0,0.5472221970558167,0.008333333767950535,0.0,1.1543926137233207,1.5234219981207326,0.9312541943956302,0.6712628273920949,0.9151218450191712,0.6583557552442961,0.3987810114206643,0.5254948041478691,0.711368067004897,0.5927022476541629,0.8449437436199861,0.8668988585906603,0.9799636974617033,1.3705401568913105,0.8994114975185713,0.5760669541650106,0.7770256154158638,0.6420818251450299,0.46767020523087915,0.5831106524159848,0.7086108847669064,0.5231007246114405,0.6784221720763597,0.8832136959758948,0.9029705655661162,1.2023660139819945,1.0160410133061435,0.7759542410435092,0.9051253466204088,0.7641991348383329,0.47622001023542165,0.6933848881538115,0.6742850267259124,0.9134774494376708,1.0094463982591955,0.8340419657647257,0.927628720000562,1.2125144499396698,1.1049979886356238,0.9641519601487117,0.8448052879984509,0.7832666945383743,2.949332926073544,1.4690124352596814,0.4961047923248156,1.5003490291291772,1.3308222192967694,1.051369922560054,nan,nan,nan,nan,nan,nan,nan,nan,nan,nan,nan,nan
571,24,BW08_slice_001_2026-04-22_20260422-000000_slice_lfp_rhythm.h5,1199677.335,1776846600000.0,2026-04-22T16:30:00+08:00,13.885154340277778,13,16.5,-0.9238795325112868,-0.3826834323650895,0,1,0,location_rule,60.393409729003906,1,intermediate,0.47909796237945557,2,right_bias,0,0,0,3,0,0,1,0,0,1,0.4444444477558136,0.0,0.5472221970558167,0.008333333767950535,0.0,1.1543926137233207,1.5234219981207326,0.9312541943956302,0.6712628273920949,0.9151218450191712,0.6583557552442961,0.3987810114206643,0.5254948041478691,0.711368067004897,0.5927022476541629,0.8449437436199861,0.8668988585906603,0.9799636974617033,1.3705401568913105,0.8994114975185713,0.5760669541650106,0.7770256154158638,0.6420818251450299,0.46767020523087915,0.5831106524159848,0.7086108847669064,0.5231007246114405,0.6784221720763597,0.8832136959758948,0.9029705655661162,1.2023660139819945,1.0160410133061435,0.7759542410435092,0.9051253466204088,0.7641991348383329,0.47622001023542165,0.6933848881538115,0.6742850267259124,0.9134774494376708,1.0094463982591955,0.8340419657647257,0.927628720000562,1.2125144499396698,1.1049979886356238,0.9641519601487117,0.8448052879984509,0.7832666945383743,2.949332926073544,1.4690124352596814,0.4961047923248156,1.5003490291291772,1.3308222192967694,1.051369922560054,nan,nan,nan,nan,nan,nan,nan,nan,nan,nan,nan,nan
572,24,BW08_slice_001_2026-04-22_20260422-000000_slice_lfp_rhythm.h5,1203277.335,1776850200000.0,2026-04-22T17:30:00+08:00,13.926821006944444,13,17.5,-0.9914448613738104,-0.13052619222005163,0,1,0,location_rule,49.05390930175781,0,unlearned,0.7315917611122131,2,right_bias,12,11,11,1,0,0,0,0,0,1,0.4166666567325592,0.0055555556900799274,0.5055555701255798,0.07222222536802292,0.0,1.0574118519186415,1.6795624904851776,1.001579373670414,0.49265304482211975,0.8890497844242788,0.7115831814385327,0.17743163043152452,0.2815640446169306,0.8872482244070226,0.4098877481036358,0.6860971780515012,0.8501473407641971,0.7097578682521635,1.1701519778336829,1.0202657041286916,0.29253585688942013,0.5923697747810345,0.7110048256791198,0.1943480052546458,0.2693223704600178,0.7999213573348078,0.281772993726876,0.4023536930082387,0.7595641224911805,0.8604746443590837,1.3279711217686776,1.0492013415410981,0.7088015333272417,0.9142974374789087,0.798674315650005,0.583221925536512,0.7106559516285244,0.8601842460314512,0.8755611370788303,0.9848418341457119,0.8855883408064155,1.8569383519224898,2.878864059481008,1.1374809257247152,1.2523413743031526,1.7016120336809155,0.8266874721663878,0.5640143945761877,0.9576204616252226,1.085528851141688,1.4854852455722896,1.8758076401025123,1.1891335009975266,nan,nan,nan,nan,nan,nan,nan,nan,nan,nan,nan,nan
573,25,BW08_slice_001_2026-04-22_20260422-000000_slice_lfp_rhythm.h5,1203277.335,1776850200000.0,2026-04-22T17:30:00+08:00,13.926821006944444,13,17.5,-0.9914448613738104,-0.13052619222005163,0,1,0,location_rule,49.05390930175781,0,unlearned,0.7315917611122131,2,right_bias,12,11,11,1,0,0,0,0,0,1,0.4166666567325592,0.0055555556900799274,0.5055555701255798,0.07222222536802292,0.0,1.0574118519186415,1.6795624904851776,1.001579373670414,0.49265304482211975,0.8890497844242788,0.7115831814385327,0.17743163043152452,0.2815640446169306,0.8872482244070226,0.4098877481036358,0.6860971780515012,0.8501473407641971,0.7097578682521635,1.1701519778336829,1.0202657041286916,0.29253585688942013,0.5923697747810345,0.7110048256791198,0.1943480052546458,0.2693223704600178,0.7999213573348078,0.281772993726876,0.4023536930082387,0.7595641224911805,0.8604746443590837,1.3279711217686776,1.0492013415410981,0.7088015333272417,0.9142974374789087,0.798674315650005,0.583221925536512,0.7106559516285244,0.8601842460314512,0.8755611370788303,0.9848418341457119,0.8855883408064155,1.8569383519224898,2.878864059481008,1.1374809257247152,1.2523413743031526,1.7016120336809155,0.8266874721663878,0.5640143945761877,0.9576204616252226,1.085528851141688,1.4854852455722896,1.8758076401025123,1.1891335009975266,nan,nan,nan,nan,nan,nan,nan,nan,nan,nan,nan,nan
574,25,BW08_slice_001_2026-04-22_20260422-000000_slice_lfp_rhythm.h5,1206877.335,1776853800000.0,2026-04-22T18:30:00+08:00,13.968487673611111,13,18.5,-0.9914448613738105,0.13052619222005127,1,1,0,location_rule,55.565128326416016,0,unlearned,0.026249313727021217,1,neutral,75,72,72,1,0,0,0,0,0,0,0.6434540152549744,0.002785515272989869,0.20612813532352448,0.019498607143759727,0.12813369929790497,0.6595429712913506,1.132495599873898,1.2086063629909871,0.6895652264467959,0.8441859344255281,1.008499111044538,0.5512103054397137,0.551737776529712,0.7267424271785632,0.8200583934738966,0.9052032855714097,1.6488242202075583,1.1896733731781235,1.8654708921487388,1.1220657407732593,0.676175791833226,0.8926597041336833,0.8651694686057022,0.4567100794519903,0.4537371831470506,0.7781879790475703,0.7468445071619291,0.8862282602018371,1.5545233195215415,0.7596897566405306,1.3775048794866789,1.2338893624616876,0.5892348143431366,0.902758979667717,0.8384493069939519,0.5327938992845216,0.708790609609318,0.7297329863452526,0.7331852279544623,0.9760482983531656,1.9745629012738852,1.3467630319832165,1.9575830264139937,1.2955842388591745,1.0665620771259616,1.0700549227454061,0.8314801131431694,1.2021638667451802,0.9546682757519471,0.8868152769225702,1.3521380592976653,1.4080661522656424,5.117069000204886,1.1063210411083246,1.7454583921546556,1.2695974157015806,1.3866802472244075,2.0148144297025397,1.4160694826324178,0.9191591315889298,1.1267825770268183,1.0066856118926055,0.9554506907963479,1.1964992944080979,1.266972419548613
575,24,BW08_slice_001_2026-04-22_20260422-000000_slice_lfp_rhythm.h5,1206877.335,1776853800000.0,2026-04-22T18:30:00+08:00,13.968487673611111,13,18.5,-0.9914448613738105,0.13052619222005127,1,1,0,location_rule,55.565128326416016,0,unlearned,0.026249313727021217,1,neutral,75,72,72,1,0,0,0,0,0,0,0.6434540152549744,0.002785515272989869,0.20612813532352448,0.019498607143759727,0.12813369929790497,0.6595429712913506,1.132495599873898,1.2086063629909871,0.6895652264467959,0.8441859344255281,1.008499111044538,0.5512103054397137,0.551737776529712,0.7267424271785632,0.8200583934738966,0.9052032855714097,1.6488242202075583,1.1896733731781235,1.8654708921487388,1.1220657407732593,0.676175791833226,0.8926597041336833,0.8651694686057022,0.4567100794519903,0.4537371831470506,0.7781879790475703,0.7468445071619291,0.8862282602018371,1.5545233195215415,0.7596897566405306,1.3775048794866789,1.2338893624616876,0.5892348143431366,0.902758979667717,0.8384493069939519,0.5327938992845216,0.708790609609318,0.7297329863452526,0.7331852279544623,0.9760482983531656,1.9745629012738852,1.3467630319832165,1.9575830264139937,1.2955842388591745,1.0665620771259616,1.0700549227454061,0.8314801131431694,1.2021638667451802,0.9546682757519471,0.8868152769225702,1.3521380592976653,1.4080661522656424,5.117069000204886,1.1063210411083246,1.7454583921546556,1.2695974157015806,1.3866802472244075,2.0148144297025397,1.4160694826324178,0.9191591315889298,1.1267825770268183,1.0066856118926055,0.9554506907963479,1.1964992944080979,1.266972419548613
576,24,BW08_slice_001_2026-04-22_20260422-000000_slice_lfp_rhythm.h5,1210477.335,1776857400000.0,2026-04-22T19:30:00+08:00,14.010154340277778,14,19.5,-0.923879532511287,0.38268343236508917,1,1,0,location_rule,61.93413543701172,1,intermediate,0.3624391257762909,2,right_bias,188,176,176,1,0,0,1,0,0,1,0.75,0.0,0.0,0.0,0.25,0.23107710947505156,0.329285191698931,1.1847143045093191,0.6460587235046292,0.508194509527447,1.0816225359961376,0.7815804404215608,0.7863228138213365,0.845672623096619,0.7685901848942346,0.7646929666903534,1.0246050245225022,0.6296546609373492,0.8441406777431565,1.1179320955053702,0.6714681760700065,0.6962502033484897,0.9908778805828201,0.5564719112879359,0.5882903204819769,1.014694460350741,0.6329828378190944,0.7689521633007956,1.0762765999903376,nan,nan,nan,nan,nan,nan,nan,nan,nan,nan,nan,nan,nan,nan,nan,nan,nan,nan,nan,nan,nan,nan,nan,nan,0.907963315556876,1.1465173491658494,0.9986932608470219,0.7374956136788016,0.747194315137453,0.7374641558778495,1.0385545807114127,0.9080339397158497,0.8458631065055879,1.0014627957378135,1.0554772163876527,0.9848220546244407
577,25,BW08_slice_001_2026-04-22_20260422-000000_slice_lfp_rhythm.h5,1210477.335,1776857400000.0,2026-04-22T19:30:00+08:00,14.010154340277778,14,19.5,-0.923879532511287,0.38268343236508917,1,1,0,location_rule,61.93413543701172,1,intermediate,0.3624391257762909,2,right_bias,188,176,176,1,0,0,1,0,0,1,0.75,0.0,0.0,0.0,0.25,0.23107710947505156,0.329285191698931,1.1847143045093191,0.6460587235046292,0.508194509527447,1.0816225359961376,0.7815804404215608,0.7863228138213365,0.845672623096619,0.7685901848942346,0.7646929666903534,1.0246050245225022,0.6296546609373492,0.8441406777431565,1.1179320955053702,0.6714681760700065,0.6962502033484897,0.9908778805828201,0.5564719112879359,0.5882903204819769,1.014694460350741,0.6329828378190944,0.7689521633007956,1.0762765999903376,nan,nan,nan,nan,nan,nan,nan,nan,nan,nan,nan,nan,nan,nan,nan,nan,nan,nan,nan,nan,nan,nan,nan,nan,0.907963315556876,1.1465173491658494,0.9986932608470219,0.7374956136788016,0.747194315137453,0.7374641558778495,1.0385545807114127,0.9080339397158497,0.8458631065055879,1.0014627957378135,1.0554772163876527,0.9848220546244407
578,25,BW08_slice_001_2026-04-22_20260422-000000_slice_lfp_rhythm.h5,1214077.335,1776861000000.0,2026-04-22T20:30:00+08:00,14.051821006944444,14,20.5,-0.7933533402912357,0.6087614290087199,1,1,0,location_rule,62.00379180908203,1,intermediate,0.5908332467079163,2,right_bias,54,53,53,1,0,0,1,0,0,1,0.8543417453765869,0.0,0.03641456738114357,0.0,0.10924369841814041,0.4394667635417361,0.5528005488588758,1.4115314692140508,1.113518574251747,0.7219045840521202,1.3999798370520258,1.5711520125912013,1.17299234573519,1.1766993815766174,1.4025245203430237,1.3188508445034397,1.5579150990903319,0.8557662100082484,1.0196402122008839,1.3108268960130787,1.0258632152330351,0.8377732241843966,1.2174693574184763,1.0110360536028413,0.789695592236419,1.26913544349187,1.0537129130839196,1.19378354347938,1.4926785872602677,1.6542278146630556,2.138867195195643,1.6766663481512982,1.2196352764242209,1.2118284952873688,0.9469586924951603,1.9668289385547966,1.5715411462534383,1.2174919303125677,1.930785946696543,1.8309543762523803,3.466908067139483,nan,nan,nan,nan,nan,nan,nan,nan,nan,nan,nan,nan,0.8283191259631448,1.0975281423023466,0.9825167040605686,0.6803132774879964,0.7027732918811918,0.7635592854589035,1.1710150716451655,0.9654782490043908,0.8751440954338688,1.024925919409423,1.138910907341322,0.9885608055805308
579,24,BW08_slice_001_2026-04-22_20260422-000000_slice_lfp_rhythm.h5,1214077.335,1776861000000.0,2026-04-22T20:30:00+08:00,14.051821006944444,14,20.5,-0.7933533402912357,0.6087614290087199,1,1,0,location_rule,62.00379180908203,1,intermediate,0.5908332467079163,2,right_bias,54,53,53,1,0,0,1,0,0,1,0.8543417453765869,0.0,0.03641456738114357,0.0,0.10924369841814041,0.4394667635417361,0.5528005488588758,1.4115314692140508,1.113518574251747,0.7219045840521202,1.3999798370520258,1.5711520125912013,1.17299234573519,1.1766993815766174,1.4025245203430237,1.3188508445034397,1.5579150990903319,0.8557662100082484,1.0196402122008839,1.3108268960130787,1.0258632152330351,0.8377732241843966,1.2174693574184763,1.0110360536028413,0.789695592236419,1.26913544349187,1.0537129130839196,1.19378354347938,1.4926785872602677,1.6542278146630556,2.138867195195643,1.6766663481512982,1.2196352764242209,1.2118284952873688,0.9469586924951603,1.9668289385547966,1.5715411462534383,1.2174919303125677,1.930785946696543,1.8309543762523803,3.466908067139483,nan,nan,nan,nan,nan,nan,nan,nan,nan,nan,nan,nan,0.8283191259631448,1.0975281423023466,0.9825167040605686,0.6803132774879964,0.7027732918811918,0.7635592854589035,1.1710150716451655,0.9654782490043908,0.8751440954338688,1.024925919409423,1.138910907341322,0.9885608055805308
580,25,BW08_slice_001_2026-04-22_20260422-000000_slice_lfp_rhythm.h5,1217677.335,1776864600000.0,2026-04-22T21:30:00+08:00,14.093487673611111,14,21.5,-0.608761429008721,0.7933533402912349,1,1,0,location_rule,61.18870162963867,1,intermediate,0.056042566895484924,1,neutral,41,40,40,1,0,0,1,0,0,0,0.8022283911705017,0.0,0.13927575945854187,0.0,0.05849582329392433,1.2083883430023608,1.0134563620514367,1.3189391542518925,1.9115838938802237,1.126270553196399,1.1801490832001142,2.600989916023361,2.2272570306560504,1.3234560135627829,2.444272974835453,2.0913250446505565,1.302386557091461,1.3665478146937813,1.3246690580961926,1.2026445121228087,1.7726947697004405,1.230321115173626,1.0513524473713618,1.803791375454909,1.6104557453858,1.5506421286670649,1.888679751098018,1.8950825587793687,1.401551886468568,2.5861295390598658,1.934984748921618,1.4462458472098827,2.0077263817552455,1.453405545740255,0.8588241506468391,1.5867097115763562,1.4662005976396455,0.35502690425554817,2.5230463428728207,1.966716287070726,0.5360313368613467,nan,nan,nan,nan,nan,nan,nan,nan,nan,nan,nan,nan,1.290412503113721,1.3634287056530037,1.2193451728495721,1.2754824901301918,1.384460114936785,1.3887548197828394,0.46222330483638513,0.7367736720722291,0.9704830362935273,1.2172657142982304,1.236028570271604,0.9322615274749048
581,24,BW08_slice_001_2026-04-22_20260422-000000_slice_lfp_rhythm.h5,1217677.335,1776864600000.0,2026-04-22T21:30:00+08:00,14.093487673611111,14,21.5,-0.608761429008721,0.7933533402912349,1,1,0,location_rule,61.18870162963867,1,intermediate,0.056042566895484924,1,neutral,41,40,40,1,0,0,1,0,0,0,0.8022283911705017,0.0,0.13927575945854187,0.0,0.05849582329392433,1.2083883430023608,1.0134563620514367,1.3189391542518925,1.9115838938802237,1.126270553196399,1.1801490832001142,2.600989916023361,2.2272570306560504,1.3234560135627829,2.444272974835453,2.0913250446505565,1.302386557091461,1.3665478146937813,1.3246690580961926,1.2026445121228087,1.7726947697004405,1.230321115173626,1.0513524473713618,1.803791375454909,1.6104557453858,1.5506421286670649,1.888679751098018,1.8950825587793687,1.401551886468568,2.5861295390598658,1.934984748921618,1.4462458472098827,2.0077263817552455,1.453405545740255,0.8588241506468391,1.5867097115763562,1.4662005976396455,0.35502690425554817,2.5230463428728207,1.966716287070726,0.5360313368613467,nan,nan,nan,nan,nan,nan,nan,nan,nan,nan,nan,nan,1.290412503113721,1.3634287056530037,1.2193451728495721,1.2754824901301918,1.384460114936785,1.3887548197828394,0.46222330483638513,0.7367736720722291,0.9704830362935273,1.2172657142982304,1.236028570271604,0.9322615274749048
582,24,BW08_slice_001_2026-04-22_20260422-000000_slice_lfp_rhythm.h5,1221277.335,1776868200000.0,2026-04-22T22:30:00+08:00,14.135154340277778,14,22.5,-0.38268343236508956,0.9238795325112868,1,1,0,location_rule,63.601043701171875,1,intermediate,-0.2324609011411667,0,left_bias,66,63,63,1,0,0,1,0,1,0,0.6333333253860474,0.0,0.2527777850627899,0.0,0.11388888955116272,1.346268474702344,1.4923486486169457,1.5173475407930717,1.1927192127894222,0.996893177506776,1.220926867166903,1.5308962076502308,1.2814408089563254,1.6897955371449154,1.3631730483976956,1.358712576034275,2.60304331966432,1.3284282537305305,1.6645195671143869,1.4860814305074985,1.188725547334121,1.0879443986739232,1.1890171133677703,1.284395293833228,1.0957082989036615,1.3967204606260915,1.1502417434585284,1.2391851001091956,1.752870302622896,1.9752277917706014,2.0989712282256403,1.5813937997838,1.3623417588077016,1.214764768224577,1.2495688954071946,2.62975048899039,1.6309215551677851,2.869065464024904,2.0267767028672106,1.744797419940622,5.542340874391603,nan,nan,nan,nan,nan,nan,nan,nan,nan,nan,nan,nan,1.014277310409324,1.2359339570376646,1.1024665944550478,0.6299178550144059,0.7119353076370812,0.6655694340627824,1.1008717435245132,1.1795085339954334,0.9026313764093995,1.3592100441161479,1.2662783421587989,0.917776024965656
583,25,BW08_slice_001_2026-04-22_20260422-000000_slice_lfp_rhythm.h5,1221277.335,1776868200000.0,2026-04-22T22:30:00+08:00,14.135154340277778,14,22.5,-0.38268343236508956,0.9238795325112868,1,1,0,location_rule,63.601043701171875,1,intermediate,-0.2324609011411667,0,left_bias,66,63,63,1,0,0,1,0,1,0,0.6333333253860474,0.0,0.2527777850627899,0.0,0.11388888955116272,1.346268474702344,1.4923486486169457,1.5173475407930717,1.1927192127894222,0.996893177506776,1.220926867166903,1.5308962076502308,1.2814408089563254,1.6897955371449154,1.3631730483976956,1.358712576034275,2.60304331966432,1.3284282537305305,1.6645195671143869,1.4860814305074985,1.188725547334121,1.0879443986739232,1.1890171133677703,1.284395293833228,1.0957082989036615,1.3967204606260915,1.1502417434585284,1.2391851001091956,1.752870302622896,1.9752277917706014,2.0989712282256403,1.5813937997838,1.3623417588077016,1.214764768224577,1.2495688954071946,2.62975048899039,1.6309215551677851,2.869065464024904,2.0267767028672106,1.744797419940622,5.542340874391603,nan,nan,nan,nan,nan,nan,nan,nan,nan,nan,nan,nan,1.014277310409324,1.2359339570376646,1.1024665944550478,0.6299178550144059,0.7119353076370812,0.6655694340627824,1.1008717435245132,1.1795085339954334,0.9026313764093995,1.3592100441161479,1.2662783421587989,0.917776024965656
584,24,BW08_slice_001_2026-04-22_20260422-000000_slice_lfp_rhythm.h5,1224877.335,1776871800000.0,2026-04-22T23:30:00+08:00,14.176821006944444,14,23.5,-0.13052619222005168,0.9914448613738104,1,1,0,location_rule,75.817626953125,2,learned,-0.5327029824256897,0,left_bias,56,51,51,1,0,0,0,1,1,0,0.5083333253860474,0.0,0.49166667461395264,0.0,0.0,2.069031378310851,2.1647056087879406,1.3983522951053755,1.3454254470890596,1.1972014027851223,0.9396820304550615,1.2753353712072484,1.2697506261145168,1.7810918451246003,1.2737744119014087,1.5739734577779807,3.939069977045275,1.857912586290003,1.9401765132567528,1.4008155819650725,1.4059691285893117,1.2891920656979954,0.9618629101118135,1.3280298799132917,1.333300628541955,1.6697064837613904,1.1688366543314068,1.5354000626675746,2.597316029340757,1.7379417609238466,1.8582381352098645,1.428975787347563,1.2512262464553863,1.0854635464324713,0.9913813467801477,1.4221187444306267,1.1508310409676774,1.7856194967948333,1.641455818393393,1.4942043600000847,5.328887542911072,nan,nan,nan,nan,nan,nan,nan,nan,nan,nan,nan,nan,nan,nan,nan,nan,nan,nan,nan,nan,nan,nan,nan,nan
585,25,BW08_slice_001_2026-04-22_20260422-000000_slice_lfp_rhythm.h5,1224877.335,1776871800000.0,2026-04-22T23:30:00+08:00,14.176821006944444,14,23.5,-0.13052619222005168,0.9914448613738104,1,1,0,location_rule,75.817626953125,2,learned,-0.5327029824256897,0,left_bias,56,51,51,1,0,0,0,1,1,0,0.5083333253860474,0.0,0.49166667461395264,0.0,0.0,2.069031378310851,2.1647056087879406,1.3983522951053755,1.3454254470890596,1.1972014027851223,0.9396820304550615,1.2753353712072484,1.2697506261145168,1.7810918451246003,1.2737744119014087,1.5739734577779807,3.939069977045275,1.857912586290003,1.9401765132567528,1.4008155819650725,1.4059691285893117,1.2891920656979954,0.9618629101118135,1.3280298799132917,1.333300628541955,1.6697064837613904,1.1688366543314068,1.5354000626675746,2.597316029340757,1.7379417609238466,1.8582381352098645,1.428975787347563,1.2512262464553863,1.0854635464324713,0.9913813467801477,1.4221187444306267,1.1508310409676774,1.7856194967948333,1.641455818393393,1.4942043600000847,5.328887542911072,nan,nan,nan,nan,nan,nan,nan,nan,nan,nan,nan,nan,nan,nan,nan,nan,nan,nan,nan,nan,nan,nan,nan,nan
586,26,BW08_slice_001_2026-04-23_20260423-000000_slice_lfp_rhythm.h5,1228477.335,1776875400000.0,2026-04-23T00:30:00+08:00,14.218487673611111,14,0.5,0.13052619222005157,0.9914448613738104,1,0,0,location_rule,78.29963684082031,2,learned,-0.22755450010299683,0,left_bias,50,50,50,1,0,0,0,1,1,0,nan,nan,nan,nan,nan,nan,nan,nan,nan,nan,nan,nan,nan,nan,nan,nan,nan,nan,nan,nan,nan,nan,nan,nan,nan,nan,nan,nan,nan,nan,nan,nan,nan,nan,nan,nan,nan,nan,nan,nan,nan,nan,nan,nan,nan,nan,nan,nan,nan,nan,nan,nan,nan,nan,nan,nan,nan,nan,nan,nan,nan,nan,nan,nan,nan
587,27,BW08_slice_001_2026-04-23_20260423-000000_slice_lfp_rhythm.h5,1228477.335,1776875400000.0,2026-04-23T00:30:00+08:00,14.218487673611111,14,0.5,0.13052619222005157,0.9914448613738104,1,0,0,location_rule,78.29963684082031,2,learned,-0.22755450010299683,0,left_bias,50,50,50,1,0,0,0,1,1,0,nan,nan,nan,nan,nan,nan,nan,nan,nan,nan,nan,nan,nan,nan,nan,nan,nan,nan,nan,nan,nan,nan,nan,nan,nan,nan,nan,nan,nan,nan,nan,nan,nan,nan,nan,nan,nan,nan,nan,nan,nan,nan,nan,nan,nan,nan,nan,nan,nan,nan,nan,nan,nan,nan,nan,nan,nan,nan,nan,nan,nan,nan,nan,nan,nan
588,26,BW08_slice_001_2026-04-23_20260423-000000_slice_lfp_rhythm.h5,1232077.335,1776879000000.0,2026-04-23T01:30:00+08:00,14.260154340277778,14,1.5,0.3826834323650898,0.9238795325112867,1,0,0,location_rule,78.29963684082031,2,learned,-0.22755450010299683,0,left_bias,0,0,0,3,0,0,0,1,1,0,nan,nan,nan,nan,nan,nan,nan,nan,nan,nan,nan,nan,nan,nan,nan,nan,nan,nan,nan,nan,nan,nan,nan,nan,nan,nan,nan,nan,nan,nan,nan,nan,nan,nan,nan,nan,nan,nan,nan,nan,nan,nan,nan,nan,nan,nan,nan,nan,nan,nan,nan,nan,nan,nan,nan,nan,nan,nan,nan,nan,nan,nan,nan,nan,nan
589,27,BW08_slice_001_2026-04-23_20260423-000000_slice_lfp_rhythm.h5,1232077.335,1776879000000.0,2026-04-23T01:30:00+08:00,14.260154340277778,14,1.5,0.3826834323650898,0.9238795325112867,1,0,0,location_rule,78.29963684082031,2,learned,-0.22755450010299683,0,left_bias,0,0,0,3,0,0,0,1,1,0,nan,nan,nan,nan,nan,nan,nan,nan,nan,nan,nan,nan,nan,nan,nan,nan,nan,nan,nan,nan,nan,nan,nan,nan,nan,nan,nan,nan,nan,nan,nan,nan,nan,nan,nan,nan,nan,nan,nan,nan,nan,nan,nan,nan,nan,nan,nan,nan,nan,nan,nan,nan,nan,nan,nan,nan,nan,nan,nan,nan,nan,nan,nan,nan,nan
590,26,BW08_slice_001_2026-04-23_20260423-000000_slice_lfp_rhythm.h5,1235677.335,1776882600000.0,2026-04-23T02:30:00+08:00,14.301821006944444,14,2.5,0.6087614290087207,0.7933533402912352,1,0,0,location_rule,77.29438781738281,2,learned,0.17104418575763702,2,right_bias,44,41,41,1,0,0,0,1,0,1,nan,nan,nan,nan,nan,nan,nan,nan,nan,nan,nan,nan,nan,nan,nan,nan,nan,nan,nan,nan,nan,nan,nan,nan,nan,nan,nan,nan,nan,nan,nan,nan,nan,nan,nan,nan,nan,nan,nan,nan,nan,nan,nan,nan,nan,nan,nan,nan,nan,nan,nan,nan,nan,nan,nan,nan,nan,nan,nan,nan,nan,nan,nan,nan,nan
591,27,BW08_slice_001_2026-04-23_20260423-000000_slice_lfp_rhythm.h5,1235677.335,1776882600000.0,2026-04-23T02:30:00+08:00,14.301821006944444,14,2.5,0.6087614290087207,0.7933533402912352,1,0,0,location_rule,77.29438781738281,2,learned,0.17104418575763702,2,right_bias,44,41,41,1,0,0,0,1,0,1,nan,nan,nan,nan,nan,nan,nan,nan,nan,nan,nan,nan,nan,nan,nan,nan,nan,nan,nan,nan,nan,nan,nan,nan,nan,nan,nan,nan,nan,nan,nan,nan,nan,nan,nan,nan,nan,nan,nan,nan,nan,nan,nan,nan,nan,nan,nan,nan,nan,nan,nan,nan,nan,nan,nan,nan,nan,nan,nan,nan,nan,nan,nan,nan,nan
592,26,BW08_slice_001_2026-04-23_20260423-000000_slice_lfp_rhythm.h5,1239277.335,1776886200000.0,2026-04-23T03:30:00+08:00,14.343487673611111,14,3.5,0.7933533402912352,0.6087614290087207,1,0,0,location_rule,77.29438781738281,2,learned,0.17104418575763702,2,right_bias,0,0,0,3,0,0,0,1,0,1,nan,nan,nan,nan,nan,nan,nan,nan,nan,nan,nan,nan,nan,nan,nan,nan,nan,nan,nan,nan,nan,nan,nan,nan,nan,nan,nan,nan,nan,nan,nan,nan,nan,nan,nan,nan,nan,nan,nan,nan,nan,nan,nan,nan,nan,nan,nan,nan,nan,nan,nan,nan,nan,nan,nan,nan,nan,nan,nan,nan,nan,nan,nan,nan,nan
593,27,BW08_slice_001_2026-04-23_20260423-000000_slice_lfp_rhythm.h5,1239277.335,1776886200000.0,2026-04-23T03:30:00+08:00,14.343487673611111,14,3.5,0.7933533402912352,0.6087614290087207,1,0,0,location_rule,77.29438781738281,2,learned,0.17104418575763702,2,right_bias,0,0,0,3,0,0,0,1,0,1,nan,nan,nan,nan,nan,nan,nan,nan,nan,nan,nan,nan,nan,nan,nan,nan,nan,nan,nan,nan,nan,nan,nan,nan,nan,nan,nan,nan,nan,nan,nan,nan,nan,nan,nan,nan,nan,nan,nan,nan,nan,nan,nan,nan,nan,nan,nan,nan,nan,nan,nan,nan,nan,nan,nan,nan,nan,nan,nan,nan,nan,nan,nan,nan,nan
594,26,BW08_slice_001_2026-04-23_20260423-000000_slice_lfp_rhythm.h5,1242877.335,1776889800000.0,2026-04-23T04:30:00+08:00,14.385154340277778,14,4.5,0.9238795325112867,0.38268343236508984,1,0,2,reversal_frequency_rule,52.348388671875,0,unlearned,0.17254431545734406,2,right_bias,61,59,59,1,0,1,0,0,0,1,nan,nan,nan,nan,nan,nan,nan,nan,nan,nan,nan,nan,nan,nan,nan,nan,nan,nan,nan,nan,nan,nan,nan,nan,nan,nan,nan,nan,nan,nan,nan,nan,nan,nan,nan,nan,nan,nan,nan,nan,nan,nan,nan,nan,nan,nan,nan,nan,nan,nan,nan,nan,nan,nan,nan,nan,nan,nan,nan,nan,nan,nan,nan,nan,nan
595,27,BW08_slice_001_2026-04-23_20260423-000000_slice_lfp_rhythm.h5,1242877.335,1776889800000.0,2026-04-23T04:30:00+08:00,14.385154340277778,14,4.5,0.9238795325112867,0.38268343236508984,1,0,2,reversal_frequency_rule,52.348388671875,0,unlearned,0.17254431545734406,2,right_bias,61,59,59,1,0,1,0,0,0,1,nan,nan,nan,nan,nan,nan,nan,nan,nan,nan,nan,nan,nan,nan,nan,nan,nan,nan,nan,nan,nan,nan,nan,nan,nan,nan,nan,nan,nan,nan,nan,nan,nan,nan,nan,nan,nan,nan,nan,nan,nan,nan,nan,nan,nan,nan,nan,nan,nan,nan,nan,nan,nan,nan,nan,nan,nan,nan,nan,nan,nan,nan,nan,nan,nan
596,27,BW08_slice_001_2026-04-23_20260423-000000_slice_lfp_rhythm.h5,1246477.335,1776893400000.0,2026-04-23T05:30:00+08:00,14.426821006944444,14,5.5,0.9914448613738104,0.1305261922200517,1,0,2,reversal_frequency_rule,52.348388671875,0,unlearned,0.17254431545734406,2,right_bias,0,0,0,3,0,1,0,0,0,1,nan,nan,nan,nan,nan,nan,nan,nan,nan,nan,nan,nan,nan,nan,nan,nan,nan,nan,nan,nan,nan,nan,nan,nan,nan,nan,nan,nan,nan,nan,nan,nan,nan,nan,nan,nan,nan,nan,nan,nan,nan,nan,nan,nan,nan,nan,nan,nan,nan,nan,nan,nan,nan,nan,nan,nan,nan,nan,nan,nan,nan,nan,nan,nan,nan
597,26,BW08_slice_001_2026-04-23_20260423-000000_slice_lfp_rhythm.h5,1246477.335,1776893400000.0,2026-04-23T05:30:00+08:00,14.426821006944444,14,5.5,0.9914448613738104,0.1305261922200517,1,0,2,reversal_frequency_rule,52.348388671875,0,unlearned,0.17254431545734406,2,right_bias,0,0,0,3,0,1,0,0,0,1,nan,nan,nan,nan,nan,nan,nan,nan,nan,nan,nan,nan,nan,nan,nan,nan,nan,nan,nan,nan,nan,nan,nan,nan,nan,nan,nan,nan,nan,nan,nan,nan,nan,nan,nan,nan,nan,nan,nan,nan,nan,nan,nan,nan,nan,nan,nan,nan,nan,nan,nan,nan,nan,nan,nan,nan,nan,nan,nan,nan,nan,nan,nan,nan,nan
598,26,BW08_slice_001_2026-04-23_20260423-000000_slice_lfp_rhythm.h5,1250077.335,1776897000000.0,2026-04-23T06:30:00+08:00,14.468487673611111,14,6.5,0.9914448613738104,-0.1305261922200516,0,0,2,reversal_frequency_rule,45.83967590332031,0,unlearned,0.3988085985183716,2,right_bias,1,1,1,2,0,1,0,0,0,1,nan,nan,nan,nan,nan,nan,nan,nan,nan,nan,nan,nan,nan,nan,nan,nan,nan,nan,nan,nan,nan,nan,nan,nan,nan,nan,nan,nan,nan,nan,nan,nan,nan,nan,nan,nan,nan,nan,nan,nan,nan,nan,nan,nan,nan,nan,nan,nan,nan,nan,nan,nan,nan,nan,nan,nan,nan,nan,nan,nan,nan,nan,nan,nan,nan
599,27,BW08_slice_001_2026-04-23_20260423-000000_slice_lfp_rhythm.h5,1250077.335,1776897000000.0,2026-04-23T06:30:00+08:00,14.468487673611111,14,6.5,0.9914448613738104,-0.1305261922200516,0,0,2,reversal_frequency_rule,45.83967590332031,0,unlearned,0.3988085985183716,2,right_bias,1,1,1,2,0,1,0,0,0,1,nan,nan,nan,nan,nan,nan,nan,nan,nan,nan,nan,nan,nan,nan,nan,nan,nan,nan,nan,nan,nan,nan,nan,nan,nan,nan,nan,nan,nan,nan,nan,nan,nan,nan,nan,nan,nan,nan,nan,nan,nan,nan,nan,nan,nan,nan,nan,nan,nan,nan,nan,nan,nan,nan,nan,nan,nan,nan,nan,nan,nan,nan,nan,nan,nan
600,26,BW08_slice_001_2026-04-23_20260423-000000_slice_lfp_rhythm.h5,1253677.335,1776900600000.0,2026-04-23T07:30:00+08:00,14.510154340277778,14,7.5,0.9238795325112868,-0.3826834323650895,0,0,2,reversal_frequency_rule,47.02110290527344,0,unlearned,0.3820631802082062,2,right_bias,1,1,1,2,0,1,0,0,0,1,nan,nan,nan,nan,nan,nan,nan,nan,nan,nan,nan,nan,nan,nan,nan,nan,nan,nan,nan,nan,nan,nan,nan,nan,nan,nan,nan,nan,nan,nan,nan,nan,nan,nan,nan,nan,nan,nan,nan,nan,nan,nan,nan,nan,nan,nan,nan,nan,nan,nan,nan,nan,nan,nan,nan,nan,nan,nan,nan,nan,nan,nan,nan,nan,nan
601,27,BW08_slice_001_2026-04-23_20260423-000000_slice_lfp_rhythm.h5,1253677.335,1776900600000.0,2026-04-23T07:30:00+08:00,14.510154340277778,14,7.5,0.9238795325112868,-0.3826834323650895,0,0,2,reversal_frequency_rule,47.02110290527344,0,unlearned,0.3820631802082062,2,right_bias,1,1,1,2,0,1,0,0,0,1,nan,nan,nan,nan,nan,nan,nan,nan,nan,nan,nan,nan,nan,nan,nan,nan,nan,nan,nan,nan,nan,nan,nan,nan,nan,nan,nan,nan,nan,nan,nan,nan,nan,nan,nan,nan,nan,nan,nan,nan,nan,nan,nan,nan,nan,nan,nan,nan,nan,nan,nan,nan,nan,nan,nan,nan,nan,nan,nan,nan,nan,nan,nan,nan,nan
