target,test_family,n_obs,r2_base,r2_full,delta_r2,permutation_p,fdr_q,top_term,top_beta,effect_sign,low_confidence,base_terms,test_terms,analysis_family,target_class,natural_state,natural_state_token,channel_group,channel_group_token,band,band_token,feature_scope
state_nrem_acad_delta_whole_slice_norm,rule_block,468,0.4636110718749572,0.5418200177322909,0.07820894585733373,0.000999000999000999,0.11988011988011987,rule_reversal_frequency,-0.18589915860590941,negative,0,"[""elapsed_day"", ""circadian_sin"", ""circadian_cos"", ""occ_wake"", ""occ_miniwake"", ""occ_nrem"", ""occ_rem""]","[""rule_frequency"", ""rule_reversal_frequency""]",lfp_behavior_modulation,state_lfp,NREM,nrem,ACAd,acad,delta,delta,whole_slice_norm
state_wake_mos_delta_whole_slice_norm,rule_block,526,0.2740989938001457,0.34423561681262294,0.07013662301247725,0.000999000999000999,0.11988011988011987,rule_reversal_frequency,-0.23842200828870902,negative,0,"[""elapsed_day"", ""circadian_sin"", ""circadian_cos"", ""occ_wake"", ""occ_miniwake"", ""occ_nrem"", ""occ_rem""]","[""rule_frequency"", ""rule_reversal_frequency""]",lfp_behavior_modulation,state_lfp,Wake,wake,MOs,mos,delta,delta,whole_slice_norm
state_nrem_acad_delta_whole_slice_norm,behavior_all,468,0.4636110718749572,0.5546489675234567,0.09103789564849951,0.002997002997002997,0.1918081918081918,rule_reversal_frequency,-0.13862309730033212,negative,0,"[""elapsed_day"", ""circadian_sin"", ""circadian_cos"", ""occ_wake"", ""occ_miniwake"", ""occ_nrem"", ""occ_rem""]","[""rule_frequency"", ""rule_reversal_frequency"", ""perf_intermediate"", ""perf_learned"", ""bias_left"", ""bias_right""]",lfp_behavior_modulation,state_lfp,NREM,nrem,ACAd,acad,delta,delta,whole_slice_norm
state_nrem_acad_delta_whole_slice_norm,learning_stage_block,468,0.4636110718749572,0.5145143364014328,0.050903264526475644,0.003996003996003996,0.1918081918081918,perf_learned,-0.09443794081377065,negative,0,"[""elapsed_day"", ""circadian_sin"", ""circadian_cos"", ""occ_wake"", ""occ_miniwake"", ""occ_nrem"", ""occ_rem""]","[""perf_intermediate"", ""perf_learned""]",lfp_behavior_modulation,state_lfp,NREM,nrem,ACAd,acad,delta,delta,whole_slice_norm
lfp_mos_delta_whole_slice_norm,rule_block,526,0.7763452596833462,0.8006152782490042,0.024270018565658025,0.003996003996003996,0.1918081918081918,rule_reversal_frequency,-0.1470248193745869,negative,0,"[""elapsed_day"", ""circadian_sin"", ""circadian_cos"", ""occ_wake"", ""occ_miniwake"", ""occ_nrem"", ""occ_rem""]","[""rule_frequency"", ""rule_reversal_frequency""]",lfp_behavior_modulation,global_lfp,global,global,MOs,mos,delta,delta,whole_slice_norm
state_wake_mos_delta_whole_slice_norm,behavior_all,526,0.2740989938001457,0.35019365686611637,0.07609466306597068,0.011988011988011988,0.4110175538746967,rule_reversal_frequency,-0.21386302463002482,negative,0,"[""elapsed_day"", ""circadian_sin"", ""circadian_cos"", ""occ_wake"", ""occ_miniwake"", ""occ_nrem"", ""occ_rem""]","[""rule_frequency"", ""rule_reversal_frequency"", ""perf_intermediate"", ""perf_learned"", ""bias_left"", ""bias_right""]",lfp_behavior_modulation,state_lfp,Wake,wake,MOs,mos,delta,delta,whole_slice_norm
state_rem_acad_delta_whole_slice_norm,rule_block,350,0.26980964336646474,0.3088693811699741,0.03905973780350935,0.011988011988011988,0.4110175538746967,rule_reversal_frequency,-0.35453607738330506,negative,0,"[""elapsed_day"", ""circadian_sin"", ""circadian_cos"", ""occ_wake"", ""occ_miniwake"", ""occ_nrem"", ""occ_rem""]","[""rule_frequency"", ""rule_reversal_frequency""]",lfp_behavior_modulation,state_lfp,REM,rem,ACAd,acad,delta,delta,whole_slice_norm
lfp_mos_delta_whole_slice_norm,behavior_all,526,0.7763452596833462,0.8036406074799294,0.027295347796583158,0.014985014985014986,0.44400044400044403,rule_reversal_frequency,-0.1720843608426648,negative,0,"[""elapsed_day"", ""circadian_sin"", ""circadian_cos"", ""occ_wake"", ""occ_miniwake"", ""occ_nrem"", ""occ_rem""]","[""rule_frequency"", ""rule_reversal_frequency"", ""perf_intermediate"", ""perf_learned"", ""bias_left"", ""bias_right""]",lfp_behavior_modulation,global_lfp,global,global,MOs,mos,delta,delta,whole_slice_norm
state_wake_pl_gamma_whole_slice_norm,behavior_all,526,0.025040846354297597,0.19788348155542212,0.17284263520112453,0.016983016983016984,0.44400044400044403,rule_reversal_frequency,-0.35090361326552555,negative,0,"[""elapsed_day"", ""circadian_sin"", ""circadian_cos"", ""occ_wake"", ""occ_miniwake"", ""occ_nrem"", ""occ_rem""]","[""rule_frequency"", ""rule_reversal_frequency"", ""perf_intermediate"", ""perf_learned"", ""bias_left"", ""bias_right""]",lfp_behavior_modulation,state_lfp,Wake,wake,PL,pl,gamma,gamma,whole_slice_norm
state_wake_ila_theta_whole_slice_norm,rule_block,526,0.209127985761138,0.26262811397887453,0.05350012821773653,0.02097902097902098,0.44400044400044403,rule_reversal_frequency,-0.19956159903171336,negative,0,"[""elapsed_day"", ""circadian_sin"", ""circadian_cos"", ""occ_wake"", ""occ_miniwake"", ""occ_nrem"", ""occ_rem""]","[""rule_frequency"", ""rule_reversal_frequency""]",lfp_behavior_modulation,state_lfp,Wake,wake,ILA,ila,theta,theta,whole_slice_norm
state_rem_ila_delta_whole_slice_norm,learning_stage_block,350,0.21736066423847022,0.26540484530936603,0.04804418107089581,0.02197802197802198,0.44400044400044403,perf_intermediate,-0.24118034605229793,negative,0,"[""elapsed_day"", ""circadian_sin"", ""circadian_cos"", ""occ_wake"", ""occ_miniwake"", ""occ_nrem"", ""occ_rem""]","[""perf_intermediate"", ""perf_learned""]",lfp_behavior_modulation,state_lfp,REM,rem,ILA,ila,delta,delta,whole_slice_norm
state_rem_acad_delta_whole_slice_norm,learning_stage_block,350,0.26980964336646474,0.3113859031846562,0.04157625981819146,0.026973026973026972,0.44400044400044403,perf_intermediate,-0.23465620266630566,negative,0,"[""elapsed_day"", ""circadian_sin"", ""circadian_cos"", ""occ_wake"", ""occ_miniwake"", ""occ_nrem"", ""occ_rem""]","[""perf_intermediate"", ""perf_learned""]",lfp_behavior_modulation,state_lfp,REM,rem,ACAd,acad,delta,delta,whole_slice_norm
state_nrem_acad_delta_whole_slice_norm,bias_block,468,0.4636110718749572,0.49515382345728254,0.031542751582325335,0.027972027972027972,0.44400044400044403,bias_left,0.03779418897903496,positive,0,"[""elapsed_day"", ""circadian_sin"", ""circadian_cos"", ""occ_wake"", ""occ_miniwake"", ""occ_nrem"", ""occ_rem""]","[""bias_left"", ""bias_right""]",lfp_behavior_modulation,state_lfp,NREM,nrem,ACAd,acad,delta,delta,whole_slice_norm
state_wake_ila_delta_whole_slice_norm,rule_block,526,0.20752743984567867,0.25427766496742643,0.04675022512174776,0.028971028971028972,0.44400044400044403,rule_reversal_frequency,-0.2278796508747833,negative,0,"[""elapsed_day"", ""circadian_sin"", ""circadian_cos"", ""occ_wake"", ""occ_miniwake"", ""occ_nrem"", ""occ_rem""]","[""rule_frequency"", ""rule_reversal_frequency""]",lfp_behavior_modulation,state_lfp,Wake,wake,ILA,ila,delta,delta,whole_slice_norm
state_rem_acad_delta_whole_slice_norm,behavior_all,350,0.26980964336646474,0.3361937668146042,0.06638412344813949,0.029970029970029972,0.44400044400044403,rule_reversal_frequency,-0.27745675800312436,negative,0,"[""elapsed_day"", ""circadian_sin"", ""circadian_cos"", ""occ_wake"", ""occ_miniwake"", ""occ_nrem"", ""occ_rem""]","[""rule_frequency"", ""rule_reversal_frequency"", ""perf_intermediate"", ""perf_learned"", ""bias_left"", ""bias_right""]",lfp_behavior_modulation,state_lfp,REM,rem,ACAd,acad,delta,delta,whole_slice_norm
state_rem_acad_gamma_whole_slice_norm,bias_block,350,0.018306763076951005,0.09153402403914157,0.07322726096219057,0.030969030969030968,0.44400044400044403,bias_left,-0.12261931331896633,negative,0,"[""elapsed_day"", ""circadian_sin"", ""circadian_cos"", ""occ_wake"", ""occ_miniwake"", ""occ_nrem"", ""occ_rem""]","[""bias_left"", ""bias_right""]",lfp_behavior_modulation,state_lfp,REM,rem,ACAd,acad,gamma,gamma,whole_slice_norm
state_wake_pl_theta_whole_slice_norm,rule_block,526,0.17507679552899813,0.2151470624332238,0.04007026690422566,0.03396603396603397,0.44400044400044403,rule_reversal_frequency,-0.23030993774029168,negative,0,"[""elapsed_day"", ""circadian_sin"", ""circadian_cos"", ""occ_wake"", ""occ_miniwake"", ""occ_nrem"", ""occ_rem""]","[""rule_frequency"", ""rule_reversal_frequency""]",lfp_behavior_modulation,state_lfp,Wake,wake,PL,pl,theta,theta,whole_slice_norm
state_wake_mos_delta_whole_slice_norm,learning_stage_block,526,0.2740989938001457,0.3121647864694711,0.038065792669325416,0.03496503496503497,0.44400044400044403,perf_intermediate,-0.10277441922890404,negative,0,"[""elapsed_day"", ""circadian_sin"", ""circadian_cos"", ""occ_wake"", ""occ_miniwake"", ""occ_nrem"", ""occ_rem""]","[""perf_intermediate"", ""perf_learned""]",lfp_behavior_modulation,state_lfp,Wake,wake,MOs,mos,delta,delta,whole_slice_norm
lfp_ila_delta_whole_slice_norm,rule_block,526,0.4320717341386058,0.4594457528224135,0.027374018683807733,0.03596403596403597,0.44400044400044403,rule_reversal_frequency,-0.191097903900384,negative,0,"[""elapsed_day"", ""circadian_sin"", ""circadian_cos"", ""occ_wake"", ""occ_miniwake"", ""occ_nrem"", ""occ_rem""]","[""rule_frequency"", ""rule_reversal_frequency""]",lfp_behavior_modulation,global_lfp,global,global,ILA,ila,delta,delta,whole_slice_norm
state_wake_acad_theta_whole_slice_norm,rule_block,526,0.07593432555409685,0.13405137429543734,0.058117048741340493,0.03796203796203796,0.44400044400044403,rule_reversal_frequency,-0.1819147802061321,negative,0,"[""elapsed_day"", ""circadian_sin"", ""circadian_cos"", ""occ_wake"", ""occ_miniwake"", ""occ_nrem"", ""occ_rem""]","[""rule_frequency"", ""rule_reversal_frequency""]",lfp_behavior_modulation,state_lfp,Wake,wake,ACAd,acad,theta,theta,whole_slice_norm
lfp_ila_theta_whole_slice_norm,rule_block,526,0.38436097611741105,0.416616282301128,0.03225530618371697,0.03896103896103896,0.44400044400044403,rule_reversal_frequency,-0.13565943015882467,negative,0,"[""elapsed_day"", ""circadian_sin"", ""circadian_cos"", ""occ_wake"", ""occ_miniwake"", ""occ_nrem"", ""occ_rem""]","[""rule_frequency"", ""rule_reversal_frequency""]",lfp_behavior_modulation,global_lfp,global,global,ILA,ila,theta,theta,whole_slice_norm
state_working_ila_delta_whole_slice_norm,learning_stage_block,204,0.11122710182160755,0.17831337226088173,0.06708627043927418,0.04395604395604396,0.44400044400044403,perf_learned,-0.24288102342204482,negative,0,"[""elapsed_day"", ""circadian_sin"", ""circadian_cos"", ""occ_wake"", ""occ_miniwake"", ""occ_nrem"", ""occ_rem""]","[""perf_intermediate"", ""perf_learned""]",lfp_behavior_modulation,state_lfp,Working,working,ILA,ila,delta,delta,whole_slice_norm
state_rem_ila_delta_whole_slice_norm,rule_block,350,0.21736066423847022,0.24876146563620316,0.031400801397732936,0.04595404595404595,0.44400044400044403,rule_reversal_frequency,-0.3030232274637979,negative,0,"[""elapsed_day"", ""circadian_sin"", ""circadian_cos"", ""occ_wake"", ""occ_miniwake"", ""occ_nrem"", ""occ_rem""]","[""rule_frequency"", ""rule_reversal_frequency""]",lfp_behavior_modulation,state_lfp,REM,rem,ILA,ila,delta,delta,whole_slice_norm
state_nrem_mos_theta_whole_slice_norm,learning_stage_block,468,0.53029792497825,0.5875994773513811,0.05730155237313106,0.04795204795204795,0.44400044400044403,perf_intermediate,0.09842645501005032,positive,0,"[""elapsed_day"", ""circadian_sin"", ""circadian_cos"", ""occ_wake"", ""occ_miniwake"", ""occ_nrem"", ""occ_rem""]","[""perf_intermediate"", ""perf_learned""]",lfp_behavior_modulation,state_lfp,NREM,nrem,MOs,mos,theta,theta,whole_slice_norm
state_working_mos_delta_whole_slice_norm,rule_block,204,0.12945836812835432,0.1677373055113387,0.03827893738298438,0.04895104895104895,0.44400044400044403,rule_reversal_frequency,-0.19600226164547718,negative,0,"[""elapsed_day"", ""circadian_sin"", ""circadian_cos"", ""occ_wake"", ""occ_miniwake"", ""occ_nrem"", ""occ_rem""]","[""rule_frequency"", ""rule_reversal_frequency""]",lfp_behavior_modulation,state_lfp,Working,working,MOs,mos,delta,delta,whole_slice_norm
state_wake_acad_gamma_whole_slice_norm,bias_block,526,0.21944968152416044,0.2711447841317264,0.051695102607565935,0.04995004995004995,0.44400044400044403,bias_left,-0.11106939942302768,negative,0,"[""elapsed_day"", ""circadian_sin"", ""circadian_cos"", ""occ_wake"", ""occ_miniwake"", ""occ_nrem"", ""occ_rem""]","[""bias_left"", ""bias_right""]",lfp_behavior_modulation,state_lfp,Wake,wake,ACAd,acad,gamma,gamma,whole_slice_norm
state_nrem_ila_delta_whole_slice_norm,rule_block,468,0.25152725639683615,0.27559027905434685,0.024063022657510702,0.04995004995004995,0.44400044400044403,rule_reversal_frequency,-0.18537270167756204,negative,0,"[""elapsed_day"", ""circadian_sin"", ""circadian_cos"", ""occ_wake"", ""occ_miniwake"", ""occ_nrem"", ""occ_rem""]","[""rule_frequency"", ""rule_reversal_frequency""]",lfp_behavior_modulation,state_lfp,NREM,nrem,ILA,ila,delta,delta,whole_slice_norm
state_rem_ila_gamma_whole_slice_norm,bias_block,350,0.059679333649081845,0.1288150915573455,0.06913575790826365,0.053946053946053944,0.46239474810903386,bias_left,-0.5911990272604405,negative,0,"[""elapsed_day"", ""circadian_sin"", ""circadian_cos"", ""occ_wake"", ""occ_miniwake"", ""occ_nrem"", ""occ_rem""]","[""bias_left"", ""bias_right""]",lfp_behavior_modulation,state_lfp,REM,rem,ILA,ila,gamma,gamma,whole_slice_norm
state_wake_pl_gamma_whole_slice_norm,rule_block,526,0.025040846354297597,0.10289863208951477,0.07785778573521718,0.059940059940059943,0.47499670141179573,rule_reversal_frequency,-0.26706482763089984,negative,0,"[""elapsed_day"", ""circadian_sin"", ""circadian_cos"", ""occ_wake"", ""occ_miniwake"", ""occ_nrem"", ""occ_rem""]","[""rule_frequency"", ""rule_reversal_frequency""]",lfp_behavior_modulation,state_lfp,Wake,wake,PL,pl,gamma,gamma,whole_slice_norm
state_nrem_ila_theta_whole_slice_norm,bias_block,468,0.45693821490782627,0.4764676948291289,0.019529479921302606,0.061938061938061936,0.47499670141179573,bias_left,0.0603200633210845,positive,0,"[""elapsed_day"", ""circadian_sin"", ""circadian_cos"", ""occ_wake"", ""occ_miniwake"", ""occ_nrem"", ""occ_rem""]","[""bias_left"", ""bias_right""]",lfp_behavior_modulation,state_lfp,NREM,nrem,ILA,ila,theta,theta,whole_slice_norm
state_wake_ila_theta_whole_slice_norm,behavior_all,526,0.209127985761138,0.2811826694413615,0.0720546836802235,0.06293706293706294,0.47499670141179573,rule_reversal_frequency,-0.2064529085778277,negative,0,"[""elapsed_day"", ""circadian_sin"", ""circadian_cos"", ""occ_wake"", ""occ_miniwake"", ""occ_nrem"", ""occ_rem""]","[""rule_frequency"", ""rule_reversal_frequency"", ""perf_intermediate"", ""perf_learned"", ""bias_left"", ""bias_right""]",lfp_behavior_modulation,state_lfp,Wake,wake,ILA,ila,theta,theta,whole_slice_norm
state_nrem_mos_delta_whole_slice_norm,rule_block,468,0.5587824297907262,0.5822884993660269,0.02350606957530066,0.06393606393606394,0.47499670141179573,rule_reversal_frequency,-0.12665457338581182,negative,0,"[""elapsed_day"", ""circadian_sin"", ""circadian_cos"", ""occ_wake"", ""occ_miniwake"", ""occ_nrem"", ""occ_rem""]","[""rule_frequency"", ""rule_reversal_frequency""]",lfp_behavior_modulation,state_lfp,NREM,nrem,MOs,mos,delta,delta,whole_slice_norm
state_working_mos_delta_whole_slice_norm,learning_stage_block,204,0.12945836812835432,0.183458019874444,0.05399965174608967,0.06593406593406594,0.47499670141179573,perf_learned,-0.1361274817357956,negative,0,"[""elapsed_day"", ""circadian_sin"", ""circadian_cos"", ""occ_wake"", ""occ_miniwake"", ""occ_nrem"", ""occ_rem""]","[""perf_intermediate"", ""perf_learned""]",lfp_behavior_modulation,state_lfp,Working,working,MOs,mos,delta,delta,whole_slice_norm
state_wake_ila_delta_whole_slice_norm,behavior_all,526,0.20752743984567867,0.2689519218646679,0.0614244820189892,0.07592407592407592,0.47499670141179573,rule_reversal_frequency,-0.26160336280959695,negative,0,"[""elapsed_day"", ""circadian_sin"", ""circadian_cos"", ""occ_wake"", ""occ_miniwake"", ""occ_nrem"", ""occ_rem""]","[""rule_frequency"", ""rule_reversal_frequency"", ""perf_intermediate"", ""perf_learned"", ""bias_left"", ""bias_right""]",lfp_behavior_modulation,state_lfp,Wake,wake,ILA,ila,delta,delta,whole_slice_norm
state_nrem_acad_theta_whole_slice_norm,learning_stage_block,468,0.442635222741929,0.4621067815829605,0.019471558841031467,0.07692307692307693,0.47499670141179573,perf_learned,-0.03008898682371001,negative,0,"[""elapsed_day"", ""circadian_sin"", ""circadian_cos"", ""occ_wake"", ""occ_miniwake"", ""occ_nrem"", ""occ_rem""]","[""perf_intermediate"", ""perf_learned""]",lfp_behavior_modulation,state_lfp,NREM,nrem,ACAd,acad,theta,theta,whole_slice_norm
lfp_ila_theta_whole_slice_norm,bias_block,526,0.38436097611741105,0.408782499738672,0.024421523621260932,0.07792207792207792,0.47499670141179573,bias_right,-0.07521639706414869,negative,0,"[""elapsed_day"", ""circadian_sin"", ""circadian_cos"", ""occ_wake"", ""occ_miniwake"", ""occ_nrem"", ""occ_rem""]","[""bias_left"", ""bias_right""]",lfp_behavior_modulation,global_lfp,global,global,ILA,ila,theta,theta,whole_slice_norm
lfp_acad_gamma_whole_slice_norm,bias_block,526,0.31394829144363234,0.35506954144095115,0.04112124999731881,0.07892107892107893,0.47499670141179573,bias_left,-0.10543406474656128,negative,0,"[""elapsed_day"", ""circadian_sin"", ""circadian_cos"", ""occ_wake"", ""occ_miniwake"", ""occ_nrem"", ""occ_rem""]","[""bias_left"", ""bias_right""]",lfp_behavior_modulation,global_lfp,global,global,ACAd,acad,gamma,gamma,whole_slice_norm
lfp_acad_delta_whole_slice_norm,rule_block,526,0.35130833413774465,0.37216225213674736,0.020853917999002713,0.08191808191808192,0.47499670141179573,rule_reversal_frequency,-0.12754385095951365,negative,0,"[""elapsed_day"", ""circadian_sin"", ""circadian_cos"", ""occ_wake"", ""occ_miniwake"", ""occ_nrem"", ""occ_rem""]","[""rule_frequency"", ""rule_reversal_frequency""]",lfp_behavior_modulation,global_lfp,global,global,ACAd,acad,delta,delta,whole_slice_norm
state_working_mos_delta_whole_slice_norm,bias_block,204,0.12945836812835432,0.17124801163122683,0.04178964350287251,0.08291708291708291,0.47499670141179573,bias_left,0.1237680879187342,positive,0,"[""elapsed_day"", ""circadian_sin"", ""circadian_cos"", ""occ_wake"", ""occ_miniwake"", ""occ_nrem"", ""occ_rem""]","[""bias_left"", ""bias_right""]",lfp_behavior_modulation,state_lfp,Working,working,MOs,mos,delta,delta,whole_slice_norm
lfp_ila_theta_whole_slice_norm,behavior_all,526,0.38436097611741105,0.433222178917276,0.048861202799864945,0.08391608391608392,0.47499670141179573,rule_reversal_frequency,-0.14207251768075174,negative,0,"[""elapsed_day"", ""circadian_sin"", ""circadian_cos"", ""occ_wake"", ""occ_miniwake"", ""occ_nrem"", ""occ_rem""]","[""rule_frequency"", ""rule_reversal_frequency"", ""perf_intermediate"", ""perf_learned"", ""bias_left"", ""bias_right""]",lfp_behavior_modulation,global_lfp,global,global,ILA,ila,theta,theta,whole_slice_norm
state_rem_mos_delta_whole_slice_norm,rule_block,350,0.2955370082994814,0.3078960931661465,0.012359084866665149,0.08691308691308691,0.47499670141179573,rule_reversal_frequency,-0.24515258568129408,negative,0,"[""elapsed_day"", ""circadian_sin"", ""circadian_cos"", ""occ_wake"", ""occ_miniwake"", ""occ_nrem"", ""occ_rem""]","[""rule_frequency"", ""rule_reversal_frequency""]",lfp_behavior_modulation,state_lfp,REM,rem,MOs,mos,delta,delta,whole_slice_norm
state_rem_ila_delta_whole_slice_norm,behavior_all,350,0.21736066423847022,0.28081882588706975,0.06345816164859952,0.08791208791208792,0.47499670141179573,perf_intermediate,-0.19891307028363403,negative,0,"[""elapsed_day"", ""circadian_sin"", ""circadian_cos"", ""occ_wake"", ""occ_miniwake"", ""occ_nrem"", ""occ_rem""]","[""rule_frequency"", ""rule_reversal_frequency"", ""perf_intermediate"", ""perf_learned"", ""bias_left"", ""bias_right""]",lfp_behavior_modulation,state_lfp,REM,rem,ILA,ila,delta,delta,whole_slice_norm
state_wake_ila_gamma_whole_slice_norm,behavior_all,526,0.03766252471539444,0.1311340975462817,0.09347157283088725,0.0899100899100899,0.47499670141179573,rule_reversal_frequency,-0.18371583643165446,negative,0,"[""elapsed_day"", ""circadian_sin"", ""circadian_cos"", ""occ_wake"", ""occ_miniwake"", ""occ_nrem"", ""occ_rem""]","[""rule_frequency"", ""rule_reversal_frequency"", ""perf_intermediate"", ""perf_learned"", ""bias_left"", ""bias_right""]",lfp_behavior_modulation,state_lfp,Wake,wake,ILA,ila,gamma,gamma,whole_slice_norm
state_working_pl_delta_whole_slice_norm,learning_stage_block,204,0.13444387373390865,0.17936970696706644,0.0449258332331578,0.0899100899100899,0.47499670141179573,perf_learned,-0.4164788958377525,negative,0,"[""elapsed_day"", ""circadian_sin"", ""circadian_cos"", ""occ_wake"", ""occ_miniwake"", ""occ_nrem"", ""occ_rem""]","[""perf_intermediate"", ""perf_learned""]",lfp_behavior_modulation,state_lfp,Working,working,PL,pl,delta,delta,whole_slice_norm
state_rem_ila_theta_whole_slice_norm,bias_block,350,0.3171542458559191,0.33648545516527906,0.019331209309359942,0.09090909090909091,0.47499670141179573,bias_right,-0.11720494707473517,negative,0,"[""elapsed_day"", ""circadian_sin"", ""circadian_cos"", ""occ_wake"", ""occ_miniwake"", ""occ_nrem"", ""occ_rem""]","[""bias_left"", ""bias_right""]",lfp_behavior_modulation,state_lfp,REM,rem,ILA,ila,theta,theta,whole_slice_norm
lfp_pl_theta_whole_slice_norm,rule_block,526,0.4065528199229389,0.42069819724475266,0.014145377321813757,0.0919080919080919,0.47499670141179573,rule_reversal_frequency,-0.16830108311783015,negative,0,"[""elapsed_day"", ""circadian_sin"", ""circadian_cos"", ""occ_wake"", ""occ_miniwake"", ""occ_nrem"", ""occ_rem""]","[""rule_frequency"", ""rule_reversal_frequency""]",lfp_behavior_modulation,global_lfp,global,global,PL,pl,theta,theta,whole_slice_norm
state_rem_ila_theta_whole_slice_norm,rule_block,350,0.3171542458559191,0.3288966631205825,0.011742417264663407,0.0969030969030969,0.47499670141179573,rule_reversal_frequency,-0.1165483651697112,negative,0,"[""elapsed_day"", ""circadian_sin"", ""circadian_cos"", ""occ_wake"", ""occ_miniwake"", ""occ_nrem"", ""occ_rem""]","[""rule_frequency"", ""rule_reversal_frequency""]",lfp_behavior_modulation,state_lfp,REM,rem,ILA,ila,theta,theta,whole_slice_norm
lfp_ila_delta_whole_slice_norm,behavior_all,526,0.4320717341386058,0.47226050137667663,0.040188767238070855,0.0999000999000999,0.47499670141179573,rule_reversal_frequency,-0.2011690888831309,negative,0,"[""elapsed_day"", ""circadian_sin"", ""circadian_cos"", ""occ_wake"", ""occ_miniwake"", ""occ_nrem"", ""occ_rem""]","[""rule_frequency"", ""rule_reversal_frequency"", ""perf_intermediate"", ""perf_learned"", ""bias_left"", ""bias_right""]",lfp_behavior_modulation,global_lfp,global,global,ILA,ila,delta,delta,whole_slice_norm
lfp_pl_gamma_whole_slice_norm,behavior_all,526,0.03268662369783626,0.13965799329656658,0.10697136959873033,0.1008991008991009,0.47499670141179573,rule_reversal_frequency,-0.3259017636853145,negative,0,"[""elapsed_day"", ""circadian_sin"", ""circadian_cos"", ""occ_wake"", ""occ_miniwake"", ""occ_nrem"", ""occ_rem""]","[""rule_frequency"", ""rule_reversal_frequency"", ""perf_intermediate"", ""perf_learned"", ""bias_left"", ""bias_right""]",lfp_behavior_modulation,global_lfp,global,global,PL,pl,gamma,gamma,whole_slice_norm
state_rem_acad_gamma_whole_slice_norm,behavior_all,350,0.018306763076951005,0.1349270339721379,0.1166202708951869,0.1028971028971029,0.47499670141179573,bias_left,-0.13814868202601888,negative,0,"[""elapsed_day"", ""circadian_sin"", ""circadian_cos"", ""occ_wake"", ""occ_miniwake"", ""occ_nrem"", ""occ_rem""]","[""rule_frequency"", ""rule_reversal_frequency"", ""perf_intermediate"", ""perf_learned"", ""bias_left"", ""bias_right""]",lfp_behavior_modulation,state_lfp,REM,rem,ACAd,acad,gamma,gamma,whole_slice_norm
state_wake_acad_theta_whole_slice_norm,behavior_all,526,0.07593432555409685,0.15501754270527157,0.07908321715117472,0.1028971028971029,0.47499670141179573,rule_reversal_frequency,-0.1595881212679758,negative,0,"[""elapsed_day"", ""circadian_sin"", ""circadian_cos"", ""occ_wake"", ""occ_miniwake"", ""occ_nrem"", ""occ_rem""]","[""rule_frequency"", ""rule_reversal_frequency"", ""perf_intermediate"", ""perf_learned"", ""bias_left"", ""bias_right""]",lfp_behavior_modulation,state_lfp,Wake,wake,ACAd,acad,theta,theta,whole_slice_norm
state_working_ila_delta_whole_slice_norm,bias_block,204,0.11122710182160755,0.15613370810958216,0.044906606287974604,0.1038961038961039,0.47499670141179573,bias_left,0.1546208738780395,positive,0,"[""elapsed_day"", ""circadian_sin"", ""circadian_cos"", ""occ_wake"", ""occ_miniwake"", ""occ_nrem"", ""occ_rem""]","[""bias_left"", ""bias_right""]",lfp_behavior_modulation,state_lfp,Working,working,ILA,ila,delta,delta,whole_slice_norm
state_wake_ila_gamma_whole_slice_norm,bias_block,526,0.03766252471539444,0.08477836522048299,0.047115840505088546,0.1048951048951049,0.47499670141179573,bias_left,-0.1408142850490441,negative,0,"[""elapsed_day"", ""circadian_sin"", ""circadian_cos"", ""occ_wake"", ""occ_miniwake"", ""occ_nrem"", ""occ_rem""]","[""bias_left"", ""bias_right""]",lfp_behavior_modulation,state_lfp,Wake,wake,ILA,ila,gamma,gamma,whole_slice_norm
state_rem_pl_gamma_whole_slice_norm,bias_block,350,0.06059414967447818,0.11828774358187,0.057693593907391816,0.1108891108891109,0.4827172827172827,bias_left,-0.47453663916967587,negative,0,"[""elapsed_day"", ""circadian_sin"", ""circadian_cos"", ""occ_wake"", ""occ_miniwake"", ""occ_nrem"", ""occ_rem""]","[""bias_left"", ""bias_right""]",lfp_behavior_modulation,state_lfp,REM,rem,PL,pl,gamma,gamma,whole_slice_norm
state_wake_acad_delta_whole_slice_norm,rule_block,526,0.21164829395632967,0.2316421004274516,0.019993806471121922,0.1108891108891109,0.4827172827172827,rule_reversal_frequency,-0.14072477584310283,negative,0,"[""elapsed_day"", ""circadian_sin"", ""circadian_cos"", ""occ_wake"", ""occ_miniwake"", ""occ_nrem"", ""occ_rem""]","[""rule_frequency"", ""rule_reversal_frequency""]",lfp_behavior_modulation,state_lfp,Wake,wake,ACAd,acad,delta,delta,whole_slice_norm
lfp_ila_delta_whole_slice_norm,bias_block,526,0.4320717341386058,0.45010317577059755,0.018031441631991774,0.11288711288711288,0.4827172827172827,bias_right,-0.10743685755201104,negative,0,"[""elapsed_day"", ""circadian_sin"", ""circadian_cos"", ""occ_wake"", ""occ_miniwake"", ""occ_nrem"", ""occ_rem""]","[""bias_left"", ""bias_right""]",lfp_behavior_modulation,global_lfp,global,global,ILA,ila,delta,delta,whole_slice_norm
state_working_ila_delta_whole_slice_norm,behavior_all,204,0.11122710182160755,0.19673344195979625,0.0855063401381887,0.11588411588411589,0.4827172827172827,perf_learned,-0.23111724236609546,negative,0,"[""elapsed_day"", ""circadian_sin"", ""circadian_cos"", ""occ_wake"", ""occ_miniwake"", ""occ_nrem"", ""occ_rem""]","[""rule_frequency"", ""rule_reversal_frequency"", ""perf_intermediate"", ""perf_learned"", ""bias_left"", ""bias_right""]",lfp_behavior_modulation,state_lfp,Working,working,ILA,ila,delta,delta,whole_slice_norm
state_wake_acad_theta_whole_slice_norm,learning_stage_block,526,0.07593432555409685,0.1127922960237191,0.03685797046962225,0.11688311688311688,0.4827172827172827,perf_learned,-0.08803513344413107,negative,0,"[""elapsed_day"", ""circadian_sin"", ""circadian_cos"", ""occ_wake"", ""occ_miniwake"", ""occ_nrem"", ""occ_rem""]","[""perf_intermediate"", ""perf_learned""]",lfp_behavior_modulation,state_lfp,Wake,wake,ACAd,acad,theta,theta,whole_slice_norm
state_rem_ila_theta_whole_slice_norm,behavior_all,350,0.3171542458559191,0.35610146128224296,0.038947215426323845,0.11988011988011989,0.4827172827172827,rule_reversal_frequency,-0.1402191105762388,negative,0,"[""elapsed_day"", ""circadian_sin"", ""circadian_cos"", ""occ_wake"", ""occ_miniwake"", ""occ_nrem"", ""occ_rem""]","[""rule_frequency"", ""rule_reversal_frequency"", ""perf_intermediate"", ""perf_learned"", ""bias_left"", ""bias_right""]",lfp_behavior_modulation,state_lfp,REM,rem,ILA,ila,theta,theta,whole_slice_norm
state_working_ila_delta_whole_slice_norm,rule_block,204,0.11122710182160755,0.14118863110603674,0.02996152928442919,0.12387612387612387,0.4827172827172827,rule_reversal_frequency,-0.27456821046230534,negative,0,"[""elapsed_day"", ""circadian_sin"", ""circadian_cos"", ""occ_wake"", ""occ_miniwake"", ""occ_nrem"", ""occ_rem""]","[""rule_frequency"", ""rule_reversal_frequency""]",lfp_behavior_modulation,state_lfp,Working,working,ILA,ila,delta,delta,whole_slice_norm
state_rem_acad_theta_whole_slice_norm,bias_block,350,0.2589168983536073,0.2802788453763386,0.02136194702273131,0.1258741258741259,0.4827172827172827,bias_left,-0.08638873948707151,negative,0,"[""elapsed_day"", ""circadian_sin"", ""circadian_cos"", ""occ_wake"", ""occ_miniwake"", ""occ_nrem"", ""occ_rem""]","[""bias_left"", ""bias_right""]",lfp_behavior_modulation,state_lfp,REM,rem,ACAd,acad,theta,theta,whole_slice_norm
state_wake_pl_theta_whole_slice_norm,behavior_all,526,0.17507679552899813,0.22578462926356513,0.050707833734567,0.12687312687312688,0.4827172827172827,rule_reversal_frequency,-0.2379716614813863,negative,0,"[""elapsed_day"", ""circadian_sin"", ""circadian_cos"", ""occ_wake"", ""occ_miniwake"", ""occ_nrem"", ""occ_rem""]","[""rule_frequency"", ""rule_reversal_frequency"", ""perf_intermediate"", ""perf_learned"", ""bias_left"", ""bias_right""]",lfp_behavior_modulation,state_lfp,Wake,wake,PL,pl,theta,theta,whole_slice_norm
lfp_mos_theta_whole_slice_norm,learning_stage_block,526,0.7591686810642104,0.7776294246197666,0.01846074355555616,0.12687312687312688,0.4827172827172827,perf_learned,0.07902030261370058,positive,0,"[""elapsed_day"", ""circadian_sin"", ""circadian_cos"", ""occ_wake"", ""occ_miniwake"", ""occ_nrem"", ""occ_rem""]","[""perf_intermediate"", ""perf_learned""]",lfp_behavior_modulation,global_lfp,global,global,MOs,mos,theta,theta,whole_slice_norm
state_rem_mos_theta_whole_slice_norm,learning_stage_block,350,0.3590474229950755,0.38627276501797725,0.027225342022901722,0.12987012987012986,0.4827172827172827,perf_learned,0.12346339531419467,positive,0,"[""elapsed_day"", ""circadian_sin"", ""circadian_cos"", ""occ_wake"", ""occ_miniwake"", ""occ_nrem"", ""occ_rem""]","[""perf_intermediate"", ""perf_learned""]",lfp_behavior_modulation,state_lfp,REM,rem,MOs,mos,theta,theta,whole_slice_norm
lfp_acad_theta_whole_slice_norm,rule_block,526,0.3647358369641662,0.3916211507035514,0.026885313739385186,0.13186813186813187,0.4827172827172827,rule_reversal_frequency,-0.08632005228578422,negative,0,"[""elapsed_day"", ""circadian_sin"", ""circadian_cos"", ""occ_wake"", ""occ_miniwake"", ""occ_nrem"", ""occ_rem""]","[""rule_frequency"", ""rule_reversal_frequency""]",lfp_behavior_modulation,global_lfp,global,global,ACAd,acad,theta,theta,whole_slice_norm
state_working_ila_theta_whole_slice_norm,learning_stage_block,204,0.22039631363948964,0.27583853329824615,0.05544221965875651,0.13586413586413587,0.4827172827172827,perf_learned,-0.12565911321277137,negative,0,"[""elapsed_day"", ""circadian_sin"", ""circadian_cos"", ""occ_wake"", ""occ_miniwake"", ""occ_nrem"", ""occ_rem""]","[""perf_intermediate"", ""perf_learned""]",lfp_behavior_modulation,state_lfp,Working,working,ILA,ila,theta,theta,whole_slice_norm
state_nrem_mos_delta_whole_slice_norm,behavior_all,468,0.5587824297907262,0.5947752162027355,0.035992786412009314,0.13886113886113885,0.4827172827172827,rule_reversal_frequency,-0.16995278372803704,negative,0,"[""elapsed_day"", ""circadian_sin"", ""circadian_cos"", ""occ_wake"", ""occ_miniwake"", ""occ_nrem"", ""occ_rem""]","[""rule_frequency"", ""rule_reversal_frequency"", ""perf_intermediate"", ""perf_learned"", ""bias_left"", ""bias_right""]",lfp_behavior_modulation,state_lfp,NREM,nrem,MOs,mos,delta,delta,whole_slice_norm
state_rem_acad_theta_whole_slice_norm,behavior_all,350,0.2589168983536073,0.2982600802140072,0.03934318186039987,0.13986013986013987,0.4827172827172827,bias_left,-0.10715632175269778,negative,0,"[""elapsed_day"", ""circadian_sin"", ""circadian_cos"", ""occ_wake"", ""occ_miniwake"", ""occ_nrem"", ""occ_rem""]","[""rule_frequency"", ""rule_reversal_frequency"", ""perf_intermediate"", ""perf_learned"", ""bias_left"", ""bias_right""]",lfp_behavior_modulation,state_lfp,REM,rem,ACAd,acad,theta,theta,whole_slice_norm
state_rem_pl_theta_whole_slice_norm,learning_stage_block,350,0.1484507748986723,0.1827343433754729,0.034283568476800586,0.13986013986013987,0.4827172827172827,perf_intermediate,-0.2440579937374906,negative,0,"[""elapsed_day"", ""circadian_sin"", ""circadian_cos"", ""occ_wake"", ""occ_miniwake"", ""occ_nrem"", ""occ_rem""]","[""perf_intermediate"", ""perf_learned""]",lfp_behavior_modulation,state_lfp,REM,rem,PL,pl,theta,theta,whole_slice_norm
lfp_pl_gamma_whole_slice_norm,bias_block,526,0.03268662369783626,0.07535423087924709,0.04266760718141083,0.14485514485514486,0.4827172827172827,bias_left,-0.18474839345847438,negative,0,"[""elapsed_day"", ""circadian_sin"", ""circadian_cos"", ""occ_wake"", ""occ_miniwake"", ""occ_nrem"", ""occ_rem""]","[""bias_left"", ""bias_right""]",lfp_behavior_modulation,global_lfp,global,global,PL,pl,gamma,gamma,whole_slice_norm
state_wake_ila_theta_whole_slice_norm,bias_block,526,0.209127985761138,0.23607702831129806,0.026949042550160063,0.14485514485514486,0.4827172827172827,bias_right,-0.09757201701057913,negative,0,"[""elapsed_day"", ""circadian_sin"", ""circadian_cos"", ""occ_wake"", ""occ_miniwake"", ""occ_nrem"", ""occ_rem""]","[""bias_left"", ""bias_right""]",lfp_behavior_modulation,state_lfp,Wake,wake,ILA,ila,theta,theta,whole_slice_norm
state_nrem_acad_gamma_whole_slice_norm,learning_stage_block,468,0.06471262595885374,0.09887566165273975,0.03416303569388601,0.14885114885114886,0.4827172827172827,perf_intermediate,-0.10181954808363848,negative,0,"[""elapsed_day"", ""circadian_sin"", ""circadian_cos"", ""occ_wake"", ""occ_miniwake"", ""occ_nrem"", ""occ_rem""]","[""perf_intermediate"", ""perf_learned""]",lfp_behavior_modulation,state_lfp,NREM,nrem,ACAd,acad,gamma,gamma,whole_slice_norm
state_working_pl_delta_whole_slice_norm,bias_block,204,0.13444387373390865,0.16845200948561323,0.03400813575170458,0.14885114885114886,0.4827172827172827,bias_left,0.24541388754853136,positive,0,"[""elapsed_day"", ""circadian_sin"", ""circadian_cos"", ""occ_wake"", ""occ_miniwake"", ""occ_nrem"", ""occ_rem""]","[""bias_left"", ""bias_right""]",lfp_behavior_modulation,state_lfp,Working,working,PL,pl,delta,delta,whole_slice_norm
state_nrem_pl_gamma_whole_slice_norm,bias_block,468,0.036335310452570324,0.0734412268684086,0.03710591641583827,0.15084915084915085,0.4827172827172827,bias_left,-0.282170372602125,negative,0,"[""elapsed_day"", ""circadian_sin"", ""circadian_cos"", ""occ_wake"", ""occ_miniwake"", ""occ_nrem"", ""occ_rem""]","[""bias_left"", ""bias_right""]",lfp_behavior_modulation,state_lfp,NREM,nrem,PL,pl,gamma,gamma,whole_slice_norm
state_nrem_acad_theta_whole_slice_norm,rule_block,468,0.442635222741929,0.45174504997380605,0.009109827231877032,0.15084915084915085,0.4827172827172827,rule_reversal_frequency,-0.03197383163406535,negative,0,"[""elapsed_day"", ""circadian_sin"", ""circadian_cos"", ""occ_wake"", ""occ_miniwake"", ""occ_nrem"", ""occ_rem""]","[""rule_frequency"", ""rule_reversal_frequency""]",lfp_behavior_modulation,state_lfp,NREM,nrem,ACAd,acad,theta,theta,whole_slice_norm
state_rem_mos_theta_whole_slice_norm,bias_block,350,0.3590474229950755,0.3802175353114544,0.021170112316378886,0.15784215784215785,0.4950893262581575,bias_left,-0.12995595922407394,negative,0,"[""elapsed_day"", ""circadian_sin"", ""circadian_cos"", ""occ_wake"", ""occ_miniwake"", ""occ_nrem"", ""occ_rem""]","[""bias_left"", ""bias_right""]",lfp_behavior_modulation,state_lfp,REM,rem,MOs,mos,theta,theta,whole_slice_norm
state_working_mos_delta_whole_slice_norm,behavior_all,204,0.12945836812835432,0.2040783829909134,0.07462001486255909,0.15884115884115885,0.4950893262581575,bias_left,0.09174560638039417,positive,0,"[""elapsed_day"", ""circadian_sin"", ""circadian_cos"", ""occ_wake"", ""occ_miniwake"", ""occ_nrem"", ""occ_rem""]","[""rule_frequency"", ""rule_reversal_frequency"", ""perf_intermediate"", ""perf_learned"", ""bias_left"", ""bias_right""]",lfp_behavior_modulation,state_lfp,Working,working,MOs,mos,delta,delta,whole_slice_norm
state_rem_ila_gamma_whole_slice_norm,behavior_all,350,0.059679333649081845,0.15599202140028035,0.0963126877511985,0.17082917082917082,0.5256282179359102,bias_left,-0.5526019699041403,negative,0,"[""elapsed_day"", ""circadian_sin"", ""circadian_cos"", ""occ_wake"", ""occ_miniwake"", ""occ_nrem"", ""occ_rem""]","[""rule_frequency"", ""rule_reversal_frequency"", ""perf_intermediate"", ""perf_learned"", ""bias_left"", ""bias_right""]",lfp_behavior_modulation,state_lfp,REM,rem,ILA,ila,gamma,gamma,whole_slice_norm
state_rem_pl_delta_whole_slice_norm,learning_stage_block,350,0.17608270333653586,0.19854500636139227,0.02246230302485641,0.17482517482517482,0.5268805268805269,perf_intermediate,-0.46062628207242284,negative,0,"[""elapsed_day"", ""circadian_sin"", ""circadian_cos"", ""occ_wake"", ""occ_miniwake"", ""occ_nrem"", ""occ_rem""]","[""perf_intermediate"", ""perf_learned""]",lfp_behavior_modulation,state_lfp,REM,rem,PL,pl,delta,delta,whole_slice_norm
state_nrem_ila_theta_whole_slice_norm,rule_block,468,0.45693821490782627,0.4684789787303437,0.011540763822517452,0.17682317682317683,0.5268805268805269,rule_reversal_frequency,-0.07625098317148091,negative,0,"[""elapsed_day"", ""circadian_sin"", ""circadian_cos"", ""occ_wake"", ""occ_miniwake"", ""occ_nrem"", ""occ_rem""]","[""rule_frequency"", ""rule_reversal_frequency""]",lfp_behavior_modulation,state_lfp,NREM,nrem,ILA,ila,theta,theta,whole_slice_norm
state_working_ila_gamma_whole_slice_norm,rule_block,204,0.215465962261169,0.2348249174583874,0.01935895519721842,0.17782217782217782,0.5268805268805269,rule_reversal_frequency,-0.07058609876184047,negative,0,"[""elapsed_day"", ""circadian_sin"", ""circadian_cos"", ""occ_wake"", ""occ_miniwake"", ""occ_nrem"", ""occ_rem""]","[""rule_frequency"", ""rule_reversal_frequency""]",lfp_behavior_modulation,state_lfp,Working,working,ILA,ila,gamma,gamma,whole_slice_norm
state_rem_acad_theta_whole_slice_norm,rule_block,350,0.2589168983536073,0.2665497796587033,0.007632881305095984,0.1838161838161838,0.5344053536824621,rule_reversal_frequency,-0.07058442218776052,negative,0,"[""elapsed_day"", ""circadian_sin"", ""circadian_cos"", ""occ_wake"", ""occ_miniwake"", ""occ_nrem"", ""occ_rem""]","[""rule_frequency"", ""rule_reversal_frequency""]",lfp_behavior_modulation,state_lfp,REM,rem,ACAd,acad,theta,theta,whole_slice_norm
state_wake_ila_gamma_whole_slice_norm,rule_block,526,0.03766252471539444,0.06310774996854651,0.02544522525315207,0.1848151848151848,0.5344053536824621,rule_reversal_frequency,-0.1331255924201265,negative,0,"[""elapsed_day"", ""circadian_sin"", ""circadian_cos"", ""occ_wake"", ""occ_miniwake"", ""occ_nrem"", ""occ_rem""]","[""rule_frequency"", ""rule_reversal_frequency""]",lfp_behavior_modulation,state_lfp,Wake,wake,ILA,ila,gamma,gamma,whole_slice_norm
state_wake_pl_gamma_whole_slice_norm,bias_block,526,0.025040846354297597,0.06806057832582058,0.04301973197152298,0.1928071928071928,0.547217488393959,bias_left,-0.14989795864165936,negative,0,"[""elapsed_day"", ""circadian_sin"", ""circadian_cos"", ""occ_wake"", ""occ_miniwake"", ""occ_nrem"", ""occ_rem""]","[""bias_left"", ""bias_right""]",lfp_behavior_modulation,state_lfp,Wake,wake,PL,pl,gamma,gamma,whole_slice_norm
lfp_ila_gamma_whole_slice_norm,bias_block,526,0.026812502270589067,0.058551495030783385,0.03173899276019432,0.1938061938061938,0.547217488393959,bias_left,-0.17497360865282655,negative,0,"[""elapsed_day"", ""circadian_sin"", ""circadian_cos"", ""occ_wake"", ""occ_miniwake"", ""occ_nrem"", ""occ_rem""]","[""bias_left"", ""bias_right""]",lfp_behavior_modulation,global_lfp,global,global,ILA,ila,gamma,gamma,whole_slice_norm
state_wake_mos_delta_whole_slice_norm,bias_block,526,0.2740989938001457,0.290944271862714,0.016845278062568303,0.2097902097902098,0.5854610505773296,bias_left,0.07008836372474879,positive,0,"[""elapsed_day"", ""circadian_sin"", ""circadian_cos"", ""occ_wake"", ""occ_miniwake"", ""occ_nrem"", ""occ_rem""]","[""bias_left"", ""bias_right""]",lfp_behavior_modulation,state_lfp,Wake,wake,MOs,mos,delta,delta,whole_slice_norm
lfp_acad_theta_whole_slice_norm,learning_stage_block,526,0.3647358369641662,0.387828045534503,0.02309220857033678,0.2137862137862138,0.5897550725136932,perf_learned,-0.047373241206708244,negative,0,"[""elapsed_day"", ""circadian_sin"", ""circadian_cos"", ""occ_wake"", ""occ_miniwake"", ""occ_nrem"", ""occ_rem""]","[""perf_intermediate"", ""perf_learned""]",lfp_behavior_modulation,global_lfp,global,global,ACAd,acad,theta,theta,whole_slice_norm
state_working_acad_delta_whole_slice_norm,rule_block,204,0.03298966257569913,0.059509682437783984,0.026520019862084854,0.2217782217782218,0.6034415023179068,rule_reversal_frequency,-0.2677634213336142,negative,0,"[""elapsed_day"", ""circadian_sin"", ""circadian_cos"", ""occ_wake"", ""occ_miniwake"", ""occ_nrem"", ""occ_rem""]","[""rule_frequency"", ""rule_reversal_frequency""]",lfp_behavior_modulation,state_lfp,Working,working,ACAd,acad,delta,delta,whole_slice_norm
state_rem_ila_gamma_whole_slice_norm,learning_stage_block,350,0.059679333649081845,0.09815103165682493,0.03847169800774308,0.22377622377622378,0.6034415023179068,perf_learned,0.2906902625940473,positive,0,"[""elapsed_day"", ""circadian_sin"", ""circadian_cos"", ""occ_wake"", ""occ_miniwake"", ""occ_nrem"", ""occ_rem""]","[""perf_intermediate"", ""perf_learned""]",lfp_behavior_modulation,state_lfp,REM,rem,ILA,ila,gamma,gamma,whole_slice_norm
state_working_pl_delta_whole_slice_norm,rule_block,204,0.13444387373390865,0.14821172610868516,0.013767852374776512,0.22977022977022976,0.6080517420723607,rule_reversal_frequency,-0.40028974714582116,negative,0,"[""elapsed_day"", ""circadian_sin"", ""circadian_cos"", ""occ_wake"", ""occ_miniwake"", ""occ_nrem"", ""occ_rem""]","[""rule_frequency"", ""rule_reversal_frequency""]",lfp_behavior_modulation,state_lfp,Working,working,PL,pl,delta,delta,whole_slice_norm
state_working_ila_theta_whole_slice_norm,bias_block,204,0.22039631363948964,0.25730327345823456,0.03690695981874492,0.23776223776223776,0.6080517420723607,bias_left,0.0703813160027534,positive,0,"[""elapsed_day"", ""circadian_sin"", ""circadian_cos"", ""occ_wake"", ""occ_miniwake"", ""occ_nrem"", ""occ_rem""]","[""bias_left"", ""bias_right""]",lfp_behavior_modulation,state_lfp,Working,working,ILA,ila,theta,theta,whole_slice_norm
state_wake_pl_theta_whole_slice_norm,learning_stage_block,526,0.17507679552899813,0.19304004644871997,0.01796325091972184,0.23776223776223776,0.6080517420723607,perf_intermediate,-0.09134547481433089,negative,0,"[""elapsed_day"", ""circadian_sin"", ""circadian_cos"", ""occ_wake"", ""occ_miniwake"", ""occ_nrem"", ""occ_rem""]","[""perf_intermediate"", ""perf_learned""]",lfp_behavior_modulation,state_lfp,Wake,wake,PL,pl,theta,theta,whole_slice_norm
state_rem_mos_theta_whole_slice_norm,behavior_all,350,0.3590474229950755,0.4029865406149524,0.0439391176198769,0.23876123876123875,0.6080517420723607,perf_learned,0.14492189645579479,positive,0,"[""elapsed_day"", ""circadian_sin"", ""circadian_cos"", ""occ_wake"", ""occ_miniwake"", ""occ_nrem"", ""occ_rem""]","[""rule_frequency"", ""rule_reversal_frequency"", ""perf_intermediate"", ""perf_learned"", ""bias_left"", ""bias_right""]",lfp_behavior_modulation,state_lfp,REM,rem,MOs,mos,theta,theta,whole_slice_norm
state_working_pl_delta_whole_slice_norm,behavior_all,204,0.13444387373390865,0.19598650631251713,0.06154263257860848,0.23976023976023977,0.6080517420723607,perf_learned,-0.4502480515861938,negative,0,"[""elapsed_day"", ""circadian_sin"", ""circadian_cos"", ""occ_wake"", ""occ_miniwake"", ""occ_nrem"", ""occ_rem""]","[""rule_frequency"", ""rule_reversal_frequency"", ""perf_intermediate"", ""perf_learned"", ""bias_left"", ""bias_right""]",lfp_behavior_modulation,state_lfp,Working,working,PL,pl,delta,delta,whole_slice_norm
state_nrem_ila_theta_whole_slice_norm,behavior_all,468,0.45693821490782627,0.48416156349645334,0.027223348588627072,0.24175824175824176,0.6080517420723607,rule_reversal_frequency,-0.08009241693563561,negative,0,"[""elapsed_day"", ""circadian_sin"", ""circadian_cos"", ""occ_wake"", ""occ_miniwake"", ""occ_nrem"", ""occ_rem""]","[""rule_frequency"", ""rule_reversal_frequency"", ""perf_intermediate"", ""perf_learned"", ""bias_left"", ""bias_right""]",lfp_behavior_modulation,state_lfp,NREM,nrem,ILA,ila,theta,theta,whole_slice_norm
lfp_acad_theta_whole_slice_norm,behavior_all,526,0.3647358369641662,0.4115175503629481,0.0467817133987819,0.24375624375624375,0.6080517420723607,rule_reversal_frequency,-0.0668691360777258,negative,0,"[""elapsed_day"", ""circadian_sin"", ""circadian_cos"", ""occ_wake"", ""occ_miniwake"", ""occ_nrem"", ""occ_rem""]","[""rule_frequency"", ""rule_reversal_frequency"", ""perf_intermediate"", ""perf_learned"", ""bias_left"", ""bias_right""]",lfp_behavior_modulation,global_lfp,global,global,ACAd,acad,theta,theta,whole_slice_norm
lfp_pl_gamma_whole_slice_norm,rule_block,526,0.03268662369783626,0.057612910083083,0.024926286385246743,0.24575424575424576,0.6080517420723607,rule_reversal_frequency,-0.19423870912934632,negative,0,"[""elapsed_day"", ""circadian_sin"", ""circadian_cos"", ""occ_wake"", ""occ_miniwake"", ""occ_nrem"", ""occ_rem""]","[""rule_frequency"", ""rule_reversal_frequency""]",lfp_behavior_modulation,global_lfp,global,global,PL,pl,gamma,gamma,whole_slice_norm
state_working_pl_theta_whole_slice_norm,rule_block,204,0.15211037202527367,0.17009764264129035,0.017987270616016682,0.25274725274725274,0.6189728638708231,rule_reversal_frequency,-0.28547640229730364,negative,0,"[""elapsed_day"", ""circadian_sin"", ""circadian_cos"", ""occ_wake"", ""occ_miniwake"", ""occ_nrem"", ""occ_rem""]","[""rule_frequency"", ""rule_reversal_frequency""]",lfp_behavior_modulation,state_lfp,Working,working,PL,pl,theta,theta,whole_slice_norm
state_wake_ila_delta_whole_slice_norm,bias_block,526,0.20752743984567867,0.22421911112242077,0.016691671276742093,0.25774225774225773,0.6248297157388066,bias_right,-0.09662570853492389,negative,0,"[""elapsed_day"", ""circadian_sin"", ""circadian_cos"", ""occ_wake"", ""occ_miniwake"", ""occ_nrem"", ""occ_rem""]","[""bias_left"", ""bias_right""]",lfp_behavior_modulation,state_lfp,Wake,wake,ILA,ila,delta,delta,whole_slice_norm
state_nrem_ila_delta_whole_slice_norm,bias_block,468,0.25152725639683615,0.26367517501404647,0.012147918617210318,0.2677322677322677,0.6386890420503866,bias_left,0.08415874959581254,positive,0,"[""elapsed_day"", ""circadian_sin"", ""circadian_cos"", ""occ_wake"", ""occ_miniwake"", ""occ_nrem"", ""occ_rem""]","[""bias_left"", ""bias_right""]",lfp_behavior_modulation,state_lfp,NREM,nrem,ILA,ila,delta,delta,whole_slice_norm
state_working_ila_theta_whole_slice_norm,rule_block,204,0.22039631363948964,0.2464425460342642,0.02604623239477455,0.2727272727272727,0.6386890420503866,rule_reversal_frequency,-0.14580632982044733,negative,0,"[""elapsed_day"", ""circadian_sin"", ""circadian_cos"", ""occ_wake"", ""occ_miniwake"", ""occ_nrem"", ""occ_rem""]","[""rule_frequency"", ""rule_reversal_frequency""]",lfp_behavior_modulation,state_lfp,Working,working,ILA,ila,theta,theta,whole_slice_norm
state_working_acad_delta_whole_slice_norm,bias_block,204,0.03298966257569913,0.06605852490952335,0.03306886233382422,0.2777222777222777,0.6386890420503866,bias_left,0.1468082321776018,positive,0,"[""elapsed_day"", ""circadian_sin"", ""circadian_cos"", ""occ_wake"", ""occ_miniwake"", ""occ_nrem"", ""occ_rem""]","[""bias_left"", ""bias_right""]",lfp_behavior_modulation,state_lfp,Working,working,ACAd,acad,delta,delta,whole_slice_norm
lfp_pl_theta_whole_slice_norm,bias_block,526,0.4065528199229389,0.41605693274192057,0.00950411281898167,0.2777222777222777,0.6386890420503866,bias_right,-0.1069967034056783,negative,0,"[""elapsed_day"", ""circadian_sin"", ""circadian_cos"", ""occ_wake"", ""occ_miniwake"", ""occ_nrem"", ""occ_rem""]","[""bias_left"", ""bias_right""]",lfp_behavior_modulation,global_lfp,global,global,PL,pl,theta,theta,whole_slice_norm
state_wake_ila_theta_whole_slice_norm,learning_stage_block,526,0.209127985761138,0.22805251301537155,0.018924527254233547,0.28471528471528473,0.6386890420503866,perf_intermediate,-0.07045132103990437,negative,0,"[""elapsed_day"", ""circadian_sin"", ""circadian_cos"", ""occ_wake"", ""occ_miniwake"", ""occ_nrem"", ""occ_rem""]","[""perf_intermediate"", ""perf_learned""]",lfp_behavior_modulation,state_lfp,Wake,wake,ILA,ila,theta,theta,whole_slice_norm
state_rem_ila_theta_whole_slice_norm,learning_stage_block,350,0.3171542458559191,0.3280983253229641,0.01094407946704501,0.2867132867132867,0.6386890420503866,perf_intermediate,-0.07274108880782837,negative,0,"[""elapsed_day"", ""circadian_sin"", ""circadian_cos"", ""occ_wake"", ""occ_miniwake"", ""occ_nrem"", ""occ_rem""]","[""perf_intermediate"", ""perf_learned""]",lfp_behavior_modulation,state_lfp,REM,rem,ILA,ila,theta,theta,whole_slice_norm
lfp_mos_delta_whole_slice_norm,learning_stage_block,526,0.7763452596833462,0.782366905325272,0.006021645641925755,0.2867132867132867,0.6386890420503866,perf_intermediate,-0.043808116600006664,negative,0,"[""elapsed_day"", ""circadian_sin"", ""circadian_cos"", ""occ_wake"", ""occ_miniwake"", ""occ_nrem"", ""occ_rem""]","[""perf_intermediate"", ""perf_learned""]",lfp_behavior_modulation,global_lfp,global,global,MOs,mos,delta,delta,whole_slice_norm
state_wake_acad_gamma_whole_slice_norm,behavior_all,526,0.21944968152416044,0.28601778097918895,0.0665680994550285,0.28771228771228774,0.6386890420503866,bias_left,-0.12356485027933062,negative,0,"[""elapsed_day"", ""circadian_sin"", ""circadian_cos"", ""occ_wake"", ""occ_miniwake"", ""occ_nrem"", ""occ_rem""]","[""rule_frequency"", ""rule_reversal_frequency"", ""perf_intermediate"", ""perf_learned"", ""bias_left"", ""bias_right""]",lfp_behavior_modulation,state_lfp,Wake,wake,ACAd,acad,gamma,gamma,whole_slice_norm
state_nrem_pl_theta_whole_slice_norm,learning_stage_block,468,0.10448258903559104,0.11558726284540999,0.011104673809818943,0.2917082917082917,0.6386890420503866,perf_intermediate,-0.09303837352819493,negative,0,"[""elapsed_day"", ""circadian_sin"", ""circadian_cos"", ""occ_wake"", ""occ_miniwake"", ""occ_nrem"", ""occ_rem""]","[""perf_intermediate"", ""perf_learned""]",lfp_behavior_modulation,state_lfp,NREM,nrem,PL,pl,theta,theta,whole_slice_norm
lfp_mos_delta_whole_slice_norm,bias_block,526,0.7763452596833462,0.7810497931070608,0.004704533423714574,0.2917082917082917,0.6386890420503866,bias_left,0.04427308490378741,positive,0,"[""elapsed_day"", ""circadian_sin"", ""circadian_cos"", ""occ_wake"", ""occ_miniwake"", ""occ_nrem"", ""occ_rem""]","[""bias_left"", ""bias_right""]",lfp_behavior_modulation,global_lfp,global,global,MOs,mos,delta,delta,whole_slice_norm
state_rem_pl_gamma_whole_slice_norm,behavior_all,350,0.06059414967447818,0.14822773849286863,0.08763358881839045,0.3006993006993007,0.6386890420503866,bias_left,-0.5096179606013137,negative,0,"[""elapsed_day"", ""circadian_sin"", ""circadian_cos"", ""occ_wake"", ""occ_miniwake"", ""occ_nrem"", ""occ_rem""]","[""rule_frequency"", ""rule_reversal_frequency"", ""perf_intermediate"", ""perf_learned"", ""bias_left"", ""bias_right""]",lfp_behavior_modulation,state_lfp,REM,rem,PL,pl,gamma,gamma,whole_slice_norm
state_nrem_ila_delta_whole_slice_norm,behavior_all,468,0.25152725639683615,0.28131024414779293,0.02978298775095678,0.3006993006993007,0.6386890420503866,rule_reversal_frequency,-0.1642194896496843,negative,0,"[""elapsed_day"", ""circadian_sin"", ""circadian_cos"", ""occ_wake"", ""occ_miniwake"", ""occ_nrem"", ""occ_rem""]","[""rule_frequency"", ""rule_reversal_frequency"", ""perf_intermediate"", ""perf_learned"", ""bias_left"", ""bias_right""]",lfp_behavior_modulation,state_lfp,NREM,nrem,ILA,ila,delta,delta,whole_slice_norm
state_working_mos_theta_whole_slice_norm,learning_stage_block,204,0.1960472447752356,0.2254724077230078,0.0294251629477722,0.3026973026973027,0.6386890420503866,perf_learned,-0.0819771907605856,negative,0,"[""elapsed_day"", ""circadian_sin"", ""circadian_cos"", ""occ_wake"", ""occ_miniwake"", ""occ_nrem"", ""occ_rem""]","[""perf_intermediate"", ""perf_learned""]",lfp_behavior_modulation,state_lfp,Working,working,MOs,mos,theta,theta,whole_slice_norm
state_working_pl_theta_whole_slice_norm,learning_stage_block,204,0.15211037202527367,0.17855701322225714,0.026446641196983478,0.3026973026973027,0.6386890420503866,perf_learned,-0.20911582247525018,negative,0,"[""elapsed_day"", ""circadian_sin"", ""circadian_cos"", ""occ_wake"", ""occ_miniwake"", ""occ_nrem"", ""occ_rem""]","[""perf_intermediate"", ""perf_learned""]",lfp_behavior_modulation,state_lfp,Working,working,PL,pl,theta,theta,whole_slice_norm
state_working_ila_gamma_whole_slice_norm,behavior_all,204,0.215465962261169,0.27359186810094227,0.058125905839773284,0.3046953046953047,0.6386890420503866,rule_reversal_frequency,-0.10403824659334177,negative,0,"[""elapsed_day"", ""circadian_sin"", ""circadian_cos"", ""occ_wake"", ""occ_miniwake"", ""occ_nrem"", ""occ_rem""]","[""rule_frequency"", ""rule_reversal_frequency"", ""perf_intermediate"", ""perf_learned"", ""bias_left"", ""bias_right""]",lfp_behavior_modulation,state_lfp,Working,working,ILA,ila,gamma,gamma,whole_slice_norm
state_working_ila_gamma_whole_slice_norm,bias_block,204,0.215465962261169,0.23768027485781185,0.02221431259664286,0.3156843156843157,0.6386890420503866,bias_right,-0.04947839330710246,negative,0,"[""elapsed_day"", ""circadian_sin"", ""circadian_cos"", ""occ_wake"", ""occ_miniwake"", ""occ_nrem"", ""occ_rem""]","[""bias_left"", ""bias_right""]",lfp_behavior_modulation,state_lfp,Working,working,ILA,ila,gamma,gamma,whole_slice_norm
state_nrem_pl_theta_whole_slice_norm,bias_block,468,0.10448258903559104,0.11491359105140209,0.010431002015811042,0.3156843156843157,0.6386890420503866,bias_left,0.15256678015976774,positive,0,"[""elapsed_day"", ""circadian_sin"", ""circadian_cos"", ""occ_wake"", ""occ_miniwake"", ""occ_nrem"", ""occ_rem""]","[""bias_left"", ""bias_right""]",lfp_behavior_modulation,state_lfp,NREM,nrem,PL,pl,theta,theta,whole_slice_norm
state_nrem_mos_theta_whole_slice_norm,behavior_all,468,0.53029792497825,0.5906232586037097,0.060325333625459665,0.3166833166833167,0.6386890420503866,perf_learned,0.11372384380627057,positive,0,"[""elapsed_day"", ""circadian_sin"", ""circadian_cos"", ""occ_wake"", ""occ_miniwake"", ""occ_nrem"", ""occ_rem""]","[""rule_frequency"", ""rule_reversal_frequency"", ""perf_intermediate"", ""perf_learned"", ""bias_left"", ""bias_right""]",lfp_behavior_modulation,state_lfp,NREM,nrem,MOs,mos,theta,theta,whole_slice_norm
state_wake_pl_gamma_whole_slice_norm,learning_stage_block,526,0.025040846354297597,0.05591796398815729,0.030877117633859696,0.3166833166833167,0.6386890420503866,perf_intermediate,-0.10379824368266274,negative,0,"[""elapsed_day"", ""circadian_sin"", ""circadian_cos"", ""occ_wake"", ""occ_miniwake"", ""occ_nrem"", ""occ_rem""]","[""perf_intermediate"", ""perf_learned""]",lfp_behavior_modulation,state_lfp,Wake,wake,PL,pl,gamma,gamma,whole_slice_norm
state_nrem_ila_delta_whole_slice_norm,learning_stage_block,468,0.25152725639683615,0.263170246850416,0.01164299045357986,0.3166833166833167,0.6386890420503866,perf_intermediate,-0.07751003318019745,negative,0,"[""elapsed_day"", ""circadian_sin"", ""circadian_cos"", ""occ_wake"", ""occ_miniwake"", ""occ_nrem"", ""occ_rem""]","[""perf_intermediate"", ""perf_learned""]",lfp_behavior_modulation,state_lfp,NREM,nrem,ILA,ila,delta,delta,whole_slice_norm
state_working_pl_theta_whole_slice_norm,bias_block,204,0.15211037202527367,0.17537088878356,0.02326051675828633,0.3226773226773227,0.6400211358889045,bias_left,0.16201500641131977,positive,0,"[""elapsed_day"", ""circadian_sin"", ""circadian_cos"", ""occ_wake"", ""occ_miniwake"", ""occ_nrem"", ""occ_rem""]","[""bias_left"", ""bias_right""]",lfp_behavior_modulation,state_lfp,Working,working,PL,pl,theta,theta,whole_slice_norm
state_nrem_ila_gamma_whole_slice_norm,rule_block,468,0.040400265984902206,0.053127839861607074,0.012727573876704867,0.3226773226773227,0.6400211358889045,rule_reversal_frequency,0.28739639765538716,positive,0,"[""elapsed_day"", ""circadian_sin"", ""circadian_cos"", ""occ_wake"", ""occ_miniwake"", ""occ_nrem"", ""occ_rem""]","[""rule_frequency"", ""rule_reversal_frequency""]",lfp_behavior_modulation,state_lfp,NREM,nrem,ILA,ila,gamma,gamma,whole_slice_norm
state_nrem_mos_delta_whole_slice_norm,bias_block,468,0.5587824297907262,0.5679212930229023,0.009138863232176053,0.32867132867132864,0.6449364588899472,bias_right,-0.03586426716822468,negative,0,"[""elapsed_day"", ""circadian_sin"", ""circadian_cos"", ""occ_wake"", ""occ_miniwake"", ""occ_nrem"", ""occ_rem""]","[""bias_left"", ""bias_right""]",lfp_behavior_modulation,state_lfp,NREM,nrem,MOs,mos,delta,delta,whole_slice_norm
state_nrem_pl_gamma_whole_slice_norm,behavior_all,468,0.036335310452570324,0.09552573094380234,0.05919042049123202,0.3306693306693307,0.6449364588899472,bias_left,-0.3033857161786507,negative,0,"[""elapsed_day"", ""circadian_sin"", ""circadian_cos"", ""occ_wake"", ""occ_miniwake"", ""occ_nrem"", ""occ_rem""]","[""rule_frequency"", ""rule_reversal_frequency"", ""perf_intermediate"", ""perf_learned"", ""bias_left"", ""bias_right""]",lfp_behavior_modulation,state_lfp,NREM,nrem,PL,pl,gamma,gamma,whole_slice_norm
lfp_mos_theta_whole_slice_norm,behavior_all,526,0.7591686810642104,0.7835495351079975,0.024380854043787092,0.33666333666333664,0.6449364588899472,perf_learned,0.11146426542075943,positive,0,"[""elapsed_day"", ""circadian_sin"", ""circadian_cos"", ""occ_wake"", ""occ_miniwake"", ""occ_nrem"", ""occ_rem""]","[""rule_frequency"", ""rule_reversal_frequency"", ""perf_intermediate"", ""perf_learned"", ""bias_left"", ""bias_right""]",lfp_behavior_modulation,global_lfp,global,global,MOs,mos,theta,theta,whole_slice_norm
lfp_pl_theta_whole_slice_norm,behavior_all,526,0.4065528199229389,0.42939489644590745,0.022842076522968546,0.33766233766233766,0.6449364588899472,rule_reversal_frequency,-0.15973051986596673,negative,0,"[""elapsed_day"", ""circadian_sin"", ""circadian_cos"", ""occ_wake"", ""occ_miniwake"", ""occ_nrem"", ""occ_rem""]","[""rule_frequency"", ""rule_reversal_frequency"", ""perf_intermediate"", ""perf_learned"", ""bias_left"", ""bias_right""]",lfp_behavior_modulation,global_lfp,global,global,PL,pl,theta,theta,whole_slice_norm
lfp_acad_delta_whole_slice_norm,learning_stage_block,526,0.35130833413774465,0.36187326914742246,0.010564935009677812,0.34265734265734266,0.6449364588899472,perf_intermediate,-0.054005790118377556,negative,0,"[""elapsed_day"", ""circadian_sin"", ""circadian_cos"", ""occ_wake"", ""occ_miniwake"", ""occ_nrem"", ""occ_rem""]","[""perf_intermediate"", ""perf_learned""]",lfp_behavior_modulation,global_lfp,global,global,ACAd,acad,delta,delta,whole_slice_norm
state_nrem_pl_delta_whole_slice_norm,learning_stage_block,468,0.11663221492388276,0.12606609120869094,0.009433876284808185,0.34565434565434566,0.6449364588899472,perf_intermediate,-0.16708881071623038,negative,0,"[""elapsed_day"", ""circadian_sin"", ""circadian_cos"", ""occ_wake"", ""occ_miniwake"", ""occ_nrem"", ""occ_rem""]","[""perf_intermediate"", ""perf_learned""]",lfp_behavior_modulation,state_lfp,NREM,nrem,PL,pl,delta,delta,whole_slice_norm
state_rem_acad_gamma_whole_slice_norm,learning_stage_block,350,0.018306763076951005,0.045050149096035,0.026743386019083992,0.34665334665334663,0.6449364588899472,perf_intermediate,-0.06344323315568956,negative,0,"[""elapsed_day"", ""circadian_sin"", ""circadian_cos"", ""occ_wake"", ""occ_miniwake"", ""occ_nrem"", ""occ_rem""]","[""perf_intermediate"", ""perf_learned""]",lfp_behavior_modulation,state_lfp,REM,rem,ACAd,acad,gamma,gamma,whole_slice_norm
state_wake_acad_theta_whole_slice_norm,bias_block,526,0.07593432555409685,0.09298962774659303,0.01705530219249618,0.34665334665334663,0.6449364588899472,bias_right,-0.07866538498551738,negative,0,"[""elapsed_day"", ""circadian_sin"", ""circadian_cos"", ""occ_wake"", ""occ_miniwake"", ""occ_nrem"", ""occ_rem""]","[""bias_left"", ""bias_right""]",lfp_behavior_modulation,state_lfp,Wake,wake,ACAd,acad,theta,theta,whole_slice_norm
state_wake_ila_delta_whole_slice_norm,learning_stage_block,526,0.20752743984567867,0.2211270326908228,0.013599592845144115,0.3546453546453546,0.6533924091176,perf_intermediate,-0.07682800951203965,negative,0,"[""elapsed_day"", ""circadian_sin"", ""circadian_cos"", ""occ_wake"", ""occ_miniwake"", ""occ_nrem"", ""occ_rem""]","[""perf_intermediate"", ""perf_learned""]",lfp_behavior_modulation,state_lfp,Wake,wake,ILA,ila,delta,delta,whole_slice_norm
state_wake_pl_delta_whole_slice_norm,rule_block,526,0.23690220926982686,0.24175764826017188,0.004855438990345018,0.35664335664335667,0.6533924091176,rule_reversal_frequency,-0.08667230337492446,negative,0,"[""elapsed_day"", ""circadian_sin"", ""circadian_cos"", ""occ_wake"", ""occ_miniwake"", ""occ_nrem"", ""occ_rem""]","[""rule_frequency"", ""rule_reversal_frequency""]",lfp_behavior_modulation,state_lfp,Wake,wake,PL,pl,delta,delta,whole_slice_norm
state_rem_acad_theta_whole_slice_norm,learning_stage_block,350,0.2589168983536073,0.26905329432699654,0.010136395973389223,0.36163836163836166,0.6575242938879302,perf_intermediate,-0.05294526365749078,negative,0,"[""elapsed_day"", ""circadian_sin"", ""circadian_cos"", ""occ_wake"", ""occ_miniwake"", ""occ_nrem"", ""occ_rem""]","[""perf_intermediate"", ""perf_learned""]",lfp_behavior_modulation,state_lfp,REM,rem,ACAd,acad,theta,theta,whole_slice_norm
state_rem_mos_delta_whole_slice_norm,behavior_all,350,0.2955370082994814,0.3200568814285565,0.02451987312907511,0.36563436563436563,0.6576280861995147,rule_reversal_frequency,-0.2971335343375167,negative,0,"[""elapsed_day"", ""circadian_sin"", ""circadian_cos"", ""occ_wake"", ""occ_miniwake"", ""occ_nrem"", ""occ_rem""]","[""rule_frequency"", ""rule_reversal_frequency"", ""perf_intermediate"", ""perf_learned"", ""bias_left"", ""bias_right""]",lfp_behavior_modulation,state_lfp,REM,rem,MOs,mos,delta,delta,whole_slice_norm
state_working_ila_theta_whole_slice_norm,behavior_all,204,0.22039631363948964,0.29048935226200534,0.0700930386225157,0.36863136863136864,0.6576280861995147,perf_learned,-0.11689012102095955,negative,0,"[""elapsed_day"", ""circadian_sin"", ""circadian_cos"", ""occ_wake"", ""occ_miniwake"", ""occ_nrem"", ""occ_rem""]","[""rule_frequency"", ""rule_reversal_frequency"", ""perf_intermediate"", ""perf_learned"", ""bias_left"", ""bias_right""]",lfp_behavior_modulation,state_lfp,Working,working,ILA,ila,theta,theta,whole_slice_norm
lfp_acad_theta_whole_slice_norm,bias_block,526,0.3647358369641662,0.3769084328629225,0.0121725958987563,0.37162837162837165,0.6576280861995147,bias_right,-0.045946714310351446,negative,0,"[""elapsed_day"", ""circadian_sin"", ""circadian_cos"", ""occ_wake"", ""occ_miniwake"", ""occ_nrem"", ""occ_rem""]","[""bias_left"", ""bias_right""]",lfp_behavior_modulation,global_lfp,global,global,ACAd,acad,theta,theta,whole_slice_norm
state_rem_acad_delta_whole_slice_norm,bias_block,350,0.26980964336646474,0.2807066515310257,0.010897008164560962,0.37662337662337664,0.6576280861995147,bias_right,-0.14583689906714695,negative,0,"[""elapsed_day"", ""circadian_sin"", ""circadian_cos"", ""occ_wake"", ""occ_miniwake"", ""occ_nrem"", ""occ_rem""]","[""bias_left"", ""bias_right""]",lfp_behavior_modulation,state_lfp,REM,rem,ACAd,acad,delta,delta,whole_slice_norm
state_nrem_acad_gamma_whole_slice_norm,behavior_all,468,0.06471262595885374,0.11227231413604488,0.04755968817719114,0.3776223776223776,0.6576280861995147,perf_intermediate,-0.13700953028345786,negative,0,"[""elapsed_day"", ""circadian_sin"", ""circadian_cos"", ""occ_wake"", ""occ_miniwake"", ""occ_nrem"", ""occ_rem""]","[""rule_frequency"", ""rule_reversal_frequency"", ""perf_intermediate"", ""perf_learned"", ""bias_left"", ""bias_right""]",lfp_behavior_modulation,state_lfp,NREM,nrem,ACAd,acad,gamma,gamma,whole_slice_norm
state_nrem_acad_theta_whole_slice_norm,behavior_all,468,0.442635222741929,0.46221400536716073,0.019578782625231717,0.3786213786213786,0.6576280861995147,perf_learned,-0.02873614665501539,negative,0,"[""elapsed_day"", ""circadian_sin"", ""circadian_cos"", ""occ_wake"", ""occ_miniwake"", ""occ_nrem"", ""occ_rem""]","[""rule_frequency"", ""rule_reversal_frequency"", ""perf_intermediate"", ""perf_learned"", ""bias_left"", ""bias_right""]",lfp_behavior_modulation,state_lfp,NREM,nrem,ACAd,acad,theta,theta,whole_slice_norm
state_nrem_ila_gamma_whole_slice_norm,learning_stage_block,468,0.040400265984902206,0.05989058659190272,0.01949032060700051,0.3826173826173826,0.6576280861995147,perf_learned,0.20973721681562504,positive,0,"[""elapsed_day"", ""circadian_sin"", ""circadian_cos"", ""occ_wake"", ""occ_miniwake"", ""occ_nrem"", ""occ_rem""]","[""perf_intermediate"", ""perf_learned""]",lfp_behavior_modulation,state_lfp,NREM,nrem,ILA,ila,gamma,gamma,whole_slice_norm
state_working_acad_theta_whole_slice_norm,rule_block,204,0.06303683785918246,0.07392963324842405,0.010892795389241594,0.3836163836163836,0.6576280861995147,rule_reversal_frequency,-0.1297253728583754,negative,0,"[""elapsed_day"", ""circadian_sin"", ""circadian_cos"", ""occ_wake"", ""occ_miniwake"", ""occ_nrem"", ""occ_rem""]","[""rule_frequency"", ""rule_reversal_frequency""]",lfp_behavior_modulation,state_lfp,Working,working,ACAd,acad,theta,theta,whole_slice_norm
lfp_pl_theta_whole_slice_norm,learning_stage_block,526,0.4065528199229389,0.4138930262076337,0.0073402062846947835,0.3876123876123876,0.6597657661487448,perf_intermediate,-0.07361574757362419,negative,0,"[""elapsed_day"", ""circadian_sin"", ""circadian_cos"", ""occ_wake"", ""occ_miniwake"", ""occ_nrem"", ""occ_rem""]","[""perf_intermediate"", ""perf_learned""]",lfp_behavior_modulation,global_lfp,global,global,PL,pl,theta,theta,whole_slice_norm
state_working_acad_gamma_whole_slice_norm,learning_stage_block,204,0.11977994393938496,0.1444928197741041,0.02471287583471915,0.3936063936063936,0.6652502427150314,perf_intermediate,-0.10731943904229337,negative,0,"[""elapsed_day"", ""circadian_sin"", ""circadian_cos"", ""occ_wake"", ""occ_miniwake"", ""occ_nrem"", ""occ_rem""]","[""perf_intermediate"", ""perf_learned""]",lfp_behavior_modulation,state_lfp,Working,working,ACAd,acad,gamma,gamma,whole_slice_norm
lfp_ila_delta_whole_slice_norm,learning_stage_block,526,0.4320717341386058,0.4404765032966934,0.008404769158087633,0.4005994005994006,0.6723346583486444,perf_intermediate,-0.06213082570320066,negative,0,"[""elapsed_day"", ""circadian_sin"", ""circadian_cos"", ""occ_wake"", ""occ_miniwake"", ""occ_nrem"", ""occ_rem""]","[""perf_intermediate"", ""perf_learned""]",lfp_behavior_modulation,global_lfp,global,global,ILA,ila,delta,delta,whole_slice_norm
lfp_acad_delta_whole_slice_norm,behavior_all,526,0.35130833413774465,0.3790999570985829,0.027791622960838258,0.4075924075924076,0.6793206793206793,rule_reversal_frequency,-0.12311545635686537,negative,0,"[""elapsed_day"", ""circadian_sin"", ""circadian_cos"", ""occ_wake"", ""occ_miniwake"", ""occ_nrem"", ""occ_rem""]","[""rule_frequency"", ""rule_reversal_frequency"", ""perf_intermediate"", ""perf_learned"", ""bias_left"", ""bias_right""]",lfp_behavior_modulation,global_lfp,global,global,ACAd,acad,delta,delta,whole_slice_norm
lfp_ila_theta_whole_slice_norm,learning_stage_block,526,0.38436097611741105,0.39348555663172924,0.009124580514318192,0.42657342657342656,0.6922878446057255,perf_intermediate,-0.04268447199782562,negative,0,"[""elapsed_day"", ""circadian_sin"", ""circadian_cos"", ""occ_wake"", ""occ_miniwake"", ""occ_nrem"", ""occ_rem""]","[""perf_intermediate"", ""perf_learned""]",lfp_behavior_modulation,global_lfp,global,global,ILA,ila,theta,theta,whole_slice_norm
lfp_acad_gamma_whole_slice_norm,behavior_all,526,0.31394829144363234,0.36411266401271825,0.0501643725690859,0.4275724275724276,0.6922878446057255,bias_left,-0.11497265807795366,negative,0,"[""elapsed_day"", ""circadian_sin"", ""circadian_cos"", ""occ_wake"", ""occ_miniwake"", ""occ_nrem"", ""occ_rem""]","[""rule_frequency"", ""rule_reversal_frequency"", ""perf_intermediate"", ""perf_learned"", ""bias_left"", ""bias_right""]",lfp_behavior_modulation,global_lfp,global,global,ACAd,acad,gamma,gamma,whole_slice_norm
state_nrem_pl_theta_whole_slice_norm,behavior_all,468,0.10448258903559104,0.12772003075684535,0.023237441721254304,0.42857142857142855,0.6922878446057255,bias_left,0.1494928373672429,positive,0,"[""elapsed_day"", ""circadian_sin"", ""circadian_cos"", ""occ_wake"", ""occ_miniwake"", ""occ_nrem"", ""occ_rem""]","[""rule_frequency"", ""rule_reversal_frequency"", ""perf_intermediate"", ""perf_learned"", ""bias_left"", ""bias_right""]",lfp_behavior_modulation,state_lfp,NREM,nrem,PL,pl,theta,theta,whole_slice_norm
state_wake_pl_theta_whole_slice_norm,bias_block,526,0.17507679552899813,0.18497729469956792,0.009900499170569788,0.42857142857142855,0.6922878446057255,bias_right,-0.08936437926586258,negative,0,"[""elapsed_day"", ""circadian_sin"", ""circadian_cos"", ""occ_wake"", ""occ_miniwake"", ""occ_nrem"", ""occ_rem""]","[""bias_left"", ""bias_right""]",lfp_behavior_modulation,state_lfp,Wake,wake,PL,pl,theta,theta,whole_slice_norm
state_rem_pl_theta_whole_slice_norm,rule_block,350,0.1484507748986723,0.1561965556288598,0.0077457807301875015,0.4325674325674326,0.6922878446057255,rule_reversal_frequency,-0.175527020560004,negative,0,"[""elapsed_day"", ""circadian_sin"", ""circadian_cos"", ""occ_wake"", ""occ_miniwake"", ""occ_nrem"", ""occ_rem""]","[""rule_frequency"", ""rule_reversal_frequency""]",lfp_behavior_modulation,state_lfp,REM,rem,PL,pl,theta,theta,whole_slice_norm
state_wake_acad_delta_whole_slice_norm,behavior_all,526,0.21164829395632967,0.2395586137903194,0.027910319833989727,0.43356643356643354,0.6922878446057255,rule_reversal_frequency,-0.16594576791585727,negative,0,"[""elapsed_day"", ""circadian_sin"", ""circadian_cos"", ""occ_wake"", ""occ_miniwake"", ""occ_nrem"", ""occ_rem""]","[""rule_frequency"", ""rule_reversal_frequency"", ""perf_intermediate"", ""perf_learned"", ""bias_left"", ""bias_right""]",lfp_behavior_modulation,state_lfp,Wake,wake,ACAd,acad,delta,delta,whole_slice_norm
lfp_ila_gamma_whole_slice_norm,learning_stage_block,526,0.026812502270589067,0.041537092924069596,0.01472459065348053,0.4355644355644356,0.6922878446057255,perf_intermediate,-0.06172499436297423,negative,0,"[""elapsed_day"", ""circadian_sin"", ""circadian_cos"", ""occ_wake"", ""occ_miniwake"", ""occ_nrem"", ""occ_rem""]","[""perf_intermediate"", ""perf_learned""]",lfp_behavior_modulation,global_lfp,global,global,ILA,ila,gamma,gamma,whole_slice_norm
state_nrem_ila_gamma_whole_slice_norm,bias_block,468,0.040400265984902206,0.055174520048916875,0.014774254064014669,0.44655344655344653,0.693483731458415,bias_left,-0.24292991699572844,negative,0,"[""elapsed_day"", ""circadian_sin"", ""circadian_cos"", ""occ_wake"", ""occ_miniwake"", ""occ_nrem"", ""occ_rem""]","[""bias_left"", ""bias_right""]",lfp_behavior_modulation,state_lfp,NREM,nrem,ILA,ila,gamma,gamma,whole_slice_norm
state_working_acad_delta_whole_slice_norm,learning_stage_block,204,0.03298966257569913,0.054760883995326415,0.021771221419627285,0.4485514485514486,0.693483731458415,perf_learned,-0.14177549303242268,negative,0,"[""elapsed_day"", ""circadian_sin"", ""circadian_cos"", ""occ_wake"", ""occ_miniwake"", ""occ_nrem"", ""occ_rem""]","[""perf_intermediate"", ""perf_learned""]",lfp_behavior_modulation,state_lfp,Working,working,ACAd,acad,delta,delta,whole_slice_norm
lfp_acad_delta_whole_slice_norm,bias_block,526,0.35130833413774465,0.3589746577151549,0.007666323577410261,0.45354645354645357,0.693483731458415,bias_right,-0.058831104391697746,negative,0,"[""elapsed_day"", ""circadian_sin"", ""circadian_cos"", ""occ_wake"", ""occ_miniwake"", ""occ_nrem"", ""occ_rem""]","[""bias_left"", ""bias_right""]",lfp_behavior_modulation,global_lfp,global,global,ACAd,acad,delta,delta,whole_slice_norm
lfp_ila_gamma_whole_slice_norm,behavior_all,526,0.026812502270589067,0.07507078587203853,0.04825828360144946,0.45454545454545453,0.693483731458415,bias_left,-0.18270588975853908,negative,0,"[""elapsed_day"", ""circadian_sin"", ""circadian_cos"", ""occ_wake"", ""occ_miniwake"", ""occ_nrem"", ""occ_rem""]","[""rule_frequency"", ""rule_reversal_frequency"", ""perf_intermediate"", ""perf_learned"", ""bias_left"", ""bias_right""]",lfp_behavior_modulation,global_lfp,global,global,ILA,ila,gamma,gamma,whole_slice_norm
state_rem_pl_theta_whole_slice_norm,behavior_all,350,0.1484507748986723,0.1845267303424527,0.036075955443780394,0.45454545454545453,0.693483731458415,perf_intermediate,-0.2380452454609819,negative,0,"[""elapsed_day"", ""circadian_sin"", ""circadian_cos"", ""occ_wake"", ""occ_miniwake"", ""occ_nrem"", ""occ_rem""]","[""rule_frequency"", ""rule_reversal_frequency"", ""perf_intermediate"", ""perf_learned"", ""bias_left"", ""bias_right""]",lfp_behavior_modulation,state_lfp,REM,rem,PL,pl,theta,theta,whole_slice_norm
state_working_ila_gamma_whole_slice_norm,learning_stage_block,204,0.215465962261169,0.23223665745139366,0.01677069519022467,0.45554445554445555,0.693483731458415,perf_intermediate,-0.03936112376027019,negative,0,"[""elapsed_day"", ""circadian_sin"", ""circadian_cos"", ""occ_wake"", ""occ_miniwake"", ""occ_nrem"", ""occ_rem""]","[""perf_intermediate"", ""perf_learned""]",lfp_behavior_modulation,state_lfp,Working,working,ILA,ila,gamma,gamma,whole_slice_norm
state_rem_mos_gamma_whole_slice_norm,behavior_all,350,0.2043303146877381,0.26709167535500444,0.06276136066726634,0.4565434565434565,0.693483731458415,rule_reversal_frequency,-0.07811272708826646,negative,0,"[""elapsed_day"", ""circadian_sin"", ""circadian_cos"", ""occ_wake"", ""occ_miniwake"", ""occ_nrem"", ""occ_rem""]","[""rule_frequency"", ""rule_reversal_frequency"", ""perf_intermediate"", ""perf_learned"", ""bias_left"", ""bias_right""]",lfp_behavior_modulation,state_lfp,REM,rem,MOs,mos,gamma,gamma,whole_slice_norm
state_rem_pl_gamma_whole_slice_norm,learning_stage_block,350,0.06059414967447818,0.08154997042050594,0.020955820746027753,0.4755244755244755,0.7147852147852147,perf_learned,0.12741756271529414,positive,0,"[""elapsed_day"", ""circadian_sin"", ""circadian_cos"", ""occ_wake"", ""occ_miniwake"", ""occ_nrem"", ""occ_rem""]","[""perf_intermediate"", ""perf_learned""]",lfp_behavior_modulation,state_lfp,REM,rem,PL,pl,gamma,gamma,whole_slice_norm
state_nrem_mos_theta_whole_slice_norm,rule_block,468,0.53029792497825,0.5428107733843365,0.012512848406086463,0.47652347652347654,0.7147852147852147,rule_reversal_frequency,0.08004577298193324,positive,0,"[""elapsed_day"", ""circadian_sin"", ""circadian_cos"", ""occ_wake"", ""occ_miniwake"", ""occ_nrem"", ""occ_rem""]","[""rule_frequency"", ""rule_reversal_frequency""]",lfp_behavior_modulation,state_lfp,NREM,nrem,MOs,mos,theta,theta,whole_slice_norm
state_rem_mos_delta_whole_slice_norm,bias_block,350,0.2955370082994814,0.3018989905962527,0.006361982296771318,0.47952047952047955,0.7148131371733857,bias_left,-0.1275722348034139,negative,0,"[""elapsed_day"", ""circadian_sin"", ""circadian_cos"", ""occ_wake"", ""occ_miniwake"", ""occ_nrem"", ""occ_rem""]","[""bias_left"", ""bias_right""]",lfp_behavior_modulation,state_lfp,REM,rem,MOs,mos,delta,delta,whole_slice_norm
lfp_pl_delta_whole_slice_norm,bias_block,526,0.44888104867166545,0.4532008653758719,0.004319816704206447,0.48951048951048953,0.723666577325114,bias_right,-0.08516445274641316,negative,0,"[""elapsed_day"", ""circadian_sin"", ""circadian_cos"", ""occ_wake"", ""occ_miniwake"", ""occ_nrem"", ""occ_rem""]","[""bias_left"", ""bias_right""]",lfp_behavior_modulation,global_lfp,global,global,PL,pl,delta,delta,whole_slice_norm
state_working_acad_theta_whole_slice_norm,learning_stage_block,204,0.06303683785918246,0.0827198073280957,0.019682969468913236,0.4915084915084915,0.723666577325114,perf_learned,-0.1006856594451554,negative,0,"[""elapsed_day"", ""circadian_sin"", ""circadian_cos"", ""occ_wake"", ""occ_miniwake"", ""occ_nrem"", ""occ_rem""]","[""perf_intermediate"", ""perf_learned""]",lfp_behavior_modulation,state_lfp,Working,working,ACAd,acad,theta,theta,whole_slice_norm
state_rem_mos_delta_whole_slice_norm,learning_stage_block,350,0.2955370082994814,0.3016233958812331,0.006086387581751729,0.4945054945054945,0.723666577325114,perf_intermediate,-0.11219496897334,negative,0,"[""elapsed_day"", ""circadian_sin"", ""circadian_cos"", ""occ_wake"", ""occ_miniwake"", ""occ_nrem"", ""occ_rem""]","[""perf_intermediate"", ""perf_learned""]",lfp_behavior_modulation,state_lfp,REM,rem,MOs,mos,delta,delta,whole_slice_norm
state_wake_mos_gamma_whole_slice_norm,bias_block,526,0.2966669526242637,0.310602226081628,0.013935273457364339,0.5084915084915085,0.7351684460118195,bias_left,-0.05958483331968105,negative,0,"[""elapsed_day"", ""circadian_sin"", ""circadian_cos"", ""occ_wake"", ""occ_miniwake"", ""occ_nrem"", ""occ_rem""]","[""bias_left"", ""bias_right""]",lfp_behavior_modulation,state_lfp,Wake,wake,MOs,mos,gamma,gamma,whole_slice_norm
state_wake_mos_theta_whole_slice_norm,rule_block,526,0.43102032708801674,0.43648439124270966,0.005464064154692916,0.5084915084915085,0.7351684460118195,rule_reversal_frequency,-0.06521905677262818,negative,0,"[""elapsed_day"", ""circadian_sin"", ""circadian_cos"", ""occ_wake"", ""occ_miniwake"", ""occ_nrem"", ""occ_rem""]","[""rule_frequency"", ""rule_reversal_frequency""]",lfp_behavior_modulation,state_lfp,Wake,wake,MOs,mos,theta,theta,whole_slice_norm
state_wake_mos_gamma_whole_slice_norm,rule_block,526,0.2966669526242637,0.3064031827736856,0.009736230149421932,0.5184815184815185,0.7451231403327211,rule_reversal_frequency,-0.06280502215858641,negative,0,"[""elapsed_day"", ""circadian_sin"", ""circadian_cos"", ""occ_wake"", ""occ_miniwake"", ""occ_nrem"", ""occ_rem""]","[""rule_frequency"", ""rule_reversal_frequency""]",lfp_behavior_modulation,state_lfp,Wake,wake,MOs,mos,gamma,gamma,whole_slice_norm
state_working_mos_theta_whole_slice_norm,behavior_all,204,0.1960472447752356,0.24314154364613982,0.047094298870904217,0.5384615384615384,0.7652812303975094,perf_learned,-0.12495451749173968,negative,0,"[""elapsed_day"", ""circadian_sin"", ""circadian_cos"", ""occ_wake"", ""occ_miniwake"", ""occ_nrem"", ""occ_rem""]","[""rule_frequency"", ""rule_reversal_frequency"", ""perf_intermediate"", ""perf_learned"", ""bias_left"", ""bias_right""]",lfp_behavior_modulation,state_lfp,Working,working,MOs,mos,theta,theta,whole_slice_norm
state_rem_pl_delta_whole_slice_norm,behavior_all,350,0.17608270333653586,0.20310797928045077,0.027025275943914906,0.5404595404595405,0.7652812303975094,perf_intermediate,-0.5206739203362458,negative,0,"[""elapsed_day"", ""circadian_sin"", ""circadian_cos"", ""occ_wake"", ""occ_miniwake"", ""occ_nrem"", ""occ_rem""]","[""rule_frequency"", ""rule_reversal_frequency"", ""perf_intermediate"", ""perf_learned"", ""bias_left"", ""bias_right""]",lfp_behavior_modulation,state_lfp,REM,rem,PL,pl,delta,delta,whole_slice_norm
state_nrem_pl_gamma_whole_slice_norm,learning_stage_block,468,0.036335310452570324,0.05004871118738485,0.01371340073481453,0.5444555444555444,0.7652812303975094,perf_learned,0.08747193048666715,positive,0,"[""elapsed_day"", ""circadian_sin"", ""circadian_cos"", ""occ_wake"", ""occ_miniwake"", ""occ_nrem"", ""occ_rem""]","[""perf_intermediate"", ""perf_learned""]",lfp_behavior_modulation,state_lfp,NREM,nrem,PL,pl,gamma,gamma,whole_slice_norm
state_wake_ila_gamma_whole_slice_norm,learning_stage_block,526,0.03766252471539444,0.05022779333550753,0.01256526862011309,0.5464535464535465,0.7652812303975094,perf_intermediate,-0.06110568826886925,negative,0,"[""elapsed_day"", ""circadian_sin"", ""circadian_cos"", ""occ_wake"", ""occ_miniwake"", ""occ_nrem"", ""occ_rem""]","[""perf_intermediate"", ""perf_learned""]",lfp_behavior_modulation,state_lfp,Wake,wake,ILA,ila,gamma,gamma,whole_slice_norm
state_nrem_pl_theta_whole_slice_norm,rule_block,468,0.10448258903559104,0.1062891666045056,0.001806577568914558,0.5484515484515484,0.7652812303975094,rule_reversal_frequency,-0.08106263012019718,negative,0,"[""elapsed_day"", ""circadian_sin"", ""circadian_cos"", ""occ_wake"", ""occ_miniwake"", ""occ_nrem"", ""occ_rem""]","[""rule_frequency"", ""rule_reversal_frequency""]",lfp_behavior_modulation,state_lfp,NREM,nrem,PL,pl,theta,theta,whole_slice_norm
state_wake_acad_delta_whole_slice_norm,learning_stage_block,526,0.21164829395632967,0.21886060770297955,0.007212313746649879,0.5534465534465535,0.7677871261686291,perf_intermediate,-0.05376330463786119,negative,0,"[""elapsed_day"", ""circadian_sin"", ""circadian_cos"", ""occ_wake"", ""occ_miniwake"", ""occ_nrem"", ""occ_rem""]","[""perf_intermediate"", ""perf_learned""]",lfp_behavior_modulation,state_lfp,Wake,wake,ACAd,acad,delta,delta,whole_slice_norm
state_rem_mos_theta_whole_slice_norm,rule_block,350,0.3590474229950755,0.3630562154818162,0.0040087924867406866,0.5664335664335665,0.7781932353360925,rule_reversal_frequency,0.07467158087804654,positive,0,"[""elapsed_day"", ""circadian_sin"", ""circadian_cos"", ""occ_wake"", ""occ_miniwake"", ""occ_nrem"", ""occ_rem""]","[""rule_frequency"", ""rule_reversal_frequency""]",lfp_behavior_modulation,state_lfp,REM,rem,MOs,mos,theta,theta,whole_slice_norm
state_wake_mos_gamma_whole_slice_norm,behavior_all,526,0.2966669526242637,0.3411036809454552,0.0444367283211915,0.5674325674325674,0.7781932353360925,rule_reversal_frequency,-0.13210157791535293,negative,0,"[""elapsed_day"", ""circadian_sin"", ""circadian_cos"", ""occ_wake"", ""occ_miniwake"", ""occ_nrem"", ""occ_rem""]","[""rule_frequency"", ""rule_reversal_frequency"", ""perf_intermediate"", ""perf_learned"", ""bias_left"", ""bias_right""]",lfp_behavior_modulation,state_lfp,Wake,wake,MOs,mos,gamma,gamma,whole_slice_norm
lfp_pl_gamma_whole_slice_norm,learning_stage_block,526,0.03268662369783626,0.04669802460366812,0.014011400905831861,0.5734265734265734,0.7819453273998729,perf_intermediate,-0.09072029562997437,negative,0,"[""elapsed_day"", ""circadian_sin"", ""circadian_cos"", ""occ_wake"", ""occ_miniwake"", ""occ_nrem"", ""occ_rem""]","[""perf_intermediate"", ""perf_learned""]",lfp_behavior_modulation,global_lfp,global,global,PL,pl,gamma,gamma,whole_slice_norm
state_rem_mos_gamma_whole_slice_norm,rule_block,350,0.2043303146877381,0.2115647842698335,0.007234469582095393,0.5784215784215784,0.7843004453173945,rule_reversal_frequency,-0.025608247251537875,negative,0,"[""elapsed_day"", ""circadian_sin"", ""circadian_cos"", ""occ_wake"", ""occ_miniwake"", ""occ_nrem"", ""occ_rem""]","[""rule_frequency"", ""rule_reversal_frequency""]",lfp_behavior_modulation,state_lfp,REM,rem,MOs,mos,gamma,gamma,whole_slice_norm
state_rem_ila_delta_whole_slice_norm,bias_block,350,0.21736066423847022,0.22372496564920197,0.006364301410731743,0.6033966033966034,0.8117022642162307,bias_right,-0.10709766221599201,negative,0,"[""elapsed_day"", ""circadian_sin"", ""circadian_cos"", ""occ_wake"", ""occ_miniwake"", ""occ_nrem"", ""occ_rem""]","[""bias_left"", ""bias_right""]",lfp_behavior_modulation,state_lfp,REM,rem,ILA,ila,delta,delta,whole_slice_norm
state_working_mos_theta_whole_slice_norm,bias_block,204,0.1960472447752356,0.2057536659507213,0.009706421175485702,0.6053946053946054,0.8117022642162307,bias_right,0.06085600906662908,positive,0,"[""elapsed_day"", ""circadian_sin"", ""circadian_cos"", ""occ_wake"", ""occ_miniwake"", ""occ_nrem"", ""occ_rem""]","[""bias_left"", ""bias_right""]",lfp_behavior_modulation,state_lfp,Working,working,MOs,mos,theta,theta,whole_slice_norm
state_rem_mos_gamma_whole_slice_norm,bias_block,350,0.2043303146877381,0.21569368903217834,0.011363374344440236,0.6113886113886113,0.8138888138888138,bias_right,-0.025126132501118094,negative,0,"[""elapsed_day"", ""circadian_sin"", ""circadian_cos"", ""occ_wake"", ""occ_miniwake"", ""occ_nrem"", ""occ_rem""]","[""bias_left"", ""bias_right""]",lfp_behavior_modulation,state_lfp,REM,rem,MOs,mos,gamma,gamma,whole_slice_norm
state_working_acad_theta_whole_slice_norm,bias_block,204,0.06303683785918246,0.07543109015162441,0.012394252292441954,0.6143856143856143,0.8138888138888138,bias_right,-0.042319697836273824,negative,0,"[""elapsed_day"", ""circadian_sin"", ""circadian_cos"", ""occ_wake"", ""occ_miniwake"", ""occ_nrem"", ""occ_rem""]","[""bias_left"", ""bias_right""]",lfp_behavior_modulation,state_lfp,Working,working,ACAd,acad,theta,theta,whole_slice_norm
state_rem_pl_delta_whole_slice_norm,rule_block,350,0.17608270333653586,0.1783015702380384,0.0022188669015025253,0.6173826173826173,0.8138888138888138,rule_reversal_frequency,-0.2190746193017848,negative,0,"[""elapsed_day"", ""circadian_sin"", ""circadian_cos"", ""occ_wake"", ""occ_miniwake"", ""occ_nrem"", ""occ_rem""]","[""rule_frequency"", ""rule_reversal_frequency""]",lfp_behavior_modulation,state_lfp,REM,rem,PL,pl,delta,delta,whole_slice_norm
state_rem_ila_gamma_whole_slice_norm,rule_block,350,0.059679333649081845,0.06636269349515989,0.006683359846078041,0.6233766233766234,0.8138888138888138,rule_reversal_frequency,0.23763296639228437,positive,0,"[""elapsed_day"", ""circadian_sin"", ""circadian_cos"", ""occ_wake"", ""occ_miniwake"", ""occ_nrem"", ""occ_rem""]","[""rule_frequency"", ""rule_reversal_frequency""]",lfp_behavior_modulation,state_lfp,REM,rem,ILA,ila,gamma,gamma,whole_slice_norm
state_nrem_ila_gamma_whole_slice_norm,behavior_all,468,0.040400265984902206,0.07515528321462406,0.03475501722972185,0.6263736263736264,0.8138888138888138,rule_reversal_frequency,0.20261173620232942,positive,0,"[""elapsed_day"", ""circadian_sin"", ""circadian_cos"", ""occ_wake"", ""occ_miniwake"", ""occ_nrem"", ""occ_rem""]","[""rule_frequency"", ""rule_reversal_frequency"", ""perf_intermediate"", ""perf_learned"", ""bias_left"", ""bias_right""]",lfp_behavior_modulation,state_lfp,NREM,nrem,ILA,ila,gamma,gamma,whole_slice_norm
state_wake_acad_delta_whole_slice_norm,bias_block,526,0.21164829395632967,0.21671776472381366,0.005069470767483986,0.6273726273726273,0.8138888138888138,bias_right,-0.0567515325340949,negative,0,"[""elapsed_day"", ""circadian_sin"", ""circadian_cos"", ""occ_wake"", ""occ_miniwake"", ""occ_nrem"", ""occ_rem""]","[""bias_left"", ""bias_right""]",lfp_behavior_modulation,state_lfp,Wake,wake,ACAd,acad,delta,delta,whole_slice_norm
state_nrem_pl_delta_whole_slice_norm,bias_block,468,0.11663221492388276,0.12078937710835402,0.004157162184471264,0.6403596403596403,0.8181509212437048,bias_right,0.17772271114739166,positive,0,"[""elapsed_day"", ""circadian_sin"", ""circadian_cos"", ""occ_wake"", ""occ_miniwake"", ""occ_nrem"", ""occ_rem""]","[""bias_left"", ""bias_right""]",lfp_behavior_modulation,state_lfp,NREM,nrem,PL,pl,delta,delta,whole_slice_norm
state_working_pl_theta_whole_slice_norm,behavior_all,204,0.15211037202527367,0.18843494023312435,0.03632456820785068,0.6473526473526473,0.8181509212437048,perf_learned,-0.1485130318862067,negative,0,"[""elapsed_day"", ""circadian_sin"", ""circadian_cos"", ""occ_wake"", ""occ_miniwake"", ""occ_nrem"", ""occ_rem""]","[""rule_frequency"", ""rule_reversal_frequency"", ""perf_intermediate"", ""perf_learned"", ""bias_left"", ""bias_right""]",lfp_behavior_modulation,state_lfp,Working,working,PL,pl,theta,theta,whole_slice_norm
state_wake_pl_delta_whole_slice_norm,bias_block,526,0.23690220926982686,0.24028646740710569,0.0033842581372788283,0.6493506493506493,0.8181509212437048,bias_right,-0.053556746079618786,negative,0,"[""elapsed_day"", ""circadian_sin"", ""circadian_cos"", ""occ_wake"", ""occ_miniwake"", ""occ_nrem"", ""occ_rem""]","[""bias_left"", ""bias_right""]",lfp_behavior_modulation,state_lfp,Wake,wake,PL,pl,delta,delta,whole_slice_norm
state_rem_mos_gamma_whole_slice_norm,learning_stage_block,350,0.2043303146877381,0.2175242929774952,0.013193978289757102,0.6513486513486514,0.8181509212437048,perf_learned,0.022621729001100828,positive,0,"[""elapsed_day"", ""circadian_sin"", ""circadian_cos"", ""occ_wake"", ""occ_miniwake"", ""occ_nrem"", ""occ_rem""]","[""perf_intermediate"", ""perf_learned""]",lfp_behavior_modulation,state_lfp,REM,rem,MOs,mos,gamma,gamma,whole_slice_norm
state_nrem_pl_delta_whole_slice_norm,behavior_all,468,0.11663221492388276,0.13159676343987536,0.014964548515992604,0.6583416583416584,0.8181509212437048,bias_right,0.1864945035809239,positive,0,"[""elapsed_day"", ""circadian_sin"", ""circadian_cos"", ""occ_wake"", ""occ_miniwake"", ""occ_nrem"", ""occ_rem""]","[""rule_frequency"", ""rule_reversal_frequency"", ""perf_intermediate"", ""perf_learned"", ""bias_left"", ""bias_right""]",lfp_behavior_modulation,state_lfp,NREM,nrem,PL,pl,delta,delta,whole_slice_norm
state_nrem_mos_delta_whole_slice_norm,learning_stage_block,468,0.5587824297907262,0.5629336837159398,0.004151253925213538,0.6583416583416584,0.8181509212437048,perf_learned,-0.030122375764242343,negative,0,"[""elapsed_day"", ""circadian_sin"", ""circadian_cos"", ""occ_wake"", ""occ_miniwake"", ""occ_nrem"", ""occ_rem""]","[""perf_intermediate"", ""perf_learned""]",lfp_behavior_modulation,state_lfp,NREM,nrem,MOs,mos,delta,delta,whole_slice_norm
state_rem_pl_theta_whole_slice_norm,bias_block,350,0.1484507748986723,0.15372088239574488,0.005270107497072574,0.6593406593406593,0.8181509212437048,bias_right,-0.08437074942773704,negative,0,"[""elapsed_day"", ""circadian_sin"", ""circadian_cos"", ""occ_wake"", ""occ_miniwake"", ""occ_nrem"", ""occ_rem""]","[""bias_left"", ""bias_right""]",lfp_behavior_modulation,state_lfp,REM,rem,PL,pl,theta,theta,whole_slice_norm
state_working_acad_delta_whole_slice_norm,behavior_all,204,0.03298966257569913,0.07770226803024549,0.04471260545454636,0.6603396603396603,0.8181509212437048,rule_reversal_frequency,-0.16010863747864457,negative,0,"[""elapsed_day"", ""circadian_sin"", ""circadian_cos"", ""occ_wake"", ""occ_miniwake"", ""occ_nrem"", ""occ_rem""]","[""rule_frequency"", ""rule_reversal_frequency"", ""perf_intermediate"", ""perf_learned"", ""bias_left"", ""bias_right""]",lfp_behavior_modulation,state_lfp,Working,working,ACAd,acad,delta,delta,whole_slice_norm
state_working_mos_theta_whole_slice_norm,rule_block,204,0.1960472447752356,0.20009301699097426,0.004045772215738652,0.6613386613386614,0.8181509212437048,rule_reversal_frequency,-0.05977172696947056,negative,0,"[""elapsed_day"", ""circadian_sin"", ""circadian_cos"", ""occ_wake"", ""occ_miniwake"", ""occ_nrem"", ""occ_rem""]","[""rule_frequency"", ""rule_reversal_frequency""]",lfp_behavior_modulation,state_lfp,Working,working,MOs,mos,theta,theta,whole_slice_norm
lfp_mos_gamma_whole_slice_norm,rule_block,526,0.3648159276426617,0.3695975528482187,0.004781625205557027,0.6733266733266733,0.8215135118688419,rule_reversal_frequency,-0.04000123920214603,negative,0,"[""elapsed_day"", ""circadian_sin"", ""circadian_cos"", ""occ_wake"", ""occ_miniwake"", ""occ_nrem"", ""occ_rem""]","[""rule_frequency"", ""rule_reversal_frequency""]",lfp_behavior_modulation,global_lfp,global,global,MOs,mos,gamma,gamma,whole_slice_norm
state_working_mos_gamma_whole_slice_norm,bias_block,204,0.18385209397472513,0.19915970971105346,0.015307615736328328,0.6743256743256744,0.8215135118688419,bias_right,-0.034383175572167246,negative,0,"[""elapsed_day"", ""circadian_sin"", ""circadian_cos"", ""occ_wake"", ""occ_miniwake"", ""occ_nrem"", ""occ_rem""]","[""bias_left"", ""bias_right""]",lfp_behavior_modulation,state_lfp,Working,working,MOs,mos,gamma,gamma,whole_slice_norm
lfp_mos_gamma_whole_slice_norm,bias_block,526,0.3648159276426617,0.3736084414400995,0.00879251379743784,0.6743256743256744,0.8215135118688419,bias_left,-0.04019143998779191,negative,0,"[""elapsed_day"", ""circadian_sin"", ""circadian_cos"", ""occ_wake"", ""occ_miniwake"", ""occ_nrem"", ""occ_rem""]","[""bias_left"", ""bias_right""]",lfp_behavior_modulation,global_lfp,global,global,MOs,mos,gamma,gamma,whole_slice_norm
state_nrem_acad_gamma_whole_slice_norm,rule_block,468,0.06471262595885374,0.06720157117887227,0.0024889452200185236,0.6823176823176823,0.8270517361426452,rule_reversal_frequency,-0.04465768961692052,negative,0,"[""elapsed_day"", ""circadian_sin"", ""circadian_cos"", ""occ_wake"", ""occ_miniwake"", ""occ_nrem"", ""occ_rem""]","[""rule_frequency"", ""rule_reversal_frequency""]",lfp_behavior_modulation,state_lfp,NREM,nrem,ACAd,acad,gamma,gamma,whole_slice_norm
lfp_mos_theta_whole_slice_norm,rule_block,526,0.7591686810642104,0.7605979413967912,0.0014292603325807285,0.6953046953046953,0.838558426498125,rule_reversal_frequency,0.035345431156907484,positive,0,"[""elapsed_day"", ""circadian_sin"", ""circadian_cos"", ""occ_wake"", ""occ_miniwake"", ""occ_nrem"", ""occ_rem""]","[""rule_frequency"", ""rule_reversal_frequency""]",lfp_behavior_modulation,global_lfp,global,global,MOs,mos,theta,theta,whole_slice_norm
state_working_acad_gamma_whole_slice_norm,bias_block,204,0.11977994393938496,0.12980461098793994,0.01002466704855498,0.7012987012987013,0.8391608391608391,bias_right,-0.04867095108645728,negative,0,"[""elapsed_day"", ""circadian_sin"", ""circadian_cos"", ""occ_wake"", ""occ_miniwake"", ""occ_nrem"", ""occ_rem""]","[""bias_left"", ""bias_right""]",lfp_behavior_modulation,state_lfp,Working,working,ACAd,acad,gamma,gamma,whole_slice_norm
state_rem_pl_delta_whole_slice_norm,bias_block,350,0.17608270333653586,0.18015911636833004,0.004076413031794179,0.7032967032967034,0.8391608391608391,bias_right,-0.23254163355127236,negative,0,"[""elapsed_day"", ""circadian_sin"", ""circadian_cos"", ""occ_wake"", ""occ_miniwake"", ""occ_nrem"", ""occ_rem""]","[""bias_left"", ""bias_right""]",lfp_behavior_modulation,state_lfp,REM,rem,PL,pl,delta,delta,whole_slice_norm
state_working_acad_gamma_whole_slice_norm,behavior_all,204,0.11977994393938496,0.15929430191945004,0.039514357980065085,0.7062937062937062,0.8391608391608391,rule_reversal_frequency,0.1413081049401764,positive,0,"[""elapsed_day"", ""circadian_sin"", ""circadian_cos"", ""occ_wake"", ""occ_miniwake"", ""occ_nrem"", ""occ_rem""]","[""rule_frequency"", ""rule_reversal_frequency"", ""perf_intermediate"", ""perf_learned"", ""bias_left"", ""bias_right""]",lfp_behavior_modulation,state_lfp,Working,working,ACAd,acad,gamma,gamma,whole_slice_norm
state_nrem_pl_delta_whole_slice_norm,rule_block,468,0.11663221492388276,0.1175812628031484,0.0009490478792656409,0.7112887112887113,0.8409324665482301,rule_reversal_frequency,-0.10718158859915905,negative,0,"[""elapsed_day"", ""circadian_sin"", ""circadian_cos"", ""occ_wake"", ""occ_miniwake"", ""occ_nrem"", ""occ_rem""]","[""rule_frequency"", ""rule_reversal_frequency""]",lfp_behavior_modulation,state_lfp,NREM,nrem,PL,pl,delta,delta,whole_slice_norm
lfp_mos_theta_whole_slice_norm,bias_block,526,0.7591686810642104,0.7612770429464075,0.002108361882197096,0.7182817182817183,0.845037315625551,bias_right,0.03147180896242254,positive,0,"[""elapsed_day"", ""circadian_sin"", ""circadian_cos"", ""occ_wake"", ""occ_miniwake"", ""occ_nrem"", ""occ_rem""]","[""bias_left"", ""bias_right""]",lfp_behavior_modulation,global_lfp,global,global,MOs,mos,theta,theta,whole_slice_norm
state_working_pl_gamma_whole_slice_norm,rule_block,204,0.13541276743297725,0.13675660939176115,0.001343841958783898,0.7472527472527473,0.8737416429724122,rule_reversal_frequency,-0.03137954636412432,negative,0,"[""elapsed_day"", ""circadian_sin"", ""circadian_cos"", ""occ_wake"", ""occ_miniwake"", ""occ_nrem"", ""occ_rem""]","[""rule_frequency"", ""rule_reversal_frequency""]",lfp_behavior_modulation,state_lfp,Working,working,PL,pl,gamma,gamma,whole_slice_norm
state_nrem_mos_gamma_whole_slice_norm,rule_block,468,0.31091965709116,0.31261334359255966,0.0016936865013996716,0.7542457542457542,0.8737416429724122,rule_reversal_frequency,-0.016895193649316305,negative,0,"[""elapsed_day"", ""circadian_sin"", ""circadian_cos"", ""occ_wake"", ""occ_miniwake"", ""occ_nrem"", ""occ_rem""]","[""rule_frequency"", ""rule_reversal_frequency""]",lfp_behavior_modulation,state_lfp,NREM,nrem,MOs,mos,gamma,gamma,whole_slice_norm
state_wake_acad_gamma_whole_slice_norm,rule_block,526,0.21944968152416044,0.2211944513462144,0.0017447698220539598,0.7552447552447552,0.8737416429724122,rule_reversal_frequency,-0.026877674791518716,negative,0,"[""elapsed_day"", ""circadian_sin"", ""circadian_cos"", ""occ_wake"", ""occ_miniwake"", ""occ_nrem"", ""occ_rem""]","[""rule_frequency"", ""rule_reversal_frequency""]",lfp_behavior_modulation,state_lfp,Wake,wake,ACAd,acad,gamma,gamma,whole_slice_norm
state_wake_mos_theta_whole_slice_norm,behavior_all,526,0.43102032708801674,0.4475877700009069,0.01656744291289014,0.7572427572427572,0.8737416429724122,rule_reversal_frequency,-0.13764432628190157,negative,0,"[""elapsed_day"", ""circadian_sin"", ""circadian_cos"", ""occ_wake"", ""occ_miniwake"", ""occ_nrem"", ""occ_rem""]","[""rule_frequency"", ""rule_reversal_frequency"", ""perf_intermediate"", ""perf_learned"", ""bias_left"", ""bias_right""]",lfp_behavior_modulation,state_lfp,Wake,wake,MOs,mos,theta,theta,whole_slice_norm
state_wake_pl_delta_whole_slice_norm,behavior_all,526,0.23690220926982686,0.24887178266879406,0.011969573398967204,0.7772227772227772,0.8925046245620408,rule_reversal_frequency,-0.1325385636603662,negative,0,"[""elapsed_day"", ""circadian_sin"", ""circadian_cos"", ""occ_wake"", ""occ_miniwake"", ""occ_nrem"", ""occ_rem""]","[""rule_frequency"", ""rule_reversal_frequency"", ""perf_intermediate"", ""perf_learned"", ""bias_left"", ""bias_right""]",lfp_behavior_modulation,state_lfp,Wake,wake,PL,pl,delta,delta,whole_slice_norm
state_wake_mos_gamma_whole_slice_norm,learning_stage_block,526,0.2966669526242637,0.3032845814968592,0.006617628872595538,0.7902097902097902,0.9024309024309025,perf_intermediate,0.027141072821260062,positive,0,"[""elapsed_day"", ""circadian_sin"", ""circadian_cos"", ""occ_wake"", ""occ_miniwake"", ""occ_nrem"", ""occ_rem""]","[""perf_intermediate"", ""perf_learned""]",lfp_behavior_modulation,state_lfp,Wake,wake,MOs,mos,gamma,gamma,whole_slice_norm
state_nrem_mos_gamma_whole_slice_norm,learning_stage_block,468,0.31091965709116,0.3161982664369749,0.005278609345814922,0.7952047952047953,0.9024309024309025,perf_learned,0.018338592856195917,positive,0,"[""elapsed_day"", ""circadian_sin"", ""circadian_cos"", ""occ_wake"", ""occ_miniwake"", ""occ_nrem"", ""occ_rem""]","[""perf_intermediate"", ""perf_learned""]",lfp_behavior_modulation,state_lfp,NREM,nrem,MOs,mos,gamma,gamma,whole_slice_norm
state_nrem_ila_theta_whole_slice_norm,learning_stage_block,468,0.45693821490782627,0.4590990282801167,0.00216081337229046,0.8001998001998002,0.9024309024309025,perf_intermediate,-0.021383970723230894,negative,0,"[""elapsed_day"", ""circadian_sin"", ""circadian_cos"", ""occ_wake"", ""occ_miniwake"", ""occ_nrem"", ""occ_rem""]","[""perf_intermediate"", ""perf_learned""]",lfp_behavior_modulation,state_lfp,NREM,nrem,ILA,ila,theta,theta,whole_slice_norm
state_working_acad_gamma_whole_slice_norm,rule_block,204,0.11977994393938496,0.12072250718957556,0.0009425632501905978,0.8011988011988012,0.9024309024309025,rule_reversal_frequency,0.03573463339045313,positive,0,"[""elapsed_day"", ""circadian_sin"", ""circadian_cos"", ""occ_wake"", ""occ_miniwake"", ""occ_nrem"", ""occ_rem""]","[""rule_frequency"", ""rule_reversal_frequency""]",lfp_behavior_modulation,state_lfp,Working,working,ACAd,acad,gamma,gamma,whole_slice_norm
state_nrem_pl_gamma_whole_slice_norm,rule_block,468,0.036335310452570324,0.037154354519496446,0.0008190440669261223,0.8091908091908092,0.9024309024309025,rule_reversal_frequency,-0.0578613626250179,negative,0,"[""elapsed_day"", ""circadian_sin"", ""circadian_cos"", ""occ_wake"", ""occ_miniwake"", ""occ_nrem"", ""occ_rem""]","[""rule_frequency"", ""rule_reversal_frequency""]",lfp_behavior_modulation,state_lfp,NREM,nrem,PL,pl,gamma,gamma,whole_slice_norm
state_rem_pl_gamma_whole_slice_norm,rule_block,350,0.06059414967447818,0.061626278780069876,0.0010321291055916948,0.8101898101898102,0.9024309024309025,rule_reversal_frequency,-0.08219274724294379,negative,0,"[""elapsed_day"", ""circadian_sin"", ""circadian_cos"", ""occ_wake"", ""occ_miniwake"", ""occ_nrem"", ""occ_rem""]","[""rule_frequency"", ""rule_reversal_frequency""]",lfp_behavior_modulation,state_lfp,REM,rem,PL,pl,gamma,gamma,whole_slice_norm
state_wake_pl_delta_whole_slice_norm,learning_stage_block,526,0.23690220926982686,0.23884258551618542,0.001940376246358566,0.8121878121878122,0.9024309024309025,perf_intermediate,-0.033078904264113335,negative,0,"[""elapsed_day"", ""circadian_sin"", ""circadian_cos"", ""occ_wake"", ""occ_miniwake"", ""occ_nrem"", ""occ_rem""]","[""perf_intermediate"", ""perf_learned""]",lfp_behavior_modulation,state_lfp,Wake,wake,PL,pl,delta,delta,whole_slice_norm
state_nrem_mos_gamma_whole_slice_norm,bias_block,468,0.31091965709116,0.3148914019450454,0.003971744853885406,0.8171828171828172,0.9037966641653278,bias_left,0.01847584333038118,positive,0,"[""elapsed_day"", ""circadian_sin"", ""circadian_cos"", ""occ_wake"", ""occ_miniwake"", ""occ_nrem"", ""occ_rem""]","[""bias_left"", ""bias_right""]",lfp_behavior_modulation,state_lfp,NREM,nrem,MOs,mos,gamma,gamma,whole_slice_norm
state_nrem_mos_theta_whole_slice_norm,bias_block,468,0.53029792497825,0.5339021332454752,0.003604208267225184,0.8241758241758241,0.906490769504468,bias_right,0.014529115152272426,positive,0,"[""elapsed_day"", ""circadian_sin"", ""circadian_cos"", ""occ_wake"", ""occ_miniwake"", ""occ_nrem"", ""occ_rem""]","[""bias_left"", ""bias_right""]",lfp_behavior_modulation,state_lfp,NREM,nrem,MOs,mos,theta,theta,whole_slice_norm
lfp_pl_delta_whole_slice_norm,rule_block,526,0.44888104867166545,0.44912492643780755,0.00024387776614209766,0.8271728271728271,0.906490769504468,rule_reversal_frequency,-0.025997856993831753,negative,0,"[""elapsed_day"", ""circadian_sin"", ""circadian_cos"", ""occ_wake"", ""occ_miniwake"", ""occ_nrem"", ""occ_rem""]","[""rule_frequency"", ""rule_reversal_frequency""]",lfp_behavior_modulation,global_lfp,global,global,PL,pl,delta,delta,whole_slice_norm
lfp_mos_gamma_whole_slice_norm,behavior_all,526,0.3648159276426617,0.38843775612643383,0.023621828483772145,0.8651348651348651,0.9401951760030363,rule_reversal_frequency,-0.08773782727089124,negative,0,"[""elapsed_day"", ""circadian_sin"", ""circadian_cos"", ""occ_wake"", ""occ_miniwake"", ""occ_nrem"", ""occ_rem""]","[""rule_frequency"", ""rule_reversal_frequency"", ""perf_intermediate"", ""perf_learned"", ""bias_left"", ""bias_right""]",lfp_behavior_modulation,global_lfp,global,global,MOs,mos,gamma,gamma,whole_slice_norm
state_rem_acad_gamma_whole_slice_norm,rule_block,350,0.018306763076951005,0.01898708131649174,0.0006803182395407337,0.8701298701298701,0.9401951760030363,rule_reversal_frequency,-0.015300259560356452,negative,0,"[""elapsed_day"", ""circadian_sin"", ""circadian_cos"", ""occ_wake"", ""occ_miniwake"", ""occ_nrem"", ""occ_rem""]","[""rule_frequency"", ""rule_reversal_frequency""]",lfp_behavior_modulation,state_lfp,REM,rem,ACAd,acad,gamma,gamma,whole_slice_norm
state_nrem_mos_gamma_whole_slice_norm,behavior_all,468,0.31091965709116,0.3301735852891948,0.019253928198034842,0.8781218781218781,0.9401951760030363,rule_reversal_frequency,-0.048418908774566505,negative,0,"[""elapsed_day"", ""circadian_sin"", ""circadian_cos"", ""occ_wake"", ""occ_miniwake"", ""occ_nrem"", ""occ_rem""]","[""rule_frequency"", ""rule_reversal_frequency"", ""perf_intermediate"", ""perf_learned"", ""bias_left"", ""bias_right""]",lfp_behavior_modulation,state_lfp,NREM,nrem,MOs,mos,gamma,gamma,whole_slice_norm
state_nrem_acad_theta_whole_slice_norm,bias_block,468,0.442635222741929,0.44373295661101186,0.0010977338690828509,0.8801198801198801,0.9401951760030363,bias_left,0.00490379757692664,positive,0,"[""elapsed_day"", ""circadian_sin"", ""circadian_cos"", ""occ_wake"", ""occ_miniwake"", ""occ_nrem"", ""occ_rem""]","[""bias_left"", ""bias_right""]",lfp_behavior_modulation,state_lfp,NREM,nrem,ACAd,acad,theta,theta,whole_slice_norm
state_wake_acad_gamma_whole_slice_norm,learning_stage_block,526,0.21944968152416044,0.22299069982921138,0.003541018305050936,0.8811188811188811,0.9401951760030363,perf_learned,-0.023099450688543136,negative,0,"[""elapsed_day"", ""circadian_sin"", ""circadian_cos"", ""occ_wake"", ""occ_miniwake"", ""occ_nrem"", ""occ_rem""]","[""perf_intermediate"", ""perf_learned""]",lfp_behavior_modulation,state_lfp,Wake,wake,ACAd,acad,gamma,gamma,whole_slice_norm
state_working_acad_theta_whole_slice_norm,behavior_all,204,0.06303683785918246,0.08697781533654847,0.02394097747736601,0.8871128871128872,0.9401951760030363,perf_learned,-0.08327181063446638,negative,0,"[""elapsed_day"", ""circadian_sin"", ""circadian_cos"", ""occ_wake"", ""occ_miniwake"", ""occ_nrem"", ""occ_rem""]","[""rule_frequency"", ""rule_reversal_frequency"", ""perf_intermediate"", ""perf_learned"", ""bias_left"", ""bias_right""]",lfp_behavior_modulation,state_lfp,Working,working,ACAd,acad,theta,theta,whole_slice_norm
state_nrem_acad_gamma_whole_slice_norm,bias_block,468,0.06471262595885374,0.06683265048848808,0.0021200245296343345,0.8881118881118881,0.9401951760030363,bias_left,-0.018450928169567945,negative,0,"[""elapsed_day"", ""circadian_sin"", ""circadian_cos"", ""occ_wake"", ""occ_miniwake"", ""occ_nrem"", ""occ_rem""]","[""bias_left"", ""bias_right""]",lfp_behavior_modulation,state_lfp,NREM,nrem,ACAd,acad,gamma,gamma,whole_slice_norm
state_working_mos_gamma_whole_slice_norm,rule_block,204,0.18385209397472513,0.18497191942241387,0.0011198254476887382,0.8931068931068931,0.9401951760030363,rule_reversal_frequency,0.025582874540446925,positive,0,"[""elapsed_day"", ""circadian_sin"", ""circadian_cos"", ""occ_wake"", ""occ_miniwake"", ""occ_nrem"", ""occ_rem""]","[""rule_frequency"", ""rule_reversal_frequency""]",lfp_behavior_modulation,state_lfp,Working,working,MOs,mos,gamma,gamma,whole_slice_norm
state_working_mos_gamma_whole_slice_norm,learning_stage_block,204,0.18385209397472513,0.18819186881038663,0.004339774835661503,0.8961038961038961,0.9401951760030363,perf_intermediate,-0.0227522872240159,negative,0,"[""elapsed_day"", ""circadian_sin"", ""circadian_cos"", ""occ_wake"", ""occ_miniwake"", ""occ_nrem"", ""occ_rem""]","[""perf_intermediate"", ""perf_learned""]",lfp_behavior_modulation,state_lfp,Working,working,MOs,mos,gamma,gamma,whole_slice_norm
state_wake_mos_theta_whole_slice_norm,bias_block,526,0.43102032708801674,0.4322490909482388,0.0012287638602220818,0.8971028971028971,0.9401951760030363,bias_left,0.02404039063288789,positive,0,"[""elapsed_day"", ""circadian_sin"", ""circadian_cos"", ""occ_wake"", ""occ_miniwake"", ""occ_nrem"", ""occ_rem""]","[""bias_left"", ""bias_right""]",lfp_behavior_modulation,state_lfp,Wake,wake,MOs,mos,theta,theta,whole_slice_norm
lfp_pl_delta_whole_slice_norm,behavior_all,526,0.44888104867166545,0.4542146773678316,0.005333628696166159,0.903096903096903,0.9423619858402467,bias_right,-0.08350476833381427,negative,0,"[""elapsed_day"", ""circadian_sin"", ""circadian_cos"", ""occ_wake"", ""occ_miniwake"", ""occ_nrem"", ""occ_rem""]","[""rule_frequency"", ""rule_reversal_frequency"", ""perf_intermediate"", ""perf_learned"", ""bias_left"", ""bias_right""]",lfp_behavior_modulation,global_lfp,global,global,PL,pl,delta,delta,whole_slice_norm
lfp_ila_gamma_whole_slice_norm,rule_block,526,0.026812502270589067,0.02696289736452706,0.00015039509393799388,0.9140859140859141,0.9466395673292225,rule_reversal_frequency,-0.015464109641545362,negative,0,"[""elapsed_day"", ""circadian_sin"", ""circadian_cos"", ""occ_wake"", ""occ_miniwake"", ""occ_nrem"", ""occ_rem""]","[""rule_frequency"", ""rule_reversal_frequency""]",lfp_behavior_modulation,global_lfp,global,global,ILA,ila,gamma,gamma,whole_slice_norm
lfp_mos_gamma_whole_slice_norm,learning_stage_block,526,0.3648159276426617,0.3670167837115301,0.0022008560688684398,0.9150849150849151,0.9466395673292225,perf_intermediate,0.016951677370571003,positive,0,"[""elapsed_day"", ""circadian_sin"", ""circadian_cos"", ""occ_wake"", ""occ_miniwake"", ""occ_nrem"", ""occ_rem""]","[""perf_intermediate"", ""perf_learned""]",lfp_behavior_modulation,global_lfp,global,global,MOs,mos,gamma,gamma,whole_slice_norm
lfp_acad_gamma_whole_slice_norm,learning_stage_block,526,0.31394829144363234,0.31573280011169436,0.0017845086680620126,0.9250749250749251,0.9508440277671046,perf_learned,-0.01731553972013807,negative,0,"[""elapsed_day"", ""circadian_sin"", ""circadian_cos"", ""occ_wake"", ""occ_miniwake"", ""occ_nrem"", ""occ_rem""]","[""perf_intermediate"", ""perf_learned""]",lfp_behavior_modulation,global_lfp,global,global,ACAd,acad,gamma,gamma,whole_slice_norm
state_wake_mos_theta_whole_slice_norm,learning_stage_block,526,0.43102032708801674,0.4320423409304428,0.0010220138424260616,0.9270729270729271,0.9508440277671046,perf_learned,0.01832350935560736,positive,0,"[""elapsed_day"", ""circadian_sin"", ""circadian_cos"", ""occ_wake"", ""occ_miniwake"", ""occ_nrem"", ""occ_rem""]","[""perf_intermediate"", ""perf_learned""]",lfp_behavior_modulation,state_lfp,Wake,wake,MOs,mos,theta,theta,whole_slice_norm
state_working_pl_gamma_whole_slice_norm,bias_block,204,0.13541276743297725,0.13669186512660125,0.0012790976936239984,0.9310689310689311,0.9508789083257168,bias_right,-0.009048502946240237,negative,0,"[""elapsed_day"", ""circadian_sin"", ""circadian_cos"", ""occ_wake"", ""occ_miniwake"", ""occ_nrem"", ""occ_rem""]","[""bias_left"", ""bias_right""]",lfp_behavior_modulation,state_lfp,Working,working,PL,pl,gamma,gamma,whole_slice_norm
state_working_mos_gamma_whole_slice_norm,behavior_all,204,0.18385209397472513,0.2098666138222186,0.026014519847493478,0.935064935064935,0.9509134932863746,rule_reversal_frequency,0.05848993684930246,positive,0,"[""elapsed_day"", ""circadian_sin"", ""circadian_cos"", ""occ_wake"", ""occ_miniwake"", ""occ_nrem"", ""occ_rem""]","[""rule_frequency"", ""rule_reversal_frequency"", ""perf_intermediate"", ""perf_learned"", ""bias_left"", ""bias_right""]",lfp_behavior_modulation,state_lfp,Working,working,MOs,mos,gamma,gamma,whole_slice_norm
lfp_pl_delta_whole_slice_norm,learning_stage_block,526,0.44888104867166545,0.4492799702070497,0.00039892153538423347,0.9400599400599401,0.9519594329720912,perf_learned,0.012670177977262059,positive,0,"[""elapsed_day"", ""circadian_sin"", ""circadian_cos"", ""occ_wake"", ""occ_miniwake"", ""occ_nrem"", ""occ_rem""]","[""perf_intermediate"", ""perf_learned""]",lfp_behavior_modulation,global_lfp,global,global,PL,pl,delta,delta,whole_slice_norm
state_working_pl_gamma_whole_slice_norm,learning_stage_block,204,0.13541276743297725,0.1355778813817916,0.00016511394881435493,0.997002997002997,1.0,perf_intermediate,-0.006447836592407082,negative,0,"[""elapsed_day"", ""circadian_sin"", ""circadian_cos"", ""occ_wake"", ""occ_miniwake"", ""occ_nrem"", ""occ_rem""]","[""perf_intermediate"", ""perf_learned""]",lfp_behavior_modulation,state_lfp,Working,working,PL,pl,gamma,gamma,whole_slice_norm
state_working_pl_gamma_whole_slice_norm,behavior_all,204,0.13541276743297725,0.1390047628961899,0.0035919954632126494,0.999000999000999,1.0,rule_reversal_frequency,-0.05748440351827587,negative,0,"[""elapsed_day"", ""circadian_sin"", ""circadian_cos"", ""occ_wake"", ""occ_miniwake"", ""occ_nrem"", ""occ_rem""]","[""rule_frequency"", ""rule_reversal_frequency"", ""perf_intermediate"", ""perf_learned"", ""bias_left"", ""bias_right""]",lfp_behavior_modulation,state_lfp,Working,working,PL,pl,gamma,gamma,whole_slice_norm
lfp_acad_gamma_whole_slice_norm,rule_block,526,0.31394829144363234,0.3139482953507289,3.9070965351939435e-09,1.0,1.0,rule_reversal_frequency,-4.2931270811286115e-05,negative,0,"[""elapsed_day"", ""circadian_sin"", ""circadian_cos"", ""occ_wake"", ""occ_miniwake"", ""occ_nrem"", ""occ_rem""]","[""rule_frequency"", ""rule_reversal_frequency""]",lfp_behavior_modulation,global_lfp,global,global,ACAd,acad,gamma,gamma,whole_slice_norm
