1 10 20 50 16 153 20 203 20 209 20 253 20 353 20 603 20 853 20 10853 20 10863
2 17 20 250 16 353 20 403 20 409 0 411 20 453 20 553 20 803 20 1803 10 3255 11 3309 20 3355 10 3665 11 3711 20 4105 20 4505 20 5505
3 24 20 250 16 360 20 410 20 416 0 451 20 460 20 560 20 810 10 1115 11 1141 10 1410 11 1444 20 1865 10 2054 11 2111 20 2154 10 2191 11 2245 20 2291 10 2329 11 2372 20 2429 20 2829 20 3829
4 20 20 250 16 362 20 412 20 418 20 462 0 481 20 562 20 812 8 917 9 948 20 1017 8 1029 9 1052 8 1316 9 1347 8 1546 9 1584 20 1767 20 2167 20 3167
5 69 0 130 1 677 20 927 20 933 20 977 0 1037 20 1227 8 1262 9 1296 20 1362 8 1400 9 1430 8 1588 9 1630 8 1703 9 1752 8 1821 9 1867 8 1932 9 1982 8 2055 9 2105 20 2112 8 2181 9 2235 20 2281 8 2319 9 2369 20 2419 8 2446 9 2503 20 2546 8 2580 9 2634 20 2680 8 2710 9 2764 20 2810 8 2841 9 2898 20 2941 8 2963 9 3040 20 3063 8 3101 9 3193 20 3201 8 3262 9 3335 20 3362 8 3404 9 3477 20 3504 8 3557 9 3634 20 3657 8 3730 9 3795 20 3830 8 3879 9 3956 20 3979 8 4036 9 4105 20 4136 1 4406 20 4536 0 5314 20 5536
6 156 20 250 20 256 20 300 0 386 20 550 8 765 9 818 20 865 8 887 9 1010 8 1083 9 1121 8 1194 9 1247 8 1316 9 1370 8 1443 9 1497 8 1573 20 1615 9 1623 8 1715 9 1761 20 1815 8 1838 9 1899 20 1938 8 1983 9 2037 20 2083 8 2113 9 2163 20 2213 8 2236 9 2309 20 2336 8 2374 9 2435 20 2474 8 2504 9 2554 20 2604 8 2627 9 2677 20 2727 8 2753 9 2803 20 2853 8 2884 9 2930 20 2984 8 3002 9 3064 20 3102 8 3133 9 3194 20 3233 8 3263 9 3328 20 3363 8 3401 9 3466 20 3501 8 3543 9 3589 20 3643 8 3658 9 3711 20 3758 8 3784 9 3834 20 3884 8 3911 20 4011 9 4110 8 4156 9 4217 20 4256 8 4286 9 4347 20 4386 8 4424 9 4489 20 4524 8 4539 9 4585 20 4639 8 4654 9 4704 8 4719 9 4727 20 4754 8 4769 20 4869 9 4972 8 5033 9 5114 20 5133 8 5190 9 5252 20 5290 8 5328 9 5390 20 5428 8 5466 9 5535 20 5566 8 5647 9 5715 20 5747 8 5792 9 5850 20 5892 8 5930 9 6003 20 6030 8 6053 9 6103 20 6153 8 6175 9 6237 20 6275 8 6298 9 6375 20 6398 8 6451 9 6513 20 6551 8 6589 9 6658 20 6689 8 6727 9 6788 20 6827 8 6854 9 6949 20 6954 8 6980 9 7045 20 7080 8 7122 9 7183 20 7222 8 7260 9 7336 20 7360 8 7409 9 7493 20 7509 8 7570 9 7651 20 7670 20 8070 1 8711 0 8928 20 9070
7 17 20 250 20 256 0 298 20 300 20 550 8 597 9 643 8 720 9 773 20 1097 1 1601 0 1775 1 2462 0 2702 20 4097 1 4972 20 5097
8 132 20 250 20 256 20 300 0 377 20 550 8 640 9 694 20 740 8 790 9 828 8 836 9 882 8 893 9 916 8 981 9 1027 8 1092 9 1135 8 1204 9 1250 8 1322 9 1368 8 1426 20 1490 9 1499 8 1552 9 1606 20 1652 8 1675 9 1732 20 1775 8 1801 9 1859 20 1901 8 1928 9 2008 20 2028 8 2062 9 2108 20 2162 8 2192 9 2246 20 2292 8 2315 9 2380 20 2415 8 2445 9 2541 20 2545 8 2618 9 2698 20 2718 8 2783 9 2840 20 2883 8 2917 9 2978 20 3017 8 3047 9 3143 20 3147 8 3196 9 3239 20 3296 8 3308 9 3388 20 3408 8 3453 20 3553 9 3564 8 3595 9 3683 20 3695 8 3764 9 3833 20 3864 8 3905 9 3978 20 4005 8 4055 9 4124 20 4155 8 4197 9 4258 20 4297 8 4327 9 4400 20 4427 8 4473 9 4549 20 4573 8 4630 9 4691 20 4730 8 4752 9 4818 20 4852 8 4894 9 4956 20 4994 8 5028 9 5101 20 5128 8 5170 9 5262 20 5270 8 5343 9 5408 20 5443 8 5481 9 5561 20 5581 8 5638 9 5707 20 5738 8 5791 9 5795 8 5803 9 5864 20 5891 8 5964 9 5967 8 5971 9 6033 20 6064 8 6140 9 6167 20 6240 1 6630 20 6640 0 7005 20 7640
9 59 20 250 16 359 20 409 20 415 20 459 0 465 20 559 20 809 8 811 9 895 8 911 20 911 9 926 8 1102 9 1125 8 1329 9 1367 8 1451 9 1497 8 1581 9 1631 20 1661 8 1708 9 1762 20 1808 8 1834 9 1892 20 1934 8 1969 9 2022 20 2069 8 2099 9 2153 20 2199 8 2237 9 2294 20 2337 8 2379 9 2432 20 2479 8 2509 9 2570 20 2609 8 2666 9 2724 20 2766 8 2827 9 2881 20 2927 8 2954 9 3026 20 3054 8 3122 9 3176 20 3222 1 3471 20 3622 0 3725 20 4622
10 16 0 233 1 410 20 660 20 666 20 710 0 793 20 960 8 967 9 979 8 1063 9 1105 8 1178 9 1228 20 1467 20 4467 20 5467
11 49 20 250 16 350 20 400 20 406 0 410 20 450 20 550 20 800 8 1208 9 1254 8 1637 9 1679 8 1764 9 1810 8 1898 9 1948 20 1958 8 2028 9 2078 20 2128 8 2155 9 2212 20 2255 8 2292 9 2350 20 2392 8 2438 9 2484 20 2538 8 2580 9 2618 20 2680 8 2710 9 2768 20 2810 8 2848 9 2898 20 2948 8 3013 9 3063 20 3113 20 3513 8 4151 20 4251 9 4254 8 4361 9 4392 20 4461 20 5461
12 49 20 250 20 256 20 300 20 400 20 650 20 1650 0 1901 8 2546 9 2589 8 2857 9 2891 8 2979 9 3014 8 3098 9 3144 8 3221 9 3278 20 3296 8 3359 9 3409 20 3459 8 3481 9 3539 20 3581 8 3608 9 3681 20 3708 8 3754 9 3807 20 3854 8 3876 9 3934 20 3976 8 3999 9 4052 20 4099 8 4118 9 4190 20 4218 8 4279 9 4351 20 4379 8 4447 9 4539 20 4547 20 4947 1 5553 0 5930 20 5947
13 82 20 250 20 256 20 300 0 354 20 400 20 650 10 738 11 764 20 838 10 845 11 860 10 945 11 964 10 1052 11 1075 10 1159 11 1201 10 1278 11 1332 10 1408 11 1462 10 1539 20 1588 11 1592 10 1673 11 1726 20 1773 10 1818 11 1868 20 1918 10 1945 11 2006 20 2045 10 2087 11 2144 20 2187 10 2221 11 2274 20 2321 10 2351 11 2412 20 2451 10 2489 11 2550 20 2589 10 2623 11 2677 20 2723 10 2742 11 2822 20 2842 10 2884 11 2956 20 2984 10 3029 20 3129 11 3332 10 3378 11 3478 20 3478 10 3508 11 3573 20 3608 10 3650 11 3730 20 3750 10 3807 11 3880 20 3907 10 3953 11 4033 20 4053 10 4117 11 4190 20 4217 10 4282 11 4351 20 4382 20 4782 1 4848 0 4854 20 5782
14 14 20 250 20 256 20 300 0 342 20 550 8 784 9 826 8 906 9 960 20 1284 1 2860 20 4284 0 4890 20 5284
15 14 20 250 20 256 20 300 0 439 20 550 8 1070 9 1104 8 1185 9 1239 1 1538 20 1570 0 2806 20 4570 20 5570
16 12 20 250 20 256 0 296 20 300 20 550 8 746 9 792 8 872 9 922 20 1246 20 4246 20 5246
17 95 20 250 0 300 16 351 20 401 20 407 20 451 20 551 20 801 8 972 9 1014 10 1397 11 1416 20 1472 10 1500 11 1516 10 1585 11 1623 10 1684 11 1738 10 1807 11 1857 10 1926 11 1975 10 2037 11 2086 10 2144 11 2198 10 2267 11 2324 10 2397 11 2450 10 2527 11 2581 10 2650 11 2711 10 2784 11 2838 10 2903 11 2960 10 3018 11 3083 10 3148 11 3213 10 3297 11 3339 10 3412 11 3470 10 3535 11 3585 10 3646 11 3711 10 3784 11 3845 10 3907 11 3968 10 4029 11 4094 10 4156 11 4213 10 4274 20 4472 11 4485 10 4550 11 4615 10 4623 11 4631 20 4650 10 4680 11 4757 20 4780 10 4822 11 4899 20 4922 10 4976 11 5014 20 5076 10 5110 11 5179 20 5210 10 5248 11 5332 20 5348 10 5401 11 5481 20 5501 10 5554 11 5642 20 5654 10 5746 11 5811 20 5846 10 5895 11 5964 20 5995 20 6995
18 121 0 248 1 2170 20 2420 20 2426 20 2470 0 2515 20 2570 20 2820 10 2856 11 2890 20 2956 10 3040 11 3182 10 3262 11 3297 10 3377 11 3423 10 3500 11 3550 10 3622 11 3676 20 3706 10 3760 11 3814 20 3860 10 3891 11 3944 20 3991 10 4017 11 4075 20 4117 10 4151 11 4213 20 4251 10 4285 11 4339 20 4385 10 4412 11 4469 20 4512 10 4550 11 4607 20 4650 10 4672 11 4753 20 4772 10 4822 11 4887 10 4902 20 4922 11 5167 10 5240 11 5309 20 5340 10 5385 11 5450 20 5485 10 5527 11 5592 20 5627 10 5665 11 5734 20 5765 10 5807 20 5907 11 5910 10 5933 20 6033 11 6155 10 6228 11 6301 20 6328 10 6370 11 6450 20 6470 10 6527 11 6611 20 6627 10 6680 11 6761 20 6780 10 6837 11 6918 20 6937 10 6995 11 7067 20 7095 10 7148 11 7221 20 7248 10 7297 11 7378 20 7397 10 7431 11 7508 20 7531 10 7562 11 7634 20 7662 10 7700 11 7780 20 7800 10 7853 11 7937 20 7953 10 8010 11 8106 20 8110 10 8178 11 8270 20 8278 10 8355 11 8427 20 8455 10 8562 11 8569 20 8662 20 9062 1 9385 0 9865 20 10062
19 14 20 250 20 256 20 300 0 361 20 550 8 950 9 996 8 1069 9 1123 20 1450 1 1777 0 2164 20 4450 20 5450
20 20 0 242 1 337 20 587 20 593 20 637 0 717 20 887 8 1277 9 1327 8 1403 9 1457 1 1656 0 1710 1 1723 20 1777 0 2183 10 3192 11 3215 20 4777 20 5777
21 20 0 122 1 888 20 1138 20 1144 20 1188 0 1268 20 1438 8 1569 9 1607 8 1692 9 1741 20 2069 10 2132 11 2148 1 2647 0 3028 1 4970 20 5069 0 5721 20 6069
22 12 20 250 20 256 20 300 0 333 20 550 8 856 9 887 8 960 9 1010 20 1356 20 4356 20 5356
23 99 20 250 16 353 20 403 20 409 0 431 20 453 20 553 20 803 8 866 9 901 20 1366 10 1556 11 1598 10 1671 11 1728 10 1793 11 1828 10 1885 11 1946 10 1996 11 2058 10 2123 11 2169 10 2238 11 2280 10 2345 11 2399 10 2456 11 2529 10 2594 11 2651 10 2724 11 2770 10 2843 11 2893 10 2958 11 3012 10 3073 11 3130 10 3199 11 3249 10 3318 11 3356 10 3422 11 3755 10 3824 11 3885 10 3946 11 4015 10 4061 11 4138 10 4180 11 4253 10 4326 20 4366 11 4402 10 4471 11 4544 20 4571 10 4613 11 4701 20 4713 10 4782 11 4854 20 4882 10 4923 11 4989 20 5023 10 5054 11 5123 20 5154 10 5203 11 5283 20 5303 10 5360 11 5444 20 5460 10 5513 20 5613 11 5617 10 5693 11 5781 20 5793 10 5877 11 5965 20 5977 10 6046 11 6126 20 6146 10 6207 11 6291 20 6307 10 6391 11 6463 20 6491 10 6552 11 6636 20 6652 20 7652
24 150 20 250 20 256 20 300 0 351 20 400 20 650 10 704 11 804 20 804 10 819 11 839 10 908 11 931 10 1130 11 1168 10 1249 11 1295 10 1379 11 1425 10 1505 20 1554 11 1559 10 1651 11 1697 20 1751 10 1770 11 1827 20 1870 10 1907 11 1965 20 2007 10 2045 11 2099 20 2145 10 2183 11 2233 20 2283 10 2317 11 2371 20 2417 10 2448 11 2501 20 2548 10 2585 11 2635 20 2685 10 2712 11 2766 20 2812 10 2842 11 2900 20 2942 10 2980 11 3041 20 3080 10 3126 11 3175 20 3226 10 3244 20 3344 11 3363 10 3367 20 3467 11 3478 10 3501 11 3582 20 3601 10 3624 11 3689 20 3724 10 3762 11 3838 20 3862 10 3930 11 3995 20 4030 10 4068 11 4141 20 4168 10 4221 11 4302 20 4321 10 4336 11 4405 20 4436 10 4470 11 4559 20 4570 10 4631 11 4727 20 4731 10 4808 11 4888 20 4908 10 4965 11 5049 20 5065 10 5122 11 5191 20 5222 10 5252 11 5348 20 5352 10 5424 11 5524 20 5524 10 5604 20 5704 11 5708 10 5796 11 5888 20 5896 10 5976 11 6064 20 6076 10 6156 11 6237 20 6256 10 6329 11 6421 20 6429 10 6501 11 6570 20 6601 10 6639 11 6739 20 6739 10 6804 20 6904 11 6915 10 6988 11 7049 20 7088 10 7125 11 7202 20 7225 10 7286 11 7386 20 7386 10 7463 11 7555 20 7563 10 7639 11 7723 20 7739 10 7773 11 7804 20 7873 20 8273 20 9273
25 30 0 170 1 341 20 591 20 597 0 606 20 641 20 891 8 1178 9 1228 20 1278 8 1301 9 1366 8 1424 9 1470 8 1535 9 1569 8 1615 9 1676 8 1738 9 1853 8 1922 9 2017 20 2028 8 2098 20 2198 9 2209 1 2456 20 2598 0 2892 20 3598
26 18 20 250 20 256 20 300 0 327 20 550 8 1062 9 1107 8 1211 9 1257 8 1322 9 1391 8 1460 9 1521 20 1562 1 4047 0 4350 20 4562 20 5562
27 16 20 250 20 256 20 300 0 446 20 550 8 1154 9 1204 8 1280 9 1342 1 1600 20 1654 0 1690 1 1750 0 2651 20 4654 20 5654
28 155 20 250 16 351 20 401 20 407 20 451 0 454 20 551 10 677 11 792 20 801 10 1010 11 1025 10 1044 11 1110 20 1110 10 1125 11 1198 10 1267 11 1297 10 1385 11 1416 10 1500 11 1543 10 1619 11 1665 10 1734 11 1788 20 1860 10 1865 11 1914 20 1965 10 1995 11 2037 20 2095 10 2114 11 2171 20 2214 10 2244 11 2298 20 2344 10 2370 11 2428 20 2470 10 2501 11 2558 20 2601 10 2631 11 2688 20 2731 10 2765 11 2822 20 2865 10 2903 11 2960 20 3003 10 3026 11 3083 20 3126 10 3148 11 3206 20 3248 10 3275 11 3336 20 3375 10 3405 11 3462 20 3505 10 3531 11 3604 20 3631 10 3673 11 3754 20 3773 10 3826 11 3884 20 3926 10 3953 11 4049 20 4053 10 4075 11 4129 20 4175 10 4194 11 4271 20 4294 10 4347 11 4420 20 4447 10 4485 11 4554 20 4585 10 4665 11 4681 20 4765 10 4777 11 4819 20 4877 10 4922 11 4976 20 5022 10 5056 11 5118 20 5156 10 5198 11 5263 20 5298 10 5340 11 5409 20 5440 10 5512 11 5562 20 5612 10 5666 11 5727 20 5766 10 5811 11 5895 20 5911 10 6003 11 6049 20 6103 10 6110 11 6206 20 6210 10 6236 11 6294 20 6336 10 6386 11 6466 20 6486 10 6543 11 6631 20 6643 10 6704 11 6804 20 6804 10 6880 11 6949 20 6980 10 7045 11 7114 20 7145 10 7210 11 7302 20 7310 10 7405 11 7486 20 7505 10 7612 11 7627 20 7712 20 8112 1 8649 0 9038 20 9112
29 24 20 250 20 256 20 300 0 406 20 550 8 1347 9 1389 20 1847 10 2999 11 3049 10 3125 11 3191 10 3259 11 3313 10 3374 11 3428 10 3482 11 3566 10 3631 11 3719 1 4058 20 4847 0 5173 20 5847
30 12 20 250 20 256 20 300 20 550 0 590 20 1550 1 2782 0 4143 1 5918 0 6431 20 6550 20 6560
31 117 20 250 16 351 20 401 20 407 0 433 20 451 20 551 20 801 10 891 11 922 8 1228 9 1270 20 1391 8 1428 9 1466 8 1543 9 1585 8 1654 9 1704 8 1772 9 1818 8 1884 9 1941 8 2025 9 2083 8 2160 9 2213 8 2278 9 2340 8 2401 9 2481 8 2550 9 2616 8 2681 9 2742 8 2803 9 2868 8 2930 9 2991 8 3056 9 3125 8 3194 9 3259 8 3336 9 3390 8 3466 9 3524 8 3593 9 3642 8 3708 9 3777 8 3842 9 3922 8 3991 9 4060 8 4133 9 4187 8 4259 9 4324 8 4390 20 4391 9 4474 8 4516 9 4570 20 4616 8 4635 9 4689 20 4735 8 4750 9 4819 20 4850 8 4880 9 4941 20 4980 8 5010 9 5068 20 5110 8 5125 9 5221 20 5225 8 5286 9 5375 20 5386 8 5463 9 5520 20 5563 8 5585 9 5662 20 5685 8 5742 9 5815 20 5842 8 5892 9 5976 20 5992 8 6057 9 6126 20 6157 8 6210 20 6310 9 6321 8 6647 9 6704 20 6747 8 6766 9 6838 20 6866 8 6903 9 6988 20 7003 8 7064 9 7137 20 7164 8 7214 9 7310 20 7314 20 8314
32 181 20 250 20 256 20 300 0 304 20 400 20 650 10 660 11 698 20 760 10 782 11 794 10 878 11 901 10 989 11 1016 10 1097 11 1146 10 1223 11 1273 10 1350 11 1403 10 1480 20 1510 11 1530 10 1622 11 1671 20 1722 10 1748 11 1802 20 1848 10 1882 11 1936 20 1982 10 2013 11 2070 20 2113 10 2154 11 2204 20 2254 10 2288 11 2342 20 2388 10 2419 11 2480 20 2519 10 2561 11 2626 20 2661 10 2710 11 2760 20 2810 10 2836 11 2894 20 2936 10 2963 11 3017 20 3063 10 3082 11 3143 20 3182 10 3212 11 3246 20 3312 10 3319 11 3396 20 3419 10 3442 11 3488 20 3542 10 3557 11 3645 20 3657 10 3722 11 3775 20 3822 10 3848 11 3898 20 3948 10 3963 11 4028 20 4063 10 4093 11 4182 20 4193 10 4224 11 4289 20 4324 10 4350 11 4431 20 4450 10 4500 11 4549 20 4600 10 4618 11 4680 20 4718 10 4760 11 4829 20 4860 10 4898 11 4978 20 4998 10 5040 11 5093 20 5140 10 5159 11 5231 20 5259 10 5304 11 5385 20 5404 10 5457 11 5530 20 5557 10 5595 11 5687 20 5695 10 5706 11 5737 20 5806 10 5821 11 5871 20 5921 10 5940 11 6005 20 6040 10 6074 11 6139 20 6174 10 6201 11 6274 20 6301 10 6339 11 6408 20 6439 10 6477 11 6546 20 6577 10 6611 11 6706 20 6711 10 6795 11 6879 20 6895 10 6948 11 7044 20 7048 10 7116 11 7182 20 7216 10 7251 11 7320 20 7351 10 7400 11 7404 10 7408 11 7477 20 7500 10 7569 11 7638 20 7669 10 7730 11 7798 20 7830 10 7883 11 7952 20 7983 10 8297 11 8343 20 8397 10 8438 11 8519 20 8538 10 8618 11 8695 20 8718 10 8822 11 8875 20 8922 20 9322 20 10322
33 26 20 250 20 256 20 300 0 420 20 550 8 899 9 953 8 1022 9 1079 20 1399 1 2037 0 2529 8 3370 9 3413 8 3642 9 3742 8 3796 9 3926 8 3991 9 4072 8 4125 9 4217 8 4278 9 4382 20 4399 20 5399
34 141 20 250 20 256 20 300 0 380 20 550 10 1147 11 1227 20 1247 10 1254 11 1407 10 1476 11 1518 10 1591 11 1637 10 1710 11 1756 10 1817 11 1860 10 1913 20 1997 11 1998 10 2021 11 2097 20 2121 10 2170 11 2224 20 2270 10 2285 20 2385 11 2388 10 2404 20 2504 11 2572 10 2584 11 2638 20 2684 10 2707 11 2779 20 2807 10 2856 11 2906 20 2956 10 2998 11 3071 20 3098 10 3140 11 3224 20 3240 10 3301 11 3373 20 3401 10 3450 11 3519 20 3550 10 3596 11 3669 20 3696 10 3753 11 3822 20 3853 10 3906 11 3975 20 4006 10 4059 11 4151 20 4159 10 4209 11 4236 10 4309 20 4309 11 4362 10 4424 11 4489 20 4524 10 4554 11 4654 20 4654 10 4722 11 4811 20 4822 10 4903 11 4979 20 5003 10 5056 11 5129 20 5156 10 5213 11 5286 20 5313 10 5366 11 5443 20 5466 10 5512 11 5604 20 5612 10 5696 11 5773 20 5796 10 5899 11 5957 20 5999 10 6091 11 6152 20 6191 10 6236 11 6317 20 6336 10 6416 11 6508 20 6516 10 6585 11 6639 20 6685 10 6708 11 6761 20 6808 10 6827 11 6899 20 6927 10 6988 11 7064 20 7088 10 7145 11 7225 20 7245 10 7329 11 7394 20 7429 10 7490 11 7562 20 7590 10 7647 11 7723 20 7747 10 7819 11 7888 20 7919 1 8082 20 8319 0 8546 20 9319
35 116 20 250 20 256 20 300 0 501 20 550 8 681 9 704 20 781 8 995 9 1520 20 1531 8 1547 9 1578 8 1593 20 1647 9 1651 8 1731 9 1785 20 1831 8 1858 9 1934 20 1958 8 2007 9 2076 20 2107 8 2153 9 2222 20 2253 8 2298 9 2375 20 2398 8 2455 9 2517 20 2555 8 2609 9 2674 20 2709 8 2766 9 2839 20 2866 8 2927 9 2973 20 3027 8 3046 9 3118 20 3146 8 3187 9 3264 20 3287 8 3333 9 3417 20 3433 8 3452 9 3513 20 3552 8 3598 9 3647 20 3698 8 3724 9 3774 20 3824 8 3854 9 3900 20 3954 8 3981 9 4050 20 4081 8 4084 9 4092 8 4123 20 4184 9 4188 8 4261 9 4330 20 4361 8 4402 9 4475 20 4502 8 4559 9 4625 20 4659 8 4709 9 4774 20 4809 8 4858 9 4939 20 4958 8 5023 9 5081 20 5123 8 5177 9 5246 20 5277 8 5341 9 5406 20 5441 8 5502 9 5564 20 5602 8 5644 9 5705 20 5744 8 5793 9 5870 20 5893 8 5962 9 6035 20 6062 8 6135 9 6169 20 6235 1 6527 20 6635 0 6973 1 7613 20 7635
36 14 20 250 20 256 20 300 20 550 0 605 8 1139 9 1185 8 1231 9 1304 20 1639 1 3015 0 3490 20 4639 20 5639
37 16 20 250 20 256 20 300 0 478 1 515 0 535 20 550 8 1266 9 1312 8 1393 9 1454 20 1766 1 2514 0 3194 20 4766 20 5766
38 194 20 250 20 256 20 300 0 461 20 550 8 872 9 930 20 972 8 984 9 1064 8 1129 9 1267 8 1340 9 1555 8 1585 9 1631 8 1704 20 1722 9 1765 8 1842 9 1900 20 1942 8 1976 9 2053 20 2076 8 2133 9 2187 20 2233 8 2260 9 2317 8 2344 20 2360 9 2455 8 2547 9 2597 20 2647 8 2681 9 2739 20 2781 8 2827 9 2877 20 2927 8 2957 9 3007 20 3057 8 3084 20 3184 9 3187 8 3245 9 3310 20 3345 8 3387 9 3463 20 3487 8 3552 9 3594 20 3652 8 3678 9 3728 20 3778 8 3808 9 3881 20 3908 8 3950 9 4050 20 4050 8 4126 9 4203 20 4226 8 4284 9 4341 20 4384 8 4429 9 4468 20 4529 8 4560 9 4606 20 4660 8 4682 20 4782 9 4797 8 4866 9 4931 20 4966 8 5012 9 5073 20 5112 8 5150 9 5200 20 5250 8 5288 9 5353 20 5388 8 5414 20 5514 9 5518 8 5613 9 5648 20 5713 8 5748 9 5794 20 5848 8 5886 9 5951 20 5986 8 6031 9 6096 20 6131 8 6165 9 6250 20 6265 8 6323 9 6403 20 6423 8 6480 9 6553 20 6580 8 6641 9 6714 20 6741 8 6798 9 6878 20 6898 8 6974 9 7051 20 7074 8 7135 9 7196 20 7235 8 7273 9 7357 20 7373 8 7430 9 7511 20 7530 8 7599 9 7660 20 7699 8 7748 9 7821 20 7848 8 7906 9 7975 20 8006 8 8074 9 8174 20 8174 8 8262 9 8335 20 8362 8 8415 9 8500 20 8515 8 8611 9 8645 8 8653 9 8664 20 8711 8 9094 9 9143 20 9194 8 9212 9 9270 20 9312 8 9339 9 9412 20 9439 8 9492 9 9565 20 9592 8 9649 9 9734 20 9749 8 9837 9 9910 20 9937 8 10002 9 10067 20 10102 8 10151 9 10217 20 10251 8 10301 9 10378 20 10401 8 10493 9 10500 20 10593 1 10795 20 10993 0 11052 1 11074 0 11394 20 11993
39 17 20 250 20 256 20 300 0 405 20 550 8 769 9 815 8 838 9 895 8 968 9 1029 20 1269 1 1544 0 2246 1 3125 20 4269 20 5269
40 15 20 250 20 256 20 300 0 516 20 550 8 1095 9 1145 8 1214 9 1283 20 1595 1 2156 0 2732 1 3513 20 4595 20 5595
41 15 20 250 20 256 20 300 0 490 20 550 8 1140 9 1190 8 1262 9 1328 20 1640 1 1650 0 1712 1 1825 20 4640 20 5640
42 17 20 250 20 256 20 300 0 421 20 550 8 1372 9 1422 8 1495 9 1548 8 1625 9 1683 20 1872 1 2075 0 2326 1 2442 20 4872 20 5872
43 28 20 250 20 256 20 300 0 431 20 550 1 742 0 1210 20 1550 8 1667 9 1721 8 1805 9 1851 8 1927 9 1985 8 2062 9 2146 20 2167 8 2242 9 2307 10 3323 11 3369 10 3442 11 3476 10 3549 11 3595 1 4002 20 5167 20 6167
44 156 20 250 20 256 20 300 20 550 0 568 10 877 11 926 20 977 10 988 11 1045 10 1122 11 1137 10 1202 11 1237 10 1310 11 1352 10 1425 11 1471 10 1544 11 1590 10 1651 11 1720 20 1727 10 1774 11 1831 20 1874 10 1900 11 1954 20 2000 10 2027 11 2084 20 2127 10 2165 11 2218 20 2265 10 2295 11 2352 20 2395 10 2421 11 2517 20 2521 10 2536 11 2621 20 2636 10 2690 20 2790 11 2797 10 2832 11 2924 20 2932 10 2962 11 3050 20 3062 10 3123 11 3207 20 3223 10 3276 11 3361 20 3376 10 3403 11 3479 20 3503 10 3552 11 3637 20 3652 10 3709 11 3786 20 3809 10 3859 11 3932 20 3959 10 4012 11 4062 20 4112 10 4131 11 4219 20 4231 10 4296 11 4380 20 4396 10 4453 11 4537 20 4553 10 4614 11 4691 20 4714 10 4767 11 4848 20 4867 10 4932 11 5009 20 5032 10 5093 11 5166 20 5193 10 5239 11 5296 20 5339 10 5365 11 5434 20 5465 10 5507 11 5591 20 5607 10 5668 20 5768 11 5771 10 5852 11 5944 20 5952 10 6017 11 6113 20 6117 10 6189 11 6262 20 6289 10 6362 11 6435 20 6462 10 6538 11 6615 20 6638 10 6699 11 6783 20 6799 10 6860 11 6956 20 6960 10 7032 11 7117 20 7132 10 7193 11 7266 20 7293 10 7377 11 7466 20 7477 10 7584 11 7638 20 7684 10 7761 11 7818 20 7861 10 7929 11 8002 20 8029 10 8113 11 8175 20 8213 10 8332 11 8340 20 8432 1 8524 20 8832 0 9223 20 9832
45 120 20 250 20 256 20 300 0 418 20 550 8 674 9 739 20 774 8 777 9 846 8 1019 9 1061 8 1137 9 1183 8 1256 20 1524 9 1701 8 1766 9 1816 20 1866 8 1912 9 1954 20 2012 8 2038 9 2099 20 2138 8 2165 9 2241 20 2265 8 2314 9 2387 20 2414 8 2471 9 2525 20 2571 8 2602 9 2663 20 2702 8 2743 9 2805 20 2843 8 2881 9 2943 20 2981 8 3023 9 3077 20 3123 8 3173 9 3215 20 3273 8 3291 9 3372 20 3391 8 3449 9 3521 20 3549 8 3602 9 3675 20 3702 8 3767 9 3828 20 3867 8 3912 9 3974 20 4012 8 4054 9 4119 20 4154 8 4207 9 4269 20 4307 8 4368 9 4449 20 4468 8 4533 9 4598 20 4633 8 4694 9 4744 20 4794 8 4821 9 4890 20 4921 8 4982 9 5039 20 5082 8 5124 9 5200 20 5224 8 5304 9 5361 20 5404 8 5453 9 5507 20 5553 8 5595 9 5656 20 5695 8 5760 9 5829 20 5860 8 5925 9 5990 20 6025 8 6170 9 6212 20 6270 8 6293 9 6369 20 6393 8 6461 9 6542 20 6561 8 6634 9 6699 20 6734 20 7134 1 7178 0 7767 20 8134
46 116 20 250 20 256 20 300 0 390 20 550 8 662 20 762 9 823 8 992 9 1038 8 1110 9 1164 8 1172 9 1199 8 1237 9 1313 8 1379 9 1428 8 1444 9 1463 8 1509 20 1512 9 1563 8 1643 9 1701 20 1743 8 1781 9 1842 20 1881 8 1946 9 1992 20 2046 8 2084 9 2141 20 2184 8 2237 9 2287 20 2337 8 2379 9 2429 20 2479 8 2532 9 2582 20 2632 8 2686 9 2739 20 2786 8 2835 9 2885 20 2935 8 2973 9 3023 20 3073 8 3100 9 3161 20 3200 8 3245 9 3314 20 3345 8 3402 9 3464 20 3502 8 3552 9 3632 20 3652 8 3728 9 3790 20 3828 8 3897 9 3935 20 3997 8 4046 9 4104 20 4146 8 4230 9 4272 20 4330 8 4384 9 4430 20 4484 8 4537 9 4587 20 4637 8 4706 9 4759 20 4806 8 4851 9 4916 20 4951 8 5008 9 5062 20 5108 8 5169 9 5219 20 5269 8 5307 9 5372 20 5407 8 5457 9 5537 20 5557 8 5637 9 5687 20 5737 8 5817 9 5874 20 5917 8 6012 9 6051 20 6112 1 6328 0 6422 20 6512 1 6608 0 6760 20 7512
47 119 20 250 20 256 20 300 0 375 20 550 8 605 9 701 20 705 8 716 9 866 8 931 9 977 8 1054 9 1100 8 1172 9 1230 8 1299 9 1364 8 1448 20 1455 9 1498 8 1575 9 1636 20 1675 8 1717 9 1770 20 1817 8 1855 9 1912 20 1955 8 2000 9 2058 20 2100 8 2150 9 2215 8 2238 20 2250 9 2269 8 2303 9 2353 20 2403 8 2433 20 2533 9 2629 8 2709 9 2767 20 2809 8 2859 9 2924 20 2959 8 3005 9 3089 20 3105 8 3173 9 3235 20 3273 8 3315 9 3380 20 3415 8 3449 9 3549 20 3549 8 3622 9 3710 20 3722 8 3779 9 3844 20 3879 8 3925 9 3982 20 4025 8 4063 9 4109 20 4163 8 4185 9 4270 20 4285 8 4350 9 4415 20 4450 8 4496 9 4557 20 4596 8 4642 9 4714 20 4742 8 4799 9 4864 20 4899 8 4952 9 5013 20 5052 8 5101 9 5174 20 5201 8 5270 9 5335 20 5370 8 5427 9 5477 20 5527 8 5569 9 5646 20 5669 8 5753 9 5803 20 5853 8 5906 9 5952 20 6006 8 6083 9 6117 20 6183 1 6420 0 6551 20 6583 1 6612 0 6930 20 7583
48 95 20 250 20 256 20 300 0 386 20 550 8 637 9 691 8 710 20 737 9 748 8 764 9 817 8 871 9 890 8 971 9 1001 8 1082 9 1135 8 1212 9 1258 8 1331 9 1400 8 1476 20 1487 9 1538 8 1626 9 1676 20 1726 8 1764 9 1768 8 1772 9 1833 20 1864 8 1921 9 1978 20 2021 8 2078 9 2116 20 2178 8 2224 9 2270 20 2324 8 2362 9 2415 20 2462 8 2504 9 2561 20 2604 8 2653 9 2710 20 2753 8 2806 9 2871 20 2906 8 2963 9 3029 20 3063 8 3121 9 3178 20 3221 8 3274 9 3331 20 3374 8 3431 9 3496 20 3531 8 3607 9 3657 20 3707 8 3749 9 3807 20 3849 8 3910 9 3971 20 4010 8 4071 9 4132 20 4171 8 4240 9 4297 20 4340 8 4389 9 4450 20 4489 8 4558 9 4615 20 4658 8 4734 9 4769 20 4834 1 5105 20 5234 0 5544 1 6071 20 6234
49 112 20 250 20 256 20 300 0 388 20 550 8 667 9 724 8 747 20 767 9 889 8 900 9 931 8 1004 9 1046 8 1119 9 1199 8 1245 9 1326 8 1383 9 1448 20 1517 8 1533 9 1613 20 1633 8 1671 9 1728 20 1771 8 1801 9 1874 20 1901 8 1958 9 2004 20 2058 8 2089 9 2092 8 2100 9 2161 20 2189 8 2253 9 2296 20 2353 8 2384 9 2445 20 2484 8 2541 9 2594 20 2641 8 2683 9 2752 20 2783 8 2832 9 2878 20 2932 8 2970 9 3008 20 3070 8 3089 9 3154 20 3189 8 3227 9 3296 20 3327 8 3388 9 3445 20 3488 8 3537 9 3610 20 3637 8 3702 9 3760 20 3802 8 4039 9 4078 20 4139 8 4200 9 4262 20 4300 8 4357 9 4361 8 4365 9 4430 20 4457 8 4514 9 4580 20 4614 8 4679 9 4741 20 4779 8 4844 9 4902 8 4936 20 4944 9 4955 8 4986 9 5051 20 5086 8 5147 9 5208 20 5247 8 5319 9 5361 20 5419 8 5515 9 5526 20 5615 8 5618 9 5687 20 5718 20 6118 1 6410 0 6937 20 7118
50 20 20 250 20 256 20 300 0 395 1 421 0 492 20 550 8 943 9 993 8 1062 9 1124 8 1208 9 1265 1 1407 20 1443 0 2273 1 3264 0 3862 20 4443 20 5443
51 92 20 250 16 361 20 411 20 417 20 461 0 513 20 561 20 811 10 901 11 913 10 993 11 1035 8 1357 20 1401 9 1403 8 1560 9 1595 8 1671 9 1713 8 1794 9 1840 8 1913 9 1966 8 2043 9 2097 8 2170 9 2227 8 2300 9 2365 8 2438 9 2507 8 2595 9 2671 8 2740 9 2802 8 2875 9 2940 8 3013 9 3101 8 3173 9 3242 8 3308 9 3369 8 3449 9 3503 8 3580 9 3641 8 3729 9 3787 8 3863 9 3963 8 4036 9 4135 8 4212 9 4277 8 4361 20 4401 9 4442 8 4522 9 4599 20 4622 8 4679 9 4741 20 4779 8 4821 9 4879 20 4921 8 4951 9 5051 20 5051 8 5124 9 5216 20 5224 8 5292 9 5350 20 5392 8 5430 9 5488 20 5530 8 5557 9 5645 20 5657 8 5714 9 5779 20 5814 8 5867 9 5909 20 5967 8 5982 9 6070 20 6082 20 7082
52 137 20 250 20 256 20 300 0 400 20 400 1 528 0 646 20 650 10 983 11 1037 20 1083 10 1102 11 1125 10 1201 11 1224 10 1309 11 1351 10 1431 11 1481 10 1569 11 1623 10 1711 11 1768 20 1833 10 1857 11 1914 20 1957 10 1998 11 2060 20 2098 10 2136 11 2194 20 2236 10 2274 11 2339 20 2374 10 2427 11 2489 20 2527 10 2581 11 2646 20 2681 10 2730 11 2799 20 2830 10 2883 11 2952 20 2983 10 3044 11 3106 20 3144 10 3194 11 3263 20 3294 10 3355 11 3424 20 3455 10 3508 11 3550 20 3608 10 3623 20 3723 11 3838 10 3914 11 3976 20 4014 10 4052 11 4117 20 4152 10 4194 11 4274 20 4294 10 4366 11 4416 20 4466 10 4504 11 4592 20 4604 10 4635 11 4719 20 4735 10 4792 11 4861 20 4892 10 4941 11 5010 20 5041 10 5083 11 5140 20 5183 10 5225 11 5294 20 5325 10 5367 11 5443 20 5467 10 5524 11 5589 20 5624 10 5662 11 5723 20 5762 10 5803 11 5872 20 5903 10 5953 11 6045 20 6053 10 6137 11 6225 20 6237 10 6313 11 6393 20 6413 10 6478 11 6562 20 6578 10 6646 11 6746 20 6746 10 6857 11 6934 20 6957 10 7033 11 7118 20 7133 10 7206 11 7279 20 7306 10 7612 11 7654 20 7712 10 7773 11 7838 20 7873 20 8273 20 9273
53 20 20 250 20 256 20 300 0 376 20 550 1 794 0 1233 20 1550 8 1738 9 1784 8 1868 9 1922 1 2118 20 2238 0 2554 1 3144 20 5238 0 5761 1 6164 20 6238
54 225 20 250 16 364 20 414 20 420 20 464 0 526 20 564 20 814 10 1103 20 1203 11 1375 10 1575 11 1617 10 1713 11 1755 10 1839 11 1897 20 1953 10 1989 11 2046 20 2089 10 2123 11 2188 20 2223 10 2268 11 2334 20 2368 10 2410 11 2479 20 2510 10 2556 11 2625 20 2656 10 2705 11 2778 20 2805 10 2859 11 2920 20 2959 10 2993 11 3073 20 3093 10 3150 11 3234 20 3250 10 3315 11 3387 20 3415 10 3468 11 3537 20 3568 10 3617 11 3694 20 3717 10 3774 11 3843 20 3874 10 3924 11 4016 20 4024 10 4096 11 4196 20 4196 10 4277 11 4376 20 4377 10 4457 20 4557 11 4568 10 4648 11 4733 20 4748 10 4809 11 4886 20 4909 10 4963 11 5035 20 5063 10 5108 11 5196 20 5208 10 5285 11 5357 20 5385 10 5442 11 5503 20 5542 10 5584 11 5637 20 5684 10 5718 11 5787 20 5818 10 5863 11 5932 20 5963 10 6009 11 6097 20 6109 10 6185 11 6243 20 6285 10 6319 11 6369 20 6419 10 6450 20 6550 11 6557 10 6641 11 6714 20 6741 10 6795 11 6852 20 6895 10 6929 11 7005 20 7029 10 7082 11 7162 20 7182 10 7254 11 7308 20 7354 10 7385 11 7477 20 7485 10 7550 11 7649 20 7650 10 7722 20 7822 11 7841 10 7921 11 7983 20 8021 10 8067 11 8151 20 8167 10 8236 11 8297 20 8336 10 8374 11 8431 20 8474 10 8508 11 8584 20 8608 10 8665 11 8753 20 8765 10 8841 11 8914 20 8941 10 8998 11 9060 20 9098 10 9132 11 9201 20 9232 10 9274 11 9347 20 9374 10 9427 20 9527 11 9542 10 9619 11 9711 20 9719 10 9791 11 9853 20 9891 10 9910 11 9979 20 10010 10 10060 11 10148 20 10160 10 10217 11 10316 20 10317 10 10397 11 10462 20 10497 10 10546 11 10642 20 10646 10 10723 11 10822 20 10823 10 10903 11 10999 20 11003 10 11083 11 11148 20 11183 10 11209 11 11271 20 11309 10 11355 11 11439 20 11455 10 11508 20 11608 11 11612 10 11708 11 11796 20 11808 10 11876 11 11957 20 11976 10 12049 11 12122 20 12149 10 12202 11 12302 20 12302 10 12374 20 12474 11 12478 10 12574 11 12666 20 12674 20 13074 1 14043 20 14074
55 100 20 250 20 256 20 300 0 456 20 550 8 1122 9 1191 20 1222 8 1260 9 1299 8 1364 9 1394 8 1467 9 1521 8 1594 9 1651 8 1724 9 1781 8 1835 9 1935 20 1972 8 1988 9 2034 20 2088 8 2115 9 2172 20 2215 8 2249 20 2349 9 2352 8 2387 20 2487 9 2529 8 2579 9 2659 20 2679 8 2716 9 2785 20 2816 8 2866 9 2935 20 2966 8 3019 9 3084 20 3119 8 3169 9 3249 20 3269 8 3334 9 3399 20 3434 8 3472 9 3564 20 3572 8 3640 9 3736 20 3740 8 3813 9 3901 20 3913 8 4004 9 4043 20 4104 8 4131 9 4196 20 4231 8 4276 20 4376 9 4399 8 4457 9 4522 20 4557 8 4621 9 4690 20 4721 8 4786 9 4851 20 4886 8 4959 9 5028 20 5059 8 5127 9 5193 20 5227 8 5285 9 5361 20 5385 8 5457 9 5537 20 5557 8 5637 9 5710 20 5737 20 6137 1 6674 0 6846 1 6869 0 6947 1 7065 20 7137
56 14 20 250 20 256 20 300 0 531 20 550 8 1406 9 1449 8 1525 9 1579 20 1906 1 2613 0 3251 20 4906 20 5906
57 90 20 250 16 352 20 402 20 408 0 451 20 452 20 552 20 802 8 850 9 907 20 950 8 1111 9 1172 8 1578 9 1612 20 1700 8 1704 9 1747 20 1804 8 1846 9 1892 20 1946 8 1976 9 2034 20 2076 8 2111 9 2168 20 2211 8 2256 9 2314 20 2356 8 2398 9 2459 20 2498 8 2536 9 2597 20 2636 8 2681 9 2743 20 2781 8 2816 9 2877 20 2916 8 2950 9 3015 20 3050 8 3091 9 3172 20 3191 8 3249 9 3314 20 3349 8 3390 9 3471 20 3490 8 3547 9 3620 20 3647 8 3693 9 3758 20 3793 8 3839 9 3896 20 3939 8 3973 9 4045 20 4073 8 4118 20 4218 9 4226 8 4302 20 4402 9 4409 8 4482 9 4582 20 4582 8 4666 9 4747 20 4766 8 4835 9 4919 20 4935 8 5003 9 5084 20 5103 8 5180 20 5280 9 5287 20 5680 20 6680
58 194 20 250 20 256 20 300 0 356 20 550 8 876 9 910 8 968 20 976 9 1236 8 1313 9 1362 8 1435 9 1500 8 1573 9 1631 8 1715 20 1726 9 1776 8 1857 9 1922 20 1957 8 2006 9 2064 20 2106 8 2140 9 2205 20 2240 8 2286 9 2355 20 2386 8 2439 9 2504 20 2539 8 2596 9 2661 20 2696 8 2753 9 2818 20 2853 8 2903 9 2972 8 3002 20 3003 9 3041 8 3045 9 3110 20 3145 8 3182 9 3267 20 3282 8 3340 9 3416 20 3440 8 3501 9 3558 20 3601 8 3646 9 3715 20 3746 8 3807 9 3865 20 3907 8 3930 9 4003 20 4030 8 4087 9 4156 20 4187 8 4244 9 4309 20 4344 8 4397 9 4463 20 4497 8 4539 9 4616 20 4639 8 4681 9 4781 20 4781 8 4853 20 4953 9 4957 8 5011 9 5064 20 5111 8 5141 9 5210 20 5241 8 5279 9 5371 20 5379 8 5444 9 5517 20 5544 8 5612 9 5674 20 5712 8 5750 9 5819 20 5850 8 5892 9 5976 20 5992 8 6053 9 6137 20 6153 8 6225 9 6294 20 6325 8 6375 9 6444 20 6475 8 6521 9 6605 20 6621 8 6674 9 6774 20 6774 8 6835 9 6904 20 6935 8 6984 9 7049 20 7084 8 7118 20 7218 9 7253 8 7283 9 7329 20 7383 8 7421 9 7467 20 7521 8 7544 9 7628 20 7644 8 7705 9 7778 20 7805 8 7866 9 7931 20 7966 8 8011 9 8076 20 8111 8 8145 9 8226 20 8245 8 8310 9 8391 20 8410 8 8464 9 8529 20 8564 8 8609 9 8671 20 8709 8 8763 9 8808 20 8863 8 8881 9 8950 20 8981 8 9023 9 9096 20 9123 8 9169 9 9249 20 9269 8 9337 9 9399 20 9437 8 9475 9 9548 20 9575 8 9632 9 9713 20 9732 8 9793 9 9870 20 9893 8 9958 9 10050 20 10058 8 10146 9 10219 20 10246 8 10319 9 10388 20 10419 20 10819 20 11819
59 14 20 250 20 256 20 300 0 429 20 550 8 1276 9 1314 8 1403 9 1464 20 1776 1 3611 0 3925 20 4776 20 5776
60 21 0 57 1 169 20 419 20 425 20 469 0 553 20 719 1 1115 0 1485 20 1719 8 1825 9 1871 8 1947 9 2013 20 2325 10 3143 11 3208 1 3452 0 4060 20 5325 20 6325
61 83 20 250 16 358 20 408 20 414 0 453 20 458 20 558 20 808 10 883 11 898 20 983 10 1297 11 1339 10 1419 11 1473 10 1546 11 1596 10 1665 11 1714 20 1733 10 1783 11 1841 20 1883 10 1925 11 1971 20 2025 10 2052 11 2101 20 2152 10 2174 11 2232 20 2274 10 2305 20 2405 11 2492 10 2573 11 2619 20 2673 10 2692 11 2738 20 2792 10 2879 11 2933 20 2979 10 3006 11 3079 20 3106 10 3159 11 3217 20 3259 10 3282 20 3382 11 3500 10 3573 11 3619 20 3673 10 3696 11 3761 20 3796 10 3830 20 3930 11 4064 20 4330 10 4336 11 4378 20 4436 10 4451 11 4512 20 4551 10 4577 11 4658 20 4677 10 4708 11 4796 20 4808 10 4903 11 4976 20 5003 10 5156 11 5198 20 5256 1 5651 20 6256
62 14 20 250 20 256 20 300 0 356 20 550 8 959 9 1001 8 1078 9 1120 20 1459 1 3217 0 3420 20 4459 20 5459
63 12 20 250 20 256 20 300 0 348 20 550 8 890 9 924 20 1390 1 4142 20 4390 0 4584 20 5390
64 15 20 250 20 256 20 300 0 376 20 550 8 1013 9 1036 8 1136 9 1182 20 1513 1 2427 0 2765 20 4513 1 4931 20 5513
65 12 20 250 20 256 20 300 0 332 20 550 1 815 0 1152 8 1423 9 1453 20 1923 20 4923 20 5923
66 124 20 250 16 370 20 420 20 426 20 470 0 503 20 570 20 820 8 1033 9 1056 20 1133 8 1144 9 1339 8 1569 9 1619 8 1703 9 1753 8 1834 20 1883 9 1884 8 1964 9 2018 20 2064 8 2106 9 2156 20 2206 8 2240 9 2298 20 2340 8 2378 9 2439 20 2478 8 2516 9 2574 20 2616 8 2650 9 2711 20 2750 8 2792 9 2853 20 2892 8 2934 9 2995 20 3034 8 3072 9 3125 20 3172 8 3202 9 3263 20 3302 8 3348 9 3401 20 3448 8 3482 9 3539 20 3582 8 3620 9 3670 20 3720 8 3739 9 3815 20 3839 8 3881 9 3965 20 3981 8 4038 9 4103 20 4138 8 4179 9 4260 20 4279 8 4344 9 4402 20 4444 8 4490 9 4540 20 4590 8 4624 9 4682 20 4724 8 4762 9 4846 20 4862 8 4904 20 5004 9 5011 8 5057 9 5111 20 5157 8 5180 9 5264 20 5280 8 5341 9 5414 20 5441 8 5517 9 5582 20 5617 8 5678 9 5747 20 5778 8 5839 9 5904 20 5939 8 6019 9 6111 20 6119 8 6176 9 6257 20 6276 8 6357 9 6422 20 6457 8 6533 9 6594 20 6633 8 6686 9 6751 20 6786 8 6943 9 6997 20 7043 20 7443 20 8443
67 14 20 250 20 256 20 300 0 378 20 550 8 1005 9 1043 8 1120 9 1173 20 1505 1 1862 20 4505 0 5441 20 5505
68 159 20 250 20 256 20 300 0 348 20 550 10 857 11 896 20 957 10 984 11 1041 10 1198 11 1225 10 1313 11 1348 10 1425 11 1471 10 1543 11 1593 10 1666 20 1707 11 1712 10 1781 11 1819 20 1881 10 1892 11 1954 20 1992 10 2026 11 2084 20 2126 10 2161 11 2214 20 2261 10 2299 11 2360 20 2399 10 2437 11 2490 20 2537 10 2559 11 2636 20 2659 10 2713 11 2778 20 2813 10 2858 11 2912 20 2958 10 2992 11 3058 20 3092 10 3130 11 3192 20 3230 10 3276 11 3334 20 3376 10 3422 11 3472 20 3522 10 3552 11 3610 20 3652 10 3682 20 3782 11 3797 10 3828 11 3901 20 3928 10 3981 11 4043 20 4081 10 4119 11 4192 20 4219 10 4273 20 4373 11 4376 10 4403 11 4491 20 4503 10 4533 20 4633 11 4656 10 4710 11 4783 20 4810 10 4855 20 4955 11 4982 10 4993 20 5093 11 5101 10 5154 11 5219 20 5254 10 5292 20 5392 11 5461 10 5469 11 5568 20 5569 10 5607 11 5702 20 5707 10 5760 11 5829 20 5860 10 5909 11 5982 20 6009 10 6067 11 6132 20 6167 10 6212 11 6289 20 6312 10 6377 11 6381 10 6392 11 6458 20 6477 10 6561 11 6619 20 6661 10 6714 11 6787 20 6814 10 6852 11 6921 20 6952 10 7017 11 7117 20 7117 10 7220 11 7312 20 7320 10 7393 11 7439 20 7493 10 7516 11 7581 20 7616 10 7669 11 7765 20 7769 10 7857 11 7949 20 7957 10 8029 20 8129 11 8133 10 8259 11 8302 20 8359 1 8548 20 8759 0 8908 20 9759
69 15 20 250 20 256 20 300 0 392 20 550 8 1198 9 1244 8 1317 9 1382 1 1645 20 1698 20 4698 0 4987 1 5273 20 5698
70 14 20 250 20 256 20 300 0 469 20 550 8 1070 9 1109 8 1193 9 1258 1 1495 20 1570 0 1804 20 4570 20 5570
71 152 20 250 16 352 20 402 20 408 20 452 0 466 20 552 10 793 20 802 11 831 10 904 11 923 10 996 20 1004 11 1049 10 1245 11 1264 10 1364 11 1402 10 1486 11 1540 10 1620 11 1682 20 1754 10 1762 11 1820 20 1862 10 1904 11 1954 20 2004 10 2027 11 2103 20 2127 10 2180 11 2245 20 2280 10 2318 11 2391 20 2418 10 2475 11 2540 20 2575 10 2625 11 2694 20 2725 10 2782 11 2843 20 2882 10 2935 11 2996 20 3035 10 3088 11 3150 20 3188 10 3234 11 3292 20 3334 10 3364 11 3437 20 3464 10 3514 11 3571 20 3614 10 3648 11 3713 20 3748 10 3798 11 3855 20 3898 10 3939 11 4008 20 4039 10 4096 11 4162 20 4196 10 4242 11 4307 20 4342 10 4399 11 4472 20 4499 10 4568 11 4618 20 4668 10 4691 11 4771 20 4791 10 4836 11 4921 20 4936 10 4997 20 5097 11 5223 10 5258 11 5354 20 5358 10 5442 11 5503 20 5542 10 5580 11 5664 20 5680 10 5706 11 5802 20 5806 10 5844 11 5921 20 5944 10 6001 11 6093 20 6101 10 6185 11 6277 20 6285 10 6369 11 6438 20 6469 10 6511 20 6611 11 6668 10 6680 11 6779 20 6780 10 6979 11 7044 20 7079 10 7163 11 7259 20 7263 20 7663 10 7895 11 7960 20 7995 10 8018 11 8083 20 8118 10 8144 11 8213 20 8244 10 8286 11 8324 20 8386 10 8416 11 8478 20 8516 10 8547 11 8639 20 8647 10 8727 11 8823 20 8827 20 9827
72 12 20 250 20 256 20 300 0 417 20 550 20 1550 1 2289 0 2571 1 3389 0 5904 20 6550 20 6560
73 84 20 250 16 369 20 419 20 425 20 469 0 519 20 569 20 819 10 1074 20 1174 11 1492 10 1522 11 1538 10 1584 11 1618 10 1741 11 1768 10 1883 20 1924 11 1933 10 1967 11 1975 10 2032 20 2067 11 2082 10 2178 11 2239 20 2278 10 2335 11 2400 20 2435 10 2492 11 2565 20 2592 10 2657 11 2734 20 2757 10 2822 11 2906 20 2922 10 2994 11 3090 20 3094 10 3174 20 3274 11 3282 10 3378 11 3473 20 3478 10 3569 11 3665 20 3669 10 3776 11 3849 20 3876 10 3945 11 4018 20 4045 10 4113 11 4213 20 4213 10 4313 20 4413 11 4416 10 4589 11 4639 20 4689 10 4723 11 4780 20 4823 10 4865 11 4941 20 4965 10 5030 11 5129 20 5130 10 5229 20 5329 11 5367 10 5505 11 5551 20 5605 20 6005 20 7005
74 13 20 250 20 256 20 300 0 392 20 550 8 1179 9 1221 8 1306 9 1363 20 1679 20 4679 1 5273 20 5679
75 14 20 250 20 256 20 300 0 437 1 498 20 550 0 676 1 1110 20 1550 0 1565 1 3439 0 3513 20 6550 20 6560
76 205 20 250 16 376 20 426 20 432 20 476 0 541 20 576 20 826 8 1269 9 1319 20 1369 8 1388 9 1637 20 2119 8 2323 9 2384 20 2423 8 2472 9 2534 20 2572 8 2622 9 2683 20 2722 8 2771 9 2840 20 2871 8 2936 9 3005 20 3036 8 3097 9 3166 20 3197 8 3250 9 3339 20 3350 8 3411 9 3488 20 3511 8 3576 9 3653 20 3676 8 3745 9 3818 20 3845 8 3925 9 3990 20 4025 8 4090 9 4159 20 4190 8 4258 9 4347 20 4358 8 4439 9 4511 20 4539 8 4592 20 4692 9 4703 8 4791 20 4891 9 4902 8 4994 9 5082 20 5094 8 5174 9 5270 20 5274 8 5362 20 5462 9 5481 8 5581 20 5681 9 5684 8 5784 9 5861 20 5884 8 5949 9 6029 20 6049 8 6125 9 6186 20 6225 8 6278 9 6355 20 6378 8 6451 9 6520 20 6551 8 6612 9 6688 20 6712 8 6777 9 6865 20 6877 8 6949 20 7049 9 7052 8 7167 9 7206 20 7267 8 7313 9 7374 20 7413 8 7462 9 7551 20 7562 8 7635 9 7723 20 7735 8 7815 9 7892 20 7915 8 7984 9 8068 20 8084 8 8156 20 8256 9 8263 8 8352 20 8452 9 8455 8 8562 9 8620 20 8662 8 8727 9 8777 20 8827 8 8873 9 8961 20 8973 8 9061 20 9161 9 9325 8 9390 9 9440 20 9490 8 9528 9 9589 20 9628 8 9658 20 9758 9 9781 8 9816 20 9916 9 9942 8 10095 20 10195 9 10249 8 10302 9 10333 20 10402 8 10421 9 10479 20 10521 8 10555 20 10655 9 10693 8 10716 20 10816 9 10847 8 10900 9 10939 20 11000 8 11027 9 11092 20 11127 8 11176 20 11276 9 11333 8 11349 20 11449 9 11483 8 11667 9 11747 20 11767 8 11828 20 11928 9 11958 8 12004 9 12077 20 12104 8 12176 9 12230 20 12276 8 12311 20 12411 9 12422 8 12483 9 12552 20 12583 8 12652 9 12725 20 12752 8 12836 9 12901 20 12936 8 13008 9 13096 20 13108 8 13207 9 13292 20 13307 20 13707 20 14707
77 79 0 40 1 93 20 343 20 349 20 393 0 549 20 643 8 1005 9 1062 20 1105 8 1162 9 1196 8 1269 9 1300 8 1392 9 1449 8 1537 9 1580 8 1656 9 1764 8 1821 20 1855 9 1909 8 1994 9 2020 20 2094 8 2124 9 2185 20 2224 8 2277 9 2369 20 2377 8 2484 9 2538 20 2584 8 2637 9 2710 20 2737 8 2806 20 2906 9 2940 8 3009 9 3078 20 3109 8 3185 9 3247 20 3285 8 3369 9 3419 20 3469 8 3534 9 3584 20 3634 8 3707 9 3749 20 3807 8 3879 9 3917 20 3979 8 4036 9 4094 20 4136 8 4205 20 4305 9 4312 8 4377 9 4450 20 4477 8 4588 9 4638 20 4688 8 4765 9 4849 20 4865 8 4968 9 5033 20 5068 20 5468 20 6468
78 171 20 250 16 375 20 425 20 431 20 475 0 531 20 575 20 825 10 1030 11 1061 20 1130 10 1141 11 1306 10 1383 11 1429 10 1517 11 1567 10 1663 11 1720 10 1816 11 1877 20 1880 10 1965 11 2031 20 2065 10 2115 11 2184 20 2215 10 2280 11 2341 20 2380 10 2418 11 2498 20 2518 10 2575 11 2659 20 2675 10 2743 11 2816 20 2843 10 2908 11 2977 20 3008 10 3073 11 3146 20 3173 10 3257 11 3307 20 3357 10 3556 11 3598 20 3656 10 3686 11 3763 20 3786 10 3847 11 3920 20 3947 10 4001 11 4081 20 4101 10 4143 20 4243 11 4273 10 4346 11 4419 20 4446 10 4518 11 4587 20 4618 10 4687 11 4752 20 4787 10 4844 11 4917 20 4944 10 4990 20 5090 11 5112 10 5193 11 5270 20 5293 10 5365 11 5427 20 5465 10 5530 11 5603 20 5630 10 5680 11 5760 20 5780 10 5848 20 5948 11 5963 10 5998 11 6063 20 6098 10 6147 11 6209 20 6247 10 6301 11 6370 20 6401 10 6458 20 6558 11 6561 10 6619 11 6676 20 6719 10 6768 11 6849 20 6868 10 6937 11 7029 20 7037 10 7090 20 7190 11 7205 10 7255 11 7324 20 7355 10 7408 11 7504 20 7508 10 7612 11 7692 20 7712 10 7792 11 7868 20 7892 10 7960 11 8045 20 8060 10 8148 11 8232 20 8248 10 8317 11 8390 20 8417 10 8482 11 8581 20 8582 10 8700 11 8777 20 8800 10 8895 11 8976 20 8995 10 9091 11 9183 20 9191 10 9290 11 9348 20 9390 10 9417 11 9490 20 9517 10 9562 11 9662 20 9662 10 9746 11 9846 20 9846 10 9953 11 9988 20 10053 10 10103 11 10134 20 10203 20 10603 20 11603
79 11 20 250 20 256 20 300 0 374 20 550 10 749 11 795 20 849 20 1599 20 1999 20 2999
80 58 0 239 1 369 0 462 1 1406 20 1656 20 1662 20 1706 0 1847 20 1956 8 2464 20 2564 9 2767 8 2859 9 2909 8 3009 9 3058 8 3158 9 3219 8 3311 20 3314 9 3373 8 3469 9 3534 20 3569 8 3633 9 3706 20 3733 8 3817 9 3886 20 3917 8 3990 9 4051 20 4090 8 4151 9 4212 20 4251 8 4312 9 4385 20 4412 8 4488 9 4565 20 4588 8 4695 9 4745 20 4795 8 4860 9 4921 20 4960 8 5036 9 5102 20 5136 8 5220 9 5289 20 5320 20 5720 1 5811 0 6247 20 6720
81 112 20 250 16 373 20 423 20 429 20 473 0 479 20 573 20 823 10 1239 11 1308 20 1339 10 2051 11 2078 20 2089 10 2193 11 2247 20 2293 10 2354 11 2416 20 2454 10 2515 11 2565 20 2615 10 2665 11 2726 20 2765 10 2826 11 2895 20 2926 10 2994 11 3067 20 3094 10 3167 11 3236 20 3267 10 3343 11 3416 20 3443 10 3516 11 3588 20 3616 10 3711 11 3761 20 3811 10 3876 11 3945 20 3976 10 4056 11 4125 20 4156 10 4225 11 4286 20 4325 10 4370 11 4451 20 4470 10 4535 11 4631 20 4635 10 4730 20 4830 11 4865 10 4884 11 4976 20 4984 10 5026 11 5083 20 5126 10 5167 20 5267 11 5451 10 5485 20 5585 11 5604 10 5650 11 5742 20 5750 10 5834 11 5915 20 5934 10 6007 11 6087 20 6107 10 6175 11 6267 20 6275 10 6363 11 6447 20 6463 10 6539 20 6639 11 6823 10 6869 11 6919 20 6969 10 7015 11 7091 20 7115 10 7203 11 7283 20 7303 10 7402 11 7471 20 7502 10 7574 11 7643 20 7674 10 7747 11 7843 20 7847 20 8247 20 9247
82 50 20 250 20 256 20 300 0 322 20 550 8 820 9 858 8 878 20 920 9 1085 8 1165 9 1211 8 1307 9 1368 8 1464 9 1529 8 1625 20 1670 9 1683 8 1775 9 1832 20 1875 8 1932 9 1997 20 2032 8 2104 9 2177 20 2204 8 2288 9 2353 20 2388 8 2484 9 2522 20 2584 8 2637 9 2698 20 2737 8 2825 9 2882 20 2925 8 3001 9 3074 20 3101 8 3185 9 3254 20 3285 20 3685 1 4616 0 4666 20 4685
83 58 20 250 16 372 20 422 20 428 20 472 0 525 20 572 20 822 10 1046 11 1096 20 1146 10 1433 11 1475 20 1896 10 2012 11 2066 20 2112 10 2169 11 2219 20 2269 10 2322 11 2380 20 2422 10 2483 11 2556 20 2583 10 2663 11 2729 20 2763 10 2851 11 2913 20 2951 10 3039 11 3100 20 3139 10 3200 11 3273 20 3300 10 3353 11 3434 20 3453 10 3522 20 3622 11 3645 10 3679 11 3779 20 3779 10 3871 11 3951 20 3971 10 4058 11 4131 20 4158 10 4273 11 4331 20 4373 20 4773 20 5773
84 30 20 250 16 373 20 423 20 429 20 473 20 573 0 648 20 823 8 955 9 1009 20 1055 8 1619 9 1653 8 1760 20 1805 9 1818 8 1929 9 1994 20 2029 8 2090 9 2151 20 2190 8 2251 9 2324 20 2351 8 2443 9 2496 20 2543 20 2943 20 3943
85 73 20 250 16 365 20 415 20 421 20 465 0 552 20 565 20 815 10 886 11 928 20 986 10 1024 11 1036 10 1430 11 1461 20 1736 10 1921 11 1963 20 2021 10 2070 11 2120 20 2170 10 2224 11 2289 20 2324 10 2385 11 2458 20 2485 10 2553 11 2626 20 2653 10 2726 11 2799 20 2826 10 2898 11 2979 20 2998 10 3090 11 3159 20 3190 10 3270 11 3282 10 3286 11 3351 20 3370 10 3462 11 3542 20 3562 10 3657 11 3738 20 3757 10 3861 11 3930 20 3961 10 4087 11 4137 20 4187 10 4271 11 4275 10 4282 11 4351 20 4371 10 4466 11 4558 20 4566 10 4677 11 4750 20 4777 10 4869 11 4942 20 4969 20 5369 20 6369
86 138 20 250 16 366 20 416 20 422 0 425 20 466 20 566 20 816 10 1075 11 1106 20 1175 10 1183 11 1217 10 1397 11 1424 10 1512 11 1551 10 1631 11 1685 10 1765 11 1815 10 1896 20 1925 11 1949 10 2037 11 2091 20 2137 10 2168 11 2237 20 2268 10 2313 11 2382 20 2413 10 2436 11 2505 20 2536 10 2586 11 2643 20 2686 10 2731 11 2785 20 2831 10 2869 11 2931 20 2969 10 3015 11 3076 20 3115 10 3153 11 3226 20 3253 10 3295 11 3375 20 3395 10 3448 11 3533 20 3548 10 3559 11 3644 20 3659 10 3686 11 3763 20 3786 10 3824 11 3885 20 3924 10 3958 11 4016 20 4058 10 4085 11 4154 20 4185 10 4219 11 4303 20 4319 10 4380 11 4449 20 4480 10 4526 11 4595 20 4626 10 4675 11 4767 20 4775 10 4821 11 4913 20 4921 10 4997 11 5058 20 5097 10 5135 11 5193 20 5235 10 5269 11 5331 20 5369 10 5407 11 5476 20 5507 10 5545 20 5645 11 5783 10 5810 11 5902 20 5910 10 5956 11 6013 20 6056 10 6086 11 6163 20 6186 10 6235 11 6320 20 6335 10 6396 11 6485 20 6496 10 6531 11 6623 20 6631 10 6695 11 6791 20 6795 10 6868 11 6960 20 6968 10 7033 11 7129 20 7133 10 7228 11 7309 20 7328 10 7436 11 7482 20 7536 20 7936 1 8771 20 8936
87 22 20 250 20 256 20 300 0 370 20 550 8 1169 9 1207 8 1276 9 1299 8 1464 9 1518 8 1606 9 1637 20 1669 8 1683 9 1740 8 1794 9 1874 8 1947 9 2043 20 4669 20 5669
88 16 20 250 16 391 20 441 20 447 0 453 20 491 20 591 10 740 11 774 20 841 10 935 11 973 20 1035 20 1785 20 2185 20 3185
89 116 20 250 20 256 20 300 0 455 20 550 8 658 9 712 20 758 8 808 9 961 8 1026 9 1076 8 1145 9 1191 8 1264 9 1314 8 1391 9 1444 20 1508 8 1521 9 1575 20 1621 8 1628 9 1678 20 1728 8 1747 9 1816 20 1847 8 1893 9 1954 20 1993 8 2065 9 2111 20 2165 8 2184 9 2265 20 2284 8 2338 9 2426 20 2438 8 2479 9 2556 20 2579 8 2625 9 2706 20 2725 8 2790 20 2890 9 3001 8 3070 9 3162 20 3170 8 3231 9 3281 20 3331 8 3350 9 3419 20 3450 8 3492 20 3592 9 3756 8 3806 9 3871 20 3906 8 3940 9 4005 20 4040 8 4078 9 4147 20 4178 8 4235 9 4308 20 4335 8 4385 9 4446 20 4485 8 4527 9 4592 20 4627 8 4676 9 4753 20 4776 8 4830 9 4891 20 4930 8 4960 9 5029 20 5060 8 5106 9 5175 20 5206 8 5278 9 5336 20 5378 8 5436 9 5497 20 5536 8 5593 9 5662 20 5693 8 5738 9 5811 20 5838 8 5896 9 5899 8 5903 9 5976 20 5996 8 6091 9 6141 20 6191 1 6516 20 6591 0 6846 1 7480 20 7591
90 18 20 250 20 256 20 300 0 323 20 550 8 994 9 1040 8 1113 9 1167 20 1494 1 2140 0 2490 8 3870 9 3920 1 4146 20 4494 0 4546 20 5494
91 102 20 250 16 375 20 425 20 431 0 456 20 475 20 575 20 825 10 931 11 969 20 1031 10 1034 11 1253 10 1379 11 1414 10 1506 11 1540 10 1625 11 1678 10 1759 20 1781 11 1816 10 1901 11 1958 20 2001 10 2035 11 2104 20 2135 10 2177 11 2238 20 2277 10 2311 11 2364 20 2411 10 2437 11 2499 20 2537 10 2575 11 2637 20 2675 10 2721 11 2779 20 2821 10 2855 11 2913 20 2955 10 3005 11 3062 20 3105 10 3135 11 3208 20 3235 10 3285 11 3354 20 3385 10 3427 11 3503 20 3527 10 3572 11 3653 20 3672 10 3733 11 3787 20 3833 10 3864 11 3921 20 3964 10 4002 11 4063 20 4102 10 4140 11 4205 20 4240 10 4285 11 4362 20 4385 10 4412 11 4481 20 4512 10 4565 11 4630 20 4665 10 4703 20 4803 11 4937 10 4968 11 5052 20 5068 10 5129 11 5228 20 5229 10 5309 11 5409 20 5409 10 5485 11 5577 20 5585 10 5692 11 5757 20 5792 20 6192 20 7192
92 125 0 43 1 58 20 308 20 314 20 358 0 406 20 608 10 684 11 734 20 784 10 795 11 952 10 1021 11 1067 10 1148 11 1198 10 1274 11 1324 10 1393 20 1534 11 1569 10 1639 11 1692 20 1739 10 1769 11 1826 20 1869 10 1918 11 1964 20 2018 10 2041 11 2102 20 2141 10 2179 11 2240 20 2279 10 2317 11 2379 20 2417 10 2448 11 2509 20 2548 10 2578 11 2635 20 2678 10 2701 11 2773 20 2801 10 2846 11 2908 20 2946 10 2984 11 3046 20 3084 10 3122 11 3180 20 3222 10 3260 11 3329 20 3360 10 3406 11 3483 20 3506 10 3556 11 3629 20 3656 10 3713 11 3770 20 3813 10 3843 20 3943 11 4062 10 4146 11 4211 20 4246 10 4292 11 4334 20 4392 10 4415 11 4468 20 4515 10 4537 11 4610 20 4637 10 4679 20 4779 11 4882 10 4955 11 5028 20 5055 10 5101 11 5170 20 5201 10 5220 11 5289 20 5320 10 5358 11 5438 20 5458 10 5519 11 5615 20 5619 10 5691 11 5779 20 5791 10 5856 11 5940 20 5956 10 6040 11 6101 20 6140 10 6209 11 6278 20 6309 10 6362 11 6431 20 6462 10 6519 11 6604 20 6619 10 6680 11 6761 20 6780 20 7180 20 8180
93 3 0 40 20 5040 20 6040
94 7 0 32 1 101 0 151 1 202 0 262 20 5262 20 6262
95 65 0 105 1 128 20 378 20 384 0 416 20 428 20 678 10 767 11 829 20 867 10 883 11 917 10 986 11 1009 10 1078 11 1120 10 1197 11 1239 10 1312 11 1362 10 1431 11 1511 10 1550 20 1617 11 1619 10 1680 11 1734 20 1780 10 1803 11 1864 20 1903 10 1937 11 2002 20 2037 10 2071 11 2148 20 2171 10 2229 11 2290 20 2329 10 2371 11 2424 20 2471 10 2512 11 2570 20 2612 10 2647 11 2727 20 2747 10 2819 11 2873 20 2919 10 2946 11 3038 20 3046 10 3099 11 3187 20 3199 10 3260 11 3341 20 3360 1 3739 20 3760 0 3877 20 4760
96 119 0 178 1 603 20 853 20 859 20 903 0 992 20 1153 8 1295 9 1337 20 1395 8 1425 9 1571 8 1636 9 1686 8 1751 9 1801 8 1874 9 1908 8 1977 9 2027 8 2104 20 2145 9 2154 8 2230 9 2292 20 2330 8 2484 9 2568 20 2584 8 2629 9 2641 8 2706 20 2729 9 2898 8 2975 9 3040 20 3075 8 3120 9 3185 20 3220 8 3262 9 3320 20 3362 8 3408 9 3465 20 3508 8 3546 9 3615 20 3646 8 3692 9 3753 20 3792 8 3845 9 3903 20 3945 8 3983 9 4037 20 4083 8 4117 20 4217 9 4236 8 4267 9 4340 20 4367 8 4443 9 4501 20 4543 8 4589 9 4662 20 4689 8 4750 9 4804 20 4850 8 4900 9 4953 20 5000 8 5045 9 5111 20 5145 8 5206 9 5260 20 5306 8 5348 9 5425 20 5448 8 5513 9 5586 20 5613 8 5670 9 5732 20 5770 8 5805 9 5874 20 5905 8 5954 9 6038 20 6054 8 6123 9 6192 20 6223 8 6269 9 6345 20 6369 8 6433 9 6437 8 6445 9 6514 20 6533 8 6598 9 6675 20 6698 1 6947 0 6984 1 7020 0 7038 1 7064 0 7098 20 7098 20 8098
97 93 20 250 20 256 20 300 0 413 20 550 8 888 9 953 20 988 8 1007 9 1033 8 1099 9 1133 8 1198 9 1237 8 1313 9 1340 8 1409 9 1459 8 1532 9 1582 8 1655 9 1708 20 1738 8 1793 9 1846 20 1893 8 1931 9 1996 20 2031 8 2080 9 2138 20 2180 8 2218 9 2299 20 2318 8 2379 9 2445 20 2479 8 2525 9 2590 20 2625 8 2682 9 2732 20 2782 8 2832 9 2889 20 2932 8 2974 9 3035 20 3074 8 3120 9 3181 20 3220 8 3261 9 3323 20 3361 8 3403 9 3480 20 3503 8 3568 9 3618 20 3668 8 3702 9 3775 20 3802 8 3856 9 3917 20 3956 8 4005 9 4074 20 4105 8 4163 9 4224 20 4263 8 4308 9 4397 20 4408 8 4485 9 4550 20 4585 8 4634 9 4715 20 4734 8 4799 9 4891 20 4899 8 4995 9 5060 20 5095 1 5307 0 5489 20 5495 20 6495
98 49 20 250 0 331 16 369 20 419 20 425 20 469 20 569 10 672 11 714 10 802 20 819 11 844 8 1239 9 1293 20 1339 8 1557 9 1684 8 1968 9 1994 20 2089 8 2106 9 2144 20 2206 8 2228 9 2286 20 2328 8 2366 9 2428 20 2466 8 2512 9 2573 20 2612 8 2681 9 2711 20 2781 8 2819 9 2857 20 2919 8 2957 9 3022 20 3057 8 3106 9 3175 20 3206 8 3494 9 3547 20 3594 20 3994 20 4994
99 56 20 250 20 256 20 300 0 378 8 518 9 521 20 550 8 606 20 706 9 843 8 847 9 889 8 974 9 1028 8 1116 9 1169 8 1258 9 1315 8 1403 20 1456 9 1465 8 1557 9 1622 20 1657 20 2057 8 2347 9 2396 20 2447 8 2477 9 2523 20 2577 8 2600 9 2669 20 2700 8 2742 9 2803 20 2842 8 2880 9 2949 20 2980 8 3048 9 3133 20 3148 8 3255 9 3328 20 3355 8 3911 9 3942 20 4011 8 4026 9 4095 20 4126 8 4199 9 4256 20 4299 20 5299
100 79 20 250 20 256 20 300 0 402 20 550 8 748 9 798 20 848 8 856 9 928 8 1078 9 1112 8 1193 9 1366 8 1438 20 1598 9 1780 8 1860 9 1922 20 1960 8 2002 9 2075 20 2102 8 2144 9 2213 20 2244 8 2294 9 2340 20 2394 8 2428 9 2482 20 2528 8 2570 9 2623 20 2670 8 2712 9 2746 20 2812 8 2969 9 3022 20 3069 8 3099 9 3172 20 3199 8 3260 20 3360 9 3367 8 3398 9 3475 20 3498 8 3548 9 3609 20 3648 8 3693 9 3762 20 3793 8 3855 9 3920 20 3955 8 4000 20 4100 9 4104 8 4169 9 4196 20 4269 8 4296 9 4345 20 4396 8 4437 9 4503 20 4537 8 4610 9 4667 20 4710 20 5110 1 5162 0 5549 1 5846 20 6110
101 70 20 250 20 256 20 300 0 386 20 550 8 710 9 775 20 810 8 836 9 863 8 928 9 963 8 1039 9 1081 8 1162 9 1212 8 1296 9 1338 8 1419 9 1469 8 1553 20 1560 9 1614 8 1710 9 1760 20 1810 8 1848 9 1910 20 1948 8 1994 9 2059 20 2094 8 2155 9 2209 20 2255 8 2312 9 2370 20 2412 8 2454 9 2531 20 2554 8 2634 9 2700 20 2734 8 2788 9 2868 20 2888 8 2964 9 3014 20 3064 8 3095 9 3160 20 3195 8 3259 9 3355 20 3359 8 3413 9 3478 20 3513 8 3570 9 3639 20 3670 8 3750 9 3827 20 3850 8 3926 9 4026 20 4026 20 4426 20 5426
102 93 20 250 20 256 20 300 0 448 20 550 10 855 11 898 20 955 10 1001 11 1124 10 1220 11 1262 10 1339 11 1392 10 1469 11 1503 10 1572 11 1638 20 1705 10 1711 11 1783 20 1811 10 1868 11 1937 20 1968 10 2033 11 2094 20 2133 10 2182 11 2247 20 2282 10 2343 11 2412 20 2443 10 2634 11 2677 20 2734 10 2742 20 2842 11 2845 10 2865 20 2965 11 2968 10 2991 11 3075 20 3091 10 3137 11 3190 20 3237 10 3275 11 3321 20 3375 10 3417 11 3463 20 3517 10 3562 11 3608 20 3662 10 3704 11 3766 20 3804 10 3858 11 3923 20 3958 10 4011 11 4080 20 4111 10 4176 11 4241 20 4276 10 4310 11 4383 20 4410 10 4448 11 4509 20 4548 10 4590 11 4643 20 4690 10 4732 11 4785 20 4832 10 4885 11 4943 20 4985 10 5042 11 5104 20 5142 10 5203 11 5280 20 5303 20 5703 20 6703
103 103 20 250 0 317 16 403 20 453 20 459 20 503 20 603 20 853 10 1097 11 1128 10 1193 20 1197 11 1239 10 1308 11 1323 10 1408 11 1442 10 1519 11 1569 10 1649 11 1699 10 1783 11 1833 10 1921 20 1947 11 1975 10 2052 11 2109 20 2152 10 2178 11 2244 20 2278 10 2316 11 2378 20 2416 10 2458 11 2520 20 2558 10 2600 11 2658 20 2700 10 2750 11 2803 20 2850 10 2888 11 2957 20 2988 10 3030 11 3110 20 3130 10 3179 11 3260 20 3279 10 3340 11 3398 20 3440 10 3478 11 3536 20 3578 10 3616 11 3678 20 3716 10 3750 11 3819 20 3850 10 3889 11 3954 20 3989 10 4004 20 4104 11 4241 10 4287 11 4368 20 4387 10 4418 11 4487 20 4518 10 4563 11 4632 20 4663 10 4713 11 4801 20 4813 10 4839 11 4928 20 4939 10 4974 11 5054 20 5074 10 5108 20 5208 11 5211 10 5288 11 5373 20 5388 10 5445 11 5518 20 5545 10 5591 11 5691 20 5691 20 6091 20 7091
104 102 20 250 20 256 20 300 0 379 20 550 10 755 11 782 20 855 10 882 11 985 10 993 11 1024 10 1085 11 1131 10 1200 11 1250 10 1323 11 1373 10 1442 11 1495 10 1572 20 1605 11 1633 10 1725 11 1775 20 1825 10 1856 11 1910 20 1956 10 1994 11 2036 20 2094 10 2097 11 2159 20 2197 10 2232 11 2289 20 2332 10 2366 11 2423 20 2466 10 2500 11 2565 20 2600 10 2646 11 2696 20 2746 10 2776 11 2838 20 2876 10 2914 11 2979 20 3014 10 3056 11 3118 20 3156 10 3187 20 3287 11 3394 10 3432 11 3493 20 3532 10 3555 11 3616 20 3655 10 3681 11 3762 20 3781 10 3835 11 3915 20 3935 10 3984 11 4080 20 4084 10 4168 11 4245 20 4268 10 4322 11 4406 20 4422 10 4494 11 4586 20 4594 10 4659 11 4694 20 4759 10 4763 11 4820 20 4863 10 4882 11 4958 20 4982 10 5023 11 5115 20 5123 10 5188 20 5288 11 5303 20 5688 1 6027 0 6607 20 6688
105 90 20 250 20 256 20 300 0 394 20 550 8 725 9 790 8 825 20 825 9 852 8 859 9 898 8 1239 9 1258 8 1354 9 1369 8 1435 9 1465 8 1515 9 1557 20 1575 8 1611 9 1645 8 1699 20 1711 9 1741 8 1807 9 1860 20 1907 8 1918 9 1983 20 2018 8 2044 9 2102 20 2144 8 2179 9 2240 20 2279 8 2309 9 2366 20 2409 8 2439 9 2489 20 2539 8 2554 9 2608 20 2654 8 2685 9 2738 20 2785 8 2819 9 2876 20 2919 8 2953 9 3011 20 3053 8 3084 9 3145 20 3184 8 3214 9 3275 20 3314 8 3363 9 3417 20 3463 8 3502 9 3559 20 3602 8 3640 9 3705 20 3740 8 3778 9 3847 20 3878 8 3916 9 3923 8 3935 9 3989 20 4016 8 4058 9 4138 20 4158 8 4230 9 4292 20 4330 8 4395 9 4453 20 4495 20 4895 20 5895
106 60 20 250 20 256 20 300 0 399 20 550 8 753 9 814 20 853 8 891 9 937 8 1002 9 1052 8 1121 9 1171 8 1243 9 1289 8 1370 9 1424 8 1508 9 1566 20 1603 8 1642 9 1700 20 1742 8 1765 20 1865 9 1872 8 1926 9 1976 20 2026 8 2056 9 2106 20 2156 8 2194 9 2264 20 2294 8 2348 9 2409 20 2448 8 2490 9 2559 20 2590 8 2647 9 2720 20 2747 8 2804 9 2885 20 2904 8 2965 9 3038 20 3065 8 3157 9 3211 20 3257 1 3480 0 3647 20 3657 1 4037 0 4407 20 4657
107 16 20 250 20 256 20 300 0 380 20 550 8 723 9 781 8 842 9 896 20 1223 1 1518 0 1789 1 4045 20 4223 0 4573 20 5223
108 77 20 250 0 311 1 824 0 1567 20 2250 20 2300 20 2306 20 2350 10 2388 11 2430 20 2450 10 2503 11 2553 10 2664 11 2683 20 2700 10 2729 11 2764 20 3229 8 3258 9 3389 8 3477 9 3523 8 3596 9 3646 8 3719 9 3772 8 3845 9 3895 8 3972 9 4025 8 4106 9 4156 8 4240 9 4294 8 4370 9 4432 8 4524 9 4574 8 4658 9 4712 8 4777 9 4873 8 4919 9 4973 8 5057 9 5103 8 5191 9 5241 8 5329 9 5368 8 5448 9 5529 8 5602 9 5674 8 5751 9 5816 8 5901 9 5966 8 6054 9 6131 20 6229 8 6238 9 6303 20 6338 8 6392 9 6449 20 6492 8 6549 9 6618 20 6649 8 6722 9 6779 20 6822 1 7225 0 7545 20 7822
109 113 20 250 20 256 20 300 0 389 20 400 20 650 8 877 20 977 9 1141 8 1222 9 1279 8 1345 9 1398 8 1475 9 1533 8 1613 9 1674 20 1727 8 1767 9 1816 20 1867 8 1908 9 1966 20 2008 8 2062 9 2119 20 2162 8 2219 9 2280 20 2319 8 2373 9 2438 20 2473 8 2526 9 2583 20 2626 8 2672 9 2744 20 2772 8 2840 9 2902 20 2940 8 3021 9 3067 20 3121 8 3166 9 3220 20 3266 8 3316 9 3373 20 3416 8 3469 9 3534 20 3569 8 3646 9 3699 20 3746 8 3795 9 3853 20 3895 8 3949 9 4014 20 4049 8 4114 9 4179 20 4214 8 4278 9 4313 8 4378 20 4378 9 4466 8 4539 9 4612 20 4639 8 4685 9 4762 20 4785 8 4846 9 4900 20 4946 8 4988 9 5045 20 5088 8 5134 20 5234 9 5260 8 5291 20 5391 9 5417 8 5448 9 5536 20 5548 8 5609 9 5686 20 5709 8 5770 9 5832 20 5870 8 5924 9 5997 20 6024 8 6092 9 6154 20 6192 8 6253 9 6319 20 6353 8 6438 9 6495 20 6538 20 6938 1 7666 20 7938
110 110 20 250 20 256 20 300 0 389 20 550 10 734 11 753 20 834 10 991 11 1152 10 1221 11 1255 10 1336 11 1382 10 1459 11 1512 20 1584 10 1600 11 1650 20 1700 10 1735 11 1796 20 1835 10 1888 11 1942 20 1988 10 2026 11 2095 20 2126 10 2187 11 2245 20 2287 10 2348 11 2402 20 2448 10 2498 11 2556 20 2598 10 2651 11 2701 20 2751 10 2793 11 2828 20 2893 10 2905 11 2989 20 3005 10 3062 11 3146 20 3162 10 3231 11 3292 20 3331 10 3376 11 3434 20 3476 10 3522 11 3580 20 3622 10 3679 11 3729 20 3779 10 3829 11 3890 20 3929 10 3971 11 4021 20 4071 10 4090 11 4147 20 4190 10 4228 11 4289 20 4328 10 4358 11 4447 20 4458 10 4539 11 4608 20 4639 10 4692 11 4761 20 4792 10 4861 11 4918 20 4961 10 5014 11 5095 20 5114 10 5206 11 5210 10 5225 11 5290 20 5306 10 5406 11 5478 20 5506 10 5594 11 5643 20 5694 10 5778 11 5816 20 5878 10 5939 11 5996 20 6039 1 6305 20 6439 0 6577 20 7439
111 11 20 250 20 256 20 300 0 445 20 550 8 924 9 982 20 1024 20 1774 20 2174 20 3174
112 11 20 250 20 256 20 300 0 402 20 550 8 801 9 870 20 901 20 1651 20 2051 20 3051
113 13 20 250 20 256 20 300 0 412 20 550 8 889 9 973 8 988 20 989 9 1057 20 1739 20 2139 20 3139
114 79 0 135 1 153 20 403 20 409 20 453 0 641 20 703 10 1121 11 1183 20 1221 10 1290 11 1447 10 1490 11 1578 10 1651 11 1716 10 1800 11 1854 10 1950 20 1971 11 2007 10 2107 11 2161 20 2207 10 2257 11 2310 20 2357 10 2422 11 2464 20 2522 10 2567 11 2621 20 2667 10 2721 11 2778 20 2821 10 2878 11 2943 20 2978 10 3032 11 3089 20 3132 10 3177 11 3246 20 3277 10 3331 11 3415 20 3431 10 3523 11 3576 20 3623 10 3688 11 3764 20 3788 10 3883 11 3941 20 3983 10 4056 11 4094 20 4156 10 4221 11 4286 20 4321 10 4386 11 4447 20 4486 10 4547 11 4616 20 4647 10 4739 11 4808 20 4839 10 4908 11 4969 20 5008 1 5244 20 5408 0 5953 20 6408
115 20 20 250 20 256 20 300 0 440 20 550 8 801 9 836 8 943 9 1008 8 1231 9 1296 20 1301 8 1968 9 1994 8 2029 9 2090 1 2417 0 2904 20 4301 20 5301
116 18 20 250 0 331 1 848 20 2250 20 2300 20 2306 20 2350 0 2406 20 2450 20 2700 10 2806 11 2902 20 2906 10 2921 11 2952 20 3656 20 4056 20 5056
117 10 20 250 20 2250 20 2300 20 2306 20 2350 20 2450 20 2700 20 3700 20 8700 20 8710
118 10 20 250 20 2250 20 2300 20 2306 20 2350 20 2450 20 2700 20 3700 20 8700 20 8710
119 91 20 250 0 542 20 2250 20 2300 20 2306 20 2350 20 2450 20 2700 10 2959 11 3009 20 3059 10 3308 11 3323 10 3427 11 3469 10 3561 11 3607 10 3695 11 3749 20 3809 10 3837 11 3895 20 3937 10 3971 11 4029 20 4071 10 4113 11 4175 20 4213 10 4259 11 4320 20 4359 10 4409 11 4474 20 4509 10 4573 11 4619 20 4673 10 4715 11 4781 20 4815 10 4865 11 4919 20 4965 10 4988 11 5060 20 5088 10 5126 11 5198 20 5226 10 5279 11 5344 20 5379 10 5429 11 5501 20 5529 10 5586 11 5647 20 5686 10 5739 11 5804 20 5839 10 5885 11 5939 20 5985 10 5992 11 6061 20 6092 10 6138 11 6211 20 6238 10 6291 11 6380 20 6391 10 6406 11 6479 20 6506 10 6556 11 6636 20 6656 10 6725 11 6809 20 6825 10 6889 11 6985 20 6989 10 7070 11 7143 20 7170 20 7570 20 8570
120 62 20 250 20 256 0 298 20 300 20 550 8 1054 9 1112 20 1154 8 1185 9 1311 8 1380 9 1430 8 1503 9 1557 8 1630 9 1683 8 1768 9 1818 8 1898 20 1904 9 1956 8 2040 9 2098 20 2140 8 2178 9 2243 20 2278 8 2332 9 2393 20 2432 8 2481 9 2550 20 2581 8 2631 9 2696 20 2731 8 2799 9 2861 20 2899 8 2949 9 3010 20 3049 8 3095 9 3141 20 3195 8 3221 9 3286 20 3321 8 3379 9 3444 20 3479 8 3555 9 3613 20 3655 8 3720 9 3777 20 3820 8 3908 9 3942 20 4008 20 4408 20 5408
121 78 20 250 0 269 16 381 20 431 20 437 20 481 10 561 20 581 11 584 10 714 11 791 20 831 10 895 11 952 20 995 10 998 11 1121 10 1186 11 1221 10 1290 11 1313 10 1409 11 1439 10 1508 11 1558 10 1627 11 1681 20 1745 10 1765 11 1815 20 1865 10 1911 11 1949 20 2011 10 2030 11 2084 20 2130 10 2153 11 2206 20 2253 10 2279 11 2337 20 2379 10 2421 11 2479 20 2521 10 2555 11 2617 20 2655 10 2705 11 2759 20 2805 10 2839 11 2905 20 2939 10 2974 11 3031 20 3074 10 3096 11 3161 20 3196 10 3219 11 3296 20 3319 10 3365 11 3415 20 3465 10 3480 11 3541 20 3580 10 3614 11 3679 20 3714 10 3764 11 3825 20 3864 20 4264 20 5264
122 39 20 250 16 372 20 422 20 428 20 472 0 481 20 572 10 786 20 822 11 828 10 1116 11 1170 10 1177 20 1216 11 1296 10 1373 11 1400 10 1496 11 1534 10 1641 11 1676 10 1787 11 1833 10 1917 20 1966 11 1975 10 2055 11 2121 20 2155 10 2224 11 2274 20 2324 10 2393 11 2435 20 2493 20 2893 10 2899 20 2999 20 3999
123 106 20 250 0 374 16 389 20 439 20 445 20 489 10 558 20 589 11 611 20 839 20 1839 10 1854 11 1916 20 1954 10 2150 11 2199 10 2361 11 2403 10 2487 11 2525 10 2621 11 2656 20 2704 10 2748 11 2794 20 2848 10 2878 11 2928 20 2978 10 3013 11 3070 20 3113 10 3166 11 3220 20 3266 10 3297 11 3362 20 3397 10 3442 11 3511 20 3542 10 3592 11 3653 20 3692 10 3722 11 3807 20 3822 10 3845 11 3914 20 3945 10 3987 11 4056 20 4087 10 4137 11 4206 20 4237 10 4290 11 4371 20 4390 10 4444 11 4516 20 4544 10 4601 11 4662 20 4701 10 4739 11 4796 20 4839 10 4873 11 4950 20 4973 10 5030 11 5092 20 5130 10 5169 11 5226 20 5269 10 5299 11 5376 20 5399 10 5464 11 5529 20 5564 10 5614 11 5683 20 5714 10 5782 11 5844 20 5882 10 5959 11 6016 20 6059 10 6097 11 6174 20 6197 10 6250 11 6335 20 6350 10 6415 11 6492 20 6515 10 6569 11 6630 20 6669 20 7069 20 8069
124 7 0 63 1 340 0 409 20 5409 1 5765 0 5783 20 6409
125 69 20 250 0 319 16 391 20 441 20 447 20 491 20 591 10 755 11 809 20 841 8 1208 9 1273 8 1288 20 1308 9 1411 8 1430 9 1450 8 1534 9 1568 8 1664 9 1699 8 1783 9 1833 8 1906 9 1964 8 2044 20 2058 9 2105 8 2201 9 2259 20 2301 8 2332 9 2397 20 2432 8 2466 9 2543 20 2566 8 2635 9 2715 20 2735 8 2807 9 2884 20 2907 8 2965 9 3038 20 3065 8 3122 9 3183 20 3222 8 3264 9 3329 20 3364 8 3421 9 3494 20 3521 8 3613 9 3667 20 3713 8 3778 9 3839 20 3878 8 3947 9 4008 20 4047 8 4112 9 4181 20 4212 20 4612 20 5612
126 73 20 250 20 256 20 300 0 384 20 550 8 731 9 781 20 831 8 865 9 888 8 969 9 984 8 1057 9 1111 8 1187 9 1234 8 1310 9 1360 8 1460 9 1498 20 1581 8 1583 9 1644 20 1683 8 1725 9 1786 20 1825 8 1882 9 1943 20 1982 8 2043 9 2097 20 2143 8 2181 9 2239 20 2281 8 2323 9 2365 20 2423 8 2461 9 2526 20 2561 8 2615 9 2684 20 2715 8 2768 9 2849 20 2868 8 2941 9 2948 8 2956 9 3029 20 3041 8 3125 9 3133 8 3136 9 3217 20 3225 8 3309 9 3313 8 3321 9 3386 20 3409 8 3466 9 3474 8 3478 9 3558 20 3566 8 3658 9 3720 20 3758 20 4158 20 5158
127 16 20 250 20 256 20 300 0 373 20 550 8 1114 9 1160 8 1226 9 1283 1 1476 20 1614 0 2025 1 3955 0 4522 20 4614 20 5614
128 85 20 250 0 306 16 420 20 470 20 476 20 520 20 570 10 761 11 788 20 820 10 853 11 899 20 903 10 914 11 999 10 1076 11 1106 10 1179 11 1221 10 1306 11 1352 10 1440 11 1486 10 1566 11 1624 20 1653 10 1701 11 1750 20 1801 10 1820 11 1885 20 1920 10 1965 11 2019 20 2065 10 2099 11 2157 20 2199 10 2234 11 2299 20 2334 10 2376 11 2437 20 2476 10 2514 11 2571 20 2614 10 2636 11 2721 20 2736 10 2782 11 2859 20 2882 10 2943 11 3001 20 3043 10 3081 11 3139 20 3181 10 3219 11 3273 20 3319 10 3354 11 3423 20 3454 10 3492 20 3592 11 3710 10 3795 11 3852 20 3895 10 3929 11 3998 20 4029 10 4067 11 4155 20 4167 10 4228 11 4316 20 4328 1 4707 20 4728 0 5052 1 5340 20 5728
129 64 0 10 1 45 20 295 20 301 20 345 0 391 20 595 10 637 11 683 20 687 10 790 11 821 10 898 11 940 10 1005 11 1055 10 1128 11 1174 10 1250 11 1300 10 1373 20 1437 11 1565 10 1630 11 1695 20 1730 10 1776 11 1841 20 1876 10 1914 11 1979 20 2014 10 2048 11 2129 20 2148 10 2217 11 2282 20 2317 10 2355 20 2455 11 2551 10 2627 11 2681 20 2727 10 2754 11 2823 20 2854 10 2896 20 2996 11 3080 10 3153 11 3226 20 3253 10 3291 20 3391 11 3636 10 3705 11 3793 20 3805 10 3878 11 3966 20 3978 20 4378 20 5378
130 76 20 250 20 256 20 300 0 301 20 550 10 753 20 803 11 818 10 875 11 929 10 983 11 1025 10 1094 11 1129 10 1186 11 1236 10 1293 11 1370 10 1443 11 1493 20 1553 10 1566 11 1619 20 1666 10 1696 11 1769 20 1796 10 1811 20 1911 11 2049 10 2133 11 2187 20 2233 10 2268 11 2333 20 2368 10 2410 20 2510 11 2674 10 2701 11 2762 20 2801 10 2851 11 2923 20 2951 10 3000 11 3069 20 3100 10 3146 20 3246 11 3376 10 3410 11 3483 20 3510 10 3549 11 3618 20 3649 10 3706 11 3767 20 3806 10 3844 11 3917 20 3944 10 4001 11 4085 20 4101 10 4166 11 4254 20 4266 10 4346 11 4415 20 4446 1 4686 20 4846 0 5081 20 5846
131 59 20 250 16 391 20 441 0 445 20 447 20 491 20 541 10 701 11 744 20 791 10 809 11 851 8 1054 9 1120 8 1204 9 1227 8 1300 20 1309 9 1338 8 1407 9 1449 8 1518 9 1557 8 1626 9 1664 8 1733 9 1783 8 1852 9 1890 8 1959 9 2005 8 2071 9 2132 8 2201 9 2255 8 2320 9 2366 8 2427 9 2473 8 2546 9 2600 8 2684 9 2738 8 2818 9 2880 8 2960 9 3018 8 3091 9 3152 8 3256 9 3298 8 3421 9 3474 8 3551 9 3612 20 4309 1 4603 0 4964 20 5309
132 101 20 250 20 256 0 272 20 300 1 306 0 316 20 350 20 600 10 776 11 806 20 826 10 883 11 914 10 983 11 1013 10 1102 11 1140 10 1217 11 1270 10 1347 11 1401 10 1477 11 1531 20 1576 10 1615 11 1669 20 1715 10 1746 11 1800 20 1846 10 1880 11 1938 20 1980 10 2010 11 2068 20 2110 10 2149 11 2210 20 2249 10 2290 11 2356 20 2390 10 2432 11 2494 20 2532 10 2570 20 2670 11 2754 10 2777 11 2781 10 2823 20 2877 11 2912 10 2950 11 3038 20 3050 10 3084 11 3142 20 3184 10 3199 20 3299 11 3303 10 3376 11 3456 20 3476 10 3537 11 3617 20 3637 10 3694 11 3778 20 3794 10 3859 11 3936 20 3959 10 4020 11 4089 20 4120 10 4166 11 4254 20 4266 10 4304 11 4373 20 4404 10 4446 11 4523 20 4546 10 4592 11 4676 20 4692 10 4749 11 4833 20 4849 10 4921 11 4998 20 5021 10 5117 11 5171 20 5217 20 5617 1 6143 20 6617
133 95 20 250 20 256 20 300 0 361 20 550 8 643 9 677 20 693 8 788 9 819 8 900 9 930 8 999 9 1157 8 1226 9 1276 8 1352 9 1398 20 1443 8 1479 9 1525 20 1579 8 1613 9 1663 20 1713 8 1740 9 1797 20 1840 8 1878 9 1928 20 1978 8 1993 9 2054 20 2093 8 2116 9 2185 20 2216 8 2261 9 2323 20 2361 8 2419 9 2453 20 2519 8 2561 9 2607 20 2661 8 2687 9 2752 20 2787 8 2821 9 2921 20 2921 8 2975 9 3044 20 3075 8 3136 9 3193 20 3236 8 3270 9 3328 20 3370 8 3412 9 3470 20 3512 8 3554 20 3654 9 3788 8 3845 9 3899 20 3945 8 3980 20 4080 9 4098 8 4144 9 4206 20 4244 8 4325 9 4398 20 4425 8 4513 9 4578 20 4613 8 4655 9 4724 20 4755 8 4800 9 4873 20 4900 20 5300 8 5625 9 5675 20 5725 1 6003 0 6435 20 6725
134 14 20 250 20 256 20 300 0 548 20 550 8 1001 9 1039 8 1143 9 1193 8 1266 9 1308 20 1501 20 4501 20 5501
135 38 0 92 1 764 0 796 1 1292 20 1542 20 1548 20 1592 0 1775 20 1842 8 2071 20 2121 9 2132 8 2213 9 2259 8 2328 9 2374 8 2443 9 2481 8 2546 9 2738 8 2803 20 2871 9 2892 8 2972 9 3037 20 3072 8 3129 9 3191 20 3229 8 3294 9 3352 20 3394 8 3455 9 3513 20 3555 20 3955 1 4689 20 4955
136 86 20 250 20 256 20 300 0 399 20 550 8 688 20 738 9 754 8 823 9 857 8 922 9 968 8 1041 9 1083 8 1156 9 1202 8 1275 9 1329 8 1413 9 1459 20 1488 8 1551 9 1597 20 1651 8 1686 9 1735 20 1786 8 1820 9 1885 20 1920 8 1977 9 2019 20 2077 8 2104 9 2192 20 2204 8 2265 9 2338 20 2365 8 2410 9 2476 20 2510 8 2568 9 2606 20 2668 8 2698 9 2759 20 2798 8 2828 9 2920 20 2928 8 2974 9 3032 20 3074 8 3116 9 3170 20 3216 8 3246 20 3346 9 3377 8 3404 9 3465 20 3504 8 3561 9 3611 20 3661 8 3699 9 3768 20 3799 8 3856 9 3925 20 3956 8 4025 9 4098 20 4125 8 4186 9 4251 20 4286 8 4336 9 4405 20 4436 8 4497 9 4566 20 4597 20 4997 20 5997
137 77 20 250 20 256 20 300 0 411 20 550 8 756 9 806 20 806 8 887 9 914 8 979 9 1033 8 1178 9 1286 8 1324 9 1382 8 1458 9 1516 20 1556 8 1596 20 1696 9 1700 8 1746 9 1819 20 1846 8 1900 9 1957 20 2000 8 2053 9 2118 20 2153 8 2199 20 2299 9 2302 8 2333 9 2425 20 2433 8 2517 9 2586 20 2617 8 2686 9 2732 20 2786 8 2828 9 2893 20 2928 8 2978 20 3078 9 3081 8 3119 9 3189 20 3219 8 3300 9 3350 20 3400 8 3453 9 3518 20 3553 8 3614 9 3687 20 3714 8 3795 9 3860 20 3895 8 3952 9 3956 8 3960 9 4032 20 4052 8 4121 9 4194 20 4221 8 4320 9 4374 20 4420 20 4820 20 5820
138 97 20 250 16 378 20 428 20 434 0 471 20 478 20 528 10 773 20 778 11 811 10 884 11 934 20 934 10 953 11 1037 10 1106 11 1152 10 1229 11 1279 10 1359 11 1413 10 1497 11 1547 10 1632 11 1681 20 1684 10 1770 11 1835 20 1870 10 1919 11 1977 20 2019 10 2050 11 2107 20 2150 10 2191 11 2249 20 2291 10 2326 11 2402 20 2426 10 2471 11 2556 20 2571 10 2629 11 2694 20 2729 10 2770 11 2832 20 2870 10 2912 11 2974 20 3012 10 3054 11 3115 20 3154 10 3177 20 3277 11 3300 10 3338 20 3438 11 3441 10 3510 11 3564 20 3610 10 3645 11 3706 20 3745 10 3775 20 3875 11 4024 10 4093 11 4189 20 4193 10 4254 11 4346 20 4354 10 4423 11 4500 20 4523 10 4534 11 4553 10 4557 20 4634 11 4664 10 4730 11 4822 20 4830 10 4940 11 4952 20 5040 20 5440 1 5464 0 5630 1 5684 0 6123 20 6440
139 22 0 218 1 1791 20 2041 20 2047 20 2091 0 2180 20 2341 10 2635 11 2677 10 2754 11 2807 20 3135 8 3252 9 3306 8 3386 9 3452 8 3567 9 3609 8 3693 9 3758 20 6135 20 7135
140 12 20 250 20 256 20 300 0 387 20 550 8 671 9 714 20 1171 10 1369 11 1435 20 4171 20 5171
141 142 20 250 16 367 20 417 20 423 0 440 20 467 20 517 10 689 11 716 20 767 10 781 20 831 11 911 10 977 11 1023 10 1092 11 1138 10 1211 11 1257 10 1333 11 1379 10 1456 11 1498 10 1563 20 1581 11 1628 10 1690 11 1751 20 1790 10 1832 11 1882 20 1932 10 1954 11 2012 20 2054 10 2089 11 2142 20 2189 10 2219 11 2269 20 2319 10 2346 11 2399 20 2446 10 2480 11 2534 20 2580 10 2606 11 2652 20 2706 10 2725 11 2787 20 2825 10 2856 11 2928 20 2956 10 2994 11 3063 20 3094 10 3128 11 3201 20 3228 10 3258 11 3327 20 3358 10 3408 11 3462 20 3508 10 3538 11 3600 20 3638 10 3676 11 3734 20 3776 10 3810 11 3872 20 3910 10 3948 11 3998 20 4048 10 4064 11 4140 20 4164 10 4217 11 4274 20 4317 10 4355 11 4416 20 4455 10 4485 11 4543 20 4585 10 4604 11 4704 20 4704 10 4773 20 4873 11 4896 10 4980 11 5041 20 5080 10 5168 20 5268 11 5275 10 5344 11 5402 20 5444 10 5459 11 5513 20 5559 10 5578 11 5632 20 5678 10 5709 11 5785 20 5809 10 5854 11 5935 20 5954 10 6015 11 6073 20 6115 10 6150 11 6207 20 6250 10 6276 11 6341 20 6376 10 6418 11 6502 20 6518 10 6571 11 6652 20 6671 10 6725 11 6813 20 6825 10 6894 11 6974 20 6994 20 7394 20 8394
142 69 20 250 20 256 20 300 0 324 20 550 10 823 11 858 20 873 10 934 11 984 10 1049 11 1092 10 1157 11 1203 10 1276 11 1318 10 1395 11 1479 10 1494 11 1544 10 1609 20 1623 11 1659 10 1717 11 1767 20 1817 10 1824 20 1924 11 2024 10 2077 11 2165 20 2177 10 2208 11 2273 20 2308 10 2323 11 2357 20 2423 10 2434 20 2534 11 2637 10 2702 11 2779 20 2802 10 2848 11 2909 20 2948 10 2971 11 3040 20 3071 10 3101 11 3189 20 3201 10 3255 11 3339 20 3355 10 3408 11 3473 20 3508 10 3538 11 3619 20 3638 10 3719 11 3791 20 3819 1 4201 20 4219 0 4597 20 5219
143 20 0 62 1 84 20 334 20 340 0 375 20 384 20 634 8 723 9 773 8 845 9 903 20 1223 1 2083 0 2093 1 2125 0 2398 20 4223 1 4579 0 5004 20 5223
144 64 20 250 20 256 20 300 0 458 20 550 10 835 20 885 11 893 10 969 11 1008 10 1073 11 1115 10 1177 11 1215 10 1269 11 1318 10 1376 11 1445 10 1510 11 1564 20 1635 10 1644 11 1691 20 1744 10 1760 11 1852 20 1860 10 1890 11 1921 20 1990 10 1997 11 2051 10 2070 11 2074 20 2097 10 2124 11 2162 20 2224 10 2250 11 2304 20 2350 10 2377 11 2454 20 2477 10 2527 11 2603 20 2627 10 2680 11 2734 20 2780 10 2810 11 2883 20 2910 10 2960 11 3037 20 3060 10 3117 11 3186 20 3217 10 3274 11 3351 20 3374 20 3774 20 4774
145 108 20 250 16 393 0 410 20 443 20 449 20 493 20 543 10 684 11 723 20 793 10 799 11 845 8 1160 9 1194 8 1263 20 1299 9 1313 8 1378 9 1413 8 1478 9 1524 8 1593 9 1647 8 1716 9 1769 8 1838 9 1896 8 1965 9 2026 8 2095 9 2156 8 2233 9 2283 8 2360 9 2413 8 2490 9 2536 8 2605 9 2682 8 2732 9 2828 8 2897 9 2977 8 3046 9 3130 8 3188 9 3234 8 3311 9 3361 8 3433 9 3671 8 3710 9 3782 8 3863 9 3932 8 4009 9 4066 8 4143 9 4204 8 4277 20 4299 9 4338 8 4415 9 4465 20 4515 8 4542 9 4592 20 4642 8 4676 9 4730 20 4776 8 4803 9 4875 20 4903 8 4941 9 5021 20 5041 8 5098 9 5167 20 5198 8 5240 9 5301 20 5340 8 5374 20 5474 9 5477 8 5527 9 5566 20 5627 8 5635 9 5734 20 5735 8 5807 9 5907 20 5907 8 5949 9 5999 20 6049 8 6076 9 6133 20 6176 8 6198 9 6252 20 6298 8 6317 9 6379 20 6417 20 7417
146 49 20 250 20 256 0 297 20 300 20 350 20 600 10 685 11 735 10 819 11 880 20 1185 8 1306 9 1344 8 1429 9 1463 8 1536 9 1582 8 1651 9 1689 8 1754 9 1812 8 1877 9 1965 8 2027 9 2088 8 2149 9 2215 8 2287 9 2360 8 2433 9 2506 8 2571 9 2648 8 2675 9 2690 8 2706 9 2794 8 2844 9 2913 8 2985 9 3055 8 3127 9 3204 8 3346 9 3384 1 3711 20 4185 0 4294 20 5185
147 12 20 250 20 256 20 300 20 350 0 385 20 600 10 789 11 835 20 839 20 1589 20 1989 20 2989
148 23 20 250 20 256 0 295 20 300 1 541 20 550 0 715 8 994 9 1052 8 1121 9 1174 8 1259 9 1324 20 1494 8 1496 9 1546 8 1627 9 1658 1 1925 0 2497 1 3733 20 4494 20 5494
149 96 20 250 20 256 20 300 0 403 20 550 8 662 20 712 9 812 8 889 9 923 8 996 9 1038 8 1126 9 1161 8 1234 9 1287 8 1364 9 1399 20 1462 8 1491 9 1518 20 1591 8 1617 9 1659 20 1717 8 1744 9 1844 20 1844 8 1890 20 1990 9 2120 8 2200 9 2246 20 2300 8 2338 9 2377 20 2438 8 2453 9 2526 20 2553 8 2580 20 2680 9 2691 8 2741 9 2791 20 2841 8 2887 9 2941 20 2987 8 3033 9 3098 20 3133 8 3190 9 3244 20 3290 8 3351 9 3401 20 3451 8 3500 9 3550 20 3600 8 3635 9 3711 20 3735 8 3819 9 3869 20 3919 8 3965 9 4014 8 4057 9 4064 20 4065 8 4080 9 4126 20 4180 8 4198 9 4279 20 4298 8 4352 9 4425 20 4452 8 4501 9 4590 20 4601 8 4666 9 4739 20 4766 8 4847 9 4893 20 4947 1 5298 20 5347 0 5514 1 5877 0 5952 20 6347
150 89 20 250 20 256 20 300 0 442 20 550 8 913 20 963 9 978 8 1055 9 1085 8 1162 9 1200 8 1269 9 1315 8 1473 9 1592 8 1661 9 1695 20 1713 8 1783 9 1829 20 1883 8 1906 20 2006 9 2021 8 2082 9 2136 20 2182 8 2224 9 2274 20 2324 8 2366 9 2408 20 2466 8 2489 20 2589 9 2623 8 2635 9 2734 20 2735 8 2780 9 2872 20 2880 8 2945 9 2991 20 3045 8 3080 9 3126 20 3180 8 3218 20 3318 9 3371 8 3379 9 3459 20 3479 8 3547 9 3601 20 3647 8 3693 9 3751 20 3793 8 3847 9 3908 20 3947 8 4008 9 4073 20 4108 8 4161 9 4234 20 4261 8 4330 9 4380 20 4430 8 4491 9 4560 20 4591 8 4663 9 4725 20 4763 8 4832 9 4897 20 4932 8 4997 9 5055 20 5097 1 5301 20 5497 0 5911 20 6497
151 74 20 250 20 256 20 300 0 505 20 550 10 773 20 823 11 835 10 911 11 927 10 1007 11 1061 10 1233 11 1302 10 1356 11 1425 10 1502 11 1540 20 1573 10 1613 11 1671 20 1713 10 1747 20 1847 11 1866 10 1885 11 1928 20 1985 10 2020 11 2054 20 2120 10 2142 11 2219 20 2242 10 2307 11 2346 20 2407 10 2434 11 2480 20 2534 10 2572 11 2614 20 2672 10 2702 11 2787 20 2802 10 2863 11 2909 20 2963 10 2994 11 3009 20 3094 10 3232 11 3297 20 3332 10 3393 11 3465 20 3493 10 3573 11 3630 20 3673 10 3722 11 3788 20 3822 10 3884 11 3937 20 3984 10 4064 11 4114 20 4164 1 4298 20 4564 0 4841 20 5564
152 112 20 250 20 256 20 300 0 410 20 550 10 797 20 847 11 862 10 919 11 950 10 1023 11 1061 10 1134 11 1180 10 1253 11 1291 10 1364 11 1418 10 1487 11 1575 20 1597 10 1617 11 1690 20 1717 10 1782 11 1828 20 1882 10 1913 11 1970 20 2013 10 2043 11 2108 20 2143 10 2200 11 2258 20 2300 10 2484 11 2546 20 2584 10 2968 11 2994 20 3068 10 3086 11 3136 20 3186 10 3217 11 3278 20 3317 10 3355 11 3386 20 3455 10 3489 11 3547 20 3589 10 3635 11 3700 20 3735 10 3796 11 3880 20 3896 10 3957 11 4038 20 4057 10 4130 11 4195 20 4230 10 4287 11 4356 20 4387 10 4452 11 4529 20 4552 10 4636 11 4674 20 4736 10 4870 11 4912 20 4970 10 4993 11 5031 20 5093 10 5138 11 5184 20 5238 10 5284 11 5315 20 5384 10 5579 11 5649 20 5679 10 5733 11 5806 20 5833 10 5898 11 5955 20 5998 10 6093 11 6113 20 6193 10 6220 11 6293 20 6320 10 6400 11 6462 20 6500 10 6588 11 6623 20 6688 1 6780 20 7088 0 7304 20 8088
153 100 20 250 20 256 20 300 0 447 20 550 10 781 20 831 11 923 10 934 11 946 10 1019 11 1065 10 1138 11 1187 10 1260 11 1318 10 1402 11 1452 10 1540 20 1581 11 1598 10 1686 11 1736 20 1786 10 1832 11 1889 20 1932 10 1989 11 2020 20 2089 10 2123 11 2146 20 2223 10 2326 11 2388 20 2426 10 2476 11 2541 20 2576 10 2622 11 2679 20 2722 10 2779 11 2817 20 2879 10 2913 11 2955 20 3013 10 3067 11 3090 10 3166 20 3167 11 3247 10 3335 11 3362 20 3435 10 3458 11 3485 10 3558 20 3558 11 3631 10 3715 11 3788 20 3815 10 3888 11 3960 20 3988 10 4045 11 4118 20 4145 10 4202 11 4244 20 4302 10 4348 11 4428 20 4448 10 4509 11 4586 20 4609 10 4678 11 4751 20 4778 10 4843 11 4850 10 4858 11 4927 20 4943 10 5034 11 5103 20 5134 10 5230 11 5288 20 5330 10 5426 11 5472 20 5526 1 5693 20 5926 0 6276 20 6926
154 51 20 250 16 382 20 432 0 436 20 438 20 482 20 532 10 685 11 735 20 782 10 807 11 857 8 1141 9 1187 8 1256 9 1290 20 1307 8 1356 9 1406 8 1478 9 1532 8 1609 9 1659 8 1739 9 1797 8 1873 9 1950 8 2027 9 2100 8 2188 9 2265 8 2334 9 2441 8 2502 9 2598 8 2679 9 2763 8 2851 9 2920 8 3008 9 3081 8 3173 9 3254 8 3350 9 3449 8 3553 9 3610 1 3859 20 4307 0 4385 20 5307
155 201 20 250 20 256 20 300 0 302 20 350 20 600 10 616 20 666 11 669 10 685 11 750 10 838 11 861 10 945 11 995 10 1076 11 1122 10 1202 11 1256 10 1348 11 1398 20 1416 10 1490 11 1540 20 1590 10 1624 11 1674 20 1724 10 1758 11 1816 20 1858 10 1900 11 1962 20 2000 10 2057 11 2115 20 2157 10 2203 11 2272 20 2303 10 2372 11 2422 20 2472 10 2510 11 2552 20 2610 10 2633 20 2733 11 2748 10 2786 11 2859 20 2886 10 2947 11 2997 20 3047 10 3093 11 3146 20 3193 10 3242 11 3304 20 3342 10 3388 11 3461 20 3488 10 3553 11 3591 20 3653 10 3695 20 3795 11 3917 10 3979 11 4036 20 4079 10 4120 11 4178 20 4220 10 4262 11 4327 20 4362 10 4423 11 4481 20 4523 10 4581 11 4634 20 4681 10 4730 11 4799 20 4830 10 5022 11 5114 20 5122 10 5152 11 5221 20 5252 10 5301 11 5351 20 5401 10 5436 11 5493 20 5536 10 5574 11 5643 20 5674 10 5719 11 5800 20 5819 10 5842 11 5915 20 5942 10 5992 11 6061 20 6092 10 6145 11 6203 20 6245 10 6287 11 6344 20 6387 10 6437 11 6506 20 6537 10 6594 11 6651 20 6694 10 6739 11 6816 20 6839 10 6912 11 6973 20 7012 10 7065 11 7119 20 7165 10 7203 11 7292 20 7303 10 7361 20 7461 11 7552 10 7629 11 7671 20 7729 10 7756 11 7802 20 7856 10 7882 11 7951 20 7982 10 8020 11 8074 20 8120 10 8151 11 8231 20 8251 10 8300 11 8354 20 8400 10 8434 11 8500 20 8534 10 8584 11 8668 20 8684 10 8764 11 8845 20 8864 10 8925 11 9006 20 9025 10 9090 11 9163 20 9190 10 9236 11 9309 20 9336 10 9374 11 9412 20 9474 10 9627 11 9696 20 9727 10 9780 11 9853 20 9880 10 9934 11 9984 20 10034 10 10060 11 10152 20 10160 10 10237 20 10337 11 10344 10 10475 11 10521 20 10575 1 10861 20 10975 0 11200 1 11486 20 11975
156 104 20 250 20 256 20 300 0 514 20 550 10 812 20 862 11 878 10 954 11 989 10 1058 11 1108 10 1177 11 1219 10 1288 11 1338 10 1414 11 1480 10 1560 20 1612 11 1614 10 1694 11 1752 20 1794 10 1832 11 1898 20 1932 10 1978 11 2043 20 2078 10 2139 11 2193 20 2239 10 2296 11 2319 20 2396 10 2400 11 2477 20 2500 10 2549 11 2626 20 2649 10 2699 11 2764 20 2799 10 2860 11 2910 20 2960 10 2998 11 3075 20 3098 10 3167 11 3236 20 3267 10 3328 11 3405 20 3428 10 3501 11 3554 20 3601 10 3658 11 3723 20 3758 10 3830 11 3907 20 3930 10 4030 11 4083 20 4130 10 4187 11 4244 20 4287 10 4367 11 4413 20 4467 10 4509 11 4567 20 4609 10 4685 11 4743 20 4785 10 4862 11 4927 20 4962 10 5027 11 5096 20 5127 10 5437 11 5521 20 5537 10 5629 11 5728 20 5729 10 5832 11 5901 20 5932 10 6008 11 6062 20 6108 1 6265 20 6508 0 6560 1 7309 20 7508
157 68 20 250 20 256 20 300 0 447 20 550 8 728 20 778 9 793 8 862 9 889 8 969 9 1000 8 1077 9 1130 8 1211 9 1261 8 1337 9 1399 8 1472 20 1528 9 1548 8 1629 9 1694 20 1729 8 1794 9 1840 20 1894 8 1932 9 2001 20 2032 8 2101 9 2154 20 2201 8 2254 9 2323 20 2354 8 2423 9 2492 20 2523 8 2684 9 2718 8 2730 20 2784 9 2787 8 2887 9 2952 20 2987 8 3048 9 3113 20 3148 8 3228 9 3282 20 3328 8 3393 9 3451 20 3493 8 3570 9 3619 20 3670 8 3754 9 3811 20 3854 1 4126 20 4254 0 4310 1 4347 0 4520 20 5254
158 64 20 250 20 256 20 300 20 550 0 553 8 852 20 902 9 917 8 994 9 1028 8 1101 9 1143 8 1220 9 1262 8 1339 9 1392 8 1465 9 1527 8 1619 20 1652 9 1657 8 1760 9 1814 20 1860 8 1906 9 1975 20 2006 8 2079 9 2121 20 2179 8 2221 9 2297 20 2321 8 2401 9 2474 20 2501 8 2735 9 2800 20 2835 8 2888 9 2953 20 2988 8 3072 9 3126 20 3172 8 3245 9 3306 20 3345 8 3459 9 3498 20 3559 8 3640 9 3686 20 3740 8 3831 9 3904 20 3931 8 4050 9 4088 20 4150 1 4343 20 4550 0 4914 20 5550
159 14 20 250 20 256 20 300 0 545 20 550 8 1026 9 1076 8 1141 9 1198 20 1526 1 3719 20 4526 0 5470 20 5526
160 89 0 39 1 61 20 311 20 317 20 361 0 455 20 611 10 818 20 868 11 883 10 960 11 998 10 1075 11 1113 10 1182 11 1228 10 1305 11 1351 10 1420 11 1477 10 1550 11 1608 20 1618 10 1692 11 1757 20 1792 10 1853 11 1911 20 1953 10 2041 11 2083 10 2122 20 2141 11 2175 10 2252 11 2309 20 2352 10 2390 11 2440 20 2490 10 2509 11 2562 20 2609 10 2643 11 2731 20 2743 10 2827 11 2892 20 2927 10 2965 11 3023 20 3065 10 3103 11 3184 20 3203 10 3272 11 3314 20 3372 10 3418 11 3502 20 3518 10 3598 11 3690 20 3698 10 3790 11 3851 20 3890 10 3962 11 4031 20 4062 10 4143 11 4219 20 4243 10 4315 11 4384 20 4415 10 4484 11 4522 20 4584 10 4610 11 4679 20 4710 10 4752 11 4841 20 4852 1 5147 20 5252 0 5380 20 6252
161 139 20 250 20 256 20 300 0 484 20 550 10 715 20 765 11 788 10 857 11 899 10 964 11 1007 10 1076 11 1125 10 1198 11 1237 10 1306 11 1390 10 1459 11 1509 20 1515 10 1593 11 1655 20 1693 10 1735 11 1796 20 1835 10 1885 11 1954 20 1985 10 2168 11 2226 20 2268 10 2295 11 2364 20 2395 10 2441 11 2510 20 2541 10 2602 11 2679 20 2702 10 2767 11 2843 20 2867 10 2935 11 2997 20 3035 10 3089 11 3154 20 3189 10 3235 11 3315 20 3335 10 3469 11 3545 10 3565 20 3569 11 3611 10 3626 11 3637 10 3703 20 3726 11 3764 10 3837 11 3933 20 3937 10 4148 11 4240 20 4248 10 4316 11 4408 20 4416 10 4466 11 4527 20 4566 10 4577 11 4616 20 4677 10 4700 11 4750 20 4800 10 4850 11 4907 20 4950 10 5003 11 5068 20 5103 10 5172 11 5264 20 5272 10 5363 11 5421 20 5463 10 5509 11 5555 20 5609 10 5632 11 5732 20 5732 10 5801 11 5897 20 5901 10 5954 11 6042 20 6054 10 6092 11 6131 20 6192 10 6234 11 6284 20 6334 10 6388 11 6468 20 6488 10 6572 11 6648 20 6672 10 6737 11 6821 20 6837 10 6921 11 6978 20 7021 10 7070 11 7166 20 7170 10 7262 20 7362 11 7366 10 7446 11 7523 20 7546 1 7782 20 7946 0 8281 1 8821 0 8884 20 8946
162 14 20 250 20 256 20 300 0 510 20 550 1 688 0 1080 8 1321 9 1379 8 1444 9 1497 20 1821 20 4821 20 5821
163 117 20 250 16 385 0 387 20 435 20 441 20 485 20 535 10 546 11 638 20 785 10 830 11 872 20 880 10 941 11 1037 10 1040 11 1071 10 1144 11 1186 10 1267 11 1313 10 1389 11 1439 10 1520 11 1573 20 1630 10 1662 11 1715 20 1762 10 1788 11 1838 20 1888 10 1899 11 1953 20 1999 10 2026 11 2080 20 2126 10 2156 11 2210 20 2256 10 2287 11 2344 20 2387 10 2425 11 2482 20 2525 10 2544 11 2605 20 2644 10 2670 11 2735 20 2770 10 2808 11 2873 20 2908 10 2950 11 3000 20 3050 10 3069 11 3127 20 3169 10 3211 11 3257 20 3311 10 3337 11 3391 20 3437 10 3456 11 3522 20 3556 10 3583 11 3648 20 3683 10 3721 11 3771 20 3821 10 3840 11 3905 20 3940 10 3970 11 4058 20 4070 10 4101 11 4162 20 4201 10 4231 11 4308 20 4331 10 4384 11 4453 20 4484 10 4530 11 4603 20 4630 10 4695 11 4760 20 4795 10 4844 11 4913 20 4944 10 4990 11 5063 20 5090 10 5143 11 5236 20 5243 10 5324 11 5412 20 5424 10 5512 11 5577 20 5612 20 6012 1 6126 0 6401 20 7012
164 25 20 250 20 256 20 300 0 343 20 550 10 654 11 688 10 761 11 811 20 1154 8 1236 9 1278 8 1355 9 1413 8 1562 9 1620 1 1810 0 2363 10 3637 11 3679 10 3748 11 3809 20 4154 1 4671 20 5154
165 130 20 250 20 256 20 300 0 442 20 550 10 731 11 780 20 781 10 857 11 907 10 976 11 1018 10 1087 11 1137 10 1214 11 1279 10 1340 11 1394 10 1467 11 1517 20 1531 10 1582 11 1655 20 1682 10 1712 11 1774 20 1812 10 1846 11 1904 20 1946 10 1981 11 2042 20 2081 10 2115 11 2180 20 2215 10 2249 11 2314 20 2349 10 2383 20 2483 11 2571 10 2648 11 2698 20 2748 10 2774 11 2832 20 2874 10 2909 11 2981 20 3009 10 3066 11 3131 20 3166 10 3208 11 3281 20 3308 10 3361 11 3434 20 3461 10 3518 11 3584 20 3618 10 3653 11 3714 20 3753 10 3775 11 3833 20 3875 10 3902 11 3982 20 4002 10 4051 11 4147 20 4151 10 4189 11 4247 10 4281 20 4289 11 4350 10 4385 11 4458 20 4485 10 4515 11 4554 20 4615 10 4630 11 4703 20 4730 10 4772 11 4837 20 4872 10 4903 11 4995 20 5003 10 5056 11 5110 20 5156 10 5190 11 5255 20 5290 10 5332 11 5401 20 5432 10 5478 11 5551 20 5578 10 5631 11 5708 20 5731 10 5785 11 5865 20 5885 10 5969 11 6045 20 6069 10 6122 11 6195 20 6222 10 6275 11 6356 20 6375 10 6471 11 6532 20 6571 10 6647 11 6716 20 6747 20 7147 20 8147
166 14 0 92 1 4194 20 4444 20 4450 20 4494 0 4495 20 4744 10 4779 11 4821 20 5279 8 5802 9 5837 20 8279 20 9279
167 104 20 250 0 293 1 328 16 384 20 434 20 440 0 469 20 484 20 534 10 602 11 637 20 784 10 986 11 1024 10 1097 11 1135 10 1204 11 1235 10 1304 11 1338 10 1404 11 1434 10 1492 11 1561 10 1611 11 1676 20 1736 10 1749 11 1810 20 1849 10 1879 11 1940 20 1979 10 2013 11 2074 20 2113 10 2147 11 2209 20 2247 10 2282 11 2343 20 2382 10 2423 11 2485 20 2523 10 2569 11 2623 20 2669 10 2699 11 2757 20 2799 10 2822 11 2887 20 2922 10 2972 11 3029 20 3072 10 3102 11 3163 20 3202 10 3240 11 3305 20 3340 10 3386 11 3439 20 3486 10 3512 11 3589 20 3612 10 3666 11 3735 20 3766 10 3815 11 3888 20 3915 10 3969 11 4030 20 4069 10 4095 11 4168 20 4195 10 4225 11 4302 20 4325 10 4367 11 4421 20 4467 10 4471 11 4536 20 4571 10 4597 11 4682 20 4697 10 4758 11 4835 20 4858 10 4916 11 4996 20 5016 10 5077 11 5161 20 5177 20 5577 20 6577
168 172 0 161 10 588 11 607 1 1815 20 2065 20 2071 20 2115 20 2165 0 2191 20 2415 10 2681 11 2715 20 2731 10 2792 11 2834 10 2907 11 2945 10 3026 11 3064 10 3145 11 3195 10 3291 11 3333 10 3413 11 3471 20 3481 10 3551 11 3594 20 3651 10 3666 11 3716 20 3766 10 3785 11 3835 20 3885 10 3908 11 3969 20 4008 10 4046 11 4100 20 4146 10 4184 11 4238 20 4284 10 4314 11 4376 20 4414 10 4452 11 4521 20 4552 10 4598 11 4640 20 4698 10 4709 11 4774 20 4809 10 4840 11 4905 20 4940 10 4985 11 5031 20 5085 10 5112 11 5169 20 5212 10 5254 11 5307 20 5354 10 5396 11 5445 20 5496 10 5518 11 5583 20 5618 10 5668 11 5725 20 5768 10 5810 11 5867 20 5910 10 5955 11 6005 20 6055 10 6086 11 6147 20 6186 10 6231 11 6285 20 6331 10 6366 11 6442 20 6466 10 6527 11 6565 20 6627 10 6657 11 6676 20 6757 10 6864 11 6910 10 6929 11 6945 20 6964 10 6983 11 7025 20 7083 10 7117 11 7156 20 7217 10 7236 11 7297 20 7336 10 7378 11 7432 20 7478 10 7516 11 7577 20 7616 10 7654 11 7712 20 7754 10 7792 11 7853 20 7892 10 7938 11 8007 20 8038 10 8099 11 8156 20 8199 10 8245 11 8306 20 8345 10 8390 11 8394 10 8398 11 8471 20 8490 10 8551 11 8613 20 8651 10 8685 11 8766 20 8785 10 8866 11 8942 20 8966 10 9042 11 9119 20 9142 10 9207 11 9276 20 9307 10 9356 11 9429 20 9456 10 9537 11 9598 20 9637 10 9724 11 9786 20 9824 10 9886 11 9970 20 9986 10 10073 11 10162 20 10173 20 10573 1 10781 0 11372 20 11573
169 86 20 250 20 256 0 296 20 300 20 550 10 755 20 805 11 924 10 985 11 1039 10 1108 11 1158 10 1234 11 1288 10 1368 11 1430 10 1522 11 1549 20 1555 10 1629 11 1683 20 1729 10 1756 11 1794 20 1856 10 1867 11 1917 20 1967 10 1986 11 2070 20 2086 10 2147 11 2220 20 2247 10 2304 11 2373 20 2404 10 2469 11 2530 20 2569 10 2622 11 2691 20 2722 10 2787 11 2856 20 2887 10 2952 11 3014 20 3052 10 3117 11 3171 20 3217 10 3251 11 3301 20 3351 10 3382 11 3408 20 3482 10 3493 11 3535 20 3593 10 3619 11 3685 20 3719 10 3761 11 3784 20 3861 10 3880 11 3961 20 3980 10 4041 11 4110 20 4141 10 4202 11 4283 20 4302 10 4379 11 4471 20 4479 10 4563 11 4639 20 4663 1 5016 20 5063 0 5327 20 6063
170 64 20 250 20 256 20 300 0 413 20 550 10 801 20 851 11 871 10 940 11 986 10 1047 11 1089 10 1162 11 1212 10 1285 11 1338 10 1415 11 1473 10 1561 20 1601 11 1603 10 1683 11 1733 20 1783 10 1814 11 1860 20 1914 10 1936 11 1975 20 2036 10 2055 11 2098 20 2155 10 2186 11 2251 20 2286 10 2347 11 2412 20 2447 10 2500 11 2573 20 2600 10 2661 11 2734 20 2761 10 2818 11 2895 20 2918 10 2995 11 3056 20 3095 10 3152 11 3221 20 3252 10 3317 11 3378 20 3417 10 3474 11 3539 20 3574 20 3974 1 4079 0 4683 20 4974
171 57 20 250 20 256 20 300 0 383 20 550 10 776 20 826 11 868 10 910 11 952 10 1014 11 1063 10 1132 11 1136 10 1144 11 1194 10 1270 11 1320 10 1405 11 1451 10 1531 20 1576 11 1589 10 1665 11 1734 20 1765 10 1803 11 1880 20 1903 10 1965 11 2034 20 2065 10 2126 11 2202 20 2226 10 2310 11 2352 20 2410 10 2459 11 2513 20 2559 10 2632 11 2662 20 2732 10 2785 11 2827 20 2885 10 2950 11 2984 20 3050 10 3119 11 3142 20 3219 20 3619 1 3630 0 4126 20 4619
172 71 20 250 20 256 20 300 0 420 20 550 8 869 20 919 9 938 8 1003 9 1153 8 1226 9 1260 8 1329 9 1387 8 1467 9 1509 8 1601 9 1651 20 1669 8 1736 9 1789 20 1836 8 1878 9 1939 20 1978 8 2031 9 2089 20 2131 8 2177 9 2242 20 2277 8 2334 9 2380 20 2434 8 2476 9 2530 20 2576 8 2637 9 2698 20 2737 8 2810 9 2871 20 2910 8 2974 9 3032 20 3074 8 3128 9 3185 20 3228 8 3285 9 3327 20 3385 8 3442 9 3492 20 3542 8 3584 9 3669 20 3684 8 3753 9 3803 20 3853 8 3891 9 3979 20 3991 8 4098 9 4159 20 4198 1 4551 20 4598 0 5250 20 5598
173 64 20 250 20 256 20 300 20 550 0 631 8 1295 9 1321 20 1345 8 1348 9 1440 8 1494 9 1544 8 1621 9 1663 8 1755 9 1793 8 1881 9 1924 8 2004 9 2050 20 2095 8 2131 9 2184 20 2231 8 2272 9 2322 20 2372 8 2411 9 2476 20 2511 8 2572 9 2614 20 2672 8 2717 9 2779 20 2817 8 2821 9 2855 8 2875 20 2921 9 2932 8 2993 9 3009 8 3032 9 3093 20 3093 8 3208 9 3250 20 3308 8 3362 9 3385 20 3462 8 3507 9 3573 20 3607 8 3630 9 3711 20 3730 8 3914 20 4014 9 4086 20 4414 1 4876 20 5414
174 92 20 250 20 256 20 300 0 523 20 550 10 1019 20 1069 11 1096 10 1169 11 1211 10 1284 11 1334 10 1414 11 1479 10 1568 11 1629 10 1713 11 1767 20 1819 10 1863 11 1909 20 1963 10 2001 11 2055 20 2101 10 2143 11 2196 20 2243 10 2285 11 2338 20 2385 10 2427 11 2503 20 2527 10 2591 11 2630 20 2691 10 2722 11 2783 20 2822 10 2860 11 2952 20 2960 10 3036 11 3086 20 3136 10 3171 11 3243 20 3271 10 3335 11 3401 20 3435 10 3500 11 3554 20 3600 10 3654 11 3715 20 3754 10 3815 11 3849 20 3915 10 3957 11 4006 20 4057 10 4083 11 4168 20 4183 10 4210 11 4298 20 4310 10 4344 11 4394 20 4444 10 4474 20 4574 11 4582 10 4674 11 4766 20 4774 10 4869 11 4938 20 4969 10 5042 11 5134 20 5142 10 5268 11 5326 20 5368 20 5768 1 5898 0 6127 20 6768
175 188 20 250 16 382 20 432 20 438 0 446 20 482 20 532 20 782 10 865 20 915 11 1018 10 1095 11 1122 10 1229 11 1260 10 1348 11 1356 10 1363 11 1398 10 1486 11 1548 10 1628 20 1665 11 1689 10 1774 11 1831 20 1874 10 1916 11 1981 20 2016 10 2061 11 2127 20 2161 10 2207 11 2268 20 2307 10 2341 11 2410 20 2441 10 2491 11 2564 20 2591 10 2644 11 2713 20 2744 10 2794 11 2871 20 2894 10 2947 11 3036 20 3047 10 3116 11 3177 20 3216 10 3266 11 3331 20 3366 10 3415 11 3484 20 3515 10 3569 20 3669 11 3676 10 3707 11 3791 20 3807 10 3872 11 3937 20 3972 10 4010 11 4083 20 4110 10 4163 11 4240 20 4263 10 4320 11 4389 20 4420 10 4466 11 4543 20 4566 10 4627 11 4689 20 4727 10 4769 11 4842 20 4869 10 4926 20 5026 11 5141 10 5226 11 5287 20 5326 10 5364 11 5463 20 5464 10 5552 11 5628 20 5652 10 5713 11 5808 20 5813 10 5897 11 5966 20 5997 10 6050 11 6131 20 6150 10 6219 11 6303 20 6319 10 6391 11 6460 20 6491 10 6541 11 6614 20 6641 10 6698 11 6790 20 6798 10 6882 11 6955 20 6982 10 7032 20 7132 11 7135 10 7170 11 7231 20 7270 10 7316 11 7412 20 7416 10 7454 11 7519 20 7554 10 7607 11 7676 20 7707 10 7757 11 7845 20 7857 10 7933 20 8033 11 8167 10 8209 11 8263 20 8309 10 8336 11 8409 20 8436 10 8489 11 8585 20 8589 10 8624 20 8724 11 8727 10 8758 11 8815 20 8858 10 8881 11 8969 20 8981 10 9053 11 9137 20 9153 10 9226 11 9325 20 9326 10 9364 11 9460 20 9464 10 9536 11 9628 20 9636 10 9716 11 9805 20 9816 10 9908 11 9993 20 10008 10 10108 11 10177 20 10208 20 10608 1 10648 0 10859 1 11223 20 11608
176 15 20 250 20 256 20 300 20 550 0 1440 20 1550 1 2241 0 4435 10 5002 11 5052 1 5502 20 5752 20 6152 0 7134 20 7152
177 42 0 80 1 135 20 385 20 391 20 435 0 635 20 685 10 933 20 983 11 994 10 1067 11 1094 10 1170 11 1216 10 1289 11 1343 10 1412 11 1473 10 1542 11 1650 10 1688 20 1733 11 1788 10 1880 11 1968 20 1980 10 2045 11 2118 20 2145 10 2202 11 2267 20 2302 10 2336 11 2428 20 2436 10 2547 11 2635 20 2647 1 2944 20 3047 0 3564 20 4047
178 170 20 250 0 305 16 384 20 434 20 440 20 484 20 534 10 725 11 756 20 784 10 817 20 867 11 1017 10 1040 11 1078 10 1174 11 1205 10 1300 11 1343 10 1438 11 1488 10 1577 20 1617 11 1634 10 1722 11 1784 20 1822 10 1864 11 1926 20 1964 10 2010 11 2071 20 2110 10 2159 11 2225 20 2259 10 2313 11 2374 20 2413 10 2451 11 2528 20 2551 10 2616 11 2700 20 2716 10 2792 11 2861 20 2892 10 2949 11 3022 20 3049 10 3107 11 3195 20 3207 10 3283 11 3337 20 3383 10 3417 11 3494 20 3517 10 3582 11 3659 20 3682 10 3743 11 3820 20 3843 10 3904 11 3985 20 4004 10 4077 11 4161 20 4177 10 4249 11 4334 20 4349 10 4422 11 4499 20 4522 10 4583 11 4652 20 4683 10 4740 11 4805 20 4840 10 4882 11 4970 20 4982 10 5039 11 5116 20 5139 10 5200 11 5277 20 5300 10 5365 11 5446 20 5465 10 5542 11 5599 20 5642 10 5699 11 5772 20 5799 10 5852 11 5937 20 5952 10 5994 11 6059 20 6094 10 6144 11 6216 20 6244 10 6305 11 6378 20 6405 10 6454 11 6531 20 6554 10 6611 11 6711 20 6711 10 6757 20 6857 11 6861 10 6926 11 6991 20 7026 10 7068 11 7137 20 7168 10 7217 11 7313 20 7317 10 7394 11 7467 20 7494 10 7543 11 7608 20 7643 10 7693 11 7746 20 7793 10 7842 11 7904 20 7942 10 7988 11 8065 20 8088 10 8157 11 8245 20 8257 10 8364 11 8444 20 8464 10 8544 11 8621 20 8644 10 8713 11 8778 20 8813 10 8862 11 8931 20 8962 10 9016 20 9116 11 9119 10 9219 11 9315 20 9319 20 9719 20 10719
179 49 20 250 0 334 16 387 20 437 20 443 20 487 20 537 10 743 20 787 11 789 8 1265 20 1315 9 1326 8 1391 9 1410 8 1483 9 1510 8 1594 9 1633 8 1721 9 1759 8 1844 9 1893 8 1970 9 2024 20 2065 8 2100 9 2150 20 2200 8 2235 9 2284 20 2335 8 2380 9 2430 20 2480 8 2518 9 2568 20 2618 8 2660 9 2722 20 2760 8 2798 9 2856 20 2898 8 2936 9 3021 20 3036 20 3436 20 4436
180 51 20 250 16 380 0 390 20 430 20 436 20 480 20 530 20 780 8 1024 20 1074 9 1123 8 1330 9 1369 8 1449 9 1495 8 1576 9 1629 8 1710 9 1764 20 1824 8 1844 9 1902 20 1944 8 1986 9 2040 20 2086 8 2135 9 2181 20 2235 20 2635 8 2837 9 2891 20 2937 8 2975 9 3017 20 3075 8 3098 9 3171 20 3198 8 3266 9 3328 20 3366 8 3416 9 3485 20 3516 8 3581 9 3646 20 3681 1 3943 0 4262 20 4681
181 44 20 250 20 256 20 300 0 455 20 550 10 699 11 703 10 711 11 714 10 718 20 749 11 760 10 921 11 964 10 1040 11 1086 10 1151 11 1194 10 1255 11 1297 10 1366 11 1474 10 1477 20 1499 11 1539 10 1604 11 1677 20 1704 10 1753 11 1807 20 1853 10 1880 20 1980 11 2087 10 2110 11 2171 20 2210 10 2236 11 2328 20 2336 1 2659 20 2736 0 3032 20 3736
182 10 20 250 20 256 20 300 0 496 20 550 20 1550 1 3775 0 4697 20 6550 20 6560
183 61 20 250 20 256 20 300 0 363 20 550 8 728 20 778 9 789 8 850 9 877 8 946 9 981 8 1053 9 1092 8 1165 9 1211 8 1283 9 1330 8 1402 9 1452 20 1528 8 1533 9 1586 20 1633 8 1663 9 1713 20 1763 8 1790 9 1847 20 1890 8 1916 9 1977 20 2016 8 2046 20 2146 9 2150 8 2196 9 2242 20 2296 8 2315 9 2369 20 2415 8 2445 9 2510 20 2545 8 2591 9 2660 20 2691 8 2771 9 2810 20 2871 8 2917 9 2978 20 3017 8 3074 9 3135 20 3174 1 3372 20 3574 0 3670 20 4574
184 97 20 250 20 256 20 300 0 407 20 550 8 740 20 790 9 889 8 947 9 993 8 1062 9 1108 8 1177 9 1227 8 1299 9 1353 8 1430 9 1480 20 1540 8 1556 9 1610 20 1656 8 1691 9 1744 20 1791 8 1829 9 1871 20 1929 8 1940 9 2005 20 2040 8 2074 20 2174 9 2181 8 2208 9 2281 20 2308 8 2366 9 2415 20 2466 8 2496 9 2546 20 2596 8 2630 9 2688 20 2730 8 2768 20 2868 9 2983 8 3060 9 3117 20 3160 8 3186 20 3286 9 3298 8 3328 20 3428 9 3570 8 3593 9 3677 20 3693 8 3758 9 3812 20 3858 8 3896 9 3969 20 3996 8 4011 9 4019 8 4022 20 4111 9 4141 8 4172 9 4249 20 4272 8 4322 9 4371 20 4422 8 4444 20 4544 9 4640 8 4724 9 4786 20 4824 8 4866 9 4928 20 4966 8 5016 9 5089 20 5116 8 5196 9 5269 20 5296 20 5696 1 5702 0 6292 20 6696
185 14 20 250 20 256 20 300 20 550 0 611 1 949 0 1041 20 1550 1 3312 0 3687 1 3750 0 3784 20 6550 20 6560
186 109 20 250 20 256 20 300 0 368 20 550 8 736 20 786 9 886 8 947 9 989 8 1058 9 1097 8 1166 9 1216 8 1285 9 1334 8 1396 9 1473 8 1522 20 1536 9 1565 8 1645 9 1687 20 1745 8 1772 9 1818 20 1872 8 1887 20 1987 9 2086 8 2151 9 2213 20 2251 8 2289 9 2347 20 2389 8 2408 9 2420 8 2424 20 2508 9 2815 8 2872 9 2926 20 2972 8 3003 9 3064 20 3103 8 3141 20 3241 9 3367 8 3432 9 3482 20 3532 8 3562 9 3608 20 3662 8 3700 9 3750 20 3800 8 3835 20 3935 9 4065 8 4134 9 4199 20 4234 8 4291 9 4333 20 4391 8 4421 9 4467 20 4521 8 4552 9 4621 20 4652 8 4678 9 4751 20 4778 8 4832 9 4889 20 4932 8 4985 9 5035 20 5085 8 5135 9 5188 20 5235 8 5257 20 5357 9 5491 8 5549 9 5602 20 5649 8 5687 9 5744 20 5787 8 5840 9 5921 20 5940 8 6013 9 6101 20 6113 8 6201 9 6258 20 6301 8 6346 9 6434 20 6446 20 6846 20 7846
187 100 20 250 20 256 20 300 0 400 20 550 8 689 20 739 9 742 8 915 9 961 8 1030 9 1072 8 1145 9 1180 8 1249 9 1295 8 1364 9 1421 20 1489 8 1494 9 1552 20 1594 8 1624 9 1678 20 1724 8 1762 9 1816 20 1862 8 1893 9 1939 20 1993 8 2015 9 2084 20 2115 8 2169 9 2207 20 2269 8 2288 9 2330 20 2388 8 2418 9 2453 20 2518 8 2545 9 2602 20 2645 8 2675 20 2775 9 2920 8 2986 9 3024 20 3086 8 3101 9 3158 20 3201 8 3231 20 3331 9 3350 8 3369 9 3457 20 3469 8 3530 9 3588 20 3630 8 3672 9 3722 20 3772 8 3795 9 3868 20 3895 8 3925 20 4025 9 4036 8 4090 9 4132 20 4190 8 4209 9 4274 20 4309 8 4339 20 4439 9 4450 8 4504 9 4542 20 4604 8 4615 9 4684 20 4715 8 4761 9 4826 20 4861 8 4899 20 4999 9 5156 8 5267 9 5329 20 5367 20 5767 1 6346 20 6767
188 98 20 250 20 256 20 300 0 382 20 550 8 938 9 984 20 988 8 1057 9 1095 8 1160 9 1202 8 1268 9 1306 8 1375 9 1421 8 1498 9 1548 8 1613 20 1738 9 1827 8 1877 9 1931 20 1977 8 2000 9 2065 20 2100 8 2134 9 2234 20 2234 8 2303 9 2368 20 2403 8 2445 9 2518 20 2545 8 2598 9 2671 20 2698 8 2736 9 2790 20 2836 8 2874 9 2924 20 2974 8 3009 9 3062 20 3109 8 3147 9 3204 20 3247 8 3277 9 3334 20 3377 8 3423 9 3469 20 3523 8 3565 9 3591 20 3665 8 3676 9 3772 20 3776 8 3814 20 3914 9 4078 8 4124 9 4197 20 4224 8 4278 9 4339 20 4378 8 4416 9 4489 20 4516 8 4565 9 4646 20 4665 8 4734 9 4815 20 4834 8 4910 9 4937 8 5010 20 5010 9 5125 8 5137 9 5206 20 5237 8 5294 9 5367 20 5394 8 5489 9 5528 20 5589 20 5989 1 6755 20 6989
189 92 20 250 20 256 20 300 0 321 20 550 10 690 20 740 11 748 10 817 11 851 10 920 11 958 10 1031 11 1073 10 1146 11 1192 10 1261 11 1311 10 1380 11 1438 20 1490 10 1510 11 1568 20 1610 10 1649 11 1710 20 1749 10 1783 11 1848 20 1883 10 1921 11 1986 20 2021 10 2063 11 2116 20 2163 10 2189 11 2247 20 2289 10 2316 11 2385 20 2416 10 2461 11 2530 20 2561 10 2611 11 2688 20 2711 10 2726 11 2799 20 2826 10 2876 11 2937 20 2976 10 3017 11 3079 20 3117 10 3155 11 3228 20 3255 10 3305 11 3397 20 3405 10 3432 11 3466 20 3532 10 3543 11 3600 20 3643 10 3673 11 3750 20 3773 10 3823 11 3903 20 3923 10 3999 11 4064 20 4099 10 4141 11 4195 20 4241 10 4271 11 4363 20 4371 10 4455 11 4540 20 4555 10 4639 11 4697 20 4739 20 5139 20 6139
190 57 20 250 16 388 0 391 20 438 20 444 20 488 20 538 10 660 11 706 20 788 8 1001 9 1040 20 1051 8 1113 9 1178 8 1208 9 1239 8 1308 9 1350 8 1419 9 1469 8 1538 9 1592 8 1669 9 1726 8 1795 20 1801 9 1853 8 1925 9 1983 20 2025 8 2052 9 2117 20 2152 8 2198 9 2267 20 2298 8 2347 9 2405 20 2447 8 2474 9 2566 20 2574 8 2616 9 2711 20 2716 8 2780 9 2857 20 2880 8 2938 9 3007 20 3038 8 3225 9 3248 20 3325 20 3725 20 4725
191 106 20 250 20 256 0 283 20 300 1 381 0 437 20 550 10 624 11 639 20 674 10 689 11 735 10 808 11 834 10 900 11 946 10 1015 11 1061 10 1130 11 1179 10 1245 11 1298 10 1360 11 1417 20 1424 10 1490 11 1548 20 1590 10 1628 11 1682 20 1728 10 1755 11 1812 20 1855 10 1896 11 1939 10 1996 20 1996 11 2084 10 2142 11 2180 20 2242 10 2253 11 2299 20 2353 10 2372 11 2429 20 2472 10 2495 11 2579 20 2595 10 2663 11 2728 20 2763 10 2805 11 2863 20 2905 10 2936 11 2997 20 3036 10 3074 20 3174 11 3258 10 3315 20 3415 11 3541 10 3576 11 3633 20 3676 10 3702 11 3760 20 3802 10 3840 11 3902 20 3940 10 3978 11 4032 20 4078 10 4101 20 4201 11 4339 10 4358 20 4458 11 4561 10 4596 11 4688 20 4696 10 4749 11 4837 20 4849 10 4895 11 4975 20 4995 10 5056 11 5133 20 5156 10 5205 11 5297 20 5305 10 5378 11 5462 20 5478 20 5878 1 5937 0 6124 20 6878
192 23 20 250 20 256 20 300 0 303 1 380 0 448 1 467 20 550 0 752 8 1165 9 1207 8 1276 9 1330 1 1571 20 1665 0 1989 1 4377 20 4665 0 4785 8 5133 9 5179 20 5233 20 6233
193 39 20 250 0 260 16 380 20 430 20 436 20 480 20 530 10 690 11 725 20 780 10 809 11 847 8 1112 9 1143 8 1219 9 1254 20 1309 8 1319 9 1361 8 1438 9 1480 8 1560 9 1610 8 1687 9 1741 8 1817 9 1871 8 1940 9 2001 8 2070 9 2124 8 2201 9 2254 8 2346 9 2400 8 2492 9 2557 20 4309 20 5309
194 126 0 111 1 122 20 372 20 378 20 422 20 472 0 497 20 722 8 791 9 818 20 841 8 891 9 925 8 990 9 1017 8 1090 9 1136 8 1209 9 1255 8 1332 9 1381 8 1466 9 1519 20 1591 8 1596 9 1650 20 1696 8 1727 9 1780 20 1827 8 1857 9 1911 20 1957 8 1995 9 2045 20 2095 8 2125 9 2179 20 2225 8 2259 9 2309 20 2359 8 2386 9 2443 20 2486 8 2532 9 2589 20 2632 8 2666 9 2727 20 2766 8 2804 9 2869 20 2904 8 2961 9 3026 20 3061 8 3110 9 3179 20 3210 8 3256 9 3310 20 3356 8 3375 9 3459 20 3475 8 3528 9 3586 20 3628 8 3659 9 3705 20 3759 8 3778 9 3824 20 3878 8 3900 9 3954 20 4000 8 4027 9 4084 20 4127 8 4150 9 4215 20 4250 8 4280 9 4360 20 4380 8 4429 9 4483 20 4529 8 4560 9 4625 20 4660 8 4698 20 4798 9 4966 8 5024 9 5085 20 5124 8 5162 9 5227 20 5262 8 5315 9 5319 8 5323 9 5396 20 5415 8 5472 9 5537 20 5572 8 5610 9 5683 20 5710 8 5756 9 5833 20 5856 8 5928 9 6001 20 6028 8 6082 9 6155 20 6182 20 6582 1 6782 0 7184 20 7582
195 17 20 250 20 256 20 300 0 423 20 550 8 687 9 737 8 810 9 860 1 1070 20 1187 0 1503 1 2560 0 2987 20 4187 1 4996 20 5187
196 12 20 250 20 256 20 300 0 483 20 550 8 987 9 1022 8 1106 9 1156 20 1487 20 4487 20 5487
197 130 20 250 20 256 20 300 0 361 20 550 8 607 9 642 20 657 8 757 9 795 8 868 9 910 8 979 9 1014 8 1087 9 1129 8 1202 9 1252 8 1328 9 1378 20 1407 8 1455 9 1509 20 1555 8 1585 9 1635 20 1685 8 1720 9 1773 20 1820 8 1854 9 1911 20 1954 8 1976 9 2049 20 2076 8 2114 9 2161 20 2214 8 2241 9 2283 20 2341 8 2364 9 2417 20 2464 8 2490 9 2548 20 2590 8 2621 20 2721 9 2843 8 2931 9 2985 20 3031 8 3058 9 3123 20 3158 8 3192 20 3292 9 3296 8 3357 9 3399 20 3457 8 3480 9 3549 20 3580 8 3625 9 3687 20 3725 8 3756 9 3825 20 3856 8 3901 9 3974 20 4001 8 4047 20 4147 9 4170 8 4212 9 4289 20 4312 8 4365 9 4434 20 4465 8 4507 9 4565 20 4607 8 4634 20 4734 9 4871 8 4948 9 5002 20 5048 8 5075 9 5132 20 5175 8 5209 9 5263 20 5309 8 5335 9 5397 20 5435 8 5470 9 5554 20 5570 8 5623 20 5723 9 5734 8 5811 9 5891 20 5911 8 5968 9 6041 20 6068 8 6118 9 6198 20 6218 8 6279 9 6348 20 6379 8 6451 9 6524 20 6551 8 6632 9 6697 20 6732 20 7132 1 7266 0 7690 20 8132
198 97 20 250 20 256 20 300 0 364 20 550 8 607 20 657 9 718 8 734 9 760 8 826 9 872 8 937 9 979 8 1040 9 1113 8 1171 9 1270 8 1324 9 1370 20 1407 8 1455 9 1497 20 1555 8 1570 20 1670 9 1696 8 1715 9 1800 20 1815 8 1853 9 1942 20 1953 8 1961 20 2061 9 2068 8 2118 9 2191 20 2218 8 2271 9 2325 20 2371 8 2413 9 2463 20 2513 8 2551 9 2605 20 2651 8 2674 20 2774 9 2927 8 2992 9 3042 20 3092 8 3127 9 3180 20 3227 8 3261 9 3318 20 3361 8 3403 9 3449 20 3503 8 3525 9 3579 20 3625 8 3663 9 3721 20 3763 8 3821 9 3874 20 3921 8 3959 9 4028 20 4059 8 4120 9 4181 20 4220 8 4269 9 4331 20 4369 8 4415 9 4499 20 4515 8 4588 9 4649 20 4688 8 4737 9 4825 20 4837 8 4921 9 4986 20 5021 20 5421 1 5928 0 6239 20 6421
199 74 20 250 20 256 20 300 0 368 20 550 8 574 20 624 9 628 8 697 9 739 8 808 9 851 8 920 9 954 8 1023 9 1069 8 1142 9 1196 8 1272 9 1322 20 1374 8 1403 9 1472 20 1503 8 1556 9 1606 20 1656 8 1679 20 1779 9 1878 8 1955 9 2012 20 2055 8 2105 9 2158 20 2205 8 2246 9 2300 20 2346 8 2384 9 2446 20 2484 8 2530 9 2592 20 2630 8 2680 9 2745 20 2780 8 2829 9 2906 20 2929 8 3098 9 3167 20 3198 8 3259 9 3309 20 3359 8 3401 9 3462 20 3501 8 3558 9 3616 20 3658 8 3723 9 3777 20 3823 8 3876 9 3938 20 3976 8 4041 9 4095 20 4141 20 4541 20 5541
200 70 20 250 20 256 20 300 0 439 20 550 8 867 9 917 20 917 8 994 9 1017 8 1094 9 1132 8 1201 9 1247 8 1320 9 1354 8 1427 9 1469 8 1550 9 1600 8 1665 20 1667 9 1761 8 1803 9 1857 20 1903 8 1941 9 1991 20 2041 8 2071 9 2133 20 2171 8 2217 9 2271 20 2317 8 2351 9 2405 20 2451 8 2482 20 2582 9 2719 8 2784 9 2842 20 2884 8 2930 9 2984 20 3030 8 3068 9 3129 20 3168 8 3233 9 3298 20 3333 8 3390 9 3444 20 3490 8 3551 9 3597 20 3651 8 3697 9 3751 20 3797 8 3869 9 3904 20 3969 1 4225 20 4369 0 4524 1 5078 20 5369
201 16 20 250 20 256 20 300 0 471 20 550 8 940 9 982 8 1051 9 1097 8 1174 9 1205 1 1405 20 1440 0 1501 20 4440 20 5440
202 72 20 250 0 335 16 384 20 434 20 440 20 484 20 534 20 784 10 836 20 886 11 982 10 1043 11 1086 10 1155 11 1205 10 1277 11 1331 10 1408 11 1458 10 1530 11 1584 20 1636 10 1653 11 1711 20 1753 10 1768 11 1833 20 1868 10 1902 11 1971 20 2002 10 2044 11 2117 20 2144 10 2190 11 2236 20 2290 10 2317 20 2417 11 2550 10 2581 11 2658 20 2681 10 2727 11 2804 20 2827 10 2884 11 2961 20 2984 10 3037 11 3114 20 3137 10 3187 11 3260 20 3287 10 3340 11 3421 20 3440 10 3486 11 3544 20 3586 10 3609 11 3708 20 3709 10 3770 11 3835 20 3870 10 3915 11 3988 20 4015 20 4415 20 5415
203 27 20 250 16 383 20 433 20 439 0 442 20 483 20 533 20 783 8 900 9 931 20 950 8 1008 9 1042 8 1115 9 1142 8 1219 9 1261 8 1334 9 1383 8 1464 9 1510 20 1700 20 2100 8 2300 9 2311 20 2400 20 3400
204 103 0 240 1 695 20 945 20 951 20 995 0 1066 8 1185 9 1200 20 1245 8 1281 20 1331 9 1373 8 1407 9 1438 8 1507 9 1549 8 1626 9 1672 8 1741 9 1795 8 1883 9 1925 8 2006 9 2063 20 2081 8 2144 9 2197 20 2244 8 2274 9 2331 20 2374 8 2408 9 2469 20 2508 8 2550 9 2619 20 2650 8 2699 9 2761 20 2799 8 2841 9 2929 20 2941 8 2979 9 3025 20 3079 8 3106 9 3167 20 3206 8 3578 9 3627 20 3678 8 3696 9 3796 20 3796 8 3850 9 3911 20 3950 8 3980 9 4041 20 4080 8 4118 20 4218 9 4291 8 4317 20 4417 9 4425 8 4482 9 4578 20 4582 8 4666 9 4697 20 4766 8 4785 9 4847 20 4885 8 4927 9 4996 20 5027 8 5081 9 5165 20 5181 8 5242 9 5314 20 5342 8 5387 9 5475 20 5487 8 5518 9 5594 20 5618 8 5671 9 5752 20 5771 8 5855 9 5936 20 5955 1 6269 20 6355 0 6539 1 6704 0 6727 20 7355
205 49 20 250 20 256 20 300 0 491 20 550 10 863 20 913 11 924 10 993 11 1085 10 1089 11 1135 10 1204 11 1250 10 1296 11 1373 10 1430 11 1507 10 1580 11 1652 20 1663 10 1725 11 1802 20 1825 10 1882 20 1982 11 1986 10 2020 11 2089 20 2120 10 2162 11 2227 20 2262 10 2300 11 2385 20 2400 10 2477 11 2565 20 2577 10 2661 11 2741 20 2761 10 2833 11 2906 20 2933 20 3333 1 3713 0 4156 20 4333
206 61 20 250 0 322 16 396 20 446 20 452 10 469 11 488 20 496 20 546 10 572 11 614 10 794 20 796 11 825 10 890 11 936 20 940 10 955 11 1044 10 1105 11 1143 10 1212 11 1254 10 1327 11 1381 10 1458 11 1507 10 1580 11 1634 20 1690 10 1703 11 1749 20 1803 10 1810 11 1898 20 1910 10 1937 11 2002 20 2037 10 2071 11 2121 20 2171 10 2186 11 2247 20 2286 10 2316 11 2385 20 2416 10 2454 11 2546 20 2554 10 2627 11 2723 20 2727 10 2822 11 2880 20 2922 20 3322 1 3731 0 3777 20 4322
207 69 20 250 20 256 20 300 0 425 20 550 8 736 9 778 20 786 8 877 9 916 8 992 9 1027 8 1100 9 1150 8 1222 9 1272 8 1349 9 1399 8 1475 9 1525 20 1536 8 1606 9 1667 20 1706 8 1748 9 1805 20 1848 8 1882 9 1958 20 1982 8 2039 9 2112 20 2139 8 2188 9 2246 20 2288 8 2319 9 2399 20 2419 8 2480 9 2568 20 2580 8 2645 9 2744 20 2745 8 2806 9 2905 20 2906 8 2963 9 2974 8 2978 9 3020 20 3063 8 3085 9 3162 20 3185 8 3246 9 3312 20 3346 8 3396 9 3465 20 3496 8 3588 9 3630 20 3688 1 4045 20 4088 0 4350 20 5088
208 14 20 250 20 256 20 300 0 410 20 550 8 1004 9 1050 8 1111 9 1172 20 1504 1 2474 0 2822 20 4504 20 5504
209 12 20 250 20 256 20 300 0 401 20 550 8 732 9 789 8 862 9 919 20 1232 20 4232 20 5232
210 126 20 250 16 394 20 444 0 447 20 450 20 494 20 544 10 685 11 720 10 789 20 794 11 838 10 900 11 942 20 950 10 965 11 1145 10 1218 11 1256 10 1333 11 1379 10 1456 11 1505 10 1586 11 1640 20 1700 10 1716 11 1770 20 1816 10 1839 11 1893 20 1939 10 1977 11 2034 20 2077 10 2111 11 2157 20 2211 10 2234 11 2291 20 2334 10 2368 11 2422 20 2468 10 2498 11 2556 20 2598 10 2632 11 2694 20 2732 10 2767 11 2824 20 2867 10 2901 11 2970 20 3001 10 3047 11 3104 20 3147 10 3177 11 3242 20 3277 10 3319 11 3384 20 3419 10 3461 11 3503 20 3561 10 3568 11 3645 20 3668 10 3737 11 3790 20 3837 10 3875 11 3936 20 3975 10 4013 11 4074 20 4113 10 4139 11 4200 20 4239 10 4273 20 4373 11 4381 10 4392 11 4453 20 4492 10 4511 11 4565 20 4611 10 4641 11 4714 20 4741 10 4783 11 4844 20 4883 10 4921 11 4979 20 5021 10 5048 11 5132 20 5148 10 5174 11 5236 20 5274 10 5312 11 5347 20 5412 10 5420 11 5508 20 5520 10 5584 11 5661 20 5684 10 5738 11 5818 20 5838 10 5903 11 5976 20 6003 20 6403 1 6507 0 7099 20 7403
211 14 20 250 20 256 20 300 0 381 20 550 8 635 9 685 8 758 9 808 8 892 9 950 20 1135 20 4135 20 5135
212 139 20 250 0 323 16 381 20 431 20 437 20 481 20 531 10 760 20 781 11 783 10 845 11 887 10 895 20 895 11 987 10 1056 11 1094 10 1167 11 1209 10 1286 11 1332 10 1412 11 1462 10 1539 11 1592 20 1645 10 1669 11 1719 20 1769 10 1799 11 1853 20 1899 10 1941 11 1991 20 2041 10 2068 11 2121 20 2168 10 2194 11 2240 20 2294 10 2302 11 2367 20 2402 10 2443 11 2497 20 2543 10 2574 11 2624 20 2674 10 2704 11 2758 20 2804 10 2835 11 2892 20 2935 10 2969 11 3026 20 3069 10 3095 11 3157 20 3195 10 3226 11 3279 10 3325 20 3326 11 3490 10 3571 11 3632 20 3671 10 3709 11 3758 20 3809 10 3839 11 3904 20 3939 10 3977 11 4054 20 4077 10 4123 11 4215 20 4223 10 4276 11 4345 20 4376 10 4422 11 4487 20 4522 10 4556 11 4613 20 4656 10 4682 20 4782 11 4797 10 4836 11 4897 20 4936 10 4966 11 5027 20 5066 10 5096 20 5196 11 5204 10 5238 11 5276 20 5338 10 5345 11 5426 20 5445 10 5499 11 5575 20 5599 10 5648 11 5713 20 5748 10 5786 11 5875 20 5886 10 5955 11 6051 20 6055 10 6124 11 6212 20 6224 10 6292 11 6377 20 6392 10 6469 11 6534 20 6569 10 6653 11 6691 20 6753 1 6991 20 7153 0 7246 1 7459 0 7606 20 8153
213 61 20 250 20 256 20 300 0 385 20 550 8 568 9 587 20 618 8 736 9 767 8 851 9 878 8 951 9 1005 8 1081 9 1112 8 1177 9 1250 8 1307 20 1368 9 1388 8 1449 9 1526 20 1549 8 1614 9 1664 20 1714 8 1745 9 1802 20 1845 8 1886 9 1952 20 1986 8 2044 9 2093 20 2144 8 2193 9 2235 20 2293 8 2320 9 2385 20 2420 8 2492 9 2550 20 2592 8 2646 9 2699 20 2746 8 2795 9 2860 20 2895 8 2952 9 3010 20 3052 8 3140 9 3171 20 3240 1 3500 20 3640 0 3817 20 4640
214 131 20 250 20 256 20 300 0 418 20 550 8 744 20 794 9 810 8 867 9 1020 8 1097 9 1143 8 1220 9 1270 8 1346 9 1392 8 1473 9 1530 20 1544 8 1623 9 1653 20 1723 8 1738 9 1795 20 1838 8 1883 9 1945 20 1983 8 2044 9 2102 20 2144 8 2317 9 2363 20 2417 8 2447 9 2501 20 2547 8 2585 9 2650 20 2685 8 2738 9 2807 20 2838 8 2880 9 2968 20 2980 8 3037 9 3110 20 3137 8 3191 9 3256 20 3291 8 3352 9 3394 20 3452 8 3486 9 3536 20 3586 8 3624 9 3697 20 3724 8 3731 9 3785 20 3831 8 3858 9 3923 20 3958 8 4007 9 4049 20 4107 8 4134 9 4176 20 4234 8 4276 9 4314 20 4376 8 4398 9 4467 20 4498 8 4540 20 4640 9 4644 8 4736 9 4797 20 4836 8 4889 9 4947 20 4989 8 5046 9 5100 20 5146 8 5203 9 5265 20 5303 8 5495 9 5541 20 5595 8 5694 9 5729 20 5794 8 5905 9 5947 20 6005 8 6020 9 6097 20 6120 8 6192 9 6281 20 6292 8 6376 9 6445 20 6476 8 6537 9 6599 20 6637 8 6714 9 6752 20 6814 8 6852 9 6917 20 6952 8 7032 9 7097 20 7132 8 7193 9 7270 20 7293 1 7602 20 7693 0 8046 20 8693
215 123 20 250 20 256 20 300 0 375 20 550 8 695 20 745 9 756 8 810 9 844 8 913 9 948 8 1020 9 1063 8 1128 9 1178 8 1258 9 1312 8 1408 9 1442 20 1495 8 1534 9 1592 20 1634 8 1680 9 1741 20 1780 8 1822 9 1891 20 1922 8 1983 9 2025 20 2083 8 2113 9 2155 20 2213 8 2259 9 2301 20 2359 8 2404 9 2439 20 2504 8 2539 9 2634 20 2639 8 2723 9 2769 20 2823 8 2849 9 2922 20 2949 8 2991 9 3079 20 3091 8 3156 9 3190 20 3256 8 3286 9 3321 20 3386 8 3416 9 3470 20 3516 8 3558 9 3639 20 3658 8 3727 20 3827 9 3842 8 3876 9 3968 20 3976 8 4049 9 4076 20 4149 8 4179 9 4218 20 4279 8 4302 20 4402 9 4417 8 4501 9 4570 20 4601 8 4666 9 4724 20 4766 8 4831 9 4873 20 4931 8 4980 9 5034 20 5080 8 5164 9 5191 20 5264 8 5318 9 5375 20 5418 8 5805 9 5843 20 5905 20 6305 8 6472 9 6503 20 6572 8 6656 9 6690 20 6756 8 6809 9 6867 20 6909 8 7105 9 7189 20 7205 8 7335 9 7392 20 7435 8 7576 9 7611 20 7676 1 8563 20 8676
216 91 20 250 20 256 20 300 0 496 20 550 10 797 11 847 20 847 10 923 11 973 10 1046 11 1077 10 1153 11 1192 10 1265 11 1299 10 1360 11 1430 10 1514 11 1552 20 1597 10 1640 11 1686 20 1740 10 1771 11 1832 20 1871 10 1909 11 2008 20 2009 10 2043 11 2131 20 2143 10 2212 11 2254 20 2312 10 2342 11 2403 20 2442 10 2484 11 2572 20 2584 10 2622 11 2676 20 2722 10 2745 11 2810 20 2845 10 2886 11 2955 20 2986 10 3155 11 3185 20 3255 10 3285 11 3350 20 3385 10 3435 11 3511 20 3535 10 3619 11 3672 20 3719 10 3787 11 3841 20 3887 10 3968 11 4010 20 4068 10 4148 11 4182 20 4248 10 4320 11 4374 20 4420 10 4493 11 4550 20 4593 10 4658 11 4719 20 4758 10 4853 11 4899 20 4953 10 5045 11 5079 20 5145 1 5449 20 5545 0 5799 20 6545
217 114 20 250 16 393 20 443 20 449 0 474 20 493 20 543 10 769 20 793 11 807 8 1163 9 1206 20 1213 8 1278 9 1405 8 1489 9 1524 8 1623 9 1650 8 1754 9 1784 8 1884 9 1926 20 1963 8 2011 9 2068 20 2111 8 2149 9 2210 20 2249 8 2290 9 2352 20 2390 8 2428 9 2494 20 2528 8 2574 9 2635 20 2674 8 2708 9 2785 20 2808 8 2854 9 2927 20 2954 8 3007 9 3069 20 3107 8 3153 9 3214 20 3253 8 3299 9 3394 20 3399 8 3467 9 3555 20 3567 8 3636 9 3720 20 3736 8 3797 9 3881 20 3897 8 3958 9 4054 20 4058 8 4146 9 4215 20 4246 8 4295 9 4376 20 4395 8 4452 9 4548 20 4552 8 4629 9 4717 20 4729 8 4794 9 4890 20 4894 8 4974 9 5051 20 5074 8 5135 9 5215 20 5235 8 5296 9 5380 20 5396 8 5461 9 5545 20 5561 8 5630 9 5710 20 5730 8 5787 9 5867 20 5887 8 5944 20 6044 9 6051 8 6139 9 6220 20 6239 8 6308 9 6400 20 6408 1 6754 20 6808 0 6842 1 7045 0 7162 20 7808
218 19 0 67 1 114 20 364 20 370 20 414 0 543 20 664 8 1211 9 1257 8 1338 9 1395 20 1711 1 2007 0 2204 1 2547 0 3751 20 4711 1 5133 20 5711
219 15 20 250 20 256 0 258 20 300 20 550 1 750 0 1414 20 1550 1 2568 0 4060 1 5530 0 5598 1 5947 20 6550 20 6560
220 135 20 250 20 256 0 297 20 300 20 550 10 862 20 912 11 1035 10 1104 11 1134 10 1215 11 1253 10 1330 11 1387 10 1456 11 1506 10 1579 11 1640 20 1662 10 1713 11 1790 20 1813 10 1867 11 1936 20 1967 10 2016 20 2116 11 2123 10 2150 11 2246 20 2250 10 2327 11 2399 20 2427 10 2488 11 2561 20 2588 10 2649 20 2749 11 2863 10 2925 11 2963 20 3025 10 3051 11 3101 20 3151 10 3178 20 3278 11 3285 10 3327 11 3412 20 3427 10 3496 20 3596 11 3623 10 3672 11 3738 20 3772 10 3822 11 3879 20 3922 10 3948 11 4048 20 4048 10 4113 20 4213 11 4320 10 4374 11 4420 20 4474 10 4497 20 4597 11 4627 10 4642 11 4727 20 4742 10 4780 11 4834 20 4880 10 4918 11 4980 20 5018 10 5056 20 5156 11 5191 10 5214 11 5306 20 5314 10 5356 11 5444 20 5456 10 5497 11 5574 20 5597 10 5647 11 5716 20 5747 10 5789 20 5889 11 5912 10 5961 11 6046 20 6061 10 6103 11 6161 20 6203 10 6249 11 6310 20 6349 10 6391 11 6487 20 6491 10 6540 11 6621 20 6640 10 6717 11 6805 20 6817 10 6920 11 6989 20 7020 10 7069 11 7146 20 7169 10 7242 11 7326 20 7342 10 7418 11 7503 20 7518 20 7918 8 8714 9 8772 20 8814 20 9814
221 15 20 250 16 391 20 441 20 447 20 491 20 541 0 574 20 791 20 1791 1 2150 0 2724 1 2812 0 3069 20 6791 20 6801
222 57 20 250 0 290 16 404 20 454 20 460 20 504 20 554 20 804 8 952 20 1002 9 1044 8 1159 9 1186 8 1266 9 1305 8 1389 9 1435 8 1523 9 1573 8 1658 9 1711 20 1752 8 1803 9 1842 20 1903 8 1926 9 1983 20 2026 8 2068 9 2129 20 2168 8 2202 9 2263 20 2302 8 2332 9 2394 20 2432 8 2463 9 2509 20 2563 8 2585 9 2647 20 2685 8 2723 9 2792 20 2823 8 2858 9 2942 20 2958 8 3042 9 3095 20 3142 20 3542 1 3926 0 4250 1 4452 20 4542
223 10 20 250 20 256 20 300 0 328 20 550 8 891 9 933 20 1391 20 4391 20 5391
224 60 20 250 20 256 20 300 0 388 20 550 8 650 9 684 20 700 8 792 9 830 8 1003 9 1045 8 1118 9 1164 8 1236 9 1282 8 1359 9 1409 20 1450 8 1493 9 1547 20 1593 8 1624 9 1670 20 1724 8 1742 9 1804 20 1842 8 1881 9 1938 20 1981 8 2022 9 2072 20 2122 8 2157 9 2210 20 2257 8 2295 9 2352 20 2395 8 2436 20 2536 9 2632 8 2713 9 2774 20 2813 8 2854 9 2920 20 2954 8 2996 9 3062 20 3096 8 3157 9 3207 20 3257 8 3299 9 3345 20 3399 20 3799 20 4799
225 18 20 250 20 256 20 300 0 418 20 550 10 731 11 762 10 850 11 903 8 1210 20 1231 9 1272 8 1341 9 1398 8 1486 9 1506 20 4231 20 5231
226 8 20 250 20 256 20 300 20 550 20 1550 0 2339 20 6550 20 6560
227 55 0 197 1 1145 20 1395 20 1401 0 1434 20 1445 20 1695 8 1993 9 2039 20 2043 8 2128 9 2170 8 2239 9 2277 8 2346 9 2392 8 2465 9 2511 8 2584 9 2637 8 2714 9 2764 20 2793 8 2845 9 2898 20 2945 8 2979 9 3036 20 3079 8 3117 9 3170 20 3217 8 3251 9 3305 20 3351 8 3374 9 3435 20 3474 8 3512 9 3573 20 3612 8 3638 9 3715 20 3738 8 3788 9 3872 20 3888 8 3953 9 4018 20 4053 8 4106 9 4179 20 4206 20 4606 20 5606
228 69 20 250 0 345 16 384 20 434 20 440 20 484 20 534 20 784 10 832 20 882 11 890 10 966 11 989 10 1055 11 1101 10 1173 11 1223 10 1289 11 1338 10 1400 11 1461 10 1538 11 1588 20 1632 10 1664 11 1710 20 1764 10 1772 11 1848 20 1872 10 1894 11 1944 20 1994 10 2021 11 2051 20 2121 10 2128 11 2201 20 2228 10 2270 11 2335 20 2370 10 2408 20 2508 11 2580 10 2646 11 2711 20 2746 10 2776 20 2876 11 3014 10 3071 11 3125 20 3171 10 3205 11 3259 20 3305 10 3336 11 3397 20 3436 10 3466 11 3554 20 3566 20 3966 1 4490 0 4571 1 4659 0 4689 20 4966
229 50 0 50 1 116 20 366 20 372 20 416 0 458 20 666 8 933 20 983 9 987 8 1060 9 1083 8 1156 9 1202 8 1271 9 1317 8 1386 9 1436 8 1505 9 1566 8 1643 9 1704 20 1733 8 1781 9 1846 20 1881 8 1926 9 1991 20 2026 8 2072 9 2129 20 2172 8 2195 9 2283 20 2295 8 2375 9 2432 20 2475 8 2513 9 2582 20 2613 8 2678 9 2739 20 2778 8 2869 9 2904 20 2969 20 3369 1 4097 20 4369
230 68 20 250 20 256 0 292 20 300 20 550 10 635 11 685 20 685 10 750 11 808 10 869 11 923 10 988 11 1026 10 1091 11 1156 10 1214 11 1279 10 1356 11 1406 20 1435 10 1482 11 1540 20 1582 10 1616 11 1686 20 1716 10 1743 11 1824 20 1843 10 1904 11 1946 20 2004 10 2023 11 2065 20 2123 10 2134 11 2215 20 2234 10 2268 11 2353 20 2368 10 2425 11 2479 20 2525 10 2552 11 2640 20 2652 10 2667 11 2747 20 2767 10 2805 11 2889 20 2905 10 2962 11 3043 20 3062 10 3131 20 3231 11 3238 10 3269 11 3361 20 3369 10 3426 11 3514 20 3526 20 3926 20 4926
231 111 20 250 16 382 20 432 20 438 20 482 0 494 20 532 10 769 20 782 11 811 8 1156 9 1191 8 1271 9 1302 8 1371 9 1413 8 1490 9 1532 8 1612 9 1651 8 1723 9 1777 8 1850 9 1896 20 1906 8 1973 9 2026 20 2073 8 2099 9 2153 20 2199 8 2229 9 2287 20 2329 8 2360 9 2421 20 2460 8 2490 9 2551 20 2590 8 2620 9 2674 20 2720 8 2743 9 2785 20 2843 8 2854 9 2900 20 2954 8 2969 9 3042 20 3069 8 3107 9 3207 20 3207 8 3272 9 3345 20 3372 8 3414 9 3471 20 3514 8 3544 9 3594 20 3644 8 3671 9 3717 20 3771 8 3793 9 3843 20 3893 8 3908 9 3977 20 4008 8 4043 20 4143 9 4146 8 4204 9 4296 20 4304 8 4372 9 4430 20 4472 8 4499 9 4568 20 4599 8 4633 9 4729 20 4733 8 4779 9 4863 20 4879 8 4940 9 5012 20 5040 8 5081 20 5181 9 5200 8 5265 9 5350 20 5365 8 5423 9 5495 20 5523 8 5572 9 5656 20 5672 8 5744 9 5817 20 5844 20 6244 20 7244
232 100 0 224 1 1015 20 1265 20 1271 20 1315 20 1365 0 1396 20 1615 10 1820 11 1850 20 1870 10 1935 11 1962 10 2031 11 2050 10 2123 11 2169 10 2245 11 2295 10 2368 11 2418 10 2491 11 2540 10 2609 20 2620 11 2667 10 2740 11 2793 20 2840 10 2870 11 2924 20 2970 10 3000 11 3054 20 3100 10 3135 11 3188 20 3235 10 3265 11 3319 20 3365 10 3388 11 3437 20 3488 10 3503 11 3560 20 3603 10 3633 11 3683 20 3733 10 3759 11 3813 20 3859 10 3886 11 3951 20 3986 10 4032 11 4093 20 4132 10 4162 20 4262 11 4400 10 4415 20 4515 11 4522 10 4595 11 4664 20 4695 10 4749 11 4783 20 4849 10 4864 11 4913 20 4964 10 4986 11 5059 20 5086 10 5136 11 5216 20 5236 10 5297 11 5377 20 5397 10 5454 11 5519 20 5554 10 5592 11 5642 20 5692 10 5715 11 5795 20 5815 10 5860 11 5941 20 5960 10 6064 11 6102 20 6164 20 6564 20 7564
233 66 20 250 20 256 20 300 0 334 1 356 0 369 20 550 8 638 9 687 20 688 8 760 9 783 8 852 9 898 8 963 9 998 8 1063 9 1128 8 1174 9 1251 8 1320 9 1366 20 1438 8 1446 9 1489 20 1546 8 1565 9 1630 20 1665 8 1688 9 1696 8 1700 20 1788 9 1807 8 1853 9 1895 20 1953 8 1968 9 2029 20 2068 8 2098 9 2186 20 2198 8 2213 9 2290 20 2313 8 2359 9 2401 20 2459 8 2470 20 2570 9 2577 8 2631 9 2704 20 2731 8 2796 9 2850 20 2896 8 2934 9 2999 20 3034 8 3126 9 3133 20 3226 20 3626 20 4626
234 124 20 250 20 256 20 300 0 377 20 550 8 599 20 649 9 657 8 726 9 814 8 829 9 871 8 944 9 975 8 1029 9 1136 8 1189 9 1235 8 1316 9 1362 20 1399 8 1439 9 1492 20 1539 8 1565 9 1623 20 1665 8 1680 20 1780 9 1787 8 1849 9 1906 20 1949 8 1991 9 2044 20 2091 8 2136 9 2190 20 2236 8 2270 9 2328 20 2370 8 2412 9 2458 20 2512 8 2535 20 2635 9 2650 8 2704 9 2765 20 2804 8 2857 9 2914 20 2957 8 3010 9 3060 20 3110 8 3144 9 3240 20 3244 8 3286 20 3386 9 3394 8 3455 9 3489 20 3555 8 3574 9 3631 20 3674 8 3708 9 3804 20 3808 8 3869 9 3926 20 3969 8 4022 9 4061 20 4122 8 4141 9 4233 20 4241 8 4310 9 4394 20 4410 8 4475 9 4544 20 4575 8 4609 9 4682 20 4709 8 4762 9 4823 20 4862 8 4908 9 4954 20 5008 8 5042 9 5092 20 5142 8 5184 9 5245 20 5284 8 5337 9 5391 20 5437 8 5483 9 5544 20 5583 8 5671 9 5740 20 5771 8 5874 9 5931 20 5974 8 6027 9 6100 20 6127 8 6188 9 6253 20 6288 20 6688 1 6744 0 6766 20 7688
235 99 20 250 20 256 20 300 0 327 20 550 8 650 9 696 20 700 8 768 9 906 8 972 9 1014 8 1075 9 1137 8 1217 9 1263 8 1347 9 1393 20 1450 8 1493 9 1543 20 1593 8 1612 9 1673 20 1712 8 1738 9 1834 20 1838 8 1899 9 1980 20 1999 8 2045 20 2145 9 2153 8 2233 9 2302 20 2333 8 2390 9 2452 20 2490 8 2544 9 2586 20 2644 8 2670 20 2770 9 2854 8 2919 9 2996 20 3019 8 3080 9 3126 20 3180 8 3203 9 3299 20 3303 8 3353 20 3453 9 3471 8 3529 9 3567 20 3629 8 3652 9 3713 20 3752 8 3767 9 3862 20 3867 8 3932 9 3993 20 4032 8 4077 9 4154 20 4177 8 4238 9 4311 20 4338 8 4407 9 4468 20 4507 8 4553 9 4622 20 4653 8 4721 9 4794 20 4821 8 4867 9 4940 20 4967 8 5032 9 5109 20 5132 8 5239 9 5312 20 5339 8 5457 9 5484 20 5557 20 5957 20 6957
236 104 20 250 20 256 20 300 0 362 20 550 8 709 9 740 20 759 8 763 9 805 8 828 9 851 8 905 9 947 8 1020 9 1062 8 1138 9 1181 8 1253 9 1299 8 1368 9 1434 8 1503 20 1509 9 1583 8 1641 20 1741 9 1894 8 1936 9 2001 20 2036 8 2097 9 2151 20 2197 8 2243 9 2289 20 2343 8 2373 20 2473 9 2492 8 2561 9 2661 20 2661 8 2741 9 2837 20 2841 8 2933 9 3009 20 3033 8 3078 9 3144 20 3178 8 3220 9 3266 20 3320 8 3358 9 3370 8 3454 20 3458 9 3542 8 3592 9 3627 20 3692 8 3711 9 3742 20 3811 8 3822 9 3888 20 3922 8 3968 9 4033 20 4068 8 4114 9 4164 20 4214 8 4248 9 4321 20 4348 8 4401 20 4501 9 4505 8 4585 9 4612 20 4685 8 4697 9 4754 20 4797 8 4839 9 4908 20 4939 8 4988 9 5065 20 5088 8 5157 9 5214 20 5257 8 5310 9 5387 20 5410 8 5498 9 5548 20 5598 20 5998 20 6998
237 81 20 250 20 256 20 300 0 374 20 550 8 646 20 696 9 711 8 791 9 810 8 879 9 914 8 991 9 1029 8 1098 9 1152 8 1228 9 1278 8 1359 9 1412 20 1446 8 1497 9 1558 20 1597 8 1658 9 1685 20 1758 8 1784 9 1830 20 1884 8 1903 9 1984 20 2003 8 2068 9 2133 20 2168 8 2210 9 2248 20 2310 8 2340 9 2409 20 2440 8 2486 9 2566 20 2586 8 2670 9 2716 20 2770 8 2816 9 2877 20 2916 8 2988 9 3038 20 3088 8 3142 9 3191 20 3242 8 3264 9 3352 20 3364 8 3444 9 3502 20 3544 8 3617 9 3659 20 3717 8 3889 9 3947 20 3989 8 4043 9 4127 20 4143 8 4215 9 4288 20 4315 8 4476 20 4576 9 4614 20 4976 1 5669 20 5976
238 100 20 250 16 401 20 451 20 457 20 501 0 526 20 551 20 801 8 846 20 896 9 987 8 1053 9 1083 8 1156 9 1206 8 1283 9 1333 8 1409 9 1455 8 1528 9 1582 20 1646 8 1662 9 1720 20 1762 8 1800 9 1862 20 1900 8 1946 9 2003 20 2046 8 2088 9 2149 20 2188 8 2234 9 2306 20 2334 8 2391 9 2437 20 2491 8 2510 9 2602 20 2610 8 2671 9 2759 20 2771 8 2843 9 2881 20 2943 8 2970 9 3027 20 3070 8 3104 20 3204 9 3207 8 3269 9 3330 20 3369 8 3414 9 3468 20 3514 8 3556 20 3656 9 3687 8 3721 9 3817 20 3821 8 3901 9 3963 20 4001 8 4059 9 4128 20 4159 8 4220 9 4285 20 4320 8 4377 9 4434 20 4477 8 4664 9 4710 20 4764 8 4787 9 4883 20 4887 8 4956 9 5032 20 5056 8 5113 20 5213 9 5220 8 5312 9 5381 20 5412 8 5493 9 5581 20 5593 20 5993 1 6978 20 6993
239 12 20 250 20 256 20 300 0 380 20 550 8 614 9 656 8 732 9 790 20 1114 20 4114 20 5114
240 49 20 250 20 256 20 300 0 371 20 550 10 677 20 727 11 738 10 811 11 842 10 903 11 953 10 1022 11 1057 10 1118 11 1191 10 1260 11 1313 10 1386 11 1444 20 1477 10 1509 20 1609 11 1612 10 1658 11 1712 20 1758 10 1785 11 1842 20 1885 10 1911 20 2011 11 2142 10 2188 11 2249 20 2288 10 2303 11 2379 20 2403 10 2456 11 2548 20 2556 10 2648 11 2709 20 2748 20 3148 1 3709 0 3776 20 4148
241 12 20 250 20 256 20 300 0 398 20 550 8 658 9 700 8 773 9 823 20 1158 20 4158 20 5158
242 101 20 250 0 403 16 406 20 456 20 462 20 506 20 556 8 789 20 806 9 824 8 896 20 946 9 1034 8 1100 9 1142 8 1215 9 1265 8 1341 9 1395 8 1472 9 1525 8 1602 9 1659 20 1696 8 1740 9 1790 20 1840 8 1863 9 1920 20 1963 8 1993 9 2062 20 2093 8 2150 9 2208 20 2250 8 2277 9 2369 20 2377 8 2438 9 2534 20 2538 8 2606 9 2672 20 2706 8 2744 9 2806 20 2844 8 2886 9 2944 20 2986 8 3020 9 3074 20 3120 8 3151 9 3216 20 3251 8 3293 9 3354 20 3393 8 3431 9 3500 20 3531 8 3572 20 3672 9 3699 8 3741 9 3814 20 3841 8 3891 20 3991 9 4009 8 4086 20 4186 9 4205 8 4285 9 4358 20 4385 8 4446 9 4519 20 4546 8 4596 9 4673 20 4696 8 4757 9 4849 20 4857 8 4926 9 5010 20 5026 8 5090 9 5171 20 5190 1 5497 0 5546 20 5590 1 5592 0 5655 1 5865 0 6294 20 6590
243 77 20 250 20 256 20 300 0 386 20 550 10 774 20 824 11 836 10 912 11 932 10 1001 11 1047 10 1116 11 1165 10 1234 11 1292 10 1361 11 1418 10 1495 11 1556 20 1574 10 1629 11 1687 20 1729 10 1752 11 1828 20 1852 10 1905 11 1959 20 2005 10 2047 11 2101 20 2147 10 2177 11 2246 20 2277 10 2300 20 2400 11 2403 10 2465 11 2518 20 2565 10 2603 11 2653 20 2703 10 2722 11 2821 20 2822 10 2863 11 2925 20 2963 10 2998 20 3098 11 3120 10 3151 20 3251 11 3274 10 3335 11 3415 20 3435 10 3492 11 3569 20 3592 10 3645 11 3737 20 3745 10 3810 11 3898 20 3910 10 3983 11 4059 20 4083 1 4272 20 4483 0 4658 1 5244 20 5483
244 72 20 250 20 256 20 300 0 460 20 550 10 725 20 775 11 778 10 855 11 897 10 962 11 1008 10 1073 11 1112 10 1173 11 1211 10 1277 11 1323 10 1392 11 1465 20 1525 10 1534 11 1587 20 1634 10 1664 11 1721 20 1764 10 1794 20 1894 11 1905 10 1948 11 2009 20 2048 10 2093 11 2147 20 2193 10 2227 20 2327 11 2350 10 2388 11 2427 20 2488 10 2515 11 2568 20 2615 10 2641 11 2729 20 2741 10 2806 11 2883 20 2906 10 2967 11 3028 20 3067 10 3120 11 3193 20 3220 10 3285 11 3366 20 3385 10 3458 11 3523 20 3558 10 3615 11 3688 20 3715 10 3822 11 3860 20 3922 20 4322 1 5152 20 5322
245 122 20 250 20 256 20 300 0 532 20 550 10 828 20 878 11 893 10 955 11 1104 10 1173 11 1223 10 1300 11 1350 10 1419 11 1480 10 1560 11 1622 20 1628 10 1702 11 1764 20 1802 10 1844 11 1917 20 1944 10 2132 11 2174 20 2232 10 2247 11 2304 20 2347 10 2381 11 2457 20 2481 10 2534 11 2603 20 2634 10 2668 11 2745 20 2768 10 2802 11 2879 20 2902 10 2963 11 3006 20 3063 10 3086 11 3159 20 3186 10 3220 11 3289 20 3320 10 3366 11 3408 20 3466 10 3500 11 3554 20 3600 10 3646 11 3730 20 3746 10 3822 11 3910 20 3922 10 3995 11 4079 20 4095 10 4163 11 4221 20 4263 10 4317 11 4370 20 4417 10 4474 11 4554 20 4574 10 4639 11 4669 10 4738 20 4739 11 4819 10 4861 20 4961 11 4964 10 4991 11 5037 20 5091 10 5110 11 5194 20 5210 10 5217 20 5317 11 5332 10 5371 11 5459 20 5471 10 5635 20 5735 11 5873 10 5946 11 6022 20 6046 10 6103 11 6203 20 6203 10 6287 11 6383 20 6387 10 6463 11 6563 20 6563 10 6647 11 6739 20 6747 10 6831 11 6912 20 6931 10 7031 11 7084 20 7131 20 7531 20 8531
246 87 20 250 0 301 16 397 20 447 20 453 20 497 20 547 10 604 11 669 10 792 20 797 11 807 10 872 11 907 20 922 10 956 11 1060 10 1064 11 1106 10 1175 11 1217 10 1301 11 1336 10 1413 11 1466 10 1543 11 1589 10 1658 20 1672 11 1715 10 1788 11 1846 20 1888 10 1915 11 1976 20 2015 10 2037 11 2099 20 2137 10 2172 11 2225 20 2272 10 2298 11 2356 20 2398 10 2428 11 2486 20 2528 10 2555 11 2620 20 2655 10 2689 11 2785 20 2789 10 2831 11 2904 20 2931 10 2980 11 3042 20 3080 10 3111 11 3180 20 3211 10 3245 11 3306 20 3345 10 3379 11 3460 20 3479 10 3536 11 3613 20 3636 10 3686 11 3759 20 3786 10 3824 11 3900 20 3924 10 3973 11 4027 20 4073 10 4088 11 4157 20 4188 20 4588 1 4962 20 5588
247 159 20 250 20 256 20 300 0 469 20 550 10 748 11 794 20 798 10 867 11 917 10 982 11 1028 10 1093 11 1143 10 1216 11 1269 10 1338 11 1392 10 1461 11 1519 20 1548 10 1592 11 1653 20 1692 10 1730 11 1791 20 1830 10 1868 11 1933 20 1968 10 2021 11 2079 20 2121 10 2163 11 2220 20 2263 10 2286 11 2335 20 2386 10 2404 11 2447 20 2504 10 2519 11 2619 20 2619 10 2688 11 2750 20 2788 10 2834 11 2880 20 2934 10 2957 11 3022 20 3057 10 3083 11 3152 20 3183 10 3210 11 3302 20 3310 10 3371 11 3424 20 3471 10 3497 11 3551 20 3597 10 3628 11 3674 20 3728 10 3739 11 3800 20 3839 10 3869 11 3923 20 3969 10 3992 11 4034 10 4049 11 4080 20 4092 10 4122 11 4164 20 4222 10 4237 11 4287 20 4337 10 4364 11 4414 20 4464 10 4479 11 4571 20 4579 10 4609 11 4682 20 4709 10 4736 11 4778 20 4836 10 4851 11 4901 20 4951 10 4977 11 5058 20 5077 10 5096 11 5169 20 5196 10 5219 11 5265 20 5319 10 5334 11 5399 20 5434 10 5472 11 5545 20 5572 10 5614 11 5694 20 5714 10 5767 11 5859 20 5867 10 5928 11 6012 20 6028 10 6093 11 6174 20 6193 10 6250 11 6327 20 6350 10 6407 11 6484 20 6507 10 6565 11 6641 20 6665 10 6714 11 6814 20 6814 10 6864 11 6898 20 6964 10 6979 11 7059 20 7079 10 7128 11 7216 20 7228 10 7293 11 7393 20 7393 10 7527 11 7584 20 7627 1 7927 20 8027 0 8218 20 9027
248 57 0 177 1 206 20 456 20 462 20 506 0 578 20 756 8 845 9 887 20 895 8 976 9 1014 8 1087 9 1121 8 1198 9 1236 8 1309 9 1355 8 1424 9 1478 8 1547 9 1604 20 1645 8 1681 9 1746 20 1781 8 1831 9 1861 8 1880 9 1919 20 1931 8 1938 9 2007 20 2038 8 2072 9 2141 20 2172 8 2214 9 2272 20 2314 8 2356 9 2410 20 2456 8 2505 9 2555 20 2605 8 2655 9 2720 20 2755 8 2835 9 2870 20 2935 8 3042 9 3061 20 3142 20 3542 20 4542
249 137 0 78 1 148 0 172 1 218 20 468 20 474 20 518 0 549 20 768 10 1128 20 1178 11 1182 10 1205 11 1293 10 1347 11 1389 10 1458 11 1504 10 1577 11 1631 10 1700 11 1753 10 1822 11 1884 20 1928 10 1960 11 2018 20 2060 10 2091 11 2152 20 2191 10 2213 11 2309 20 2313 10 2336 11 2390 20 2436 10 2459 11 2509 20 2559 10 2581 11 2639 20 2681 10 2708 11 2773 20 2808 10 2846 11 2919 20 2946 10 2992 20 3092 11 3210 10 3287 11 3356 20 3387 10 3440 11 3494 20 3540 10 3578 11 3628 20 3678 10 3701 20 3801 11 3919 10 3981 11 4019 20 4081 10 4100 11 4188 20 4200 10 4222 11 4318 20 4322 10 4391 11 4414 20 4491 10 4498 11 4560 20 4598 10 4633 11 4690 20 4733 10 4767 11 4867 20 4867 10 4901 11 4978 20 5001 10 5020 11 5081 20 5120 10 5143 11 5215 20 5243 10 5277 11 5376 20 5377 10 5449 11 5472 20 5549 10 5568 11 5641 20 5668 10 5691 11 5771 20 5791 10 5825 11 5886 20 5925 10 5959 11 6047 20 6059 10 6101 11 6166 20 6201 10 6254 11 6320 20 6354 10 6404 11 6477 20 6504 10 6561 11 6642 20 6661 10 6738 11 6818 20 6838 10 6906 11 6995 20 7006 10 7071 11 7163 20 7171 1 7445 20 7571 0 7764 20 8571
250 88 20 250 20 256 20 300 0 453 20 550 10 799 11 849 20 849 10 922 11 964 10 1033 11 1075 10 1140 11 1182 10 1247 11 1293 10 1355 11 1420 10 1485 11 1558 20 1599 10 1631 11 1692 20 1731 10 1765 11 1826 20 1865 10 1907 11 1968 20 2007 10 2037 11 2122 20 2137 10 2187 11 2248 20 2287 10 2329 11 2382 20 2429 10 2455 20 2555 11 2601 10 2670 11 2708 20 2770 10 2793 11 2873 20 2893 10 2912 11 2950 20 3012 10 3034 11 3080 20 3134 10 3153 11 3199 20 3253 10 3307 20 3407 11 3425 10 3498 11 3594 20 3598 10 3678 11 3728 20 3778 10 3801 11 3851 20 3901 10 3931 11 3977 20 4031 10 4066 11 4135 20 4166 10 4208 11 4300 20 4308 10 4388 11 4476 20 4488 10 4614 11 4641 20 4714 1 4952 20 5114 0 5237 20 6114
251 79 20 250 20 256 20 300 0 374 20 550 8 678 9 728 20 728 8 789 9 820 8 878 9 916 8 985 9 1027 8 1104 9 1146 8 1215 9 1269 8 1345 9 1407 20 1478 8 1503 9 1556 20 1603 8 1641 9 1683 20 1741 8 1763 9 1855 20 1863 8 1917 9 1986 20 2017 8 2055 9 2128 20 2155 8 2216 9 2273 20 2316 8 2377 20 2477 9 2611 8 2684 9 2741 20 2784 8 2822 9 2883 20 2922 8 2968 9 3040 20 3068 8 3121 20 3221 9 3232 8 3301 9 3359 20 3401 8 3439 9 3508 20 3539 8 3600 9 3658 20 3700 8 3757 9 3838 20 3857 8 3930 9 4026 20 4030 8 4122 9 4206 20 4222 8 4329 9 4383 20 4429 1 4617 0 4720 20 4829 20 5829
252 70 20 250 20 256 20 300 0 370 20 550 10 612 20 662 11 669 10 731 11 773 10 830 11 980 10 1041 11 1095 10 1160 11 1221 10 1287 11 1348 20 1412 10 1421 11 1482 20 1521 10 1559 11 1624 20 1659 10 1705 11 1758 20 1805 10 1827 11 1904 20 1927 10 1950 20 2050 11 2122 10 2130 11 2157 10 2199 20 2230 11 2295 10 2364 11 2414 20 2464 10 2491 11 2556 20 2591 10 2652 20 2752 11 2763 10 2793 11 2832 20 2893 10 2924 11 2978 20 3024 10 3062 11 3127 20 3162 10 3204 11 3257 20 3304 10 3326 11 3419 20 3426 10 3503 11 3587 20 3603 1 3843 20 4003 0 4255 20 5003
253 108 0 40 1 508 20 758 20 764 20 808 0 882 20 1058 8 1148 9 1198 20 1198 8 1275 9 1309 8 1378 9 1428 8 1501 9 1551 8 1631 9 1689 8 1777 9 1827 8 1903 20 1948 9 1965 8 2045 9 2110 20 2145 8 2187 9 2260 20 2287 8 2337 20 2437 9 2444 8 2525 9 2609 20 2625 8 2682 20 2782 9 2793 8 2870 9 2931 20 2970 8 3015 9 3080 20 3115 8 3169 9 3222 20 3269 8 3295 9 3395 20 3395 8 3468 9 3541 20 3568 8 3640 9 3667 20 3740 8 3752 9 3828 20 3852 8 3905 9 3982 20 4005 8 4093 9 4189 20 4193 8 4273 9 4354 20 4373 8 4449 9 4518 20 4549 8 4591 9 4679 20 4691 8 4756 9 4848 20 4856 8 4921 9 5017 20 5021 8 5094 9 5193 20 5194 8 5262 9 5362 20 5362 8 5458 9 5527 20 5558 8 5607 9 5680 20 5707 8 5768 9 5849 20 5868 8 5937 9 6033 20 6037 8 6125 9 6209 20 6225 1 6499 20 6625 0 7007 1 7094 0 7125 1 7522 20 7625
254 16 20 250 20 256 20 300 0 370 20 550 8 767 9 839 8 920 9 989 8 1077 9 1154 20 1267 8 1269 9 1326 20 4267 20 5267
255 53 20 250 20 256 20 300 0 382 20 550 8 745 9 787 8 791 20 795 9 810 8 829 9 841 8 868 9 998 8 1075 9 1128 8 1201 9 1385 8 1462 9 1523 20 1545 8 1600 9 1677 20 1700 8 1857 9 1934 20 1957 8 1995 9 2075 20 2095 8 2141 9 2240 20 2241 8 2332 9 2401 20 2432 8 2505 9 2555 20 2605 8 2658 9 2724 20 2758 8 2819 9 2908 20 2919 8 3030 9 3092 20 3130 8 3234 9 3276 20 3334 20 3734 20 4734
256 158 0 76 1 1497 20 1747 20 1753 20 1797 0 1906 20 2047 10 2305 20 2355 11 2359 10 2424 11 2470 10 2539 11 2585 10 2658 11 2715 10 2792 11 2861 10 2938 11 3007 10 3083 20 3105 11 3164 10 3248 11 3325 20 3348 10 3405 20 3505 11 3754 10 3785 11 3842 20 3885 10 3919 11 3988 20 4019 10 4065 11 4126 20 4165 10 4210 11 4306 20 4310 10 4360 20 4460 11 4483 10 4544 20 4644 11 4663 10 4697 11 4766 20 4797 10 4847 11 4927 20 4947 10 5016 11 5077 20 5116 10 5184 11 5242 20 5284 10 5326 20 5426 11 5441 10 5503 11 5537 20 5603 10 5656 11 5694 20 5756 10 5794 11 5855 20 5894 10 6193 11 6273 20 6293 10 6350 20 6450 11 6477 10 6523 11 6576 20 6623 10 6672 11 6753 20 6772 10 6841 11 6891 20 6941 10 7002 11 7078 20 7102 10 7171 11 7247 20 7271 10 7351 11 7416 20 7451 10 7516 11 7615 20 7616 10 7707 11 7784 20 7807 10 7884 11 7937 20 7984 10 8045 11 8122 20 8145 10 8229 11 8233 10 8240 11 8313 20 8329 10 8424 11 8482 20 8524 10 8589 11 8670 20 8689 10 8777 11 8873 20 8877 10 8965 11 9061 20 9065 10 9299 11 9345 10 9356 20 9399 11 9402 10 9441 11 9529 20 9541 10 9586 11 9621 20 9686 10 9720 20 9820 11 9931 10 10000 11 10066 20 10100 10 10146 11 10173 20 10246 10 10292 11 10338 20 10392 10 10457 20 10557 11 10591 10 10671 20 10771 11 10821 10 10909 11 11005 20 11009 20 11409 20 12409
257 10 20 250 20 256 20 300 20 550 0 1191 1 1303 20 1550 0 2818 20 6550 20 6560
258 112 20 250 20 256 20 300 0 395 20 550 10 927 20 977 11 1016 10 1019 11 1157 10 1161 11 1196 10 1276 11 1318 10 1391 11 1453 10 1510 11 1595 10 1664 11 1721 20 1727 10 1805 11 1863 20 1905 10 1947 20 2047 11 2055 10 2104 11 2197 20 2204 10 2304 11 2354 20 2404 10 2442 20 2542 11 2695 10 2791 11 2860 20 2891 10 2956 11 3029 20 3056 10 3140 11 3216 20 3240 10 3335 11 3420 20 3435 10 3515 20 3615 11 3619 10 3715 11 3776 20 3815 10 3864 11 3945 20 3964 10 4029 11 4114 20 4129 10 4221 11 4290 20 4321 10 4401 11 4482 20 4501 10 4574 11 4658 20 4674 10 4735 20 4835 11 4992 10 5045 11 5118 20 5145 10 5206 11 5279 20 5306 10 5394 11 5456 20 5494 10 5586 11 5651 20 5686 10 5762 11 5847 20 5862 10 5962 11 6023 20 6062 10 6146 11 6223 20 6246 10 6349 11 6426 20 6449 10 6575 11 6652 20 6675 10 6690 20 6790 11 6851 10 6855 11 6909 20 6955 10 7047 11 7101 20 7147 1 7415 20 7547 0 8022 20 8547
259 8 20 250 20 256 20 300 20 550 20 1550 0 1744 20 6550 20 6560
260 81 20 250 16 408 20 458 20 464 20 508 20 558 0 571 20 808 10 833 20 883 11 1029 10 1144 11 1186 10 1267 11 1316 10 1397 11 1447 10 1527 11 1581 20 1633 10 1665 11 1727 20 1765 10 1815 11 1872 20 1915 10 1957 11 2010 20 2057 10 2087 11 2160 20 2187 10 2233 11 2306 20 2333 10 2378 11 2463 20 2478 10 2547 11 2612 20 2647 10 2689 11 2770 20 2789 10 2839 20 2939 11 2969 10 2988 11 3084 20 3088 10 3149 11 3233 20 3249 10 3322 11 3414 20 3422 10 3498 11 3571 20 3598 10 3659 11 3743 20 3759 10 3831 11 3924 20 3931 10 4016 11 4081 20 4116 10 4173 11 4257 20 4273 10 4338 11 4418 20 4438 10 4502 11 4537 20 4602 1 4708 0 4932 20 5002 20 6002
261 51 20 250 20 256 20 300 0 405 20 550 10 635 20 685 11 688 10 757 11 804 10 869 11 919 10 976 11 1034 10 1099 11 1175 10 1252 11 1321 10 1394 20 1435 11 1628 10 1701 20 1801 11 1931 10 1961 11 2034 20 2061 10 2146 11 2218 20 2246 10 2307 11 2395 20 2407 10 2483 11 2567 20 2583 10 2648 11 2732 20 2748 10 2824 11 2912 20 2924 10 3024 11 3089 20 3124 20 3524 8 4101 9 4109 20 4201 1 5165 20 5201
262 56 20 250 20 256 20 300 0 412 20 550 8 825 20 875 9 886 8 956 9 982 8 1048 9 1090 8 1159 9 1205 8 1278 9 1327 8 1400 9 1462 8 1538 9 1596 20 1625 8 1676 9 1742 20 1776 8 1826 9 1895 20 1926 8 1979 9 2037 20 2079 8 2117 9 2206 20 2217 8 2282 9 2355 20 2382 8 2451 9 2520 20 2551 8 2589 20 2689 9 2696 8 2800 9 2873 20 2900 8 2992 9 3045 20 3092 8 3160 9 3229 20 3260 8 3341 9 3421 20 3441 20 3841 20 4841
263 48 20 250 20 256 20 300 0 428 20 550 8 977 20 1027 9 1035 8 1115 9 1134 8 1203 9 1249 8 1318 9 1368 8 1441 9 1498 8 1571 9 1637 20 1777 8 1840 9 1920 20 1940 8 1993 9 2085 20 2093 8 2173 9 2235 20 2273 8 2334 9 2400 20 2434 8 2496 9 2568 20 2596 8 2676 9 2741 20 2776 8 2848 9 2933 20 2948 8 3048 9 3109 20 3148 8 3236 9 3320 20 3336 20 3736 20 4736
264 9 20 250 0 281 16 422 20 472 20 478 20 522 10 694 11 717 20 894
265 59 20 250 20 256 20 300 0 357 20 550 8 892 9 938 20 942 8 1030 9 1080 8 1145 9 1187 8 1252 9 1291 8 1360 9 1406 8 1475 9 1528 8 1605 9 1666 20 1692 8 1743 9 1797 20 1843 8 1877 9 1935 20 1977 8 2015 9 2080 20 2115 8 2165 9 2222 20 2265 8 2303 9 2360 20 2403 8 2429 9 2506 20 2529 8 2602 9 2655 20 2702 8 2743 9 2812 20 2843 8 2908 9 2962 20 3008 8 3050 9 3115 20 3150 8 3196 9 3257 20 3296 8 3338 9 3403 20 3438 20 3838 20 4838
266 32 20 250 20 256 20 300 0 355 20 550 10 640 11 690 20 690 10 775 11 821 10 886 11 939 10 1005 11 1054 10 1120 11 1181 10 1242 11 1307 10 1380 20 1440 11 1445 10 1511 20 1611 11 1618 10 1656 11 1748 20 1756 10 1817 11 1894 20 1917 20 2317 20 3317
267 9 20 250 16 399 0 444 20 449 20 455 20 499 10 682 11 713 20 882
268 103 20 250 20 256 20 300 0 371 20 550 10 633 11 667 20 683 10 755 11 790 10 863 11 905 10 966 11 1008 10 1070 11 1108 10 1169 11 1223 10 1288 11 1342 10 1411 20 1433 11 1457 10 1522 11 1579 20 1622 10 1645 11 1729 20 1745 10 1806 11 1859 20 1906 10 1936 11 1990 20 2036 10 2062 11 2120 20 2162 10 2189 11 2254 20 2289 10 2323 11 2384 20 2423 10 2453 11 2522 20 2553 10 2599 11 2660 20 2699 10 2729 11 2795 20 2829 10 2864 11 2929 20 2964 10 2998 11 3086 20 3098 10 3136 11 3209 20 3236 10 3278 11 3331 20 3378 10 3408 11 3465 20 3508 10 3550 11 3603 20 3650 10 3676 11 3737 20 3776 10 3806 11 3883 20 3906 10 3960 20 4060 11 4063 10 4067 11 4167 20 4167 10 4201 20 4301 11 4313 10 4339 11 4412 20 4439 10 4485 11 4554 20 4585 10 4627 20 4727 11 4734 10 4765 11 4845 20 4865 10 4926 11 5010 20 5026 20 5426 20 6426
269 82 20 250 20 256 20 300 0 360 20 550 8 562 9 612 20 612 8 689 9 731 8 792 9 834 8 900 9 938 8 1007 9 1049 8 1118 9 1172 8 1241 9 1295 20 1362 8 1375 9 1425 20 1475 8 1498 9 1551 20 1598 8 1624 9 1682 20 1724 8 1762 9 1820 20 1862 8 1897 9 1958 20 1997 8 2042 9 2096 20 2142 8 2173 9 2234 20 2273 8 2314 9 2376 20 2414 8 2445 9 2510 20 2545 8 2583 9 2640 20 2683 8 2717 9 2775 20 2817 8 2847 9 2924 20 2947 8 2970 9 3043 20 3070 8 3116 9 3181 20 3216 8 3261 9 3327 20 3361 8 3411 9 3476 20 3511 8 3568 9 3656 20 3668 8 3748 9 3810 20 3848 8 3917 9 3963 20 4017 1 4293 20 4417 0 4487 20 5417
270 65 20 250 20 256 0 260 20 300 20 550 10 604 20 654 11 662 10 723 11 884 10 942 11 984 10 1045 11 1095 10 1164 11 1214 10 1283 11 1336 20 1404 10 1413 11 1467 20 1513 10 1547 11 1601 20 1647 10 1674 11 1731 20 1774 10 1796 11 1881 20 1896 10 1938 11 1988 20 2038 10 2057 20 2157 11 2168 10 2195 11 2276 20 2295 10 2326 11 2383 20 2426 10 2464 11 2529 20 2564 10 2613 11 2671 20 2713 10 2759 11 2824 20 2859 10 2908 11 2912 10 2916 11 2977 20 3008 10 3073 11 3138 20 3173 10 3223 11 3299 20 3323 20 3723 20 4723
271 74 0 70 1 301 20 551 20 557 20 601 0 669 20 851 8 926 20 976 9 980 8 1057 9 1072 8 1137 9 1187 8 1252 9 1291 8 1352 9 1432 8 1494 9 1544 8 1620 9 1670 20 1726 8 1762 9 1839 20 1862 8 1889 9 1896 8 1900 9 1965 20 1989 8 2030 9 2115 20 2130 8 2195 9 2253 20 2295 8 2341 9 2395 20 2441 8 2487 9 2552 20 2587 8 2644 9 2694 20 2744 8 2778 9 2847 20 2878 8 2951 9 2997 20 3051 8 3104 9 3158 20 3204 8 3250 9 3307 20 3350 8 3403 9 3453 20 3503 8 3549 9 3602 20 3649 8 3702 9 3756 20 3802 8 3871 9 3909 20 3971 20 4371 1 4547 0 4855 20 5371
272 12 20 250 20 256 0 296 20 300 20 550 8 708 9 754 20 1208 1 4432 0 4434 20 9208 20 10208
273 9 20 250 0 309 16 403 20 453 20 459 20 503 10 606 11 648 20 806
274 14 20 250 20 256 20 300 0 375 20 550 8 626 9 672 8 753 9 807 20 1126 10 1286 11 1293 20 9126 20 10126
275 204 20 250 16 407 20 457 20 463 0 465 20 507 20 757 8 1043 9 1066 20 1093 8 1173 9 1219 8 1292 9 1327 8 1392 9 1430 8 1495 9 1541 8 1606 9 1660 8 1729 9 1779 20 1843 8 1848 9 1905 20 1948 8 1971 9 2036 20 2071 8 2097 9 2178 20 2197 8 2235 9 2300 20 2335 8 2365 9 2423 20 2465 8 2499 9 2553 20 2599 8 2622 9 2687 20 2722 8 2760 9 2818 20 2860 8 2894 9 2952 20 2994 8 3021 9 3090 20 3121 8 3155 9 3201 20 3255 8 3270 9 3339 20 3370 8 3400 9 3473 20 3500 8 3538 20 3638 9 3661 8 3703 9 3795 20 3803 8 3875 9 3929 20 3975 8 4006 9 4063 20 4106 8 4132 9 4197 20 4232 8 4263 9 4332 20 4363 8 4401 20 4501 9 4508 8 4531 20 4631 9 4635 8 4700 9 4784 20 4800 8 4876 9 4937 20 4976 8 5006 9 5102 20 5106 8 5140 9 5236 20 5240 8 5298 9 5355 20 5398 8 5424 20 5524 9 5627 8 5719 9 5777 20 5819 8 5850 9 5934 20 5950 8 5995 9 6068 20 6095 8 6129 9 6210 20 6229 8 6290 9 6359 20 6390 8 6428 9 6497 20 6528 8 6566 9 6635 20 6666 8 6697 20 6797 9 6831 8 6858 20 6958 9 6969 8 7026 9 7076 20 7126 8 7141 9 7233 20 7241 8 7295 20 7395 9 7398 8 7421 20 7521 9 7525 8 7567 9 7647 20 7667 8 7724 9 7789 20 7824 8 7858 9 7931 20 7958 8 8000 20 8100 9 8123 8 8165 9 8172 8 8176 20 8265 9 8276 8 8314 20 8414 9 8479 8 8518 20 8618 9 8621 8 8698 9 8767 20 8798 8 8855 9 8924 20 8955 8 8997 9 9077 20 9097 8 9146 9 9227 20 9246 8 9303 9 9380 20 9403 8 9464 9 9553 20 9564 8 9637 9 9710 20 9737 8 9786 20 9886 9 9890 8 9978 9 10051 20 10078 8 10124 9 10212 20 10224 8 10300 9 10388 20 10400 20 10800 1 10801 0 11004 1 11548 20 11800
276 79 0 230 1 1657 20 1907 20 1913 20 1957 0 2030 20 2207 8 2356 20 2406 9 2414 8 2471 9 2498 8 2559 9 2601 8 2667 9 2713 8 2793 9 2828 20 3156 20 3556 8 3640 9 3683 20 3740 8 3759 9 3805 8 3855 20 3859 9 3924 8 3989 9 4070 20 4089 8 4116 20 4216 9 4223 8 4269 9 4327 20 4369 8 4380 9 4445 20 4480 8 4511 9 4557 20 4611 8 4622 20 4722 9 4744 8 4767 9 4859 20 4867 8 4936 9 4990 20 5036 8 5074 9 5151 20 5174 8 5227 9 5312 20 5327 8 5373 9 5461 20 5473 8 5542 9 5603 20 5642 8 5699 9 5772 20 5799 8 5860 9 5952 20 5960 8 6044 9 6121 20 6144 8 6293 9 6324 20 6393 1 6693 0 7296 20 7393
277 155 20 250 20 256 20 300 0 394 20 550 8 615 9 619 20 665 8 680 9 722 8 799 9 826 8 895 9 952 8 1013 9 1063 8 1132 9 1190 8 1259 9 1320 8 1393 20 1415 9 1470 8 1634 9 1696 20 1734 8 1761 9 1853 20 1861 8 1914 9 2002 20 2014 8 2068 9 2148 20 2168 8 2221 9 2282 20 2321 8 2363 9 2428 20 2463 8 2501 9 2589 20 2601 8 2666 9 2727 20 2766 8 2811 9 2876 20 2911 8 2976 9 3076 20 3076 8 3118 9 3210 20 3218 8 3279 9 3325 20 3379 8 3417 9 3471 20 3517 8 3547 20 3647 9 3666 8 3716 9 3777 20 3816 8 3877 9 3934 20 3977 8 4030 20 4130 9 4276 8 4325 9 4406 20 4425 8 4448 20 4548 9 4594 8 4609 20 4709 9 4739 8 4808 9 4858 20 4908 8 4954 9 4996 20 5054 8 5104 9 5153 20 5204 8 5284 9 5337 20 5384 8 5445 9 5510 20 5545 8 5652 9 5709 20 5752 8 5840 9 5893 20 5940 8 6177 9 6204 20 6277 8 6323 9 6365 8 6376 20 6423 9 6434 8 6499 9 6576 20 6599 8 6641 9 6733 20 6741 8 6802 9 6890 20 6902 8 6974 9 7039 20 7074 8 7124 9 7197 20 7224 8 7266 9 7342 20 7366 8 7434 9 7480 20 7534 8 7561 9 7638 20 7661 8 7733 9 7799 20 7833 8 7891 9 7963 20 7991 8 8063 9 8147 20 8163 8 8232 9 8316 20 8332 8 8424 9 8516 20 8524 1 8759 20 8924 0 9227 20 9924
278 62 20 250 20 256 20 300 0 403 20 550 8 779 9 813 20 829 8 844 9 882 8 905 9 928 8 982 9 1147 8 1216 9 1266 8 1339 9 1415 8 1484 20 1579 9 1588 8 1645 9 1718 20 1745 8 1806 9 1860 20 1906 8 1956 9 2009 20 2056 8 2101 9 2174 20 2201 8 2262 9 2331 20 2362 8 2446 9 2492 20 2546 8 2611 9 2661 20 2711 8 2776 9 2822 20 2876 8 2941 9 2983 20 3041 8 3321 9 3340 20 3421 8 3512 9 3528 20 3612 8 3673 9 3700 20 3773 20 4173 1 4183 0 4410 1 4880 20 5173
279 12 20 250 20 256 20 300 0 373 20 550 8 636 9 686 8 763 9 824 20 1136 20 9136 20 10136
280 107 20 250 16 399 20 449 20 455 20 499 0 527 20 749 10 805 11 839 20 855 10 901 11 962 10 1020 11 1046 10 1112 11 1154 10 1223 11 1269 10 1334 11 1387 10 1453 11 1537 10 1552 20 1605 11 1625 10 1683 11 1736 20 1783 10 1801 11 1863 20 1901 10 1932 11 1993 20 2032 10 2062 11 2123 20 2162 10 2188 11 2261 20 2288 10 2326 11 2395 20 2426 10 2472 11 2526 20 2572 10 2602 11 2664 20 2702 10 2748 11 2805 20 2848 10 2871 20 2971 11 3055 10 3131 11 3170 20 3231 10 3239 11 3315 20 3339 10 3369 11 3434 20 3469 10 3503 11 3603 20 3603 10 3630 11 3691 20 3730 10 3767 11 3833 20 3867 10 3913 11 3971 20 4013 10 4043 11 4112 20 4143 10 4185 20 4285 11 4289 10 4312 11 4381 20 4412 10 4427 11 4496 20 4527 10 4542 11 4634 20 4642 10 4676 11 4749 20 4776 10 4833 11 4921 20 4933 10 5005 11 5090 20 5105 10 5186 11 5266 20 5286 1 5624 20 5686 0 6047 20 6686
281 12 20 250 20 256 20 300 0 328 20 550 8 878 9 912 8 985 9 1042 20 1378 20 9378 20 10378
282 46 20 250 0 266 16 402 20 452 20 458 20 502 20 752 10 762 11 804 20 812 10 869 11 923 10 981 11 1019 10 1084 11 1126 10 1195 11 1241 10 1310 11 1364 10 1429 11 1487 10 1540 20 1562 11 1609 10 1671 11 1755 20 1771 10 1816 11 1908 20 1916 10 1973 11 2050 20 2073 10 2119 11 2203 20 2219 10 2276 11 2357 20 2376 20 2776 1 2965 0 3224 1 3253 0 3272 20 3776
283 55 20 250 20 256 0 285 20 300 20 550 8 610 9 644 20 660 8 709 9 763 8 820 9 859 8 924 9 970 8 1039 9 1085 8 1154 9 1204 8 1215 9 1234 8 1269 9 1323 8 1391 20 1410 9 1441 8 1510 9 1568 20 1610 8 1641 9 1706 20 1741 8 1771 9 1855 20 1871 8 1913 9 2012 20 2013 8 2077 9 2173 20 2177 8 2238 9 2330 20 2338 8 2407 9 2472 20 2507 8 2553 9 2629 20 2653 8 2721 9 2794 20 2821 20 3221 1 4192 20 4221
284 123 20 250 20 256 20 300 0 312 20 550 8 696 9 746 20 746 8 757 9 842 8 899 9 941 8 1007 9 1053 8 1125 9 1175 8 1252 9 1302 8 1375 9 1432 20 1496 8 1505 9 1559 20 1605 8 1631 9 1693 20 1731 8 1765 9 1823 20 1865 8 1896 9 1957 20 1996 8 2030 9 2080 20 2130 8 2149 9 2218 20 2249 8 2314 9 2352 20 2414 8 2432 9 2482 20 2532 8 2555 9 2616 20 2655 8 2693 9 2754 20 2793 8 2831 9 2885 20 2931 8 2961 9 3023 20 3061 8 3107 9 3164 20 3207 8 3256 9 3291 20 3356 8 3371 9 3421 20 3471 8 3486 9 3559 20 3586 8 3605 20 3705 9 3709 8 3782 9 3839 20 3882 8 3920 9 3973 20 4020 8 4054 9 4119 20 4154 8 4199 9 4261 20 4299 8 4326 9 4425 20 4426 8 4452 20 4552 9 4556 8 4640 9 4701 20 4740 8 4778 9 4847 20 4878 8 4928 9 5012 20 5028 8 5092 9 5161 20 5192 8 5242 9 5330 20 5342 8 5414 9 5495 20 5514 8 5610 9 5668 20 5710 8 5763 9 5840 20 5863 8 5951 9 6005 20 6051 8 6101 9 6170 20 6201 20 6601 1 7449 20 7601
285 20 20 250 20 256 20 300 0 421 20 550 10 833 11 882 10 951 11 1009 8 1312 20 1333 9 1362 8 1438 9 1492 8 1584 9 1657 1 2052 0 2494 20 9333 20 10333
286 16 20 250 20 256 20 300 0 462 20 550 8 889 9 938 8 1004 9 1053 1 1281 20 1389 0 1405 1 1637 0 2789 20 9389 20 10389
287 20 0 136 1 459 20 709 20 715 20 759 0 786 20 1009 8 1126 9 1160 8 1233 9 1286 20 1626 10 1877 11 1942 10 2022 11 2072 10 2141 11 2195 20 9626 20 10626
288 9 20 250 16 411 0 455 20 461 20 467 20 511 10 706 11 740 20 906
289 87 20 250 20 256 0 260 20 300 20 550 8 869 20 919 9 938 8 996 9 1030 8 1096 9 1138 8 1207 9 1249 8 1322 9 1372 8 1437 9 1487 8 1556 9 1613 20 1669 8 1686 9 1732 20 1786 8 1808 9 1866 20 1908 8 1935 9 1996 20 2035 8 2065 9 2127 20 2165 8 2203 9 2265 20 2303 8 2345 9 2402 20 2445 8 2483 9 2540 20 2583 8 2617 9 2678 20 2717 8 2759 9 2832 20 2859 8 2912 9 2966 20 3012 8 3031 9 3127 20 3131 8 3204 9 3253 20 3304 8 3319 9 3414 20 3419 8 3506 9 3560 20 3606 8 3641 9 3687 20 3741 8 3763 9 3863 20 3863 8 3916 9 4016 20 4016 8 4097 9 4177 20 4197 8 4265 9 4334 20 4365 8 4430 9 4495 20 4530 8 4595 9 4664 20 4695 20 5095 1 5977 20 6095
290 32 20 250 0 279 16 408 20 458 20 464 20 508 20 758 10 895 20 945 11 956 10 1013 11 1075 10 1132 11 1186 10 1251 11 1305 10 1370 11 1443 10 1508 11 1600 10 1677 20 1695 11 1757 10 1834 11 1910 20 1934 10 1995 11 2064 20 2095 1 2451 20 2495 20 3495
291 125 20 250 20 256 20 300 0 373 20 550 10 646 11 688 20 696 10 769 11 819 10 884 11 922 10 991 11 1041 10 1118 11 1171 10 1244 11 1298 10 1378 11 1432 20 1446 10 1513 11 1574 20 1613 10 1662 11 1716 20 1762 10 1796 11 1850 20 1896 10 1927 11 1984 20 2027 10 2057 11 2126 20 2157 10 2206 11 2272 20 2306 10 2348 11 2421 20 2448 10 2494 11 2586 20 2594 10 2643 11 2724 20 2743 10 2808 11 2870 20 2908 10 2954 11 3015 20 3054 10 3107 11 3172 20 3207 10 3253 11 3337 20 3353 10 3418 11 3491 20 3518 10 3579 11 3644 20 3679 10 3736 11 3801 20 3836 10 3882 20 3982 11 3985 10 4039 11 4112 20 4139 10 4208 11 4273 20 4308 10 4349 20 4449 11 4602 10 4660 11 4733 20 4760 10 4813 20 4913 11 4921 10 4970 20 5070 11 5120 10 5139 11 5208 20 5239 10 5281 11 5361 20 5381 10 5453 11 5530 20 5553 10 5618 11 5695 20 5718 10 5787 11 5871 20 5887 10 5960 11 6036 20 6060 10 6128 11 6201 20 6228 10 6278 11 6370 20 6378 10 6450 11 6546 20 6550 10 6638 11 6726 20 6738 10 6826 11 6910 20 6926 20 7326 20 8326
292 28 20 250 16 414 0 458 20 464 20 470 20 514 20 764 8 885 9 920 20 935 8 1012 9 1062 8 1131 9 1173 8 1238 9 1276 8 1341 9 1391 8 1456 9 1518 8 1575 9 1648 20 1685 8 1709 9 1793 20 1809 20 2209 20 3209
293 9 20 250 0 312 16 405 20 455 20 461 20 505 10 627 11 669 20 827
294 8 20 250 20 256 20 300 20 550 0 763 20 1550 20 6550 20 6560
295 16 0 136 1 179 20 429 20 435 20 479 0 569 20 729 10 1207 11 1245 10 1337 11 1372 20 1707 1 7142 0 7406 20 9707 20 10707
296 8 20 250 20 256 20 300 0 471 20 550 20 1550 20 6550 20 6560
297 20 20 250 16 404 20 454 20 460 0 471 20 504 20 754 8 1021 9 1063 8 1136 9 1182 1 1420 20 1521 0 1644 1 7686 0 7998 1 9125 0 9242 20 9521 20 10521
298 98 20 250 20 256 20 300 0 407 20 550 8 636 9 670 20 686 8 751 9 793 8 858 9 889 8 950 9 988 8 1015 9 1092 8 1157 9 1203 8 1272 9 1318 8 1387 20 1436 9 1437 8 1506 9 1555 20 1606 8 1624 9 1678 8 1701 9 1716 20 1724 8 1751 9 1797 20 1851 8 1870 9 1920 20 1970 8 1989 9 2042 20 2089 8 2115 9 2165 20 2215 8 2234 9 2284 20 2334 8 2360 9 2399 20 2460 8 2475 9 2533 20 2575 8 2606 9 2652 20 2706 8 2713 9 2767 20 2813 8 2843 9 2881 20 2943 8 2962 9 3004 20 3062 8 3065 9 3150 20 3165 8 3207 9 3272 20 3307 8 3341 9 3391 20 3441 8 3456 20 3556 9 3564 8 3590 9 3686 20 3690 8 3728 9 3801 20 3828 8 3878 9 3943 20 3978 8 4020 9 4096 20 4120 8 4181 9 4250 20 4281 8 4326 9 4395 20 4426 1 4730 20 4826 0 4891 20 5826
299 20 20 250 20 256 20 300 0 430 20 550 10 758 11 797 10 869 11 919 10 984 11 1034 20 1258 8 1387 9 1410 8 1463 9 1517 8 1574 9 1620 20 9258 20 10258
300 22 20 250 0 275 16 424 20 474 20 480 20 524 20 774 10 826 11 865 10 930 11 976 8 1259 9 1309 20 1326 8 1382 9 1424 1 1833 0 2248 1 6759 0 7153 20 9326 20 10326
301 11 20 250 16 400 0 441 20 450 20 456 20 500 10 729 11 772 10 833 11 879 20 929
302 18 20 250 20 256 20 300 0 358 20 550 8 597 9 612 8 681 9 719 8 785 9 831 20 1097 10 1302 11 1348 1 4482 0 5297 20 9097 20 10097
303 152 20 250 20 256 0 269 20 300 20 550 8 587 9 618 20 637 8 679 9 817 8 875 9 913 8 974 9 1013 8 1078 9 1124 8 1185 9 1231 8 1296 9 1346 20 1387 8 1404 9 1469 20 1504 8 1530 9 1607 20 1630 8 1668 9 1726 20 1768 8 1791 9 1841 20 1891 8 1910 9 1963 20 2010 8 2028 9 2090 20 2128 8 2147 9 2224 20 2247 8 2281 9 2354 20 2381 8 2412 9 2477 20 2512 8 2557 9 2603 20 2657 8 2669 9 2734 20 2769 8 2787 9 2795 8 2799 9 2876 20 2887 8 2929 9 2983 20 3029 8 3060 9 3113 20 3160 8 3175 9 3267 20 3275 8 3320 9 3378 20 3420 8 3431 9 3500 20 3531 8 3558 20 3658 9 3662 8 3711 9 3773 20 3811 8 3838 9 3895 20 3938 8 3957 20 4057 9 4060 8 4087 9 4129 20 4187 8 4198 20 4298 9 4313 8 4375 9 4474 20 4475 8 4536 20 4636 9 4654 8 4700 9 4796 20 4800 8 4861 9 4930 20 4961 8 4995 9 5061 20 5095 8 5126 9 5191 20 5226 8 5252 9 5325 20 5352 8 5394 9 5467 20 5494 8 5536 9 5601 20 5636 8 5670 9 5739 20 5770 8 5816 9 5889 20 5916 8 5954 9 6019 20 6054 8 6084 9 6169 20 6184 8 6234 9 6326 20 6334 8 6395 20 6495 9 6498 8 6567 9 6636 20 6667 8 6697 9 6763 20 6797 8 6839 9 6920 20 6939 1 7236 0 7320 20 7339 1 7759 0 7954 20 8339
304 10 20 250 20 256 0 296 20 300 10 514 11 518 10 591 11 637 10 698 20 714
305 57 20 250 20 256 20 300 0 386 20 550 10 569 11 576 20 619 10 626 11 665 10 737 11 803 10 856 11 910 10 960 11 994 10 1044 11 1086 10 1121 11 1197 10 1251 11 1339 20 1369 10 1370 11 1416 20 1470 10 1481 11 1546 20 1581 10 1604 20 1704 11 1707 10 1765 11 1834 20 1865 10 1895 11 1956 20 1995 10 2014 11 2091 20 2114 10 2156 11 2225 20 2256 10 2290 11 2332 20 2390 10 2405 11 2478 20 2505 10 2554 11 2623 20 2654 20 3054 1 3479 0 3882 20 4054
306 9 20 250 16 417 20 467 20 473 0 483 20 517 10 731 11 769 20 931
307 37 20 250 20 256 20 300 0 321 20 550 10 596 20 646 11 650 10 707 11 753 10 819 11 861 10 922 11 964 10 1026 11 1068 10 1125 11 1198 10 1244 11 1302 10 1363 20 1396 11 1424 10 1489 11 1574 20 1589 10 1643 20 1743 11 1769 10 1842 11 1915 20 1942 10 1984 20 2084 11 2091 20 2484 20 3484
308 104 20 250 20 256 0 270 1 290 20 300 0 422 20 550 8 626 9 669 20 676 8 726 9 776 8 837 9 872 8 933 9 975 8 1044 9 1090 8 1151 9 1205 8 1274 9 1324 8 1393 20 1426 9 1447 8 1516 9 1562 20 1616 8 1630 9 1676 20 1730 8 1745 9 1795 20 1845 8 1872 9 1922 20 1972 8 1991 9 2041 20 2091 8 2121 9 2171 20 2221 8 2244 9 2290 20 2344 8 2359 9 2412 20 2459 8 2481 9 2535 20 2581 8 2611 9 2661 20 2711 8 2730 9 2788 20 2830 8 2861 9 2907 20 2961 8 2975 9 3044 20 3075 8 3098 9 3163 20 3198 8 3221 20 3321 9 3324 8 3378 9 3431 20 3478 8 3500 9 3562 20 3600 8 3631 9 3730 20 3731 8 3761 9 3845 20 3861 8 3918 9 3983 20 4018 8 4060 9 4133 20 4160 8 4213 9 4294 20 4313 8 4370 9 4443 20 4470 8 4516 9 4585 20 4616 8 4677 9 4738 20 4777 1 4995 20 5177 0 5274 20 6177
309 15 0 194 1 291 0 368 1 449 0 578 1 814 20 1064 20 1070 20 1114 0 1130 10 1352 11 1398 10 1463 11 1517 20 1552
310 12 20 250 20 256 20 300 0 347 20 550 8 624 9 670 8 727 9 773 20 1124 20 9124 20 10124
311 11 20 250 0 291 16 408 20 458 20 464 20 508 10 638 11 649 10 737 11 780 20 838
312 63 20 250 20 256 20 300 0 454 20 550 8 784 20 834 9 838 8 911 9 949 8 1010 9 1049 8 1110 9 1152 8 1213 9 1263 8 1328 9 1378 8 1447 9 1501 8 1566 20 1584 9 1620 8 1689 9 1746 20 1789 8 1819 9 1872 20 1919 8 1941 9 1991 20 2041 8 2056 9 2133 20 2156 8 2194 9 2256 20 2294 8 2325 9 2375 20 2425 8 2440 9 2512 20 2540 8 2562 9 2647 20 2662 8 2708 9 2804 20 2808 8 2877 9 2946 20 2977 8 3018 9 3087 20 3118 8 3168 9 3233 20 3268 20 3668 1 3764 0 4454 20 4668
313 26 20 250 20 256 20 300 0 362 20 550 8 770 9 809 8 905 9 951 8 1016 9 1062 8 1127 9 1180 8 1238 20 1270 9 1303 8 1391 9 1460 8 1529 9 1602 1 1964 0 2730 1 5871 0 7114 20 9270 20 10270
314 46 20 250 20 256 20 300 0 358 20 550 8 614 20 664 9 667 8 744 9 771 8 836 9 878 8 940 9 989 8 1051 9 1108 8 1170 9 1246 8 1308 9 1380 20 1414 8 1445 9 1499 20 1545 8 1572 9 1622 20 1672 8 1683 9 1767 20 1783 8 1833 9 1932 20 1933 8 2001 9 2097 20 2101 8 2174 9 2243 20 2274 8 2331 9 2388 20 2431 1 2699 20 2831 0 3167 20 3831
315 147 20 250 20 256 20 300 0 437 20 550 8 736 20 786 9 789 8 862 9 904 8 966 9 1008 8 1073 9 1119 8 1188 9 1238 8 1303 9 1357 8 1429 9 1483 20 1536 8 1556 9 1606 8 1629 9 1644 20 1656 8 1671 9 1725 20 1771 8 1797 9 1843 20 1897 8 1912 20 2012 9 2039 8 2043 9 2108 20 2143 8 2173 9 2223 20 2273 8 2292 9 2353 20 2392 8 2411 20 2511 9 2518 8 2576 9 2622 20 2676 8 2694 9 2740 20 2794 8 2798 9 2806 8 2813 20 2898 9 3024 8 3097 9 3162 20 3197 8 3243 9 3289 20 3343 8 3365 9 3426 20 3465 8 3495 9 3549 20 3595 8 3622 9 3676 20 3722 8 3756 9 3810 20 3856 8 3879 9 3959 20 3979 8 4001 9 4097 20 4101 8 4147 9 4239 20 4247 8 4296 9 4358 20 4396 8 4431 9 4465 20 4531 8 4534 20 4634 9 4779 8 4837 9 4894 20 4937 8 4963 9 5029 20 5063 8 5067 20 5167 9 5201 8 5228 9 5308 20 5328 8 5373 9 5446 20 5473 8 5527 9 5580 20 5627 8 5668 9 5726 20 5768 8 5806 9 5868 20 5906 8 5948 9 6017 20 6048 8 6113 9 6182 20 6213 8 6274 9 6320 20 6374 8 6400 9 6458 20 6500 8 6527 20 6627 9 6741 8 6822 9 6887 20 6922 8 6968 9 7040 20 7068 8 7136 9 7198 20 7236 1 7456 20 7636 0 8184 1 8564 20 8636
316 71 20 250 20 256 20 300 0 408 20 550 8 678 9 705 20 728 8 801 9 847 8 916 9 950 8 961 9 1000 8 1015 9 1172 8 1237 9 1314 8 1356 9 1421 20 1478 8 1490 9 1548 20 1590 8 1598 20 1698 9 1705 8 1747 9 1801 20 1847 8 1874 9 1923 20 1974 8 1996 20 2096 9 2222 8 2303 9 2357 20 2403 8 2441 9 2498 20 2541 8 2583 9 2640 20 2683 8 2736 9 2790 20 2836 8 2874 9 2939 20 2974 8 3012 9 3092 20 3112 8 3142 9 3207 20 3242 8 3292 9 3353 20 3392 8 3445 9 3518 20 3545 8 3625 9 3679 20 3725 1 3885 20 4125 0 4321 1 4846 20 5125
317 131 20 250 20 256 20 300 0 478 20 550 10 826 11 868 20 876 10 941 11 995 10 1060 11 1098 10 1167 11 1217 10 1282 11 1336 10 1409 11 1451 10 1528 11 1593 20 1626 10 1662 11 1715 20 1762 10 1784 11 1846 20 1884 10 1911 11 2007 20 2011 10 2072 11 2129 20 2172 10 2206 11 2252 20 2306 10 2321 11 2371 20 2421 10 2444 11 2493 20 2544 10 2570 11 2612 20 2670 10 2681 11 2743 20 2781 10 2812 11 2873 20 2912 10 2919 11 2934 10 2938 20 3019 11 3026 10 3061 11 3134 20 3161 10 3183 11 3233 20 3283 10 3306 11 3352 20 3406 10 3429 11 3475 20 3529 10 3548 11 3636 20 3648 10 3674 20 3774 11 3866 10 3935 11 3988 20 4035 10 4050 20 4150 11 4153 10 4172 11 4230 20 4272 10 4295 11 4330 20 4395 10 4418 11 4471 20 4518 10 4552 11 4606 20 4652 10 4675 11 4767 20 4775 10 4843 11 4912 20 4943 10 4997 11 5066 20 5097 10 5150 11 5219 20 5250 10 5303 11 5372 20 5403 10 5453 11 5514 20 5553 10 5614 11 5675 20 5714 10 5763 11 5828 20 5863 10 5905 11 5978 20 6005 10 6062 11 6123 20 6162 10 6227 11 6292 20 6327 1 6559 0 6586 1 6620 20 6727 0 7171 20 7727
318 93 20 250 20 256 20 300 0 364 20 550 8 686 20 736 9 755 8 816 9 847 8 912 9 958 8 1027 9 1073 8 1146 9 1203 8 1272 9 1326 8 1395 9 1445 20 1486 8 1521 9 1571 20 1621 8 1659 9 1717 20 1759 8 1809 9 1866 20 1909 8 1947 9 2008 20 2047 8 2081 9 2142 20 2181 8 2215 9 2276 20 2315 8 2349 9 2414 20 2449 8 2483 9 2549 20 2583 8 2629 9 2690 20 2729 8 2767 9 2840 20 2867 8 2920 9 2955 8 2993 9 3008 20 3020 8 3031 9 3100 20 3131 8 3169 9 3235 20 3269 8 3319 9 3376 20 3419 8 3472 9 3514 20 3572 8 3606 9 3660 20 3706 8 3756 9 3813 20 3856 8 3909 9 3974 20 4009 8 4062 9 4116 20 4162 8 4216 9 4277 20 4316 8 4369 9 4423 20 4469 8 4530 9 4568 20 4630 1 4758 20 5030 0 5362 20 6030
319 33 20 250 20 256 20 300 0 419 20 550 8 721 9 766 8 836 9 889 8 954 9 1008 8 1046 9 1154 20 1221 8 1226 9 1326 8 1410 9 1464 1 1751 0 2199 1 4822 0 5317 1 5834 0 6378 10 6873 11 6930 10 7011 11 7061 20 9221 1 9388 0 9705 1 9854 20 10221
320 116 20 250 20 256 20 300 0 416 20 550 8 616 20 666 9 727 8 738 9 769 8 827 9 869 8 934 9 980 8 1049 9 1091 8 1160 9 1214 8 1287 9 1340 8 1413 20 1416 9 1471 8 1540 9 1601 20 1640 8 1670 9 1731 20 1770 8 1804 9 1869 20 1904 8 1946 9 2019 20 2046 8 2095 9 2149 20 2195 8 2218 9 2306 20 2318 8 2364 9 2421 20 2464 8 2490 9 2532 20 2590 8 2609 9 2651 20 2709 8 2724 9 2785 20 2824 8 2847 20 2947 9 2950 8 3019 9 3107 20 3119 8 3169 9 3257 20 3269 8 3299 20 3399 9 3472 8 3541 9 3598 20 3641 8 3659 20 3759 9 3771 8 3797 9 3874 20 3897 8 3943 20 4043 9 4181 8 4223 9 4300 20 4323 8 4372 9 4445 20 4472 8 4522 9 4591 20 4622 8 4671 9 4740 20 4771 8 4806 9 4894 20 4906 8 4959 9 5039 20 5059 8 5112 9 5185 20 5212 8 5262 9 5346 20 5362 8 5426 9 5492 20 5526 8 5587 9 5660 20 5687 8 5768 9 5837 20 5868 8 5936 9 6013 20 6036 20 6436 1 7053 20 7436
321 90 20 250 20 256 20 300 0 379 20 550 8 610 20 660 9 672 8 744 9 771 8 836 9 882 8 947 9 994 8 1062 9 1112 8 1185 9 1235 8 1304 9 1361 20 1410 8 1427 9 1480 20 1527 8 1553 9 1603 20 1653 8 1680 9 1733 20 1780 8 1802 20 1902 9 1910 8 1936 20 2036 9 2044 8 2097 9 2151 20 2197 8 2220 9 2278 20 2320 8 2347 9 2442 20 2447 8 2496 9 2554 20 2596 8 2623 9 2688 20 2723 8 2749 20 2849 9 2856 8 2895 9 2987 20 2995 8 3060 9 3129 20 3160 8 3209 9 3278 20 3309 8 3347 9 3420 20 3447 8 3489 20 3589 9 3638 8 3646 9 3727 20 3746 8 3803 9 3868 20 3903 8 3945 9 4033 20 4045 8 4129 9 4206 20 4229 8 4290 9 4371 20 4390 1 4611 20 4790 0 5114 1 5132 0 5169 20 5790
322 102 20 250 20 256 20 300 0 510 20 550 10 722 20 772 11 784 10 845 11 887 10 948 11 994 10 1056 11 1109 10 1171 11 1224 10 1290 11 1351 10 1420 11 1489 20 1522 10 1581 11 1600 10 1669 20 1681 11 1723 10 1788 20 1888 11 1957 10 2029 11 2079 20 2129 10 2152 11 2210 20 2252 10 2279 11 2367 20 2379 10 2405 11 2493 20 2505 10 2509 11 2601 20 2609 10 2647 11 2712 20 2747 10 2781 11 2846 20 2881 10 2915 11 3003 20 3015 10 3072 11 3134 20 3172 10 3210 11 3272 20 3310 10 3459 11 3555 20 3559 10 3628 11 3701 20 3728 10 3770 11 3820 10 3827 11 3862 20 3870 10 3908 11 3927 20 4008 10 4011 11 4080 20 4111 10 4157 11 4230 20 4257 10 4310 11 4372 20 4410 10 4467 11 4529 20 4567 10 4617 11 4686 20 4717 10 4782 11 4839 20 4882 10 4924 11 4985 20 5024 10 5084 11 5157 20 5184 1 5392 20 5584 0 5809 1 6315 20 6584
323 70 20 250 20 256 20 300 0 415 20 550 8 658 20 708 9 770 8 785 9 808 8 869 9 919 8 984 9 1030 8 1095 9 1153 8 1226 9 1272 8 1348 9 1394 20 1458 8 1467 9 1525 20 1567 8 1601 9 1655 20 1701 8 1732 9 1797 20 1832 8 1877 9 1931 20 1977 8 2012 9 2081 20 2112 8 2161 9 2211 20 2261 8 2299 9 2345 20 2399 8 2433 9 2491 20 2533 8 2583 9 2640 20 2683 8 2736 9 2793 20 2836 8 2885 9 2931 20 2985 8 3023 9 3081 20 3123 8 3192 9 3230 20 3292 8 3334 9 3384 20 3434 8 3491 9 3529 20 3591 1 3898 20 3991 0 4371 20 4991
324 85 20 250 20 256 20 300 0 385 20 550 10 640 20 690 11 697 10 751 11 797 10 858 11 904 10 969 11 1019 10 1084 11 1138 10 1215 11 1257 10 1330 11 1383 20 1440 10 1460 11 1517 20 1560 10 1594 11 1655 20 1694 10 1724 11 1797 20 1824 10 1977 11 2027 20 2077 10 2096 11 2169 20 2196 10 2234 11 2280 20 2334 10 2349 11 2437 20 2449 10 2468 11 2526 20 2568 10 2602 11 2652 20 2702 10 2721 11 2775 20 2821 10 2851 11 2917 20 2951 10 3005 11 3062 20 3105 10 3147 11 3200 20 3247 10 3288 11 3331 20 3388 10 3438 11 3476 20 3538 10 3576 11 3637 20 3676 10 3729 11 3783 20 3829 10 3879 11 3936 20 3979 10 4024 11 4089 20 4124 1 4516 20 4524 0 4538 1 4586 0 4931 1 5285 20 5524
325 115 20 250 20 256 20 300 0 471 20 550 10 695 20 745 11 753 10 814 11 856 10 914 11 956 10 1025 11 1075 10 1144 11 1197 10 1270 11 1316 10 1377 20 1495 11 1546 10 1615 11 1665 20 1715 10 1734 11 1791 20 1834 10 1864 11 1929 20 1964 10 1994 11 2063 20 2094 10 2125 11 2217 20 2225 10 2290 11 2339 20 2390 10 2416 11 2474 20 2516 10 2543 11 2615 20 2643 10 2677 11 2750 20 2777 10 2819 20 2919 11 3014 10 3075 11 3121 20 3175 10 3202 11 3248 20 3302 10 3317 20 3417 11 3424 10 3462 11 3547 20 3562 10 3593 11 3631 20 3693 10 3696 20 3796 11 3804 10 3842 11 3899 20 3942 10 3976 11 4041 20 4076 10 4118 11 4187 20 4218 10 4264 11 4333 20 4364 10 4398 11 4444 10 4467 20 4498 11 4520 10 4589 11 4647 20 4689 10 4720 11 4792 20 4820 10 4865 11 4938 20 4965 10 5022 11 5084 20 5122 10 5183 11 5252 20 5283 10 5348 11 5417 20 5448 10 5505 11 5590 20 5605 10 5678 11 5735 20 5778 1 5905 20 6178 0 6283 1 6713 20 7178
326 55 20 250 20 256 20 300 0 430 20 550 8 680 20 730 9 737 8 806 9 833 8 898 9 940 8 1009 9 1055 8 1124 9 1182 8 1255 9 1312 8 1393 9 1446 20 1480 8 1534 9 1588 20 1634 8 1672 9 1738 20 1772 8 1830 9 1879 20 1930 8 1968 9 2025 20 2068 8 2121 9 2171 20 2221 8 2267 9 2324 20 2367 8 2412 9 2466 20 2512 8 2558 9 2600 20 2658 8 2696 9 2753 20 2796 8 2895 9 2907 20 2995 1 3175 20 3395 0 3701 20 4395
327 77 20 250 20 256 20 300 0 376 20 550 8 686 9 725 20 736 8 774 9 809 8 817 9 851 8 928 9 958 8 1024 9 1062 8 1131 9 1184 8 1253 9 1296 8 1368 9 1437 20 1486 8 1503 9 1549 20 1603 8 1625 9 1679 20 1725 8 1748 9 1817 20 1848 8 1894 9 1970 20 1994 8 2055 9 2104 20 2155 8 2189 9 2262 20 2289 8 2354 9 2392 8 2442 20 2454 9 2465 8 2472 20 2572 9 2610 8 2614 9 2687 20 2714 8 2764 9 2821 20 2864 8 2921 9 2967 20 3021 8 3055 9 3124 20 3155 8 3220 9 3270 20 3320 8 3366 9 3423 20 3466 8 3515 9 3569 20 3615 8 3668 9 3711 20 3768 1 3930 20 4168 0 4468 20 5168
328 100 20 250 20 256 20 300 0 427 20 550 10 675 20 725 11 767 10 805 11 847 10 905 11 978 10 1028 11 1077 10 1150 11 1200 10 1265 11 1319 10 1388 11 1442 20 1475 10 1511 11 1576 20 1611 10 1652 11 1706 20 1752 10 1779 11 1871 20 1879 10 1894 11 1990 20 1994 10 2017 11 2070 20 2117 10 2143 11 2197 20 2243 10 2273 11 2331 20 2373 10 2408 11 2469 20 2508 10 2542 11 2611 20 2642 10 2687 11 2749 20 2787 10 2818 11 2910 20 2918 10 2940 11 2952 10 2975 20 3040 11 3059 10 3124 11 3201 20 3224 10 3274 11 3350 20 3374 10 3423 11 3500 20 3523 10 3573 11 3661 20 3673 10 3753 11 3833 20 3853 10 3918 11 3987 20 4018 10 4063 11 4125 20 4163 10 4217 11 4289 20 4317 10 4389 11 4454 20 4489 10 4550 11 4627 20 4650 10 4711 11 4757 20 4811 10 4861 11 4914 20 4961 1 5060 20 5361 0 5546 1 6055 20 6361
329 65 20 250 20 256 20 300 0 331 20 550 8 590 20 640 9 648 8 721 9 744 8 816 9 851 8 920 9 981 8 1035 9 1085 8 1161 9 1219 8 1295 9 1334 20 1390 8 1407 9 1468 20 1507 8 1545 9 1606 20 1645 8 1679 9 1736 20 1779 8 1813 9 1870 20 1913 8 1962 9 2012 20 2062 8 2089 9 2150 20 2189 8 2227 9 2296 20 2327 8 2384 9 2453 20 2484 8 2541 9 2599 20 2641 8 2691 9 2768 20 2791 8 2863 9 2917 20 2963 8 3005 9 3070 20 3105 8 3174 9 3228 20 3274 1 3523 20 3674 0 3945 1 4619 20 4674
330 95 20 250 20 256 0 292 20 300 20 550 10 674 20 724 11 774 10 797 11 831 10 889 11 939 10 1000 11 1054 10 1123 11 1180 10 1260 11 1314 10 1387 11 1433 20 1474 10 1498 11 1579 20 1598 10 1632 11 1701 20 1732 10 1770 11 1828 20 1870 10 1901 11 1958 20 2001 10 2031 11 2096 20 2131 10 2165 11 2230 20 2265 10 2303 11 2364 20 2403 10 2430 20 2530 11 2625 10 2663 11 2717 20 2763 10 2794 11 2851 20 2894 10 2928 11 2993 20 3028 10 3070 11 3139 20 3170 10 3216 11 3300 20 3316 10 3376 11 3449 20 3476 10 3522 11 3591 20 3622 10 3664 11 3737 20 3764 10 3837 11 3906 20 3937 10 4017 11 4074 20 4117 10 4166 11 4235 20 4266 10 4320 11 4396 20 4420 10 4484 11 4573 20 4584 10 4649 11 4730 20 4749 10 4810 11 4872 20 4910 1 5116 20 5310 0 5563 1 6136 20 6310
331 22 20 250 20 256 20 300 0 354 20 550 8 573 9 630 8 692 9 753 1 933 20 1073 0 1338 8 1723 9 1788 1 1974 0 2391 1 3032 0 3363 1 3832 0 4313 20 9073 20 10073
332 11 20 250 0 375 16 406 20 456 20 462 20 506 10 670 11 712 10 778 11 828 20 870
333 76 20 250 20 256 20 300 0 377 20 550 8 587 20 637 9 644 8 713 9 732 8 794 9 832 8 897 9 939 8 1008 9 1058 8 1123 9 1173 8 1238 9 1292 8 1357 20 1387 9 1407 8 1480 9 1530 20 1580 8 1599 9 1652 20 1699 8 1717 9 1779 20 1817 8 1844 9 1917 20 1944 8 1978 9 2036 20 2078 8 2101 9 2154 20 2201 8 2227 9 2289 20 2327 8 2358 9 2423 20 2458 8 2499 9 2565 20 2599 8 2637 9 2703 20 2737 8 2779 9 2852 20 2879 8 2921 9 2979 20 3021 8 3055 9 3113 20 3155 8 3189 9 3266 20 3289 8 3347 9 3419 20 3447 8 3500 9 3561 20 3600 1 3824 20 4000 0 4268 1 4939 20 5000
334 11 0 212 1 589 20 839 20 845 20 889 0 982 8 1106 9 1117 8 1209 9 1263 20 1306
335 108 20 250 20 256 20 300 0 385 20 550 10 674 20 724 11 739 10 793 11 931 10 992 11 1038 10 1099 11 1153 10 1214 11 1264 10 1326 11 1402 10 1444 20 1474 11 1513 10 1579 11 1632 20 1679 10 1701 11 1759 20 1801 10 1824 11 1885 20 1924 10 1950 11 2016 20 2050 10 2085 11 2146 20 2185 10 2207 11 2261 20 2307 10 2322 11 2407 20 2422 10 2449 11 2529 20 2549 10 2575 11 2625 20 2675 10 2694 11 2744 20 2794 10 2813 11 2867 20 2913 10 2939 20 3039 11 3108 10 3143 11 3235 20 3243 10 3273 11 3334 20 3373 10 3396 11 3442 20 3496 10 3507 11 3560 20 3607 10 3626 11 3714 20 3726 10 3756 11 3829 20 3856 10 3890 11 3955 20 3990 10 4020 11 4093 20 4120 10 4174 11 4235 20 4274 10 4316 11 4373 20 4416 10 4454 11 4458 10 4461 11 4523 20 4554 10 4611 11 4680 20 4711 10 4760 11 4837 20 4860 10 4921 11 4983 20 5021 10 5075 11 5128 20 5175 1 5376 20 5575 0 5602 20 6575
336 34 20 250 20 256 20 300 0 375 20 550 10 629 11 675 10 733 11 779 10 836 11 882 10 924 11 986 10 1039 11 1093 20 1129 10 1147 11 1208 10 1273 11 1342 1 1559 0 2010 1 2150 0 2525 1 3776 0 4185 1 4622 0 5132 1 5922 0 6491 1 9044 20 9129 0 9447 20 10129
337 20 20 250 20 256 20 300 0 454 20 550 10 695 11 741 10 806 11 864 10 925 11 983 10 1040 11 1094 10 1155 20 1195 11 1216 1 1357 0 1650 20 9195 20 10195
338 109 20 250 16 402 0 405 20 452 20 458 20 502 20 752 10 785 20 835 11 846 10 900 11 935 10 992 11 1030 10 1092 11 1138 10 1203 11 1253 10 1314 11 1364 10 1433 11 1487 10 1556 20 1585 11 1609 10 1674 11 1747 20 1774 10 1782 11 1839 20 1882 10 1904 11 1954 20 2004 10 2027 11 2081 20 2127 10 2150 11 2207 20 2250 10 2272 11 2334 20 2372 10 2399 20 2499 11 2506 10 2548 11 2606 20 2648 10 2675 11 2725 20 2775 10 2790 20 2890 11 2913 10 2939 20 3039 11 3043 10 3062 11 3108 20 3162 10 3173 11 3227 20 3273 10 3292 11 3346 20 3392 10 3403 20 3503 11 3733 10 3806 11 3875 20 3906 10 3944 11 4020 20 4044 10 4085 11 4158 20 4185 10 4231 11 4300 20 4331 10 4369 11 4446 20 4469 10 4526 11 4599 20 4626 10 4672 11 4741 20 4772 10 4818 11 4894 20 4918 10 4975 11 5051 20 5075 10 5120 11 5209 20 5220 10 5301 11 5370 20 5401 1 5587 20 5801 0 6055 1 6276 0 6678 20 6801
339 129 20 250 20 256 20 300 0 373 20 550 8 607 9 653 20 657 8 718 9 756 8 810 9 852 8 917 9 960 8 1025 9 1075 8 1140 9 1190 8 1255 9 1305 8 1377 20 1407 9 1427 8 1500 9 1554 20 1600 8 1623 9 1680 20 1723 8 1749 20 1849 9 1864 8 1899 9 1975 20 1999 8 2033 9 2079 20 2133 8 2155 9 2205 20 2255 8 2278 9 2328 20 2378 8 2397 20 2497 9 2516 8 2573 9 2661 20 2673 8 2727 9 2799 20 2827 8 2876 9 2937 20 2976 8 3014 9 3068 20 3114 8 3137 9 3233 20 3237 8 3282 9 3355 20 3382 8 3401 9 3451 20 3501 8 3512 9 3562 20 3612 8 3631 20 3731 9 3735 8 3765 9 3850 20 3865 8 3915 9 3992 20 4015 8 4064 9 4141 20 4164 8 4218 9 4283 20 4318 8 4360 9 4425 20 4460 8 4498 9 4570 20 4598 8 4651 9 4728 20 4751 8 4801 9 4866 20 4901 8 4939 9 5000 20 5039 8 5069 9 5146 20 5169 8 5218 9 5287 20 5318 8 5364 9 5448 20 5464 8 5529 9 5602 20 5629 8 5682 9 5686 8 5690 9 5770 20 5782 8 5859 9 5920 20 5959 8 6035 9 6073 20 6135 1 6356 20 6535 0 6760 1 7377 20 7535
340 9 20 250 20 256 20 300 0 339 8 544 9 590 8 655 9 709 20 744
341 9 20 250 20 256 20 300 0 406 8 533 9 571 8 640 9 694 20 733
342 15 20 250 20 256 20 300 0 482 20 550 1 954 0 1498 20 1550 1 2968 0 3455 1 3569 0 3830 1 5332 20 6550 20 6560
343 22 20 250 20 256 20 300 0 444 20 550 8 825 9 879 1 1071 20 1325 0 1483 10 1784 11 1833 10 1899 11 1945 10 1998 11 2048 10 2109 11 2167 1 2397 0 2834 20 9325 20 10325
344 10 20 250 0 377 16 405 20 455 20 461 10 481 11 497 10 554 11 589 20 681
345 18 20 250 20 256 20 300 0 375 20 550 8 626 9 675 8 748 9 802 1 979 20 1126 0 1637 1 2782 0 3117 1 3209 0 4255 20 9126 20 10126
346 8 20 250 20 256 20 300 20 550 0 858 20 1550 20 6550 20 6560
347 75 20 250 20 256 20 300 0 411 20 550 8 556 9 571 20 606 8 625 9 671 8 736 9 771 8 832 9 874 8 932 9 978 8 1043 9 1093 8 1162 9 1208 8 1273 9 1323 20 1356 8 1392 9 1445 20 1492 8 1511 9 1568 20 1611 8 1626 9 1710 20 1726 8 1756 20 1856 9 1875 8 1905 9 1994 20 2005 8 2063 9 2128 20 2163 8 2204 9 2269 20 2304 8 2338 9 2415 20 2438 8 2492 9 2565 20 2592 8 2641 9 2703 20 2741 8 2779 9 2864 20 2879 8 2940 9 3021 20 3040 8 3109 9 3174 20 3209 8 3274 9 3343 20 3374 8 3439 9 3515 20 3539 8 3642 9 3680 20 3742 20 4142 1 4506 0 5051 20 5142
348 104 20 250 20 256 20 300 0 393 20 550 8 725 9 775 20 775 8 833 9 879 8 932 9 971 8 1032 9 1074 8 1139 9 1185 8 1250 9 1300 8 1369 9 1419 8 1488 20 1525 9 1538 8 1603 9 1657 20 1703 8 1726 9 1783 20 1826 8 1856 9 1860 8 1867 9 1921 20 1956 8 2005 9 2048 20 2105 8 2117 9 2178 20 2217 8 2243 9 2316 20 2343 8 2389 9 2450 20 2489 8 2538 9 2592 20 2638 8 2668 9 2737 20 2768 8 2822 9 2891 20 2922 8 2971 9 3021 20 3071 8 3105 9 3151 20 3205 8 3232 9 3286 20 3332 8 3366 9 3420 20 3466 8 3512 9 3516 8 3519 9 3581 20 3612 8 3665 9 3719 20 3765 8 3807 9 3849 20 3907 8 3941 9 3995 20 4041 8 4091 9 4140 20 4191 8 4232 9 4286 20 4332 8 4382 9 4432 20 4482 8 4524 9 4589 20 4624 8 4677 9 4738 20 4777 8 4838 9 4888 20 4938 1 5089 20 5338 0 5558 1 6322 20 6338
349 131 20 250 20 256 20 300 0 387 20 550 8 621 9 655 20 671 8 720 9 770 8 832 9 866 8 927 9 1000 8 1039 9 1081 8 1146 9 1196 8 1261 9 1326 8 1399 20 1421 9 1441 8 1510 9 1567 20 1610 8 1629 9 1705 20 1729 8 1774 9 1836 20 1874 8 1905 9 1970 20 2005 8 2039 9 2089 20 2139 8 2158 9 2223 20 2258 8 2273 9 2280 8 2288 9 2349 20 2373 8 2411 9 2507 20 2511 8 2537 9 2625 20 2637 8 2668 9 2729 20 2768 8 2817 20 2917 9 3035 8 3085 9 3139 20 3185 8 3208 9 3308 20 3308 8 3350 9 3434 20 3450 8 3488 9 3553 20 3588 8 3607 9 3610 8 3622 20 3707 9 3729 8 3775 9 3844 20 3875 8 3917 9 3986 20 4017 8 4070 9 4120 20 4170 8 4205 9 4270 20 4305 8 4350 9 4408 20 4450 8 4496 9 4546 20 4596 8 4626 9 4695 20 4726 8 4787 9 4841 20 4887 8 4921 9 4979 20 5021 8 5067 9 5113 20 5167 8 5193 9 5259 20 5293 8 5347 9 5404 20 5447 8 5493 9 5550 20 5593 8 5654 9 5711 20 5754 8 5818 9 5868 20 5918 8 5979 9 6022 20 6079 8 6133 9 6175 20 6233 1 6427 20 6633 0 6877 1 7365 20 7633
350 19 20 250 20 256 20 300 0 383 20 550 8 619 9 661 8 730 9 792 8 861 9 907 1 1060 20 1119 0 1520 1 4899 0 5442 20 9119 1 9837 20 10119
351 8 20 250 0 303 16 399 20 449 20 455 8 460 9 487 20 660
352 67 20 250 20 256 0 273 9 291 20 300 20 550 8 560 1 696 0 744 9 759 1 956 8 970 9 981 0 1028 20 1060 8 1717 1 1742 9 1820 8 1832 0 2026 9 2039 1 2682 0 2748 1 2884 0 2982 1 4129 8 4200 0 4335 9 4350 8 4423 9 4461 8 4599 9 4656 1 5157 8 5181 9 5239 0 5384 8 5733 1 5763 0 5907 9 5948 1 8023 8 8036 0 8196 9 8217 1 8766 0 8914 20 9060 1 9347 8 9362 9 9385 20 9462 0 9658 1 10290 8 10321 20 10421 0 10493 9 11210 8 11409 1 11456 20 11509 0 11567 9 11620 8 11677 9 11697 20 11777 20 12777
353 33 8 22 0 117 9 129 1 619 8 632 9 678 0 764 1 2327 0 2358 8 2587 1 2588 0 2666 9 2709 8 2774 9 2794 8 2939 9 3004 8 3483 9 3499 1 4130 0 4211 8 8697 9 8716 8 8877 9 8896 8 8900 9 8903 8 8907 1 8944 0 9068 9 9107 20 14068 20 15068
354 12 20 250 16 397 0 429 20 447 20 453 20 497 10 677 11 723 10 780 11 834 20 877 10 880
355 39 0 168 1 287 0 354 1 756 20 1006 20 1012 20 1056 0 1128 20 1306 8 1374 9 1381 8 1393 9 1408 8 1458 9 1508 8 1569 9 1623 8 1715 9 1768 8 1826 20 1874 9 1887 1 2405 0 2532 10 4367 11 4390 10 4517 11 4551 1 5193 0 5621 1 5876 0 6914 1 7206 0 7474 1 9081 0 9366 20 9874 1 10603 20 10874
356 11 20 250 0 409 16 414 20 464 20 470 20 514 10 701 11 747 10 828 11 851 20 901
357 34 20 250 20 256 20 300 0 373 20 550 10 599 11 638 10 714 11 768 10 822 11 837 10 887 11 940 20 1099 8 1335 9 1370 8 1469 9 1523 8 1669 9 1692 8 1822 9 1887 8 1964 9 1994 8 2036 9 2102 1 2302 0 2531 10 3037 11 3102 1 3297 0 3882 20 9099 20 10099
358 26 20 250 16 417 0 464 20 467 20 473 20 517 20 767 10 800 11 846 10 907 11 953 10 1011 11 1057 20 1300 1 1565 0 2037 1 6321 0 6684 10 6916 11 6954 10 7015 11 7042 1 7207 0 7588 20 9300 20 10300
359 132 20 250 20 256 20 300 0 418 20 550 8 588 20 638 9 646 8 722 9 745 8 806 9 845 8 910 9 948 8 1013 9 1059 8 1125 9 1171 8 1236 9 1285 8 1354 20 1388 9 1404 8 1469 9 1523 20 1569 8 1592 9 1642 20 1692 8 1715 9 1768 20 1815 8 1841 9 1891 20 1941 8 1964 9 2014 20 2064 8 2083 9 2132 20 2183 8 2205 9 2259 20 2305 8 2324 9 2405 20 2424 8 2477 9 2531 20 2577 8 2596 9 2646 20 2696 8 2723 9 2769 20 2823 8 2841 9 2895 20 2941 8 2960 9 3014 20 3060 8 3079 9 3148 20 3179 8 3209 9 3290 20 3309 8 3355 9 3412 20 3455 8 3493 9 3535 20 3593 8 3608 9 3677 20 3708 8 3746 9 3826 20 3846 8 3895 9 3987 20 3995 8 4072 9 4129 20 4172 8 4198 9 4298 20 4298 8 4374 9 4474 20 4474 8 4543 9 4635 20 4643 8 4708 9 4800 20 4808 8 4869 9 4957 20 4969 8 5033 9 5095 20 5133 8 5164 9 5233 20 5264 8 5309 9 5390 20 5409 8 5467 9 5532 20 5567 8 5597 9 5673 20 5697 8 5746 9 5815 20 5846 8 5888 9 5972 20 5988 8 6064 9 6130 20 6164 8 6210 9 6283 20 6310 1 6687 20 6710 0 6926 20 7710
360 28 20 250 20 256 20 300 0 330 20 550 8 570 9 613 8 678 9 731 8 804 9 869 20 1070 1 1073 0 1531 1 3929 0 4341 8 4552 9 4591 8 5304 9 5330 8 5407 9 5472 8 5541 9 5614 1 5925 0 6053 20 9070 20 10070
361 11 20 250 0 348 16 404 20 454 20 460 20 504 10 649 11 687 10 756 11 810 20 849
362 41 20 250 20 256 20 300 0 510 20 550 8 776 9 818 20 826 8 906 9 1006 8 1010 9 1063 8 1109 9 1148 8 1213 9 1251 8 1309 9 1481 8 1539 20 1576 9 1611 8 1669 9 1730 20 1769 8 1791 9 1864 20 1891 8 1918 9 1995 20 2018 8 2060 9 2125 20 2160 8 2209 9 2278 20 2309 8 2378 9 2408 20 2478 20 2878 20 3878
363 98 20 250 20 256 20 300 0 329 20 550 10 642 20 692 11 703 10 757 11 899 10 960 11 1002 10 1064 11 1110 10 1175 11 1228 10 1293 11 1347 10 1405 20 1442 11 1477 10 1535 11 1581 20 1635 10 1646 11 1696 20 1746 10 1765 11 1826 20 1865 10 1887 11 1976 20 1987 10 2033 11 2091 20 2133 10 2156 11 2206 20 2256 10 2271 11 2340 20 2371 10 2401 11 2470 20 2501 10 2539 11 2608 20 2639 10 2677 11 2742 20 2777 10 2807 11 2880 20 2907 10 2953 11 3010 20 3053 10 3079 11 3137 20 3179 10 3202 11 3271 20 3302 10 3344 11 3397 20 3444 10 3466 20 3566 11 3570 10 3581 11 3635 20 3681 10 3696 11 3746 20 3796 10 3815 11 3888 20 3915 10 3972 11 4041 20 4072 10 4114 11 4164 20 4214 10 4221 11 4294 20 4321 10 4363 11 4432 20 4463 10 4517 11 4586 20 4617 10 4670 11 4720 20 4770 20 5170 20 6170
364 107 0 164 1 196 20 446 20 452 0 454 20 496 20 746 8 797 9 836 20 847 8 855 9 943 8 1004 9 1042 8 1108 9 1150 8 1215 9 1261 8 1322 9 1372 8 1441 9 1491 8 1560 20 1597 9 1610 8 1675 9 1729 20 1775 8 1801 9 1866 20 1901 8 1947 9 1993 20 2047 8 2062 9 2116 20 2162 8 2188 9 2246 20 2288 8 2319 9 2376 20 2419 8 2453 9 2510 8 2537 9 2549 20 2553 8 2583 9 2644 20 2683 8 2713 9 2767 20 2813 8 2832 9 2897 20 2932 8 2966 9 3031 20 3066 8 3104 9 3166 20 3204 8 3238 9 3300 20 3338 8 3376 9 3438 20 3476 8 3522 9 3591 20 3622 8 3671 9 3725 20 3771 8 3790 9 3878 20 3890 8 3947 9 4016 20 4047 8 4085 9 4151 20 4185 8 4223 9 4296 20 4323 8 4384 9 4442 20 4484 8 4518 9 4587 20 4618 8 4683 9 4752 20 4783 8 4844 9 4909 20 4944 8 4998 9 5047 20 5098 1 5361 20 5498 0 5515 1 6202 20 6498
365 85 20 250 20 256 20 300 0 317 20 550 8 597 20 647 9 651 8 720 9 762 8 819 9 862 8 923 9 969 8 1030 9 1080 8 1145 9 1199 8 1264 9 1321 8 1390 20 1397 9 1440 8 1509 9 1563 20 1609 8 1628 9 1682 20 1728 8 1751 9 1824 20 1851 8 1885 9 1935 20 1985 8 2004 9 2050 20 2104 8 2115 9 2168 20 2215 8 2237 9 2310 20 2337 8 2379 9 2433 20 2479 8 2502 9 2567 20 2602 8 2640 9 2713 20 2740 8 2793 9 2855 20 2893 8 2931 9 2981 20 3031 8 3054 9 3111 20 3154 8 3184 9 3257 20 3284 8 3341 9 3391 20 3441 8 3487 9 3552 20 3587 8 3625 9 3690 20 3725 8 3778 9 3847 20 3878 8 3943 9 3993 20 4043 1 4227 20 4443 0 4707 1 5323 20 5443
366 80 20 250 20 256 20 300 0 401 20 550 10 647 20 697 11 708 10 735 11 762 10 769 11 800 10 865 11 907 10 976 11 1011 10 1080 11 1126 10 1191 11 1248 10 1310 11 1367 10 1428 20 1447 11 1497 10 1563 11 1620 20 1663 10 1678 11 1747 20 1778 10 1796 11 1846 10 1881 11 1892 20 1896 10 1923 11 1988 20 2023 10 2061 11 2130 20 2161 10 2210 11 2272 20 2310 10 2360 11 2421 20 2460 10 2502 11 2571 20 2602 10 2651 11 2720 20 2751 10 2797 11 2858 20 2897 10 2950 11 3008 20 3050 10 3096 11 3149 20 3196 10 3234 11 3295 20 3334 10 3399 11 3437 20 3499 10 3544 11 3586 20 3644 10 3705 11 3732 20 3805 1 3972 20 4205 0 4243 1 4872 20 5205
367 23 20 250 20 256 20 300 0 383 20 550 8 617 9 670 8 732 9 793 1 996 20 1117 0 1409 1 3794 0 3827 1 3848 0 4261 1 4625 0 5164 1 7822 0 8299 20 9117 1 9761 20 10117
368 10 20 250 20 256 20 300 0 478 20 550 1 614 0 979 20 1550 20 6550 20 6560
369 11 20 250 0 303 16 424 20 474 20 480 20 524 10 600 11 650 10 715 11 765 20 800
370 90 20 250 20 256 20 300 0 455 20 550 10 666 11 712 20 716 10 778 11 831 10 885 11 919 10 981 11 1023 10 1092 11 1138 10 1203 11 1253 10 1318 11 1364 10 1425 20 1466 11 1517 10 1540 11 1594 20 1640 10 1659 11 1709 20 1759 10 1770 11 1820 20 1870 10 1881 11 1943 20 1981 10 2008 11 2081 20 2108 10 2142 11 2207 20 2242 10 2272 11 2353 20 2372 10 2395 11 2452 20 2495 10 2517 11 2567 20 2617 10 2629 11 2713 20 2729 10 2751 11 2809 20 2851 10 2866 11 2958 20 2966 10 3023 11 3096 20 3123 10 3169 11 3238 20 3269 10 3311 11 3395 20 3411 10 3468 11 3541 20 3568 10 3613 11 3686 20 3713 10 3751 11 3832 20 3851 10 3935 11 4000 20 4035 10 4069 11 4138 20 4169 10 4211 11 4296 20 4311 20 4711 1 4982 0 5366 20 5711
371 18 20 250 20 256 20 300 0 369 20 550 8 602 9 648 8 713 9 767 8 832 9 905 8 962 9 1039 20 1102 1 1393 0 1553 20 9102 20 10102
372 93 20 250 0 359 16 417 20 467 20 473 20 517 20 767 8 873 9 911 20 923 8 992 9 1134 8 1203 9 1233 8 1306 9 1344 8 1413 9 1463 8 1532 9 1578 8 1647 20 1673 9 1697 8 1770 9 1820 20 1870 8 1908 9 1931 20 2008 8 2122 9 2142 8 2165 9 2222 20 2222 8 2291 9 2352 20 2391 8 2418 9 2479 20 2518 8 2544 9 2602 20 2644 8 2667 9 2724 20 2767 8 2797 9 2847 20 2897 8 2916 9 2969 20 3016 8 3038 20 3138 9 3142 8 3199 9 3291 20 3299 8 3357 9 3414 20 3457 8 3483 9 3567 20 3583 8 3629 20 3729 9 3748 8 3820 9 3905 20 3920 8 3970 9 4043 20 4070 8 4119 9 4184 20 4219 8 4250 9 4319 20 4350 8 4391 9 4468 20 4491 8 4541 9 4618 20 4641 8 4702 9 4775 20 4802 20 5202 1 5533 0 5757 1 5904 20 6202
373 74 20 250 20 256 20 300 0 386 20 550 8 628 9 674 20 678 8 747 9 785 8 839 9 885 8 942 9 992 8 1053 9 1107 8 1168 9 1222 8 1287 9 1337 8 1364 9 1379 8 1402 20 1428 9 1460 8 1517 9 1609 20 1617 8 1674 9 1751 20 1774 8 1816 9 1912 20 1916 8 1977 9 2058 20 2077 8 2131 9 2196 20 2231 8 2265 9 2337 20 2365 8 2410 9 2483 20 2510 8 2552 9 2629 20 2652 8 2736 9 2797 20 2836 8 2859 9 2932 20 2959 8 2993 9 3093 20 3093 8 3158 9 3227 20 3258 8 3296 9 3380 20 3396 8 3460 9 3533 20 3560 8 3610 9 3687 20 3710 1 4094 20 4110 0 4596 20 5110
374 16 20 250 20 256 20 300 0 336 20 550 8 613 9 655 8 720 9 774 8 850 9 900 1 1031 20 1113 0 1403 20 9113 20 10113
375 13 20 250 0 253 1 388 0 404 16 425 20 475 20 481 20 525 10 674 11 716 10 777 11 823 20 874
376 9 20 250 20 256 20 300 0 313 10 538 11 588 10 653 11 699 20 738
377 120 20 250 20 256 20 300 0 343 20 550 8 594 9 640 20 644 8 701 9 751 8 809 9 843 8 908 9 947 8 1012 9 1058 8 1123 9 1173 8 1238 9 1288 8 1318 9 1334 8 1353 20 1394 9 1407 8 1437 9 1456 8 1476 9 1525 20 1537 8 1594 9 1648 20 1694 8 1717 9 1767 20 1817 8 1840 9 1889 20 1940 8 1958 9 2012 20 2058 8 2073 9 2139 20 2173 8 2208 9 2254 20 2308 8 2338 9 2372 20 2438 8 2441 9 2522 20 2541 8 2568 9 2637 20 2668 8 2706 9 2775 20 2806 8 2847 9 2909 20 2947 8 2982 9 3043 20 3082 8 3108 9 3162 20 3208 8 3235 9 3284 20 3335 8 3361 9 3411 20 3461 8 3484 9 3549 20 3584 8 3618 9 3679 20 3718 8 3744 9 3840 20 3844 8 3894 9 3982 20 3994 8 4059 9 4127 20 4159 8 4200 9 4265 20 4300 8 4342 9 4419 20 4442 8 4495 9 4561 20 4595 8 4630 9 4702 20 4730 8 4775 9 4844 20 4875 8 4948 9 5005 20 5048 8 5093 9 5155 20 5193 8 5262 9 5304 20 5362 1 5527 0 5636 20 5762 1 5920 0 6383 20 6762
378 89 20 250 20 256 20 300 0 306 20 550 8 607 9 656 20 657 8 725 9 860 8 921 9 963 8 1032 9 1078 8 1086 9 1116 8 1139 9 1197 8 1266 9 1316 8 1388 20 1407 9 1442 8 1507 9 1569 20 1607 8 1634 9 1714 20 1734 8 1783 9 1856 20 1883 8 1913 9 1990 20 2013 8 2063 9 2124 20 2163 8 2201 9 2258 20 2301 8 2335 9 2385 20 2435 8 2465 9 2523 20 2565 8 2599 9 2657 20 2699 8 2734 9 2810 20 2834 8 2887 9 2960 20 2987 8 3021 9 3105 20 3121 8 3178 9 3243 20 3278 8 3312 9 3381 20 3412 8 3458 9 3523 20 3558 8 3600 9 3676 20 3700 8 3764 9 3833 20 3864 8 3941 9 3983 20 4041 8 4109 9 4140 20 4209 1 4371 20 4609 0 4732 8 5083 9 5140 20 5183 1 5323 0 5800 20 6183
379 32 20 250 20 256 20 300 0 424 20 550 10 614 11 622 10 671 11 725 10 786 11 852 10 917 11 989 10 1051 11 1108 20 1114 10 1166 11 1231 1 1464 0 1811 8 2101 9 2155 8 2216 9 2273 1 2986 0 2996 1 3033 0 3318 1 5286 0 5730 20 9114 20 10114
380 11 20 250 0 260 16 415 20 465 20 471 20 515 10 695 11 733 10 806 11 852 20 895
381 79 20 250 20 256 20 300 0 358 20 550 8 577 20 627 9 730 8 783 9 829 8 891 9 937 8 998 9 1052 8 1109 9 1167 8 1232 9 1285 8 1354 20 1377 9 1404 8 1473 9 1527 20 1573 8 1596 9 1650 20 1696 8 1715 9 1772 20 1815 8 1841 9 1891 20 1941 8 1960 9 2014 20 2060 8 2075 9 2152 20 2175 8 2217 9 2289 20 2317 8 2351 9 2435 20 2451 8 2504 9 2569 20 2604 8 2642 9 2707 20 2742 8 2776 9 2845 20 2876 8 2910 9 2987 20 3010 8 3052 9 3140 20 3152 8 3213 9 3274 20 3313 8 3347 9 3416 20 3447 8 3489 9 3562 20 3589 8 3635 9 3700 20 3735 8 3776 9 3849 20 3876 20 4276 1 4403 0 4705 20 5276
382 18 20 250 20 256 20 300 0 404 20 550 8 610 9 660 8 721 9 767 1 923 20 1110 0 1274 1 3286 0 3291 1 3401 0 5885 20 9110 20 10110
383 80 20 250 0 270 16 410 20 460 20 466 20 510 20 760 8 985 9 1023 20 1035 8 1096 9 1146 8 1211 9 1245 8 1310 9 1349 8 1414 9 1456 8 1521 9 1575 8 1636 9 1694 8 1763 20 1785 9 1816 8 1881 9 1939 20 1981 8 2000 9 2069 20 2100 8 2134 9 2196 20 2234 8 2261 9 2318 20 2361 8 2387 9 2441 20 2487 8 2510 9 2560 20 2610 8 2636 9 2686 20 2736 8 2759 9 2820 20 2859 8 2878 9 2931 20 2978 8 3004 9 3062 20 3104 8 3123 20 3223 9 3265 8 3303 9 3376 20 3403 8 3456 9 3510 20 3556 8 3579 9 3648 20 3679 8 3729 9 3794 20 3829 8 3878 9 3943 20 3978 8 4116 9 4135 20 4216 1 4525 20 4616 0 4690 20 5616
384 97 20 250 20 256 0 286 20 300 20 550 8 575 9 595 20 625 8 629 9 690 8 802 9 947 8 1008 9 1051 8 1120 9 1166 8 1235 9 1281 8 1350 20 1375 9 1403 8 1476 9 1526 20 1576 8 1595 9 1645 20 1695 8 1714 9 1771 20 1814 8 1840 9 1905 20 1940 8 1974 9 2036 20 2074 8 2097 9 2177 20 2197 8 2242 20 2342 9 2373 8 2407 9 2442 8 2507 20 2507 9 2557 8 2629 9 2675 20 2729 8 2744 9 2844 20 2844 8 2909 9 2997 20 3009 8 3063 9 3116 20 3163 8 3178 9 3243 20 3278 8 3304 9 3392 20 3404 8 3461 9 3530 20 3561 8 3599 9 3668 20 3699 8 3737 9 3806 20 3837 8 3883 9 3952 20 3983 8 4028 9 4101 20 4128 8 4170 9 4235 20 4270 8 4323 9 4389 20 4423 8 4492 9 4546 20 4592 8 4634 9 4687 20 4734 20 5134 1 5186 0 5342 1 5792 20 6134
385 9 20 250 20 256 20 300 0 372 8 477 9 497 8 604 9 661 20 677
386 87 20 250 20 256 20 300 0 310 20 550 10 561 20 611 11 622 10 676 11 726 10 783 11 860 10 879 11 925 10 986 11 1036 10 1097 11 1151 10 1212 11 1270 10 1331 20 1361 11 1381 10 1446 11 1504 20 1546 10 1569 11 1626 20 1669 10 1691 11 1749 20 1791 10 1818 11 1875 20 1918 10 1944 11 2002 20 2044 10 2067 11 2124 20 2167 10 2182 20 2282 11 2370 10 2439 11 2481 20 2539 10 2553 20 2653 11 2718 10 2787 11 2852 20 2887 10 2914 11 2986 20 3014 10 3063 11 3132 20 3163 10 3201 11 3270 20 3301 10 3354 11 3416 20 3454 10 3496 11 3569 20 3596 10 3646 11 3722 20 3746 10 3807 11 3879 20 3907 10 3964 11 4029 20 4064 10 4136 11 4186 20 4236 10 4316 11 4328 20 4416 1 4576 20 4816 0 4841 20 5816
387 69 20 250 20 256 20 300 0 439 20 550 10 762 20 812 11 815 10 881 11 930 10 988 11 1022 10 1088 11 1134 10 1195 11 1245 10 1306 11 1360 10 1425 11 1478 10 1540 20 1562 11 1601 10 1670 11 1739 20 1770 10 1777 11 1820 10 1854 20 1877 11 1881 10 1892 11 1931 20 1992 10 2000 11 2065 20 2100 10 2138 11 2203 20 2238 10 2268 11 2333 20 2368 10 2402 11 2471 20 2502 10 2544 11 2609 20 2644 10 2682 11 2747 20 2782 10 2824 11 2896 20 2924 10 2988 11 3054 20 3088 10 3134 11 3211 20 3234 10 3299 11 3360 20 3399 10 3456 11 3510 20 3556 20 3956 20 4956
388 9 20 250 16 425 0 475 20 475 20 481 20 525 10 716 11 762 20 916
389 18 20 250 20 256 20 300 0 303 20 550 8 884 9 930 8 995 9 1048 1 1358 20 1384 0 2183 1 7527 0 7943 1 8110 0 8379 20 9384 20 10384
390 75 20 250 20 256 20 300 0 365 20 550 8 702 9 744 20 752 8 775 9 848 8 905 9 963 8 1001 9 1039 8 1112 9 1154 8 1223 9 1273 8 1338 9 1392 8 1457 20 1502 9 1511 8 1580 9 1637 20 1680 8 1706 9 1756 20 1806 8 1825 9 1894 20 1925 8 1955 9 2032 20 2055 8 2097 9 2185 20 2197 8 2254 9 2335 20 2354 8 2392 9 2454 20 2492 8 2511 9 2561 20 2611 8 2630 9 2680 20 2730 8 2741 9 2833 20 2841 8 2879 9 2963 20 2979 8 3032 9 3120 20 3132 8 3193 9 3270 20 3293 8 3350 9 3416 20 3450 8 3500 9 3580 20 3600 8 3676 9 3753 20 3776 1 4019 20 4176 0 4301 20 5176
391 14 20 250 20 256 20 300 0 410 1 521 20 550 0 1003 8 1273 9 1354 20 2023 1 2350 20 2423 0 2956 20 3423
392 100 20 250 20 256 20 300 0 403 20 550 8 624 9 666 20 674 8 754 9 788 8 857 9 884 8 953 9 995 8 1060 9 1106 8 1172 9 1221 8 1290 9 1344 8 1409 20 1424 9 1471 8 1543 9 1589 20 1643 8 1651 9 1704 20 1751 8 1777 9 1846 20 1877 8 1908 9 1961 20 2008 8 2030 9 2088 20 2130 8 2157 20 2257 9 2264 8 2291 9 2345 20 2391 8 2417 9 2479 20 2517 8 2555 9 2620 20 2655 8 2690 9 2770 20 2790 8 2839 9 2916 20 2939 8 2992 9 3054 20 3092 8 3138 9 3203 20 3238 8 3287 9 3345 20 3387 8 3422 9 3498 20 3522 8 3586 9 3625 20 3686 8 3694 9 3767 20 3794 8 3843 9 3916 20 3943 8 3981 9 4062 20 4081 8 4135 9 4188 20 4235 8 4265 9 4334 20 4365 8 4410 9 4479 20 4510 8 4556 9 4629 20 4656 8 4721 9 4790 20 4821 1 5022 20 5221 0 5239 1 6073 20 6221
393 18 20 250 20 256 20 300 0 379 1 446 0 485 20 550 8 738 9 799 8 857 9 926 8 991 9 1041 8 1114 9 1179 20 1238 20 9238 20 10238
394 11 20 250 0 422 16 426 20 476 20 482 20 526 10 702 11 759 10 855 11 886 20 902
395 78 0 203 1 804 20 1054 20 1060 20 1104 0 1138 20 1354 10 1439 20 1489 11 1505 10 1562 11 1608 10 1665 11 1704 10 1769 11 1815 10 1884 11 1930 10 1995 11 2041 10 2102 11 2152 10 2217 20 2239 11 2271 10 2340 11 2390 20 2440 10 2459 11 2547 20 2559 10 2566 11 2654 20 2666 10 2708 11 2750 20 2808 10 2819 11 2869 20 2919 10 2934 11 3026 20 3034 10 3072 11 3152 20 3172 10 3244 11 3278 20 3344 10 3351 11 3424 20 3451 10 3489 11 3547 20 3589 10 3616 11 3685 20 3716 10 3746 11 3834 20 3846 10 3865 11 3961 20 3965 10 4003 20 4103 11 4118 10 4148 11 4240 20 4248 10 4275 11 4309 20 4375 10 4397 11 4466 20 4497 20 4897 20 5897
396 97 20 250 20 256 0 272 20 300 20 550 8 615 20 665 9 673 8 730 9 768 8 830 9 864 8 929 9 975 8 1040 9 1090 8 1155 9 1209 8 1278 9 1328 8 1401 20 1415 9 1447 8 1519 9 1565 20 1619 8 1638 9 1684 20 1738 8 1757 9 1807 20 1857 8 1880 9 1926 20 1980 8 2006 9 2048 20 2106 8 2121 9 2175 20 2221 8 2248 9 2290 20 2348 8 2359 9 2408 20 2459 8 2481 9 2535 20 2581 8 2612 9 2684 20 2712 8 2723 9 2796 20 2823 8 2864 9 2956 20 2964 8 3033 9 3091 20 3133 8 3171 9 3228 20 3271 8 3297 9 3374 20 3397 8 3447 9 3516 20 3547 8 3596 9 3658 20 3696 8 3738 9 3799 20 3838 8 3884 9 3953 20 3984 8 4041 9 4094 20 4141 8 4182 9 4236 20 4282 8 4324 9 4382 20 4424 8 4500 9 4531 20 4600 1 4794 20 5000 0 5172 1 5783 20 6000
397 112 20 250 20 256 20 300 0 326 20 550 10 578 20 628 11 632 10 693 11 835 10 896 11 942 10 996 11 1049 10 1107 11 1168 10 1233 11 1291 10 1356 20 1378 11 1413 10 1478 11 1544 20 1578 10 1616 11 1674 20 1716 10 1747 11 1804 20 1847 10 1873 11 1934 20 1973 10 2003 11 2053 20 2103 10 2115 11 2172 20 2215 10 2233 11 2275 20 2333 10 2341 11 2390 20 2441 10 2467 11 2532 20 2567 10 2586 11 2628 20 2686 10 2693 11 2747 20 2793 10 2812 11 2912 20 2912 10 2961 11 3007 20 3061 10 3076 11 3130 20 3176 10 3195 11 3268 20 3295 10 3333 11 3410 20 3433 10 3483 11 3544 20 3583 10 3613 11 3678 20 3713 10 3762 11 3820 20 3862 10 3881 11 3950 20 3981 10 4015 11 4088 20 4115 10 4169 11 4245 20 4269 10 4322 11 4399 20 4422 10 4479 11 4483 10 4487 11 4544 20 4579 10 4632 11 4701 20 4732 10 4782 11 4854 20 4882 10 4939 11 5000 20 5039 10 5069 11 5092 20 5169 1 5340 20 5569 0 5801 1 6490 20 6569
398 83 20 250 20 256 20 300 0 338 20 550 10 604 20 654 11 769 10 826 11 872 10 934 11 984 10 1045 11 1102 10 1168 11 1221 10 1290 11 1344 20 1404 10 1409 11 1463 20 1509 10 1524 11 1589 10 1624 20 1624 11 1700 10 1750 11 1819 20 1850 10 1880 11 1945 20 1980 10 2018 11 2080 20 2118 10 2145 11 2210 20 2245 10 2279 11 2352 20 2379 10 2421 11 2493 20 2521 10 2574 11 2639 20 2674 10 2723 11 2781 20 2823 10 2842 11 2900 20 2942 10 2957 11 3022 20 3057 10 3088 11 3160 20 3188 10 3233 11 3314 20 3333 10 3390 11 3459 20 3490 10 3528 11 3605 20 3628 10 3678 11 3770 20 3778 10 3858 11 3942 20 3958 1 4178 20 4358 0 4397 1 4613 0 4630 1 4651 0 4758 20 5358
399 29 0 250 20 250 8 488 9 542 1 715 20 965 20 971 20 1015 0 1105 20 1265 8 1343 9 1396 8 1461 9 1519 1 1716 20 1843 0 2122 10 2396 11 2454 10 2519 11 2553 10 2611 11 2638 10 2699 11 2757 10 2814 11 2894 20 9843 20 10843
400 47 20 250 16 421 20 471 20 477 20 521 0 542 20 771 10 900 20 950 11 961 10 1015 11 1049 10 1103 11 1145 10 1206 11 1252 10 1310 11 1356 10 1409 11 1486 10 1532 11 1613 10 1662 20 1700 11 1743 10 1816 11 1877 20 1916 10 1942 11 2003 20 2042 10 2076 11 2149 20 2176 10 2218 11 2295 20 2318 10 2364 11 2421 20 2464 10 2517 11 2563 20 2617 1 2696 0 2973 20 3017 20 4017
401 22 20 250 20 256 20 300 0 327 20 550 8 717 9 759 8 820 9 874 1 1040 20 1217 0 1547 10 1851 11 1905 10 1978 11 2035 1 6390 0 6749 1 8002 0 8302 20 9217 20 10217
402 13 0 100 1 312 0 492 1 1243 20 1493 20 1499 20 1543 0 1573 10 1792 11 1841 10 1903 11 1953 20 1992
403 9 20 250 20 256 20 300 0 360 10 549 11 595 10 653 11 703 20 749
404 37 20 250 20 256 20 300 0 379 20 550 10 784 20 834 11 845 10 899 11 929 10 979 11 1017 10 1071 11 1109 10 1163 11 1240 10 1274 11 1362 10 1393 11 1474 10 1543 20 1584 11 1612 10 1673 11 1738 20 1773 10 1799 11 1868 20 1899 10 1945 11 2010 20 2045 10 2117 11 2152 20 2217 20 2617 20 3617
405 11 20 250 0 380 16 420 20 470 20 476 20 520 10 684 11 726 10 784 11 834 20 884
406 41 20 250 20 256 20 300 0 416 20 550 8 590 20 640 9 652 8 705 9 836 8 893 9 939 8 996 9 1046 8 1108 9 1161 8 1219 9 1284 8 1345 20 1390 9 1429 8 1487 9 1579 20 1587 8 1648 9 1732 20 1748 8 1801 9 1886 20 1901 8 1958 9 2024 20 2058 8 2100 9 2177 20 2200 8 2265 9 2357 20 2365 20 2765 20 3765
407 95 20 250 20 256 20 300 0 403 20 550 8 585 9 589 20 635 8 639 9 688 8 750 9 788 8 845 9 888 8 945 9 995 8 1060 9 1114 8 1179 9 1233 8 1298 9 1367 20 1385 8 1424 9 1489 20 1524 8 1558 9 1608 20 1658 20 2058 8 2624 9 2639 20 2724 8 2777 9 2823 20 2877 8 2888 9 2946 20 2988 8 3003 9 3088 20 3103 8 3157 9 3226 20 3257 8 3298 9 3364 20 3398 8 3456 9 3524 20 3556 8 3586 9 3682 20 3686 8 3743 9 3835 20 3843 8 3904 9 3996 20 4004 8 4069 9 4165 20 4169 8 4237 9 4318 20 4337 8 4383 9 4448 20 4483 8 4502 9 4582 20 4602 8 4651 9 4743 20 4751 8 4820 9 4885 20 4920 8 4969 9 5031 20 5069 8 5096 9 5161 20 5196 8 5234 9 5303 20 5334 8 5360 9 5376 8 5460 20 5460 9 5475 1 5937 0 6375 20 6460
408 16 20 250 20 256 20 300 0 402 20 550 8 592 9 646 8 711 9 772 20 1092 1 3992 0 4371 8 4612 9 4658 20 9092 20 10092
409 11 20 250 16 418 20 468 20 474 0 496 20 518 10 717 11 755 10 851 11 893 20 917
410 54 20 250 20 256 20 300 0 385 20 550 8 563 9 601 20 613 8 678 9 716 8 781 9 816 8 877 9 915 8 977 9 1023 8 1084 9 1130 8 1191 9 1253 8 1318 20 1363 9 1383 8 1436 9 1517 20 1536 8 1578 9 1640 20 1678 8 1705 9 1758 20 1805 8 1823 9 1900 20 1923 8 1961 9 2046 20 2061 8 2111 20 2211 9 2214 8 2233 9 2241 8 2279 20 2333 9 2371 8 2452 9 2502 20 2552 8 2578 9 2647 20 2678 20 3078 20 4078
411 7 20 250 20 256 20 300 0 324 10 541 11 595 20 741
412 20 20 250 20 256 20 300 0 371 20 550 10 569 11 596 10 650 11 696 10 757 11 815 10 868 11 918 10 972 11 1033 20 1069 8 1428 9 1489 20 9069 20 10069
413 9 20 250 16 415 0 460 20 465 20 471 20 515 10 668 11 710 20 868
414 9 20 250 20 256 20 300 0 322 8 514 9 556 8 618 9 675 20 714
415 10 20 250 20 256 20 300 0 306 10 468 11 483 10 541 11 587 10 648 20 668
416 67 20 250 20 256 20 300 0 397 20 550 8 610 20 660 9 671 8 732 9 909 8 920 9 966 8 1024 9 1074 8 1139 9 1188 8 1250 9 1307 8 1369 20 1410 9 1426 8 1487 9 1549 20 1587 8 1614 9 1671 20 1714 8 1736 9 1836 20 1836 8 1871 9 1943 20 1971 8 2005 9 2085 20 2105 8 2150 9 2219 20 2250 8 2300 9 2361 20 2400 8 2430 9 2499 20 2530 8 2576 9 2645 20 2676 8 2718 9 2783 20 2818 8 2859 9 2928 20 2959 8 3013 9 3082 20 3113 8 3162 9 3235 20 3262 8 3327 9 3388 20 3427 1 3584 20 3827 0 3893 20 4827
417 16 20 250 20 256 20 300 0 394 20 550 8 619 9 661 8 726 9 776 1 916 20 1119 0 1759 1 2626 0 3085 20 9119 20 10119
418 11 20 250 16 421 0 455 20 471 20 477 20 521 10 570 11 601 10 678 11 724 20 770
419 178 20 250 20 256 20 300 0 385 20 550 8 556 9 576 20 606 8 622 9 729 8 736 9 767 8 828 9 871 8 936 9 982 8 1047 9 1097 8 1170 9 1216 20 1356 8 1434 9 1468 20 1534 8 1537 9 1599 20 1637 8 1664 9 1737 20 1764 8 1798 9 1855 20 1898 8 1924 9 1974 20 2024 8 2047 9 2101 20 2147 8 2173 9 2223 20 2273 8 2296 9 2354 20 2396 8 2426 9 2476 20 2526 8 2557 9 2603 20 2657 8 2672 9 2744 20 2772 8 2813 9 2867 20 2913 8 2932 9 2997 20 3032 8 3055 9 3108 20 3155 8 3173 9 3258 20 3273 8 3323 9 3384 20 3423 8 3457 9 3518 20 3557 8 3591 9 3648 20 3691 8 3729 9 3775 20 3829 8 3852 9 3901 20 3952 8 3974 20 4074 9 4200 8 4246 9 4308 20 4346 8 4377 9 4457 20 4477 8 4514 9 4557 20 4614 8 4626 9 4675 20 4726 8 4748 9 4802 20 4848 8 4867 20 4967 9 4970 8 5013 9 5093 20 5113 8 5174 9 5243 20 5274 8 5315 9 5411 20 5415 8 5476 9 5568 20 5576 8 5645 9 5714 20 5745 8 5794 9 5875 20 5894 8 5944 9 6013 20 6044 8 6090 9 6155 20 6190 8 6227 9 6293 20 6327 8 6373 9 6450 20 6473 8 6526 9 6592 20 6626 8 6668 9 6745 20 6768 8 6825 9 6898 20 6925 8 6975 9 7055 20 7075 8 7163 9 7220 20 7263 8 7266 9 7281 8 7327 20 7366 9 7393 8 7465 9 7523 20 7565 8 7599 9 7665 20 7699 8 7764 9 7814 20 7864 8 7918 9 7975 20 8018 8 8075 9 8101 20 8175 8 8293 9 8335 20 8393 8 8439 9 8485 20 8539 1 8642 0 8863 20 8939 1 9692 20 9939
420 89 20 250 20 256 20 300 0 442 20 550 8 675 9 721 20 725 8 748 9 935 8 1001 9 1047 8 1115 9 1161 8 1230 9 1280 8 1349 9 1418 20 1475 8 1491 9 1537 20 1591 8 1602 9 1663 20 1702 8 1725 9 1805 20 1825 8 1867 9 1928 20 1967 8 1997 9 2058 20 2097 8 2139 9 2196 20 2239 8 2280 9 2334 20 2380 8 2407 9 2468 20 2507 8 2541 9 2622 20 2641 8 2706 9 2763 20 2806 8 2829 9 2901 20 2929 8 2970 9 3051 20 3070 8 3139 9 3200 20 3239 8 3273 9 3346 20 3373 8 3426 9 3518 20 3526 8 3599 9 3675 20 3699 8 3771 9 3829 20 3871 8 3913 9 3974 20 4013 8 4078 9 4143 20 4178 8 4235 9 4296 20 4335 8 4404 9 4461 20 4504 8 4565 9 4630 20 4665 1 4970 20 5065 0 5067 20 6065
421 63 20 250 20 256 20 300 0 423 20 550 10 644 20 694 11 701 10 759 11 789 10 847 11 889 10 950 11 992 10 1050 11 1107 10 1165 11 1226 10 1291 11 1353 10 1418 20 1444 11 1479 10 1544 11 1606 20 1644 10 1671 11 1747 10 1770 20 1771 11 1851 10 1881 11 1927 20 1981 10 1989 11 2042 20 2089 10 2107 11 2161 20 2207 10 2234 11 2288 20 2334 10 2353 20 2453 11 2479 10 2487 11 2540 20 2587 10 2598 20 2698 11 2728 10 2790 11 2836 20 2890 10 2901 11 2950 20 3001 10 3042 11 3108 20 3142 20 3542 20 4542
422 98 20 250 20 256 20 300 0 457 20 550 8 923 20 973 9 992 8 1042 9 1184 8 1245 9 1287 8 1352 9 1402 8 1467 9 1532 8 1605 9 1659 8 1720 20 1723 9 1797 8 1866 9 1915 20 1966 8 1996 9 2038 20 2096 8 2115 9 2161 20 2215 8 2241 9 2283 20 2341 8 2360 9 2406 20 2460 8 2475 9 2555 20 2575 8 2651 9 2686 20 2751 8 2762 9 2812 20 2862 8 2881 20 2981 9 2996 8 3038 9 3092 20 3138 8 3165 20 3265 9 3398 8 3448 9 3479 20 3548 8 3552 20 3652 9 3670 8 3709 9 3766 20 3809 8 3851 9 3908 20 3951 8 3992 9 4042 20 4092 8 4123 9 4172 20 4223 8 4238 9 4303 20 4338 8 4372 9 4437 20 4472 8 4517 9 4583 20 4617 8 4674 9 4736 20 4774 8 4824 9 4881 20 4924 8 4981 9 5031 20 5081 8 5127 9 5180 20 5227 1 5406 20 5627 0 5988 1 6445 20 6627
423 9 20 250 20 256 20 300 0 402 8 524 9 539 8 628 9 681 20 724
424 87 20 250 20 256 20 300 0 422 20 550 8 675 20 725 9 729 8 786 9 828 8 882 9 1020 8 1081 9 1127 8 1196 9 1246 8 1257 9 1277 8 1311 9 1365 8 1434 20 1475 9 1487 8 1552 9 1629 20 1652 8 1710 9 1736 8 1809 20 1810 9 1859 8 1924 9 2012 20 2024 8 2081 9 2165 20 2181 8 2219 9 2273 20 2319 8 2349 9 2391 20 2449 8 2464 9 2514 20 2564 8 2579 9 2671 20 2679 8 2717 9 2767 20 2817 8 2851 9 2893 20 2951 8 2978 9 3031 20 3078 8 3119 9 3169 20 3219 8 3257 9 3311 20 3357 8 3403 9 3453 20 3503 8 3549 9 3587 20 3649 8 3683 9 3736 20 3783 8 3844 9 3893 20 3944 8 3982 9 4051 20 4082 8 4139 9 4185 20 4239 8 4277 9 4326 20 4377 20 4777 20 5777
425 11 20 250 16 416 0 420 20 466 20 472 20 516 10 653 11 699 10 765 11 818 20 853
426 10 20 250 20 256 20 300 0 338 8 491 9 506 8 560 9 610 8 675 20 691
427 110 20 250 20 256 20 300 0 364 20 550 10 589 20 639 11 742 10 796 11 842 10 903 11 953 10 1014 11 1064 10 1129 11 1187 10 1252 11 1313 10 1371 20 1389 11 1455 10 1501 11 1551 20 1601 10 1612 11 1666 20 1712 10 1731 11 1785 20 1831 10 1850 11 1904 20 1950 10 1969 11 2038 20 2069 10 2103 11 2176 20 2203 10 2241 11 2337 20 2341 10 2375 11 2417 20 2475 10 2478 11 2520 20 2578 10 2597 11 2651 20 2697 10 2716 11 2773 20 2816 10 2838 11 2892 20 2938 10 2965 11 3019 20 3065 10 3084 20 3184 11 3195 10 3222 11 3264 20 3322 10 3337 11 3386 20 3437 10 3467 11 3517 20 3567 10 3586 11 3651 20 3686 10 3720 11 3781 20 3820 10 3854 11 3934 20 3954 10 4011 11 4080 20 4111 10 4149 11 4226 20 4249 10 4302 11 4375 20 4402 10 4456 11 4528 20 4556 10 4597 11 4670 20 4697 10 4747 11 4823 20 4847 10 4904 11 4980 20 5004 10 5049 11 5138 20 5149 10 5226 11 5295 20 5326 20 5726 20 6726
428 57 20 250 20 256 20 300 0 374 20 550 8 572 9 622 20 622 8 680 9 733 8 791 9 829 8 890 9 936 8 1001 9 1047 8 1109 9 1162 8 1224 9 1281 8 1342 20 1372 9 1396 8 1461 9 1523 20 1561 8 1592 20 1692 9 1703 8 1710 9 1798 20 1810 8 1848 20 1948 9 1952 8 2021 9 2086 20 2121 8 2163 9 2220 20 2263 8 2293 9 2354 20 2393 8 2427 9 2504 20 2527 8 2711 9 2760 20 2811 8 2852 9 2906 20 2952 1 3076 20 3352 0 3436 20 4352
429 82 20 250 20 256 20 300 0 415 20 550 8 584 9 630 20 634 8 691 9 741 8 795 9 833 8 895 9 937 8 1002 9 1048 8 1113 9 1167 8 1232 9 1285 8 1351 20 1384 9 1404 8 1473 9 1527 20 1573 8 1592 9 1653 20 1692 8 1719 9 1788 20 1819 8 1826 9 1918 20 1926 8 1991 9 2040 20 2091 8 2106 9 2148 20 2206 8 2224 9 2267 20 2324 8 2332 9 2420 20 2432 8 2477 9 2516 20 2577 8 2581 9 2634 20 2681 8 2700 9 2795 20 2800 8 2868 9 2926 20 2968 8 2995 9 3060 20 3095 8 3136 9 3213 20 3236 8 3301 9 3359 20 3401 8 3428 9 3500 20 3528 8 3573 9 3642 20 3673 8 3746 9 3799 20 3846 1 3971 20 4246 0 4361 1 5036 20 5246
430 89 20 250 20 256 20 300 0 398 20 550 10 592 20 642 11 657 10 711 11 761 10 811 11 853 10 918 11 960 10 1025 11 1075 10 1140 11 1194 10 1267 11 1320 20 1392 10 1393 11 1455 20 1493 10 1546 11 1585 20 1646 10 1658 11 1711 20 1758 10 1780 11 1849 20 1880 10 1907 11 1968 20 2007 10 2041 11 2102 20 2141 10 2183 11 2244 20 2283 10 2320 11 2389 20 2420 10 2478 11 2547 20 2578 10 2623 11 2688 20 2723 10 2765 11 2819 20 2865 10 2891 11 2953 20 2991 10 3041 11 3110 20 3141 10 3194 11 3259 20 3294 10 3336 11 3386 20 3436 10 3459 11 3524 20 3559 10 3604 11 3639 20 3704 10 3712 11 3784 20 3812 10 3865 11 3953 20 3965 10 4033 11 4106 20 4133 10 4187 11 4252 20 4287 1 4504 20 4687 0 4910 1 5458 20 5687
431 72 20 250 20 256 20 300 0 400 20 550 8 561 9 573 20 611 8 642 9 699 8 764 9 814 8 868 9 914 8 979 9 1025 8 1094 9 1155 8 1228 9 1266 8 1339 20 1361 9 1408 8 1477 9 1561 20 1577 8 1638 9 1695 20 1738 8 1784 9 1837 20 1884 8 1918 9 1979 20 2018 8 2067 9 2121 20 2167 8 2213 9 2274 20 2313 8 2370 9 2431 20 2470 8 2515 9 2581 20 2615 8 2673 9 2734 20 2773 8 2822 9 2895 20 2922 8 2983 9 3040 20 3083 8 3125 9 3205 20 3225 8 3289 9 3366 20 3389 8 3473 9 3527 20 3573 8 3627 9 3688 20 3727 1 3894 20 4127 0 4328 20 5127
432 84 20 250 20 256 20 300 0 357 20 550 8 580 9 626 20 630 8 699 9 745 8 806 9 841 8 902 9 944 8 1009 9 1059 8 1128 9 1182 8 1247 9 1300 8 1369 20 1380 9 1435 8 1507 9 1565 20 1607 8 1626 20 1726 9 1845 8 1898 9 1956 20 1998 8 2021 9 2071 20 2121 8 2136 20 2236 9 2385 8 2454 9 2554 20 2554 8 2626 9 2699 20 2726 8 2761 9 2768 8 2772 9 2845 20 2861 8 2906 9 2952 20 3006 8 3010 9 3098 20 3110 8 3151 9 3197 20 3251 8 3263 20 3363 9 3493 8 3546 9 3604 20 3646 8 3673 9 3742 20 3773 8 3822 9 3899 20 3922 8 3972 9 4044 20 4072 8 4113 9 4179 20 4213 8 4263 9 4336 20 4363 1 4536 20 4763 0 4893 1 5423 20 5763
433 36 20 250 20 256 20 300 0 405 20 550 8 554 9 573 8 646 9 695 8 764 9 833 8 887 9 933 8 1029 20 1054 9 1071 1 1211 0 1561 10 1757 11 1772 10 1849 11 1914 10 1964 11 2010 10 2144 11 2190 10 2259 11 2332 10 2405 11 2485 1 2730 0 3150 20 9054 1 9915 0 9978 20 10054
434 9 20 250 0 310 16 433 20 483 20 489 20 533 10 663 11 713 20 863
435 60 20 250 20 256 20 300 0 337 20 550 8 587 9 633 20 637 8 701 9 755 8 813 9 847 8 908 9 951 8 1012 9 1062 8 1123 9 1177 8 1238 9 1295 8 1357 20 1387 9 1414 8 1487 9 1544 20 1587 8 1613 9 1667 20 1713 8 1736 9 1790 20 1836 8 1866 9 1920 20 1966 8 1989 9 2058 20 2089 8 2127 9 2200 20 2227 8 2272 9 2345 20 2372 8 2418 9 2483 20 2518 8 2568 9 2640 20 2668 8 2721 9 2786 20 2821 8 2901 9 2928 20 3001 1 3292 20 3401 0 3513 20 4401
436 96 20 250 20 256 20 300 0 408 20 550 8 584 9 634 20 634 8 695 9 837 8 902 9 948 8 1013 9 1063 8 1128 9 1190 8 1251 9 1301 8 1370 20 1384 9 1427 8 1496 9 1550 20 1596 8 1619 9 1673 20 1719 8 1741 9 1791 20 1841 8 1860 9 1952 20 1960 8 1994 9 2040 20 2094 8 2117 9 2178 20 2217 8 2255 9 2335 20 2355 8 2393 9 2443 20 2493 8 2523 9 2573 20 2623 8 2646 9 2699 20 2746 8 2772 20 2872 9 2987 8 3041 9 3087 20 3141 8 3155 9 3205 20 3255 8 3270 9 3339 8 3347 20 3370 9 3374 8 3405 9 3504 20 3505 8 3554 9 3634 20 3654 8 3707 9 3780 20 3807 8 3853 9 3926 20 3953 8 4002 9 4067 20 4102 8 4144 9 4232 20 4244 8 4313 9 4389 20 4413 8 4462 9 4550 20 4562 8 4631 9 4719 20 4731 1 4939 20 5131 0 5415 20 6131
437 20 20 250 20 256 20 300 0 392 20 550 8 632 9 678 8 743 9 797 8 866 9 923 20 1132 1 1868 0 2272 1 5893 0 6454 8 6817 9 7047 20 9132 20 10132
438 106 20 250 20 256 20 300 0 363 20 550 8 575 20 625 9 633 8 690 9 828 8 889 9 931 8 997 9 1043 8 1108 9 1161 8 1230 9 1284 8 1353 20 1375 9 1407 8 1479 9 1533 20 1579 8 1606 9 1663 20 1706 8 1732 9 1817 20 1832 8 1878 9 1935 20 1978 8 2012 9 2062 20 2112 8 2142 9 2188 20 2242 8 2265 9 2322 20 2365 8 2399 9 2449 20 2499 8 2529 9 2583 20 2629 8 2675 9 2725 20 2775 8 2794 20 2894 9 2901 8 2943 9 3027 20 3043 8 3096 9 3154 20 3196 8 3215 9 3315 20 3315 8 3368 9 3430 20 3468 8 3502 9 3552 20 3602 8 3617 9 3717 20 3717 8 3732 9 3778 8 3790 20 3832 9 3878 8 3936 9 3993 20 4036 8 4062 20 4162 9 4177 8 4223 9 4300 20 4323 8 4376 9 4449 20 4476 8 4529 9 4610 20 4629 8 4687 9 4756 20 4787 8 4836 9 4909 20 4936 8 4982 9 5051 20 5082 1 5345 20 5482 0 5800 1 6071 20 6482
439 14 20 250 20 256 20 300 0 349 1 377 0 408 20 550 8 659 9 705 8 762 9 820 20 1159 20 9159 20 10159
440 97 20 250 0 298 16 417 20 467 20 473 20 517 20 767 8 831 9 869 20 881 8 942 9 995 8 1057 9 1095 8 1156 9 1198 8 1264 9 1313 8 1378 9 1428 8 1493 9 1547 8 1612 20 1631 9 1666 8 1727 9 1785 20 1827 8 1854 9 1907 20 1954 8 1980 9 2030 20 2080 8 2103 9 2172 20 2203 8 2241 9 2306 20 2341 8 2378 9 2440 20 2478 8 2509 9 2562 20 2609 8 2628 9 2704 20 2728 8 2769 9 2854 20 2869 8 2923 9 2984 20 3023 8 3076 9 3114 20 3176 8 3187 9 3244 20 3287 8 3313 9 3378 20 3413 8 3455 9 3505 20 3555 8 3582 9 3631 20 3682 8 3700 9 3754 20 3800 8 3819 9 3900 20 3919 8 3984 9 4037 20 4084 8 4103 9 4183 20 4203 8 4248 9 4344 20 4348 8 4421 9 4497 20 4521 8 4566 9 4639 20 4666 1 4910 20 5066 0 5264 1 5663 0 5999 20 6066
441 55 20 250 20 256 20 300 0 345 20 550 8 570 20 620 9 624 8 685 9 727 8 785 9 831 8 892 9 942 8 1007 9 1061 8 1122 9 1180 8 1241 9 1298 8 1356 20 1370 9 1463 8 1528 9 1617 20 1628 8 1686 9 1774 20 1786 8 1839 9 1915 20 1939 8 1992 9 2050 20 2092 8 2126 9 2191 20 2226 8 2279 9 2348 20 2379 8 2425 9 2494 20 2525 8 2575 9 2647 20 2675 8 2751 9 2804 20 2851 1 3107 20 3251 0 3437 1 3897 20 4251
442 24 20 250 20 256 20 300 0 406 20 550 10 728 11 781 10 843 11 892 10 954 11 1004 10 1053 11 1119 10 1180 20 1228 11 1256 1 1428 0 1812 8 2149 9 2195 8 2609 9 2617 20 9228 20 10228
443 38 20 250 16 423 20 473 20 479 0 520 20 523 20 773 8 1139 9 1189 20 1189 8 1262 9 1404 8 1465 9 1507 8 1569 9 1622 8 1683 9 1737 8 1806 9 1867 8 1936 20 1939 9 1994 8 2059 9 2155 20 2159 8 2216 20 2316 9 2323 8 2392 9 2469 20 2492 8 2553 9 2634 20 2653 20 3053 1 3840 20 4053
444 47 20 250 20 256 20 300 0 340 20 550 8 632 20 682 9 686 8 744 9 885 8 947 9 993 8 1061 9 1111 8 1176 9 1234 8 1295 9 1356 8 1410 20 1432 9 1475 8 1540 9 1602 20 1640 8 1690 9 1751 20 1790 8 1843 9 1931 20 1943 8 2023 9 2123 20 2123 8 2295 9 2349 20 2395 8 2425 9 2510 20 2525 8 2598 9 2663 20 2698 8 2739 9 2805 20 2839 20 3239 20 4239
445 18 20 250 20 256 0 284 20 300 20 550 10 640 11 683 10 740 11 801 10 859 11 912 10 970 11 1031 20 1140 1 1264 0 2234 20 9140 20 10140
446 75 0 184 1 983 20 1233 20 1239 20 1283 0 1309 20 1533 10 1551 11 1593 20 1601 10 1659 11 1712 10 1770 11 1804 10 1869 11 1915 10 1977 11 2026 10 2088 11 2145 10 2210 11 2268 10 2333 20 2351 11 2406 10 2452 11 2517 20 2552 10 2590 11 2647 20 2690 10 2720 11 2781 20 2820 10 2846 11 2904 20 2946 10 2973 11 3038 20 3073 10 3111 11 3164 20 3211 10 3233 11 3295 20 3333 10 3368 11 3436 20 3468 10 3513 20 3613 11 3620 10 3682 11 3728 20 3782 10 3793 11 3881 20 3893 10 3915 20 4015 11 4019 10 4061 11 4134 20 4161 10 4210 11 4291 20 4310 10 4375 11 4460 20 4475 10 4536 11 4613 20 4636 20 5036 20 6036
447 9 20 250 16 425 20 475 20 481 0 498 20 525 10 754 11 800 20 954
448 34 20 250 20 256 0 284 20 300 20 550 8 640 20 690 9 694 8 775 9 817 8 886 9 928 8 985 9 1035 8 1085 9 1188 8 1219 9 1273 8 1326 9 1364 8 1433 20 1440 9 1487 8 1544 9 1625 20 1644 8 1663 20 1763 9 1801 8 1836 20 1936 9 1939 20 2336 20 3336
449 12 20 250 20 256 20 300 0 331 20 550 1 1034 20 1550 0 1707 1 5236 0 5473 20 6550 20 6560
450 11 20 250 16 434 0 474 20 484 20 490 20 534 10 706 11 756 10 825 11 878 20 906
451 45 20 250 20 256 20 300 0 358 20 550 10 578 20 628 11 631 10 700 11 758 10 815 11 861 10 919 11 965 10 1022 11 1072 10 1126 11 1183 10 1237 11 1332 10 1375 20 1378 11 1436 10 1497 11 1551 20 1597 10 1608 11 1681 10 1708 20 1708 11 1788 10 1846 11 1938 20 1946 10 1984 11 2076 20 2084 10 2137 11 2221 20 2237 10 2290 11 2359 20 2390 20 2790 20 3790
452 109 20 250 20 256 20 300 0 342 20 550 10 619 20 669 11 673 10 715 11 822 10 834 11 876 10 941 11 983 10 1048 11 1098 10 1163 11 1213 10 1282 11 1336 10 1401 20 1419 11 1458 10 1527 11 1577 20 1627 10 1646 11 1696 10 1746 20 1746 11 1749 10 1757 11 1837 20 1857 10 1891 11 1941 20 1991 10 2002 11 2071 20 2102 10 2148 11 2209 20 2248 10 2282 11 2336 20 2382 10 2405 11 2462 20 2505 10 2527 11 2600 20 2627 10 2669 11 2719 20 2769 10 2799 11 2838 20 2899 10 2910 11 2964 20 3010 10 3029 11 3110 20 3129 10 3152 11 3205 20 3252 10 3278 11 3324 20 3378 10 3397 20 3497 11 3723 10 3796 11 3857 20 3896 10 3930 11 3995 20 4030 10 4079 11 4148 20 4179 10 4229 11 4309 20 4329 10 4382 11 4447 20 4482 10 4539 11 4600 20 4639 10 4681 11 4754 20 4781 10 4830 11 4907 20 4930 10 4984 11 5049 20 5084 10 5171 11 5194 20 5271 1 5389 0 5615 20 5671 1 5962 0 6392 20 6671
453 9 20 250 20 256 20 300 0 333 8 521 9 540 8 620 9 666 20 721
454 10 20 250 20 256 0 292 20 300 10 429 11 448 10 502 11 571 10 629 20 629
455 88 20 250 20 256 20 300 0 407 20 550 8 620 20 670 9 689 8 747 9 881 8 946 9 992 8 1057 9 1099 8 1161 9 1210 8 1279 9 1329 8 1360 9 1371 8 1398 20 1420 9 1448 8 1517 9 1571 20 1617 8 1647 9 1701 20 1747 8 1778 9 1824 20 1878 8 1889 20 1989 9 1992 8 2034 9 2115 20 2134 8 2180 9 2256 20 2280 8 2306 9 2391 20 2406 8 2460 9 2502 20 2560 8 2582 20 2682 9 2793 8 2839 9 2885 20 2939 8 2958 20 3058 9 3092 8 3103 9 3165 20 3203 8 3237 9 3302 20 3337 8 3383 9 3440 20 3483 8 3529 9 3594 20 3629 8 3670 9 3735 20 3770 8 3812 9 3873 20 3912 8 3965 9 4030 20 4065 8 4115 9 4180 20 4215 8 4260 9 4333 20 4360 8 4421 9 4479 20 4521 20 4921 20 5921
456 17 20 250 20 256 20 300 20 550 0 699 1 1100 20 1550 0 1643 10 1799 11 1822 10 1945 11 2002 10 2079 11 2140 20 2549 20 2949 20 3949
457 11 20 250 0 336 16 417 20 467 20 473 20 517 10 716 11 762 10 823 11 877 20 916
458 9 20 250 20 256 0 257 20 300 8 452 9 495 8 564 9 617 20 652
459 133 0 229 10 494 11 563 10 632 11 674 1 2078 0 2118 1 2145 20 2395 20 2401 20 2445 0 2483 20 2695 10 2797 11 2847 20 2847 10 2870 11 2885 10 2900 11 2935 10 2988 11 3027 10 3088 11 3126 10 3188 11 3238 10 3303 11 3341 10 3398 11 3494 10 3513 11 3563 20 3597 10 3632 11 3674 20 3732 10 3743 11 3793 20 3843 10 3862 11 3916 20 3962 10 3985 11 4038 20 4085 10 4104 11 4157 20 4204 10 4226 11 4284 20 4326 10 4349 11 4414 20 4449 10 4468 11 4525 20 4568 10 4594 11 4644 20 4694 10 4709 11 4793 20 4809 10 4839 11 4881 20 4939 10 4946 11 4992 20 5046 10 5058 11 5107 20 5158 10 5173 11 5242 20 5273 10 5295 11 5376 20 5395 10 5448 11 5517 20 5548 10 5586 11 5655 20 5686 10 5724 11 5782 20 5824 10 5851 11 5927 20 5951 10 5993 11 6050 20 6093 10 6115 11 6184 20 6215 10 6249 11 6322 20 6349 10 6406 11 6452 20 6506 10 6518 11 6583 20 6618 10 6659 11 6728 20 6759 10 6801 11 6870 20 6901 10 6947 11 7008 20 7047 10 7081 11 7154 20 7181 10 7238 11 7299 20 7338 10 7361 11 7433 20 7461 10 7529 11 7606 20 7629 10 7686 11 7755 20 7786 1 8044 20 8186 0 8313 20 9186
460 18 20 250 20 256 20 300 0 457 20 550 8 689 9 739 8 816 9 862 1 963 20 1189 0 1293 10 1517 11 1586 10 1643 11 1682 20 9189 20 10189
461 11 20 250 16 422 0 455 20 472 20 478 20 522 10 682 11 740 10 797 11 855 20 882
462 89 20 250 20 256 20 300 0 398 20 550 10 606 20 656 11 663 10 724 11 770 10 824 11 862 10 924 11 966 10 1023 11 1073 10 1134 11 1177 10 1242 11 1292 10 1357 20 1406 11 1407 10 1472 11 1529 20 1572 10 1591 11 1663 20 1691 10 1706 11 1763 20 1806 10 1832 11 1878 20 1932 10 1947 11 2001 20 2047 10 2062 11 2146 20 2162 10 2192 11 2234 20 2292 10 2307 11 2353 20 2407 10 2415 11 2503 20 2515 10 2541 20 2641 11 2656 10 2710 11 2756 20 2810 10 2821 11 2871 20 2921 10 2936 11 3035 20 3036 10 3070 20 3170 11 3181 10 3227 11 3292 20 3327 10 3357 11 3434 20 3457 10 3511 11 3580 20 3611 10 3649 11 3721 20 3749 10 3794 11 3867 20 3894 10 3936 11 4009 20 4036 10 4085 11 4151 20 4185 20 4585 1 5441 20 5585
463 69 20 250 20 256 20 300 0 306 20 550 10 554 20 604 11 615 10 646 11 699 10 753 11 795 10 860 11 906 10 967 11 1040 10 1067 11 1132 10 1190 11 1289 10 1316 20 1354 11 1389 10 1435 11 1492 20 1535 10 1561 11 1615 20 1661 10 1684 11 1753 20 1784 10 1818 11 1899 20 1918 10 1968 11 2056 20 2068 10 2106 11 2167 20 2206 10 2228 11 2305 20 2328 10 2381 11 2458 20 2481 10 2531 11 2596 20 2631 10 2673 11 2742 20 2773 10 2834 11 2899 20 2934 10 2983 11 3048 20 3083 10 3121 11 3186 20 3221 10 3290 11 3339 20 3390 20 3790 1 3965 0 4206 20 4790
464 133 20 250 0 265 1 351 16 418 20 468 20 474 0 496 20 518 20 768 8 778 20 828 9 832 8 897 9 924 8 981 9 1023 8 1085 9 1127 8 1188 9 1234 8 1295 9 1345 8 1406 9 1464 8 1529 20 1578 9 1583 8 1652 9 1701 20 1752 8 1767 9 1820 20 1867 8 1881 9 1947 20 1981 8 2008 9 2065 20 2108 8 2134 9 2184 20 2234 8 2257 9 2311 20 2357 8 2387 9 2433 20 2487 8 2506 9 2560 20 2606 8 2633 9 2690 20 2733 8 2759 9 2839 20 2859 8 2866 9 2889 8 2916 20 2966 9 2981 8 3058 9 3127 20 3158 8 3200 9 3257 20 3300 8 3341 9 3418 20 3441 8 3495 9 3583 20 3595 8 3602 9 3656 8 3671 20 3702 9 3717 8 3786 9 3836 20 3886 8 3897 9 3993 20 3997 8 4031 9 4096 20 4131 8 4165 9 4249 8 4265 20 4265 9 4322 8 4326 20 4426 9 4433 8 4479 9 4529 20 4579 8 4598 9 4679 20 4698 8 4744 9 4820 20 4844 8 4886 9 4958 20 4986 8 5039 9 5112 20 5139 8 5184 9 5257 20 5284 8 5334 9 5410 20 5434 8 5479 9 5560 20 5579 8 5637 9 5721 20 5737 8 5828 9 5878 20 5928 1 6199 20 6328 0 6399 1 6626 0 6909 1 7114 20 7328
465 31 20 250 20 256 20 300 0 451 20 550 10 621 11 632 20 671 10 686 11 736 10 805 11 851 10 908 11 966 10 1023 11 1085 10 1142 11 1222 10 1295 11 1368 20 1421 10 1433 11 1510 20 1533 10 1586 11 1663 20 1686 1 1800 20 2086 0 2123 20 3086
466 83 20 250 20 256 20 300 0 411 20 550 8 620 20 670 9 677 8 739 9 873 8 934 9 972 8 1037 9 1087 8 1156 9 1206 8 1279 9 1325 8 1401 20 1420 9 1451 8 1532 9 1578 20 1632 8 1650 9 1700 20 1750 8 1781 9 1831 20 1881 8 1911 9 1965 20 2011 8 2037 9 2080 20 2137 8 2141 9 2237 20 2241 8 2309 20 2409 9 2420 8 2482 9 2524 20 2582 8 2601 9 2654 20 2701 8 2727 9 2819 20 2827 8 2884 9 2922 20 2984 8 2999 9 3068 20 3099 8 3149 9 3217 20 3249 8 3290 9 3359 20 3390 8 3436 9 3509 20 3536 8 3589 9 3658 20 3689 8 3731 9 3808 20 3831 8 3880 9 3949 20 3980 8 4030 9 4110 20 4130 8 4225 9 4279 20 4325 20 4725 20 5725
467 20 20 250 20 256 20 300 0 361 20 550 8 557 9 606 8 668 9 721 1 868 20 1057 0 1179 10 1423 11 1488 10 1553 11 1595 10 1660 11 1714 20 9057 20 10057
468 11 20 250 0 368 16 412 20 462 20 468 20 512 10 711 11 753 10 814 11 856 20 911
469 10 20 250 20 256 20 300 0 363 10 535 11 542 10 604 11 657 10 734 20 735
470 29 0 136 1 214 20 464 20 470 20 514 0 556 20 764 10 787 20 837 11 890 10 913 11 948 10 1005 11 1047 10 1105 11 1147 10 1197 11 1254 10 1319 11 1384 10 1438 11 1507 10 1572 20 1587 11 1652 1 1873 20 1987 0 2426 20 2987
471 10 20 250 20 256 20 300 0 316 8 517 9 524 8 589 9 635 8 701 20 717
472 99 20 250 20 256 20 300 0 328 20 550 8 733 20 783 9 787 8 848 9 883 8 944 9 982 8 1044 9 1082 8 1147 9 1189 8 1254 9 1304 8 1373 9 1427 8 1492 20 1533 9 1553 8 1611 9 1676 20 1711 8 1722 9 1772 20 1822 8 1844 9 1890 20 1944 8 1971 9 2024 20 2071 8 2101 9 2162 20 2201 8 2235 9 2285 20 2335 8 2365 9 2404 20 2465 8 2477 9 2538 20 2577 8 2595 20 2695 9 2706 8 2760 9 2802 20 2860 8 2875 9 2917 20 2975 8 2998 9 3040 20 3098 8 3105 9 3189 20 3205 8 3235 9 3323 20 3335 8 3362 20 3462 9 3465 8 3496 9 3584 20 3596 8 3645 9 3703 20 3745 8 3775 9 3841 20 3875 8 3910 20 4010 9 4017 8 4047 9 4128 20 4147 8 4197 9 4266 20 4297 8 4339 9 4408 20 4439 8 4488 9 4565 20 4588 8 4641 9 4722 20 4741 1 4980 20 5141 0 5285 20 6141
473 91 20 250 20 256 20 300 0 383 20 550 8 664 20 714 9 725 8 779 9 817 8 875 9 913 8 978 9 1024 8 1089 9 1139 8 1204 9 1250 8 1319 9 1373 8 1445 20 1464 9 1488 8 1553 9 1626 20 1653 8 1698 9 1744 20 1798 8 1817 9 1886 20 1917 8 1928 9 1940 8 1944 20 2028 9 2055 8 2104 9 2185 20 2204 8 2242 9 2292 20 2342 8 2357 9 2442 20 2457 8 2503 9 2557 20 2603 8 2629 9 2729 20 2729 8 2771 9 2859 20 2871 8 2909 9 2967 20 3009 8 3039 9 3097 20 3139 8 3162 9 3262 20 3262 8 3327 9 3365 20 3427 8 3442 9 3503 20 3542 8 3580 9 3649 20 3680 8 3729 9 3783 20 3829 8 3875 9 3947 20 3975 8 4039 9 4043 8 4047 9 4112 20 4139 8 4193 9 4250 20 4293 1 4608 20 4693 0 4855 20 5693
474 28 20 250 20 256 20 300 0 368 20 550 8 650 9 700 8 777 9 807 1 930 20 1150 0 1646 8 1941 9 2003 8 2071 9 2121 1 2245 0 2606 10 2803 11 2849 10 2937 11 3002 10 3068 11 3102 1 3425 0 3868 20 9150 20 10150
475 74 20 250 0 324 16 430 20 480 20 486 20 530 20 780 8 828 9 867 20 878 8 955 9 997 8 1054 9 1089 8 1150 9 1192 8 1254 9 1300 8 1361 9 1411 8 1472 9 1529 8 1598 20 1628 9 1648 8 1721 9 1775 20 1821 8 1843 9 1897 20 1943 8 1955 9 2043 20 2055 8 2096 9 2169 20 2196 8 2246 9 2307 20 2346 8 2380 9 2437 20 2480 8 2502 20 2602 9 2640 8 2648 9 2744 20 2748 8 2820 9 2885 20 2920 8 2962 9 3035 20 3062 8 3111 9 3173 20 3211 8 3268 9 3337 20 3368 8 3410 9 3479 20 3510 8 3560 9 3644 20 3660 8 3732 9 3816 20 3832 20 4232 1 5068 0 5154 20 5232
476 10 20 250 20 256 20 300 0 316 10 489 11 520 10 569 11 615 10 677 20 689
477 44 20 250 20 256 20 300 0 375 20 550 8 572 20 622 9 629 8 698 9 729 8 786 9 828 8 890 9 939 8 1001 9 1047 8 1112 9 1188 8 1246 9 1334 20 1372 8 1399 9 1457 20 1499 8 1514 9 1575 20 1614 8 1641 9 1721 20 1741 8 1798 9 1867 20 1898 8 1935 9 1997 20 2035 8 2073 9 2146 20 2173 8 2269 9 2284 20 2369 20 2769 20 3769
478 110 20 250 20 256 20 300 0 373 20 550 10 673 11 708 20 723 10 804 11 938 10 999 11 1037 10 1095 11 1137 10 1198 11 1237 10 1298 11 1348 10 1417 11 1463 20 1473 10 1532 11 1585 20 1632 10 1650 11 1708 20 1750 10 1784 11 1830 20 1884 10 1899 11 1965 20 1999 10 2022 11 2087 20 2122 10 2160 11 2221 20 2260 10 2294 11 2355 20 2394 10 2420 11 2520 20 2520 10 2547 11 2623 20 2647 10 2692 11 2761 20 2792 10 2838 11 2915 20 2938 10 3003 11 3072 20 3103 10 3148 11 3217 20 3248 10 3305 11 3370 20 3405 10 3447 11 3501 20 3547 10 3566 11 3623 20 3666 10 3696 11 3761 20 3796 10 3838 11 3911 20 3938 10 4003 11 4083 20 4103 10 4175 11 4236 20 4275 10 4313 11 4393 20 4413 10 4497 11 4554 20 4597 10 4650 11 4704 20 4750 10 4792 11 4853 20 4892 10 4933 11 4998 20 5033 10 5098 11 5152 20 5198 10 5244 11 5297 20 5344 10 5378 11 5435 20 5478 1 5641 20 5878 0 5879 1 6562 20 6878
479 106 0 91 1 429 20 679 20 685 20 729 0 810 20 979 8 1049 20 1099 9 1110 8 1122 9 1202 8 1218 9 1306 8 1371 9 1417 8 1486 9 1536 8 1608 9 1662 8 1666 9 1693 8 1731 9 1785 8 1812 9 1827 20 1849 8 1854 9 1911 20 1954 8 1988 9 2045 8 2076 20 2088 9 2091 8 2122 9 2187 20 2222 8 2264 9 2321 20 2364 8 2390 9 2459 20 2490 8 2528 9 2589 20 2628 8 2662 9 2723 20 2762 8 2808 9 2869 20 2908 8 2938 9 3011 20 3038 8 3095 9 3156 20 3195 8 3229 9 3294 20 3329 8 3375 9 3413 20 3475 8 3493 9 3566 20 3593 8 3654 9 3708 20 3754 8 3800 9 3857 20 3900 8 3938 9 3999 20 4038 8 4091 9 4149 20 4191 8 4237 9 4290 20 4337 8 4375 9 4436 20 4475 8 4524 9 4589 20 4624 8 4685 9 4754 20 4785 8 4865 9 4926 20 4965 8 5034 9 5095 20 5134 8 5183 9 5244 20 5283 1 5504 20 5683 0 5763 1 6333 20 6683
480 24 20 250 20 256 20 300 0 403 20 550 8 728 9 782 8 854 9 919 1 1118 20 1228 0 1526 10 1992 11 2023 1 2369 0 2805 1 5069 0 5420 1 6093 0 6530 10 6805 11 6824 20 9228 20 10228
481 9 20 250 16 437 20 487 20 493 0 504 20 537 10 605 11 613 20 805
482 181 20 250 20 256 20 300 0 322 20 550 8 596 9 638 20 646 8 711 9 964 8 1029 9 1075 8 1144 9 1198 8 1263 9 1316 8 1385 20 1396 9 1443 8 1504 9 1573 20 1604 8 1638 9 1696 20 1738 8 1772 9 1822 20 1872 8 1899 9 1956 20 1999 8 2037 9 2087 20 2137 8 2152 9 2217 20 2252 8 2286 9 2385 20 2386 8 2450 9 2550 20 2550 8 2619 9 2676 20 2719 8 2749 9 2811 20 2849 8 2883 9 2949 20 2983 8 3006 9 3063 20 3106 8 3125 9 3224 20 3225 8 3270 9 3335 20 3370 8 3401 9 3454 20 3501 8 3531 9 3588 20 3631 8 3661 9 3722 20 3761 8 3795 9 3845 20 3895 8 3926 9 3979 20 4026 8 4075 9 4144 20 4175 8 4209 9 4278 20 4309 8 4355 9 4424 20 4455 8 4504 9 4577 20 4604 8 4657 9 4730 20 4757 8 4807 9 4906 20 4907 8 4987 9 5052 20 5087 8 5129 9 5175 20 5229 8 5243 9 5297 20 5343 8 5366 9 5431 20 5466 8 5496 9 5558 20 5596 8 5623 9 5711 20 5723 8 5787 9 5841 20 5887 8 5914 9 5964 20 6014 8 6029 9 6128 20 6129 8 6174 20 6274 9 6282 8 6358 9 6423 20 6458 8 6496 9 6573 20 6596 8 6646 9 6730 20 6746 8 6799 9 6883 20 6899 8 6960 9 7052 20 7060 8 7132 9 7209 20 7232 8 7281 9 7377 20 7381 8 7454 9 7531 20 7554 8 7615 9 7699 20 7715 8 7776 9 7860 20 7876 8 7948 9 8025 20 8048 8 8113 9 8182 20 8213 8 8266 9 8354 20 8366 8 8431 9 8515 20 8531 8 8592 9 8664 20 8692 8 8741 9 8829 20 8841 8 8944 9 8994 20 9044 1 9245 0 9349 1 9385 20 9444 0 9445 20 10444
483 9 20 250 20 256 20 300 0 391 8 499 9 514 8 659 20 699 9 705
484 9 20 250 20 256 0 295 20 300 10 543 11 597 10 666 11 727 20 743
485 104 20 250 20 256 20 300 0 399 20 550 10 655 20 705 11 727 10 781 11 827 10 881 11 923 10 988 11 1030 10 1091 11 1141 10 1214 11 1264 10 1336 11 1390 20 1455 10 1463 11 1509 20 1563 10 1582 11 1643 20 1682 10 1720 11 1777 20 1820 10 1842 11 1896 20 1942 10 1965 11 2022 20 2065 10 2099 11 2149 20 2199 10 2217 11 2306 20 2317 10 2367 11 2405 20 2467 10 2478 20 2578 11 2581 10 2620 11 2662 20 2720 10 2735 11 2788 20 2835 10 2865 11 2907 20 2965 10 2999 11 3053 20 3099 10 3133 11 3202 20 3233 10 3283 11 3371 20 3383 10 3463 11 3532 20 3563 10 3616 11 3681 20 3716 10 3765 11 3846 20 3865 10 3934 11 4003 20 4034 10 4076 11 4125 20 4176 10 4206 11 4260 20 4306 10 4340 11 4420 20 4440 10 4501 11 4585 20 4601 10 4677 11 4765 20 4777 10 4869 11 4911 20 4969 1 5089 0 5304 1 5365 20 5369 0 5402 1 5772 0 6034 20 6369
486 26 20 250 20 256 20 300 0 375 20 550 8 649 9 703 8 764 9 821 8 883 9 956 8 1021 9 1109 20 1149 8 1182 9 1274 8 1461 9 1496 1 1688 0 2092 10 2423 11 2488 10 2569 11 2615 20 9149 20 10149
487 9 20 250 0 290 16 425 20 475 20 481 20 525 10 551 11 597 20 751
488 80 0 230 8 562 9 578 8 647 9 708 8 781 9 846 8 915 9 945 8 980 9 1041 1 1260 20 1510 20 1516 0 1547 20 1560 20 1810 8 1945 9 1991 20 1995 8 2079 9 2125 8 2194 9 2229 8 2290 9 2440 8 2509 9 2562 8 2624 9 2681 20 2745 8 2746 9 2815 20 2846 8 2880 9 2949 20 2980 8 3022 9 3099 20 3122 8 3168 9 3214 20 3268 8 3283 9 3329 20 3383 8 3405 9 3447 20 3505 8 3524 9 3574 20 3624 8 3643 9 3716 20 3743 8 3800 9 3830 20 3900 8 3907 9 3984 20 4007 8 4053 9 4133 20 4153 8 4194 20 4294 9 4306 8 4386 9 4447 20 4486 8 4528 9 4604 20 4628 8 4696 9 4773 20 4796 1 5176 20 5196 0 5378 20 6196
489 13 20 250 20 256 20 300 0 402 20 550 1 706 0 1061 20 1550 8 1967 9 2112 20 2717 20 3117 20 4117
490 11 20 250 16 439 0 473 20 489 20 495 20 539 10 711 11 749 10 814 11 864 20 911
491 45 20 250 20 256 20 300 0 549 20 550 10 923 20 973 11 980 10 1041 11 1084 10 1141 11 1172 10 1225 11 1290 10 1321 11 1390 10 1436 11 1482 10 1536 11 1582 10 1639 11 1693 20 1723 10 1750 11 1804 20 1850 10 1858 11 1934 20 1958 10 1969 11 2049 10 2068 20 2069 11 2133 10 2187 11 2252 20 2287 10 2314 11 2398 20 2414 10 2513 11 2574 20 2613 20 3013 20 4013
492 12 20 250 16 447 20 497 20 503 20 547 20 797 0 1177 1 1241 0 1443 20 1797 20 6797 20 6807
493 20 20 250 16 440 20 490 20 496 0 519 20 540 20 790 10 892 11 938 1 1172 0 1228 20 1392 8 1409 9 1455 8 1524 9 1570 1 1777 0 2025 20 9392 20 10392
494 12 20 250 16 439 20 489 20 495 20 539 0 564 10 784 11 826 10 887 11 929 20 984 10 987
495 9 20 250 20 256 20 300 0 338 8 517 9 555 8 632 9 689 20 717
496 80 20 250 20 256 0 298 20 300 20 550 8 638 9 684 20 688 8 742 9 803 8 861 9 899 8 960 9 999 8 1064 9 1110 8 1167 9 1213 8 1275 9 1324 8 1389 9 1435 20 1438 8 1497 9 1566 20 1597 8 1631 9 1715 20 1731 8 1780 9 1865 20 1880 8 1930 9 2026 20 2030 8 2098 9 2190 20 2198 8 2252 9 2324 20 2352 8 2378 9 2432 8 2466 20 2478 9 2485 8 2501 9 2574 20 2601 8 2646 9 2681 8 2746 20 2746 9 2811 8 2884 9 2938 20 2984 8 3003 9 3056 20 3103 8 3122 9 3206 20 3222 8 3271 9 3336 20 3371 8 3409 9 3463 20 3509 8 3524 9 3608 20 3624 8 3685 9 3773 20 3785 8 3880 9 3922 20 3980 20 4380 20 5380
497 127 20 250 20 256 0 272 20 300 20 550 8 596 9 603 8 611 9 619 20 646 8 814 9 960 8 1017 9 1052 8 1113 9 1155 8 1216 9 1262 8 1324 9 1370 20 1396 8 1435 9 1485 20 1535 8 1550 9 1600 20 1650 8 1665 9 1718 20 1765 8 1784 9 1837 20 1884 8 1910 9 1956 20 2010 8 2021 9 2102 20 2121 8 2140 9 2190 20 2240 8 2255 9 2309 20 2355 8 2374 9 2431 20 2474 8 2493 9 2569 20 2593 8 2623 20 2723 9 2730 8 2780 9 2834 20 2880 8 2906 9 2956 20 3006 8 3018 9 3087 20 3118 8 3133 9 3228 20 3233 8 3286 9 3336 20 3386 8 3405 9 3454 20 3505 8 3516 9 3611 20 3616 8 3657 9 3711 20 3757 8 3772 9 3822 20 3872 8 3884 20 3984 9 3987 8 4014 20 4114 9 4228 8 4294 9 4374 20 4394 8 4424 9 4520 20 4524 8 4554 9 4612 20 4654 8 4681 9 4738 20 4781 8 4811 9 4880 20 4911 8 4957 9 5018 20 5057 8 5095 9 5156 20 5195 8 5248 9 5313 20 5348 8 5394 9 5451 20 5494 8 5558 9 5604 20 5658 8 5685 9 5750 20 5785 8 5853 9 5903 20 5953 1 6279 20 6353 0 6542 20 7353
498 67 20 250 20 256 0 291 20 300 20 550 8 595 9 645 20 645 8 680 9 745 8 806 9 837 8 906 9 952 8 1021 9 1197 8 1231 9 1327 8 1392 20 1395 9 1488 8 1523 9 1603 20 1623 8 1664 9 1729 20 1764 8 1795 9 1860 20 1895 8 1925 20 2025 9 2028 8 2067 9 2128 20 2167 8 2205 9 2270 20 2305 8 2342 9 2423 20 2442 8 2503 9 2580 20 2603 8 2664 9 2737 20 2764 8 2833 9 2890 20 2933 8 2990 9 3048 20 3090 8 3143 9 3205 20 3243 8 3289 9 3343 20 3389 8 3446 9 3492 20 3546 1 3666 0 3913 20 3946 20 4946
499 8 20 250 20 256 20 300 0 403 8 496 9 531 8 665 20 696
500 71 20 250 20 256 20 300 0 320 20 550 8 669 20 719 9 738 8 761 9 918 8 979 9 1025 8 1091 9 1140 8 1206 9 1255 8 1321 9 1382 8 1447 20 1469 9 1497 8 1562 9 1635 20 1662 8 1708 9 1765 20 1808 8 1846 9 1899 20 1946 8 1972 9 2029 20 2072 8 2106 9 2175 20 2206 8 2263 9 2309 20 2363 8 2390 9 2443 20 2490 8 2524 9 2577 20 2624 8 2658 9 2715 20 2758 8 2800 9 2865 20 2900 8 2949 9 3007 20 3049 8 3095 9 3145 20 3195 8 3233 9 3279 20 3333 8 3375 9 3428 20 3475 8 3512 9 3570 20 3612 8 3673 9 3712 20 3773 20 4173 20 5173
501 22 20 250 20 256 0 275 20 300 20 550 8 668 9 710 8 783 9 817 1 988 20 1168 0 1284 10 1557 11 1618 10 1683 11 1725 10 1787 11 1836 1 2073 0 2366 20 9168 20 10168
502 25 20 250 0 328 16 436 20 486 20 492 20 536 20 786 1 1529 0 1606 1 1639 20 1786 0 2655 1 2872 0 3745 1 4170 0 4500 8 4685 9 4769 8 4938 9 4949 8 5026 9 5064 20 5435 20 5835 20 6835
503 111 20 250 20 256 20 300 0 376 20 550 8 687 9 729 20 737 8 786 9 848 8 894 9 936 8 1001 9 1047 8 1116 9 1158 8 1227 9 1281 8 1342 9 1396 8 1445 20 1487 9 1507 8 1560 9 1568 8 1572 9 1629 20 1660 8 1683 9 1771 20 1783 8 1829 9 1921 20 1929 8 1967 9 2047 20 2067 8 2097 9 2162 20 2197 8 2212 9 2258 20 2312 8 2323 9 2377 20 2423 8 2442 20 2542 9 2656 8 2718 9 2771 20 2818 8 2833 9 2886 20 2933 8 2948 9 3047 20 3048 8 3063 20 3163 9 3181 8 3223 9 3323 20 3323 8 3392 9 3453 20 3492 8 3522 9 3599 20 3622 8 3660 9 3760 20 3760 8 3821 9 3890 20 3921 8 3951 9 4028 20 4051 8 4101 9 4170 8 4200 20 4201 9 4300 8 4373 9 4442 20 4473 8 4511 9 4580 20 4611 8 4653 9 4737 20 4753 8 4814 9 4879 20 4914 8 4974 9 5040 20 5074 8 5128 9 5204 20 5228 8 5304 9 5361 20 5404 1 5529 0 5581 1 5692 0 5799 20 5804 20 6804
504 20 20 250 20 256 20 300 0 378 20 550 8 647 9 697 8 754 9 812 1 980 20 1147 0 1295 10 1521 11 1586 10 1651 11 1682 10 1758 11 1804 20 9147 20 10147
505 11 20 250 16 430 0 462 20 480 20 486 20 530 10 698 11 759 10 821 11 870 20 898
506 34 20 250 20 256 20 300 0 418 20 550 8 697 9 747 8 823 9 877 8 999 9 1042 8 1137 9 1187 20 1197 10 1827 11 1881 10 1946 11 1988 10 2045 11 2111 1 2359 0 2792 1 5053 0 5475 1 5524 0 5672 1 7937 20 9197 0 9615 8 9833 9 9859 20 9933 1 10126 20 10933
507 150 20 250 20 256 20 300 0 397 20 550 8 722 9 772 20 772 8 787 9 875 8 941 9 979 8 1040 9 1086 8 1151 9 1201 8 1270 9 1320 8 1389 9 1443 8 1512 20 1522 9 1615 8 1634 9 1688 20 1734 8 1757 20 1857 9 1937 8 2025 9 2060 20 2125 8 2132 9 2186 20 2232 8 2255 9 2309 20 2355 8 2381 9 2439 20 2481 8 2512 20 2612 9 2692 8 2768 9 2822 20 2868 8 2906 9 2952 20 3006 8 3033 9 3090 20 3133 8 3155 9 3236 20 3255 8 3270 9 3332 20 3370 8 3393 9 3474 20 3493 8 3535 9 3600 20 3635 8 3669 9 3738 20 3769 8 3795 9 3884 20 3895 8 3930 9 4010 20 4030 8 4071 9 4136 20 4171 8 4190 9 4259 20 4290 8 4324 9 4366 20 4424 8 4451 9 4497 20 4551 8 4569 20 4669 9 4803 8 4861 9 4903 20 4961 8 4968 20 5068 9 5202 8 5274 9 5313 20 5374 8 5382 9 5451 20 5482 8 5516 20 5616 9 5631 8 5677 9 5772 20 5777 8 5830 9 5918 20 5930 8 5995 9 6064 20 6095 8 6136 9 6205 20 6236 8 6293 9 6370 20 6393 8 6447 9 6512 20 6547 8 6585 9 6661 20 6685 8 6745 9 6814 20 6845 8 6899 9 6975 20 6999 8 7052 9 7125 20 7152 8 7209 9 7286 20 7309 8 7374 9 7439 20 7474 8 7500 9 7542 20 7600 1 7797 20 8000 0 8045 1 8352 0 8581 1 8994 20 9000
508 60 20 250 20 256 20 300 0 443 20 550 8 759 20 809 9 820 8 889 9 939 8 997 9 1035 8 1096 9 1422 8 1441 9 1537 20 1559 8 1571 9 1656 20 1671 8 1698 9 1717 8 1721 9 1774 20 1798 8 1832 20 1932 9 2085 8 2135 9 2150 8 2158 9 2234 20 2235 8 2303 9 2380 20 2403 8 2426 9 2437 8 2441 20 2526 9 2533 8 2590 9 2659 20 2690 8 2728 9 2805 20 2828 8 2889 9 2974 20 2989 8 3050 9 3131 20 3150 8 3207 9 3284 20 3307 1 3524 20 3707 0 3779 20 4707
509 18 20 250 20 256 20 300 0 395 20 550 8 614 9 625 8 736 9 794 8 859 9 909 8 982 9 1047 20 1114 1 2668 0 3495 20 9114 20 10114
510 96 20 250 20 256 20 300 0 366 20 550 8 685 9 731 20 735 8 777 9 846 8 908 9 942 8 1015 9 1061 8 1134 9 1180 8 1252 9 1333 8 1379 9 1433 20 1485 8 1502 9 1555 20 1602 8 1628 9 1720 20 1728 8 1766 9 1804 8 1854 9 1866 20 1866 8 1877 9 1973 20 1977 8 2038 9 2092 20 2138 8 2168 9 2214 8 2268 20 2268 9 2280 8 2287 9 2379 20 2387 8 2429 9 2525 20 2529 8 2594 9 2651 20 2694 8 2724 9 2816 20 2824 8 2858 9 2943 20 2958 8 3004 9 3088 20 3104 8 3142 20 3242 9 3253 8 3322 9 3395 20 3422 8 3471 9 3548 20 3571 8 3628 9 3697 20 3728 8 3770 9 3847 20 3870 8 3908 9 3916 8 3920 9 4000 20 4008 8 4104 9 4188 20 4204 8 4280 9 4364 20 4380 8 4475 9 4537 20 4575 1 4847 20 4975 0 5256 1 5448 0 5451 20 5975
511 134 20 250 20 256 20 300 0 365 20 550 8 642 9 692 20 692 8 707 9 799 8 861 9 903 8 968 9 1018 8 1087 9 1137 8 1209 20 1442 9 1520 8 1600 20 1700 9 1780 8 1849 20 1949 9 2045 8 2125 20 2225 9 2332 8 2401 9 2451 20 2501 8 2528 9 2619 20 2628 8 2650 9 2750 20 2750 8 2803 9 2872 20 2903 8 2922 9 2930 8 2934 20 3022 9 3045 8 3083 9 3087 8 3095 9 3179 20 3183 8 3263 9 3321 20 3363 8 3405 9 3489 20 3505 8 3535 9 3635 20 3635 8 3689 9 3761 20 3789 8 3819 9 3876 20 3919 8 3957 9 4057 20 4057 8 4099 9 4175 20 4199 8 4263 9 4313 20 4363 8 4401 9 4463 20 4501 8 4547 20 4647 9 4673 8 4685 20 4785 9 4792 8 4857 9 4911 20 4957 8 4995 20 5095 9 5106 8 5133 9 5218 20 5233 8 5275 9 5317 8 5375 20 5375 9 5382 8 5386 9 5471 20 5486 8 5524 9 5570 20 5624 8 5651 9 5739 20 5751 8 5823 9 5892 20 5923 8 5976 9 6042 20 6076 8 6137 9 6199 20 6237 8 6287 9 6348 20 6387 8 6429 9 6490 20 6529 8 6582 9 6659 20 6682 8 6762 9 6796 20 6862 1 7058 0 7131 1 7154 20 7262 0 7479 1 7889 20 8262
512 93 20 250 20 256 20 300 0 304 20 550 10 557 20 607 11 618 10 668 11 856 10 882 11 948 10 1001 11 1051 10 1116 11 1204 10 1243 11 1323 20 1357 10 1377 11 1430 20 1477 10 1507 11 1565 20 1607 10 1641 11 1691 20 1741 10 1752 11 1802 20 1852 10 1875 11 1952 20 1975 10 2021 11 2067 20 2121 10 2155 11 2201 20 2255 10 2293 11 2343 20 2393 10 2431 11 2481 20 2531 10 2565 20 2665 11 2749 10 2822 11 2898 20 2922 10 2979 11 3044 20 3079 10 3128 11 3193 20 3228 10 3281 11 3350 20 3381 10 3431 11 3511 20 3531 10 3592 11 3668 20 3692 10 3757 11 3822 20 3857 10 3910 11 3971 20 4010 10 4052 11 4109 20 4152 10 4216 11 4266 20 4316 10 4366 11 4431 20 4466 10 4538 11 4592 20 4638 10 4695 11 4761 20 4795 1 4984 20 5195 0 5653 1 6077 20 6195
513 114 20 250 20 256 20 300 0 420 20 550 10 678 20 728 11 746 10 804 11 842 10 907 11 946 10 1019 11 1065 10 1137 11 1203 10 1272 11 1314 10 1390 11 1459 20 1478 10 1494 11 1540 20 1594 10 1617 11 1666 20 1717 10 1743 11 1797 20 1843 10 1885 11 1939 20 1985 10 2023 11 2080 20 2123 10 2161 11 2218 20 2261 10 2295 11 2356 20 2395 10 2433 11 2490 20 2533 10 2571 11 2632 20 2671 10 2713 11 2778 20 2813 10 2881 11 2893 10 2958 20 2981 11 3004 10 3077 11 3123 20 3177 10 3192 11 3257 20 3292 10 3326 11 3368 20 3426 10 3452 11 3540 20 3552 10 3609 11 3682 20 3709 10 3763 11 3832 20 3863 10 3928 11 3985 20 4028 10 4069 11 4138 20 4169 10 4223 11 4288 20 4323 10 4380 11 4449 20 4480 10 4537 11 4602 20 4637 10 4709 11 4752 20 4809 10 4851 11 4920 20 4951 10 5012 11 5066 20 5112 10 5181 11 5235 20 5281 10 5346 11 5403 20 5446 10 5495 11 5549 20 5595 1 5860 0 5917 1 5954 20 5995 0 6102 1 6752 20 6995
514 68 20 250 20 256 20 300 0 407 20 550 8 673 20 723 9 746 8 818 9 849 8 918 9 956 8 1025 9 1064 8 1136 9 1186 8 1263 9 1313 8 1389 9 1443 20 1473 8 1531 9 1577 20 1631 8 1661 9 1719 20 1761 8 1819 9 1865 20 1919 8 1960 9 2006 20 2060 8 2094 9 2148 20 2194 8 2232 9 2286 20 2332 8 2386 9 2439 20 2486 8 2547 9 2604 20 2647 8 2711 9 2746 20 2811 8 2861 9 2907 20 2961 8 3018 9 3064 20 3118 8 3206 9 3232 20 3306 8 3367 9 3397 20 3467 8 3531 9 3566 20 3631 1 3779 0 3957 20 4031 1 4587 20 5031
515 82 20 250 20 256 20 300 0 409 20 550 10 701 11 751 20 751 10 755 11 866 10 935 11 973 10 1050 11 1088 10 1172 11 1218 10 1299 11 1353 10 1437 11 1487 20 1501 10 1567 11 1617 20 1667 10 1694 11 1743 20 1794 10 1816 11 1885 20 1916 10 1969 11 2019 20 2069 10 2111 11 2161 20 2211 10 2249 11 2303 20 2349 10 2402 11 2464 20 2502 10 2560 11 2602 20 2660 10 2697 11 2755 20 2797 10 2847 11 2916 20 2947 10 3004 11 3058 20 3104 10 3150 11 3203 20 3250 10 3314 11 3368 20 3414 10 3483 11 3525 20 3583 10 3782 11 3835 20 3882 10 3939 11 3981 20 4039 10 4085 11 4127 20 4185 10 4376 11 4395 20 4476 1 4590 0 4661 1 4705 20 4876 0 4929 1 5566 20 5876
516 94 20 250 20 256 20 300 0 398 20 550 8 671 20 721 9 744 8 797 9 897 8 901 9 966 8 1016 9 1062 8 1131 9 1185 8 1265 9 1326 8 1411 9 1460 20 1471 8 1541 9 1598 20 1641 8 1679 9 1732 20 1779 8 1805 9 1897 20 1905 8 1962 9 2024 20 2062 8 2104 9 2150 20 2204 8 2238 9 2296 20 2338 8 2380 9 2434 20 2480 8 2518 9 2575 20 2618 8 2660 9 2717 20 2760 8 2794 9 2866 20 2894 8 2951 9 3008 20 3051 8 3100 9 3154 20 3200 8 3242 9 3307 20 3342 8 3407 9 3457 20 3507 8 3552 9 3614 20 3652 8 3709 9 3713 8 3717 9 3778 20 3809 8 3870 9 3947 20 3970 8 4054 9 4096 20 4154 8 4227 9 4284 20 4327 8 4391 9 4441 20 4491 8 4564 9 4617 20 4664 8 4748 9 4790 20 4848 20 5248 1 5777 0 6139 1 6212 20 6248
517 121 20 250 20 256 20 300 0 418 20 550 10 596 11 615 20 646 10 699 11 741 10 814 11 837 10 914 11 956 10 1021 11 1067 10 1136 11 1186 10 1266 11 1324 20 1396 10 1401 11 1439 20 1501 10 1512 11 1600 20 1612 10 1630 11 1688 20 1730 10 1761 11 1807 20 1861 10 1891 11 1945 20 1991 10 2021 11 2079 20 2121 10 2159 11 2217 20 2259 10 2293 11 2359 20 2393 10 2431 11 2497 20 2531 10 2573 11 2634 20 2673 10 2730 11 2780 20 2830 10 2868 11 2922 20 2968 10 3018 11 3041 20 3118 10 3129 11 3198 20 3229 10 3267 11 3324 20 3367 10 3397 11 3435 10 3474 20 3497 11 3500 10 3520 11 3581 20 3620 10 3654 11 3734 20 3754 10 3811 11 3838 20 3911 10 3922 11 4002 20 4022 10 4079 11 4148 20 4179 10 4232 11 4293 20 4332 10 4378 11 4439 20 4478 10 4516 11 4596 20 4616 10 4688 11 4761 20 4788 10 4849 11 4926 20 4949 10 5010 11 5102 20 5110 10 5186 11 5251 20 5286 10 5343 11 5412 20 5443 10 5516 11 5588 20 5616 10 5676 11 5757 20 5776 1 5982 20 6176 0 6204 1 7019 20 7176
518 103 20 250 20 256 20 300 0 473 20 550 10 791 11 837 20 841 10 856 11 941 10 964 11 1048 10 1117 11 1167 10 1240 11 1286 10 1358 11 1416 10 1496 11 1546 20 1591 10 1638 11 1680 20 1738 10 1761 11 1791 20 1861 10 1872 11 1949 20 1972 10 2021 11 2090 20 2121 10 2167 11 2217 20 2267 10 2301 11 2351 20 2401 10 2435 11 2481 20 2535 10 2581 11 2623 20 2681 10 2711 11 2749 10 2807 11 2811 20 2811 10 2826 11 2903 20 2926 10 2945 11 3017 20 3045 10 3221 20 3321 11 3328 10 3362 11 3412 20 3462 10 3481 11 3531 20 3581 10 3604 11 3699 20 3704 10 3745 11 3791 20 3845 10 3876 11 3952 20 3976 10 4033 11 4109 20 4133 10 4194 11 4263 20 4294 10 4343 11 4401 20 4443 10 4508 11 4581 20 4608 10 4673 11 4719 20 4773 10 4814 11 4876 20 4914 10 4964 11 5014 20 5064 10 5125 11 5163 20 5225 1 5447 20 5625 0 5740 1 6403 20 6625
519 45 20 250 20 256 20 300 0 355 20 550 8 597 20 647 9 651 8 727 9 785 8 850 9 892 8 953 9 1122 8 1203 9 1252 8 1329 9 1379 20 1397 8 1459 9 1521 20 1559 8 1605 9 1659 20 1705 8 1750 9 1804 20 1850 8 1904 9 1938 20 2004 8 2046 9 2084 20 2146 8 2195 9 2233 20 2295 20 2695 8 3414 9 3444 20 3514 1 3659 0 3883 1 4174 20 4514
520 95 20 250 20 256 20 300 0 386 20 550 8 703 9 730 20 753 8 818 9 914 8 926 9 964 8 1029 9 1083 8 1152 9 1213 8 1286 9 1343 8 1416 9 1466 20 1503 8 1558 9 1600 20 1658 8 1692 9 1746 20 1792 8 1834 9 1884 20 1934 8 1983 9 2033 20 2083 8 2121 9 2179 20 2221 8 2275 9 2328 20 2375 8 2416 9 2466 20 2516 8 2581 9 2608 20 2681 8 2711 9 2757 20 2811 8 2857 9 2911 20 2957 8 3018 9 3068 20 3118 8 3175 9 3202 20 3275 8 3305 9 3355 20 3405 8 3447 9 3508 20 3547 8 3616 9 3650 20 3716 8 3780 9 3796 20 3880 8 4079 9 4114 20 4179 8 4240 9 4275 20 4340 8 4405 9 4417 20 4505 8 4543 9 4581 20 4643 8 4669 9 4742 20 4769 8 4842 9 4888 20 4942 8 5148 9 5190 20 5248 1 5453 20 5648 0 5707 1 6333 20 6648
521 31 20 250 20 256 20 300 0 376 20 550 8 665 9 730 8 799 9 845 1 978 20 1165 0 1597 1 1749 0 2063 1 2839 0 3242 8 5078 9 5086 8 5105 9 5147 1 5739 0 6077 1 7478 0 7799 1 8514 0 8861 1 9129 20 9165 0 9567 1 10006 20 10165
522 16 20 250 20 256 20 300 0 338 20 550 8 604 9 615 8 707 9 757 8 822 9 880 8 960 9 1002 20 1104 20 9104 20 10104
523 22 20 250 0 294 16 429 20 479 20 485 20 529 20 779 8 835 9 869 1 1064 20 1335 0 1355 10 1743 11 1793 10 1870 11 1923 1 2070 0 2397 1 2666 0 2873 20 9335 20 10335
524 73 20 250 16 429 20 479 20 485 20 529 0 545 20 779 8 927 9 965 20 977 8 1046 9 1191 8 1268 9 1295 8 1364 9 1410 8 1475 9 1528 8 1593 9 1651 8 1716 20 1727 9 1774 8 1846 9 1900 20 1946 8 1973 9 2023 20 2073 8 2091 9 2137 20 2191 8 2210 9 2264 20 2310 8 2337 9 2390 20 2437 8 2478 9 2501 20 2578 8 2582 9 2681 20 2682 8 2739 9 2789 20 2839 8 2858 9 2930 20 2958 8 2988 9 3084 20 3088 8 3149 9 3222 20 3249 8 3302 9 3352 20 3402 8 3421 20 3521 9 3532 8 3566 9 3658 20 3666 8 3754 9 3808 20 3854 8 3892 9 3957 20 3992 20 4392 20 5392
525 9 20 250 20 256 0 270 20 300 8 511 9 531 8 646 9 688 20 711
526 112 20 250 20 256 20 300 0 327 20 550 8 705 20 755 9 759 8 824 9 878 8 931 9 970 8 1027 9 1073 8 1138 9 1184 8 1249 9 1299 8 1368 9 1418 8 1491 20 1505 9 1541 8 1613 9 1663 20 1713 8 1736 9 1786 20 1836 8 1859 9 1912 20 1959 8 1985 9 2039 20 2085 8 2111 9 2161 20 2211 8 2238 9 2291 20 2338 8 2395 9 2433 20 2495 8 2510 9 2564 20 2610 8 2636 9 2713 20 2736 8 2778 9 2836 20 2878 8 2901 9 2958 20 3001 8 3035 9 3088 20 3135 8 3150 9 3242 20 3250 8 3288 9 3357 20 3388 8 3410 9 3456 20 3510 8 3529 9 3575 20 3629 8 3648 9 3732 20 3748 8 3774 9 3858 20 3874 8 3920 9 4016 20 4020 8 4085 9 4180 20 4185 8 4242 9 4311 20 4342 8 4391 9 4449 20 4491 8 4525 9 4602 20 4625 8 4690 9 4759 20 4790 8 4835 9 4889 20 4935 8 4981 9 5035 20 5081 8 5127 9 5180 20 5227 8 5288 9 5341 20 5388 1 5616 20 5788 0 5872 1 6627 20 6788
527 12 20 250 20 256 20 300 0 490 20 550 1 1469 20 1550 0 1933 1 4741 0 5134 20 6550 20 6560
528 26 20 250 20 256 20 300 0 381 20 550 8 790 9 832 8 901 9 951 1 1139 20 1290 0 1636 1 1811 0 2290 1 2440 0 2829 1 4637 0 5856 1 5951 0 6369 1 9278 20 9290 0 9393 1 9408 0 9668 20 10290
529 10 20 250 20 256 20 300 0 545 20 550 20 1550 1 5184 0 5545 20 6550 20 6560
530 171 0 234 1 971 20 1221 20 1227 20 1271 0 1400 20 1521 10 1721 11 1755 20 1771 10 1824 11 1882 10 1943 11 1970 10 2035 11 2077 10 2142 11 2192 10 2254 11 2303 10 2365 11 2411 10 2483 20 2521 11 2541 10 2614 11 2671 20 2714 10 2740 11 2798 20 2840 10 2867 11 2959 20 2967 10 3012 11 3058 20 3112 10 3131 11 3177 20 3231 10 3250 11 3315 20 3350 10 3392 11 3453 20 3492 10 3533 11 3579 20 3633 10 3652 11 3710 20 3752 10 3786 11 3848 20 3886 10 3920 11 3978 20 4020 10 4047 11 4104 20 4147 10 4173 11 4250 20 4273 10 4307 11 4369 20 4407 10 4445 11 4499 20 4545 10 4572 11 4671 20 4672 10 4714 11 4783 20 4814 10 4844 11 4886 20 4944 10 4966 11 5009 20 5066 10 5081 20 5181 11 5269 10 5334 11 5376 20 5434 10 5449 11 5503 20 5549 10 5572 11 5668 20 5672 10 5710 11 5786 20 5810 10 5832 11 5871 20 5932 10 5947 11 6039 20 6047 10 6081 11 6170 20 6181 10 6227 11 6269 20 6327 10 6342 11 6388 20 6442 10 6457 20 6557 11 6637 10 6706 11 6756 20 6806 10 6825 11 6886 20 6925 10 6970 11 7024 20 7070 10 7105 11 7166 20 7205 10 7246 11 7312 20 7346 10 7388 11 7453 20 7488 10 7534 11 7595 20 7634 10 7676 11 7737 20 7776 10 7821 11 7894 20 7921 10 7990 11 8028 20 8090 10 8105 11 8159 20 8205 10 8228 11 8277 20 8328 10 8354 11 8427 20 8454 10 8515 11 8611 20 8615 10 8710 11 8772 20 8810 10 8852 11 8913 20 8952 10 9013 11 9071 20 9113 1 9352 20 9513 0 9798 1 10259 20 10513
531 26 20 250 20 256 20 300 0 356 20 550 8 674 9 723 8 792 9 850 8 923 9 992 8 1053 9 1133 20 1174 8 1214 9 1291 1 1531 0 1939 10 2272 11 2337 10 2406 11 2436 1 2755 0 3270 20 9174 20 10174
532 9 20 250 16 432 0 473 20 482 20 488 20 532 10 746 11 803 20 946
533 106 20 250 20 256 20 300 0 368 20 550 8 551 20 601 9 605 8 670 9 716 8 773 9 812 8 877 9 923 8 984 9 1030 8 1087 9 1141 8 1206 9 1256 8 1325 20 1351 9 1375 8 1448 9 1490 20 1548 8 1555 9 1605 20 1655 8 1674 9 1723 20 1774 8 1792 9 1846 20 1892 8 1907 9 1972 20 2007 8 2045 9 2099 20 2145 8 2172 9 2222 20 2272 8 2291 9 2344 20 2391 8 2417 9 2463 20 2517 8 2532 9 2620 20 2632 8 2677 9 2720 20 2777 8 2785 9 2846 20 2885 8 2926 9 3003 20 3026 8 3041 9 3129 20 3141 8 3168 9 3260 20 3268 8 3336 9 3405 20 3436 8 3470 9 3535 20 3570 8 3601 9 3689 20 3701 8 3761 9 3819 20 3861 8 3892 9 3957 20 3992 8 4060 9 4114 20 4160 8 4187 9 4248 20 4287 8 4359 9 4394 20 4459 1 4592 20 4859 0 4966 8 5106 9 5114 8 5183 20 5206 9 5210 8 5302 9 5359 20 5402 1 5510 0 5913 20 6402
534 71 20 250 20 256 20 300 0 389 20 550 10 657 11 703 20 707 10 761 11 906 10 968 11 1014 10 1079 11 1125 10 1190 11 1244 10 1309 11 1355 10 1405 20 1457 11 1485 10 1550 11 1611 20 1650 10 1684 11 1753 20 1784 10 1822 11 1910 20 1922 10 1945 11 1995 20 2045 10 2056 11 2109 20 2156 10 2178 11 2251 20 2278 10 2316 11 2382 20 2416 10 2454 11 2523 20 2554 10 2581 11 2615 20 2681 10 2684 11 2745 20 2784 10 2826 11 2891 20 2926 10 2968 11 3048 20 3068 10 3129 11 3194 20 3229 10 3290 11 3351 20 3390 10 3458 11 3527 20 3558 10 3623 11 3699 20 3723 20 4123 20 5123
535 24 20 250 20 256 20 300 0 498 20 550 10 809 11 855 10 916 11 973 10 1035 11 1077 10 1138 11 1207 20 1309 1 1378 0 1779 1 2983 0 3292 1 3318 0 3347 8 3545 9 3633 20 9309 20 10309
536 9 20 250 0 357 16 449 20 499 20 505 20 549 10 736 11 786 20 936
537 62 20 250 20 256 20 300 0 407 20 550 8 624 20 674 9 682 8 759 9 793 8 858 9 900 8 966 9 1011 8 1077 9 1123 8 1184 9 1234 8 1291 9 1364 8 1418 20 1424 9 1487 8 1556 9 1621 20 1656 8 1682 9 1762 20 1782 8 1824 9 1900 20 1924 8 1966 9 2019 20 2066 8 2088 9 2134 20 2188 8 2203 9 2253 20 2303 8 2314 9 2387 20 2414 8 2460 9 2536 20 2560 8 2605 9 2697 20 2705 8 2770 9 2858 20 2870 8 2943 9 3000 20 3043 8 3088 9 3157 20 3188 20 3588 1 4014 20 4588
538 11 20 250 20 256 20 300 0 334 10 520 11 543 10 562 11 604 10 650 11 696 20 720
539 141 20 250 20 256 20 300 0 390 20 550 8 595 9 618 8 634 20 645 9 756 8 775 9 818 8 898 9 933 8 994 9 1032 8 1093 9 1139 8 1201 9 1251 8 1316 9 1365 20 1395 8 1431 9 1480 20 1531 8 1546 9 1603 20 1646 8 1672 9 1729 20 1772 8 1798 9 1856 20 1898 8 1921 9 1979 20 2021 8 2044 9 2105 20 2144 8 2174 9 2243 20 2274 8 2308 20 2408 9 2415 8 2465 9 2526 20 2565 8 2584 9 2634 20 2684 8 2703 9 2749 20 2803 8 2818 9 2898 20 2918 8 2963 9 2998 20 3063 8 3071 9 3166 20 3171 8 3212 9 3278 20 3312 8 3354 9 3408 20 3454 8 3484 9 3538 20 3584 8 3607 9 3661 20 3707 8 3726 9 3780 20 3826 8 3856 9 3917 20 3956 8 3986 9 4055 20 4086 8 4120 9 4220 20 4220 8 4262 9 4327 20 4362 8 4389 9 4431 20 4489 8 4500 9 4546 20 4600 8 4611 20 4711 9 4718 8 4768 9 4822 20 4868 8 4898 9 4948 20 4998 8 5017 9 5082 20 5117 8 5144 9 5224 20 5244 8 5282 9 5331 20 5382 8 5408 9 5465 20 5508 8 5542 9 5600 20 5642 8 5688 9 5749 20 5788 8 5829 9 5898 20 5929 8 5975 9 6040 20 6075 8 6144 9 6193 20 6244 8 6285 9 6339 20 6385 1 6646 20 6785 0 6934 20 7785
540 71 20 250 20 256 20 300 0 372 20 550 8 686 20 736 9 748 8 817 9 909 8 916 9 962 8 1027 9 1066 8 1135 9 1181 8 1250 9 1303 8 1376 9 1430 20 1486 8 1499 9 1556 20 1599 8 1637 9 1694 20 1737 8 1782 9 1820 20 1882 8 1897 9 1947 20 1997 8 2027 9 2085 20 2127 8 2162 9 2227 20 2262 8 2571 9 2621 20 2671 8 2698 9 2774 20 2798 8 2828 9 2916 20 2928 8 2989 9 3050 20 3089 8 3119 9 3204 20 3219 8 3276 9 3364 20 3376 8 3445 9 3506 20 3545 8 3598 9 3663 20 3698 8 3759 9 3809 20 3859 1 4142 20 4259 0 4669 1 4936 20 5259
541 24 20 250 20 256 20 300 0 364 20 550 10 660 11 672 10 771 11 829 10 894 11 948 1 1139 20 1160 0 1794 1 7743 0 8115 1 8187 0 8895 20 9160 1 9667 0 10088 1 10126 0 10149 20 10160
542 26 20 250 20 256 20 300 0 441 20 550 8 826 9 868 8 937 9 990 1 1132 20 1326 0 1537 8 1868 9 1887 8 1983 9 2036 8 2098 9 2147 1 8292 0 8397 1 8448 0 8897 20 9326 1 9709 0 10073 20 10326
543 38 20 250 20 256 20 300 0 373 20 550 8 691 20 741 9 744 8 760 9 836 8 890 9 932 8 993 9 1035 8 1101 9 1147 8 1204 9 1304 8 1338 9 1403 8 1465 20 1491 9 1534 8 1591 20 1691 9 1695 8 1760 9 1836 20 1860 8 1905 9 1970 20 2005 8 2051 9 2112 20 2151 20 2551 1 3397 20 3551
544 13 0 63 1 2617 20 2867 20 2873 20 2917 0 3065 1 3151 20 3167 0 3436 20 4167 1 8880 20 9167 20 9177
545 100 20 250 20 256 20 300 0 409 20 550 8 681 20 731 9 746 8 754 9 765 8 796 9 926 8 987 9 1033 8 1091 9 1256 8 1329 9 1371 8 1440 20 1481 9 1497 8 1566 20 1666 9 1758 8 1827 9 1873 20 1927 8 1957 9 2003 20 2057 8 2072 9 2152 20 2172 8 2233 9 2286 20 2333 8 2367 9 2409 20 2467 8 2482 9 2539 20 2582 8 2604 9 2677 20 2704 8 2739 9 2808 20 2839 8 2869 9 2942 20 2969 8 3011 9 3080 20 3111 8 3145 9 3210 20 3245 8 3290 9 3355 20 3390 8 3444 9 3501 20 3544 8 3593 9 3654 20 3693 8 3739 9 3811 20 3839 8 3892 9 3957 20 3992 8 4018 20 4118 9 4141 8 4164 9 4244 20 4264 8 4317 9 4390 20 4417 8 4467 9 4543 20 4567 8 4612 9 4697 20 4712 8 4777 9 4854 20 4877 8 4927 9 4995 20 5027 8 5084 9 5149 20 5184 1 5359 20 5584 0 5887 20 6584
546 77 20 250 20 256 20 300 0 431 20 550 10 716 20 766 11 770 10 824 11 866 10 923 11 969 10 1031 11 1077 10 1138 11 1192 10 1261 11 1310 10 1356 11 1360 10 1372 11 1444 10 1494 20 1516 11 1540 10 1609 11 1674 20 1709 10 1743 11 1812 20 1843 10 1885 11 1950 20 1985 10 2031 11 2123 20 2131 10 2161 11 2207 20 2261 10 2268 11 2345 20 2368 10 2425 11 2491 20 2525 10 2586 11 2648 20 2686 10 2724 11 2801 20 2824 10 2870 11 2954 20 2970 10 3035 11 3107 20 3135 10 3184 11 3249 20 3284 10 3360 11 3395 20 3460 10 3514 11 3575 20 3614 10 3667 11 3728 20 3767 10 3812 11 3881 20 3912 1 4131 20 4312 0 4534 20 5312
547 16 20 250 20 256 20 300 0 386 20 550 8 634 9 680 20 1134 1 1492 0 2055 1 2405 0 2481 8 2715 9 2764 20 9134 20 10134
548 17 20 250 16 430 20 480 20 486 20 530 20 780 0 826 10 940 11 982 20 990 10 1062 11 1116 10 1166 11 1219 20 1740 20 2140 20 3140
549 34 20 250 16 438 20 488 20 494 20 538 0 574 20 788 10 909 11 925 20 959 10 1017 11 1063 10 1155 11 1212 10 1323 11 1373 10 1419 11 1462 10 1565 11 1607 20 1709 1 1808 0 2077 20 2109 8 2516 9 2562 20 2616 8 2642 9 2688 20 2742 1 2914 0 2954 1 3649 20 3742
550 38 20 250 20 256 20 300 0 381 20 550 8 771 9 810 8 886 9 932 8 1009 9 1078 20 1271 10 1768 11 1822 10 1887 11 1952 10 1964 11 1983 10 2021 11 2071 10 2140 11 2179 10 2244 11 2413 10 2482 11 2520 10 2589 11 2647 10 2708 11 2926 10 2965 11 3030 10 3095 11 3199 10 3287 11 3375 20 9271 20 10271
551 9 20 250 0 327 16 424 20 474 20 480 20 524 10 662 11 704 20 862
552 9 20 250 20 256 0 257 20 300 8 546 9 592 8 665 9 715 20 746
553 144 20 250 20 256 20 300 0 442 20 550 10 776 20 826 11 853 10 902 11 925 10 983 11 1021 10 1083 11 1129 10 1186 11 1236 10 1290 11 1347 10 1416 11 1474 10 1539 20 1576 11 1597 10 1662 11 1735 20 1762 10 1800 11 1853 20 1900 10 1922 11 1972 20 2022 10 2041 11 2095 20 2141 10 2164 11 2222 20 2264 10 2298 11 2364 20 2398 10 2425 11 2482 20 2525 10 2559 11 2601 20 2659 10 2666 11 2751 20 2766 10 2797 20 2897 11 2904 10 2935 11 3023 20 3035 10 3073 11 3130 20 3173 10 3207 11 3257 20 3307 10 3322 20 3422 11 3518 10 3587 11 3671 20 3687 10 3706 11 3805 20 3806 10 3851 11 3882 20 3951 10 3963 11 4036 20 4063 10 4097 20 4197 11 4204 10 4250 11 4315 20 4350 10 4365 11 4454 20 4465 10 4480 11 4530 20 4580 10 4603 11 4653 20 4703 10 4718 11 4799 20 4818 10 4849 11 4933 20 4949 10 4990 11 5067 20 5090 10 5140 11 5224 20 5240 10 5290 20 5390 11 5393 10 5435 11 5520 20 5535 10 5592 11 5665 20 5692 10 5734 11 5815 20 5834 10 5884 11 5964 20 5984 10 6041 11 6118 20 6141 10 6183 11 6271 20 6283 10 6352 11 6390 20 6452 10 6459 11 6544 20 6559 10 6620 11 6701 20 6720 10 6774 11 6862 20 6874 10 6946 11 7023 20 7046 1 7251 20 7446 0 7727 20 8446
554 140 20 250 20 256 20 300 0 399 20 550 10 690 20 740 11 751 10 767 11 836 10 893 11 943 10 1008 11 1058 10 1127 11 1177 10 1238 11 1292 10 1365 11 1407 10 1484 20 1490 11 1526 10 1603 11 1649 20 1703 10 1714 11 1783 20 1814 10 1879 11 1913 10 1978 20 1979 11 2174 10 2251 11 2301 20 2351 10 2362 20 2462 11 2477 10 2500 11 2550 20 2600 10 2607 11 2669 20 2707 10 2738 20 2838 11 2845 10 2887 11 2945 20 2987 10 3002 11 3083 20 3102 10 3136 11 3186 20 3236 10 3240 11 3324 20 3340 10 3374 20 3474 11 3562 10 3631 20 3731 11 3738 10 3777 11 3857 20 3877 10 3995 11 4076 20 4095 10 4145 11 4218 20 4245 10 4279 11 4344 20 4379 10 4413 11 4494 20 4513 10 4567 11 4647 20 4667 10 4724 11 4793 20 4824 10 4889 11 4954 20 4989 10 5031 11 5107 20 5131 10 5188 11 5272 20 5288 10 5353 11 5445 20 5453 10 5533 11 5617 20 5633 10 5694 11 5759 20 5794 10 5832 11 5897 20 5932 10 5997 11 6066 20 6097 10 6150 11 6219 20 6250 10 6296 11 6384 20 6396 10 6469 11 6557 20 6569 10 6634 11 6714 20 6734 10 6795 11 6871 20 6895 10 6963 11 7032 20 7063 10 7163 11 7236 20 7263 10 7328 11 7400 20 7428 1 7616 20 7828 0 8194 20 8828
555 105 20 250 20 256 20 300 0 396 20 550 10 625 20 675 11 702 10 740 11 1024 10 1093 11 1143 10 1212 11 1269 10 1331 11 1400 20 1425 10 1484 11 1534 20 1584 10 1607 11 1676 20 1707 10 1741 11 1810 20 1841 10 1864 20 1964 11 1975 10 1998 11 2075 20 2098 10 2121 11 2178 20 2221 10 2240 20 2340 11 2351 10 2370 20 2470 11 2477 10 2520 11 2589 20 2620 10 2665 11 2742 20 2765 10 2823 11 2892 20 2923 10 2972 11 3037 20 3072 10 3114 11 3195 20 3214 10 3279 11 3356 20 3379 10 3436 11 3509 20 3536 10 3597 11 3670 20 3697 10 3758 11 3839 20 3858 10 3942 11 4023 20 4042 10 4069 11 4130 20 4169 10 4188 11 4264 20 4288 10 4334 11 4399 20 4434 10 4464 11 4552 20 4564 10 4633 11 4725 20 4733 10 4801 11 4886 20 4901 10 4955 11 5031 20 5055 10 5135 11 5212 20 5235 10 5281 11 5377 20 5381 10 5465 11 5530 20 5565 1 5732 20 5965 0 6507 20 6965
556 29 20 250 20 256 20 300 0 429 20 550 8 672 20 722 9 726 8 791 9 856 8 929 9 986 8 1052 9 1144 8 1220 9 1309 20 1472 1 1491 20 1872 0 2091 10 2451 11 2513 20 2551 10 2578 11 2628 20 2678 1 2952 0 3477 20 3678
557 101 20 250 20 256 20 300 0 415 20 550 10 641 20 691 11 695 10 741 11 810 10 871 11 910 10 979 11 1025 10 1094 11 1144 10 1213 11 1262 10 1331 11 1385 20 1441 10 1458 11 1504 20 1558 10 1569 11 1627 20 1669 10 1696 11 1749 20 1796 10 1826 11 1884 20 1926 10 1960 11 2033 20 2060 10 2102 11 2156 20 2202 10 2240 11 2275 20 2340 10 2371 11 2421 20 2471 10 2497 11 2555 20 2597 10 2647 11 2723 20 2747 10 2796 11 2877 20 2896 10 2954 11 3038 20 3054 10 3118 11 3199 20 3218 10 3283 11 3356 20 3383 10 3421 11 3479 20 3521 10 3671 11 3751 20 3771 10 3820 20 3920 11 3924 10 4016 11 4104 20 4116 10 4181 11 4261 20 4281 10 4334 11 4426 20 4434 10 4522 11 4610 20 4622 10 4702 11 4790 20 4802 10 4875 11 4963 20 4975 10 5047 11 5112 20 5147 1 5398 20 5547 0 5563 1 5621 0 5780 1 5850 0 6301 20 6547
558 82 20 250 20 256 20 300 0 419 20 550 8 765 9 811 20 815 8 838 9 872 8 972 9 1018 8 1083 9 1386 8 1459 9 1524 20 1565 8 1593 20 1693 9 1835 8 1877 9 1946 20 1977 8 2023 9 2088 20 2123 8 2168 9 2237 20 2268 8 2322 9 2395 20 2422 8 2490 9 2560 20 2590 8 2644 9 2728 20 2744 8 2832 9 2905 20 2932 8 2993 9 3066 20 3093 8 3162 9 3242 20 3262 8 3346 9 3411 20 3446 8 3534 9 3591 20 3634 8 3683 9 3756 20 3783 8 3875 9 3948 20 3975 8 4063 9 4113 20 4163 8 4170 9 4182 8 4255 20 4270 9 4289 8 4408 9 4481 20 4508 8 4577 9 4653 20 4677 8 4753 9 4818 20 4853 1 4984 20 5253 0 5369 1 5778 0 6220 20 6253
559 22 20 250 20 256 20 300 0 440 20 550 8 816 9 869 8 942 9 996 1 1294 20 1316 0 1634 1 4587 0 5005 1 5896 0 6381 1 6426 0 7120 20 9316 1 9790 0 10270 20 10316
560 11 20 250 0 345 16 440 20 490 20 496 20 540 10 712 11 770 10 858 11 908 20 912
561 51 20 250 20 256 20 300 0 409 20 550 10 676 20 726 11 738 10 792 11 872 10 941 11 983 10 1052 11 1098 10 1175 11 1229 10 1298 11 1348 10 1413 20 1476 11 1512 10 1547 11 1616 20 1647 10 1689 11 1739 20 1789 10 1808 11 1869 20 1908 10 1934 11 1996 20 2034 10 2057 11 2149 20 2157 10 2184 11 2253 20 2284 10 2322 11 2383 20 2422 10 2471 11 2536 20 2571 10 2648 11 2709 20 2748 20 3148 1 3265 20 4148
562 28 20 250 20 256 20 300 0 350 20 550 10 696 11 723 10 872 11 903 10 980 11 1029 10 1102 11 1152 20 1196 10 1244 11 1317 10 1409 11 1467 10 1774 11 1827 1 1973 0 2564 1 5800 0 6496 1 6969 0 7542 20 9196 20 10196
563 137 20 250 16 415 20 465 20 471 20 515 0 520 20 765 10 825 11 867 20 875 10 1009 11 1159 10 1224 11 1266 10 1335 11 1385 10 1454 11 1500 10 1566 11 1615 20 1625 10 1681 11 1742 20 1781 10 1811 11 1865 20 1911 10 1938 11 1999 20 2038 10 2072 11 2122 20 2172 10 2191 11 2248 20 2291 10 2333 11 2394 20 2433 10 2471 11 2544 20 2571 10 2624 11 2670 20 2724 10 2751 11 2804 20 2851 10 2877 11 2939 20 2977 10 3008 11 3073 20 3108 10 3142 11 3207 20 3242 10 3280 11 3338 20 3380 10 3414 11 3472 20 3514 10 3541 11 3602 20 3641 10 3675 11 3725 20 3775 10 3790 11 3875 20 3890 10 3936 11 3997 20 4036 10 4066 11 4143 20 4166 10 4208 11 4300 20 4308 10 4362 11 4435 20 4462 10 4515 11 4600 20 4615 10 4649 20 4749 11 4753 10 4795 11 4841 20 4895 10 4910 11 4964 20 5010 10 5052 11 5094 20 5152 10 5171 11 5263 20 5271 10 5328 11 5424 20 5428 10 5463 11 5551 20 5563 10 5601 11 5635 20 5701 10 5704 11 5777 20 5804 10 5858 11 5927 20 5958 10 6007 11 6084 20 6107 10 6176 11 6249 20 6276 10 6333 11 6414 20 6433 10 6494 11 6575 20 6594 1 6856 20 6994 0 7035 1 7095 0 7109 1 7249 0 7549 20 7994
564 31 20 250 20 256 20 300 0 310 20 550 10 843 11 881 10 950 11 993 10 1062 11 1096 10 1154 11 1211 10 1276 20 1343 11 1353 10 1430 11 1499 10 1568 11 1625 1 1887 0 2336 8 2837 9 2853 1 5657 0 6254 1 8614 0 9118 20 9343 1 9973 20 10343
565 14 20 250 16 419 20 469 20 475 20 519 0 580 20 769 10 1013 11 1067 10 1151 11 1197 20 1763 20 2163 20 3163
566 18 20 250 20 256 0 283 20 300 20 550 10 906 11 940 10 1028 11 1074 20 1406 8 1592 9 1642 1 2858 0 3049 1 3743 0 4111 20 9406 20 10406
567 18 20 250 20 256 20 300 0 511 20 550 1 670 20 1550 0 1871 10 2078 11 2124 1 2481 20 2828 0 2877 8 3156 9 3168 20 3256 20 3656 20 4656
568 9 20 250 20 256 0 297 20 300 10 544 11 590 10 655 11 709 20 744
569 63 20 250 20 256 20 300 0 412 20 550 10 697 20 747 11 751 10 812 11 897 10 927 11 973 10 1027 11 1077 10 1142 11 1192 10 1261 11 1311 10 1380 11 1441 20 1497 10 1499 11 1572 20 1599 10 1645 11 1687 20 1745 10 1752 11 1802 10 1848 20 1852 11 1944 10 1978 11 2051 20 2078 10 2109 11 2182 20 2209 10 2239 11 2297 20 2339 10 2351 20 2451 11 2481 10 2500 11 2588 20 2600 10 2654 20 2754 11 2891 10 2957 11 3030 20 3057 10 3110 11 3179 20 3210 10 3283 11 3356 20 3383 20 3783 1 3868 0 4273 20 4783
570 9 20 250 16 437 20 487 20 493 20 537 20 787 20 1787 20 6787 20 6797
571 216 20 250 16 420 20 470 20 476 20 520 0 634 20 770 8 1037 20 1087 9 1110 8 1160 9 1210 8 1260 9 1313 8 1375 9 1424 8 1505 9 1559 8 1628 9 1681 8 1750 9 1808 20 1837 8 1881 9 1946 20 1981 8 2019 9 2076 20 2119 8 2157 9 2222 20 2257 8 2295 9 2356 20 2395 8 2425 9 2486 20 2525 8 2552 9 2613 20 2652 8 2693 9 2743 20 2793 8 2832 9 2885 20 2932 8 2954 9 3039 20 3054 8 3104 9 3192 20 3204 8 3230 9 3319 20 3330 8 3388 9 3476 20 3488 8 3553 9 3637 20 3653 8 3710 20 3810 9 3894 8 3955 9 4013 20 4055 8 4074 20 4174 9 4201 8 4227 9 4308 20 4327 8 4373 9 4469 20 4473 8 4511 20 4611 9 4619 8 4691 9 4780 20 4791 8 4849 20 4949 9 4952 8 4983 9 5079 20 5083 8 5155 9 5221 20 5255 8 5309 20 5409 9 5512 8 5562 9 5619 20 5662 8 5688 20 5788 9 5926 8 5964 9 6053 20 6064 8 6126 9 6183 20 6226 8 6248 9 6344 20 6348 8 6417 9 6513 20 6517 8 6597 9 6670 20 6697 8 6747 9 6823 20 6847 8 6900 9 6988 20 7000 8 7073 9 7149 20 7173 8 7230 9 7307 20 7330 8 7391 9 7468 20 7491 8 7552 9 7621 20 7652 8 7702 9 7778 20 7802 8 7874 9 7936 20 7974 8 8039 9 8108 20 8139 8 8196 9 8265 20 8296 8 8354 9 8357 8 8365 9 8438 20 8454 8 8538 9 8607 20 8638 8 8802 9 8871 20 8902 8 8952 9 9028 20 9052 8 9105 9 9182 20 9205 8 9258 9 9343 20 9358 8 9439 9 9500 20 9539 8 9592 9 9661 20 9692 8 9753 9 9818 20 9853 8 9918 9 9991 20 10018 8 10098 9 10167 20 10198 8 10263 9 10317 20 10363 8 10390 9 10451 20 10490 8 10532 9 10604 20 10632 8 10685 9 10750 20 10785 8 10861 9 10926 20 10961 8 11038 9 11103 20 11138 8 11206 9 11275 20 11306 8 11410 9 11463 20 11510 8 11540 9 11563 8 11586 9 11609 20 11640 20 12040 1 12083 0 12197 1 12203 0 12689 20 13040
572 30 0 130 1 248 0 319 1 1995 20 2245 20 2251 20 2295 0 2369 20 2545 10 2749 11 2772 10 3147 11 3170 10 3220 20 3249 11 3259 10 3312 11 3362 10 3416 11 3477 10 3542 11 3588 10 3653 11 3723 1 3947 0 4392 1 5016 0 5264 20 11249 20 12249
573 57 20 250 20 256 20 300 0 442 20 550 8 703 9 749 20 753 8 837 9 894 8 963 9 1006 8 1071 9 1109 8 1151 9 1163 8 1167 9 1239 8 1301 9 1397 8 1466 20 1503 9 1539 8 1619 9 1696 20 1719 8 1761 9 1830 20 1861 8 1903 9 1987 20 2003 8 2156 9 2244 20 2256 8 2317 9 2401 20 2417 8 2478 9 2555 20 2578 8 2635 9 2708 20 2735 8 2816 9 2885 20 2916 8 3003 9 3072 20 3103 8 3203 9 3253 20 3303 1 3513 20 3703 0 4127 20 4703
574 176 20 250 20 256 20 300 0 413 20 550 8 660 20 710 9 748 8 794 9 828 8 894 9 940 8 1009 9 1062 8 1135 9 1185 8 1258 9 1308 8 1373 9 1423 20 1460 8 1496 9 1565 20 1596 8 1638 9 1726 20 1738 8 1776 9 1860 20 1876 8 1918 9 1975 20 2018 8 2048 9 2129 20 2148 8 2182 20 2282 9 2286 8 2328 9 2420 20 2428 8 2458 9 2520 20 2558 8 2596 9 2673 20 2696 8 2742 9 2834 20 2842 8 2869 9 2945 20 2969 8 3007 9 3060 20 3107 8 3130 20 3230 9 3233 8 3287 9 3367 20 3387 8 3429 9 3509 20 3529 8 3582 9 3659 20 3682 8 3728 9 3789 20 3828 8 3854 20 3954 9 3981 8 4038 9 4100 20 4138 8 4177 9 4246 20 4277 8 4322 20 4422 9 4430 8 4472 9 4556 20 4572 8 4625 9 4698 20 4725 8 4783 9 4859 20 4883 8 4921 20 5021 9 5028 8 5074 9 5132 20 5174 8 5208 9 5281 20 5308 8 5354 9 5423 20 5454 8 5504 9 5565 20 5604 8 5657 9 5715 20 5757 8 5795 9 5864 20 5895 8 5941 20 6041 9 6052 8 6106 9 6205 20 6206 8 6275 9 6359 20 6375 8 6439 9 6505 20 6539 8 6600 9 6666 20 6700 8 6769 9 6819 20 6869 8 6907 9 6972 20 7007 8 7068 9 7126 20 7168 8 7226 9 7275 20 7326 8 7367 9 7429 20 7467 8 7525 9 7582 20 7625 8 7693 9 7740 20 7793 8 7839 9 7901 20 7939 8 8000 9 8054 20 8100 8 8169 9 8207 20 8269 8 8315 9 8369 20 8415 8 8480 9 8537 20 8580 8 8648 9 8683 20 8748 8 8813 9 8875 20 8913 8 8998 9 9028 20 9098 20 9498 20 10498
575 147 20 250 20 256 20 300 0 379 20 550 10 702 20 752 11 764 10 798 11 898 10 971 11 1005 10 1082 11 1128 10 1212 11 1266 10 1362 11 1404 10 1488 20 1502 11 1550 10 1638 11 1692 20 1738 10 1788 11 1849 20 1888 10 1937 11 2002 20 2037 10 2098 11 2144 20 2198 10 2232 11 2332 20 2332 10 2367 11 2409 20 2467 10 2486 11 2528 20 2586 10 2597 11 2696 20 2697 10 2743 11 2796 20 2843 10 2873 11 2934 20 2973 10 3003 11 3099 20 3103 10 3149 11 3195 20 3249 10 3276 11 3333 20 3376 10 3433 11 3487 20 3533 10 3559 11 3605 20 3659 10 3690 11 3732 20 3790 10 3812 11 3889 20 3912 10 3966 11 4020 20 4066 10 4100 11 4162 20 4200 10 4250 11 4315 20 4350 10 4399 11 4468 20 4499 10 4560 11 4618 20 4660 10 4714 11 4787 20 4814 10 4883 11 4940 20 4983 10 5017 11 5082 20 5117 10 5170 11 5239 20 5270 10 5339 11 5400 20 5439 10 5500 11 5558 20 5600 10 5653 11 5715 20 5753 10 5822 11 5876 20 5922 10 5964 11 6037 20 6064 10 6129 11 6186 20 6229 10 6286 11 6336 20 6386 10 6443 11 6509 20 6543 10 6604 11 6654 20 6704 10 6777 11 6823 20 6877 10 6950 11 7011 20 7050 10 7118 11 7168 20 7218 10 7260 11 7333 20 7360 10 7418 11 7498 20 7518 10 7594 11 7655 20 7694 20 8094 1 8674 20 9094
576 131 20 250 20 256 20 300 0 435 20 550 10 928 11 974 20 978 10 1001 11 1090 10 1147 11 1193 10 1270 11 1316 10 1396 11 1435 10 1515 11 1577 10 1646 11 1703 20 1728 10 1772 20 1872 11 1883 10 1895 11 1968 20 1995 10 2037 11 2091 20 2137 10 2167 20 2267 11 2382 10 2436 11 2482 20 2536 10 2551 20 2651 11 2658 10 2693 11 2739 20 2793 10 2819 11 2884 20 2919 10 2969 11 3007 10 3030 11 3049 20 3069 10 3092 11 3130 20 3192 10 3222 11 3283 20 3322 10 3371 11 3444 20 3471 10 3525 11 3590 20 3625 10 3682 11 3743 20 3782 10 3836 11 3893 20 3936 10 3981 11 4050 20 4081 10 4150 11 4204 20 4250 10 4292 11 4353 20 4392 10 4556 11 4599 20 4656 10 4695 11 4748 20 4795 10 4833 11 4917 20 4933 10 4990 11 5028 20 5090 10 5120 11 5155 20 5220 10 5228 11 5301 20 5328 10 5393 11 5454 20 5493 10 5542 11 5611 20 5642 10 5703 11 5761 20 5803 10 5845 11 5910 20 5945 10 5999 11 6003 10 6006 11 6072 20 6099 10 6171 11 6225 20 6271 10 6325 11 6405 20 6425 10 6501 11 6570 20 6601 10 6685 11 6716 20 6785 10 6831 11 6881 20 6931 1 7215 20 7331 0 8000 20 8331
577 88 20 250 20 256 20 300 0 414 20 550 8 731 20 781 9 797 8 862 9 889 8 961 9 1004 8 1073 9 1122 8 1195 9 1241 8 1318 9 1379 8 1456 9 1514 20 1531 8 1594 9 1652 20 1694 8 1878 9 1924 20 1978 8 2001 20 2101 9 2112 8 2196 9 2262 20 2296 8 2346 9 2407 20 2446 8 2503 9 2565 20 2603 8 2664 9 2714 20 2764 8 2806 9 2860 20 2906 8 2963 9 3006 20 3063 8 3090 9 3132 20 3190 8 3220 9 3270 20 3320 8 3362 9 3408 20 3462 8 3500 9 3554 20 3600 8 3642 9 3704 20 3742 8 3811 9 3865 20 3911 8 3976 9 4037 20 4076 8 4133 9 4183 20 4233 8 4298 9 4352 20 4398 8 4456 9 4509 20 4556 8 4632 9 4667 20 4732 8 4797 9 4831 20 4897 1 5234 20 5297 0 5317 20 6297
578 128 20 250 20 256 20 300 0 451 20 550 10 827 20 877 11 888 10 923 11 1007 10 1072 11 1115 10 1184 11 1233 10 1310 11 1360 10 1433 11 1479 10 1556 20 1627 11 1640 10 1690 11 1751 20 1790 10 1832 11 1886 20 1932 10 1966 11 2012 10 2047 20 2066 11 2200 10 2242 11 2288 20 2342 10 2361 11 2415 20 2461 10 2492 20 2592 11 2599 10 2630 11 2676 10 2684 11 2703 20 2730 10 2760 11 2822 20 2860 10 2895 11 2967 20 2995 10 3048 11 3148 20 3148 10 3194 11 3244 20 3294 10 3351 11 3386 20 3451 10 3470 11 3531 20 3570 10 3623 11 3685 20 3723 10 3769 11 3834 20 3869 10 3923 11 3976 20 4023 10 4080 11 4126 20 4180 10 4226 11 4279 20 4326 10 4375 11 4429 20 4475 10 4521 11 4586 20 4621 10 4682 11 4720 20 4782 10 4828 11 4855 20 4928 10 4970 11 5008 20 5070 10 5123 11 5169 20 5223 10 5254 11 5319 20 5354 10 5411 11 5468 20 5511 10 5583 11 5603 20 5683 10 5714 11 5756 20 5814 10 6086 11 6113 20 6186 10 6239 11 6270 20 6339 10 6692 11 6738 20 6792 10 6853 11 6895 20 6953 10 6999 11 7037 20 7099 20 7499 1 7565 0 8081 20 8499
579 28 20 250 20 256 20 300 0 487 20 550 10 704 11 723 10 792 11 850 10 938 11 984 10 1053 11 1099 10 1157 20 1204 11 1230 10 1299 11 1360 10 1441 11 1513 1 1731 0 2278 1 2475 0 2976 1 8607 0 9147 20 9204 20 10204
580 97 20 250 20 256 20 300 0 427 20 550 8 723 20 773 9 823 8 861 9 884 8 949 9 995 8 1068 9 1118 8 1191 9 1241 8 1314 9 1360 8 1440 9 1502 20 1523 8 1582 9 1644 20 1682 8 1728 9 1789 20 1828 8 1885 9 1931 20 1985 8 2019 20 2119 9 2135 8 2173 20 2273 9 2284 8 2330 9 2388 20 2430 8 2461 9 2522 20 2561 8 2603 20 2703 9 2737 8 2752 20 2852 9 2856 8 2936 9 2998 20 3036 8 3086 9 3155 20 3186 8 3239 9 3312 20 3339 8 3397 9 3469 20 3497 8 3562 9 3634 20 3662 8 3723 9 3784 20 3823 8 3868 9 3941 20 3968 8 4037 9 4114 20 4137 8 4206 9 4279 20 4306 8 4367 9 4447 20 4467 8 4536 9 4605 20 4636 8 4697 9 4770 20 4797 8 4869 9 4942 20 4969 8 5050 9 5096 20 5150 8 5207 9 5261 20 5307 1 5504 20 5707 0 5788 20 6707
581 105 20 250 20 256 20 300 0 366 20 550 8 641 20 691 9 737 8 771 9 810 8 871 9 917 8 982 9 1032 8 1101 9 1155 8 1224 9 1282 8 1362 9 1393 20 1441 8 1458 20 1558 9 1569 8 1604 9 1611 8 1619 9 1673 20 1704 8 1749 9 1803 20 1849 8 1880 9 1980 20 1980 8 2029 9 2125 20 2129 8 2156 20 2256 9 2279 8 2332 9 2386 20 2432 8 2459 9 2536 20 2559 8 2593 20 2693 9 2728 8 2774 9 2812 20 2874 8 2877 20 2977 9 3146 8 3203 9 3287 20 3303 8 3333 9 3410 20 3433 8 3479 20 3579 9 3606 8 3648 9 3717 20 3748 8 3782 9 3851 20 3882 8 3924 9 3997 20 4024 8 4074 20 4174 9 4181 8 4223 9 4285 20 4323 8 4335 9 4369 20 4435 8 4438 20 4538 9 4561 8 4603 9 4634 20 4703 8 4726 9 4753 8 4822 20 4826 9 4929 8 4983 9 5025 20 5083 8 5090 9 5186 20 5190 8 5217 9 5274 20 5317 20 5717 20 6717
582 132 20 250 20 256 20 300 0 424 20 550 10 727 20 777 11 785 10 869 11 908 10 977 11 1023 10 1119 11 1165 10 1245 11 1310 10 1399 11 1445 20 1527 10 1552 11 1598 20 1652 10 1686 11 1736 20 1786 10 1824 11 1863 20 1924 10 1939 11 1985 10 2012 11 2024 20 2039 10 2066 11 2108 20 2166 10 2189 11 2250 20 2289 10 2327 11 2392 20 2427 10 2469 11 2511 20 2569 10 2591 11 2630 20 2691 10 2710 11 2741 20 2810 10 2818 11 2879 20 2918 10 2975 11 3029 20 3075 10 3117 11 3182 20 3217 10 3259 11 3328 20 3359 10 3412 11 3485 20 3512 10 3577 11 3646 20 3677 10 3723 11 3800 20 3823 10 3888 11 3949 20 3988 10 4034 11 4103 20 4134 10 4191 11 4264 20 4291 10 4360 11 4421 20 4460 10 4505 11 4570 20 4605 10 4659 11 4732 20 4759 10 4831 11 4885 20 4931 10 5000 11 5054 20 5100 10 5157 11 5215 20 5257 10 5315 11 5380 20 5415 10 5472 11 5529 20 5572 10 5618 11 5679 20 5718 10 5782 11 5832 20 5882 10 5920 11 5993 20 6020 10 6097 11 6147 20 6197 10 6258 11 6339 20 6358 10 6446 11 6503 20 6546 10 6599 11 6665 20 6699 10 6764 11 6814 20 6864 20 7264 1 7906 20 8264
583 172 20 250 20 256 20 300 0 395 20 550 10 773 20 823 11 842 10 869 11 923 10 984 11 1026 10 1092 11 1145 10 1214 11 1260 10 1329 11 1379 10 1452 11 1502 20 1573 10 1579 11 1621 20 1679 10 1694 11 1767 20 1794 10 1809 11 1893 20 1909 10 1943 11 2005 20 2043 10 2074 11 2135 20 2174 10 2185 20 2285 11 2296 10 2350 11 2400 20 2450 10 2472 11 2522 20 2572 10 2595 11 2653 20 2695 10 2726 20 2826 11 2829 10 2860 11 2910 20 2960 10 2979 11 3029 20 3079 10 3105 11 3182 20 3205 10 3216 11 3312 20 3316 10 3355 11 3397 20 3455 10 3470 11 3516 20 3570 10 3585 11 3684 20 3685 10 3730 11 3765 20 3830 10 3857 11 3914 20 3957 10 3983 11 4030 20 4083 10 4118 11 4187 20 4218 10 4260 11 4302 20 4360 10 4405 11 4432 20 4505 10 4509 11 4609 20 4609 10 4681 11 4766 20 4781 10 4846 11 4919 20 4946 10 4992 11 5065 20 5092 10 5146 11 5218 20 5246 10 5303 11 5364 20 5403 10 5441 11 5506 20 5541 10 5587 11 5656 20 5687 10 5744 11 5809 20 5844 10 5897 11 5947 20 5997 10 6035 11 6112 20 6135 10 6200 11 6262 20 6300 10 6342 11 6415 20 6442 10 6503 11 6580 20 6603 10 6676 11 6749 20 6776 10 6844 11 6894 20 6944 10 6986 11 7048 20 7086 10 7140 11 7201 20 7240 10 7297 11 7385 20 7397 10 7481 11 7546 20 7581 10 7635 11 7688 20 7735 10 7803 11 7861 20 7903 10 7976 11 8030 20 8076 10 8126 11 8191 20 8226 10 8279 11 8363 20 8379 10 8475 11 8513 20 8575 1 8815 20 8975 0 9406 20 9975
584 28 20 250 20 256 20 300 0 460 20 550 8 889 9 943 8 1016 9 1073 8 1169 9 1211 20 1389 1 1777 0 2398 10 2719 11 2784 10 2868 11 2911 10 2995 11 3014 1 3301 0 3701 1 3802 0 4213 1 8259 0 9321 20 9389 20 10389
585 73 20 250 20 256 20 300 0 455 20 550 8 692 9 734 20 742 8 838 9 876 8 968 9 1026 8 1099 9 1133 8 1191 9 1240 8 1290 9 1294 8 1302 9 1375 20 1492 8 1601 20 1701 9 1704 8 1743 9 1812 20 1843 8 1935 20 2035 9 2149 8 2203 9 2234 20 2303 8 2307 20 2407 9 2414 8 2464 9 2521 20 2564 8 2594 9 2652 20 2694 8 2705 9 2717 8 2721 20 2805 9 2970 8 3020 9 3074 20 3120 8 3150 9 3219 20 3250 8 3292 9 3369 20 3392 8 3453 9 3511 20 3553 8 3588 9 3657 20 3688 8 3733 9 3814 20 3833 8 3894 9 3971 20 3994 8 4063 9 4128 20 4163 20 4563 20 5563
586 95 20 250 20 256 20 300 0 387 20 550 10 763 20 813 11 836 10 898 11 936 10 1001 11 1055 10 1124 11 1174 10 1243 11 1296 10 1369 11 1431 10 1504 20 1563 11 1573 10 1749 11 1799 20 1849 10 1872 11 1956 20 1972 10 1994 11 2037 20 2094 10 2117 11 2171 20 2217 10 2244 11 2294 20 2344 10 2359 11 2413 20 2459 10 2485 11 2535 20 2585 10 2608 11 2670 10 2677 11 2696 20 2708 10 2739 11 2788 20 2839 10 2869 11 2896 20 2969 10 2973 11 3049 20 3073 10 3118 11 3168 20 3218 10 3249 11 3322 20 3349 10 3410 11 3490 20 3510 10 3575 11 3652 20 3675 10 3728 11 3805 20 3828 10 3920 11 3974 20 4020 10 4070 11 4135 20 4170 10 4223 11 4277 20 4323 10 4384 11 4442 20 4484 10 4553 11 4614 20 4653 10 4710 11 4764 20 4810 10 4867 11 4906 20 4967 20 5367 1 6270 20 6367
587 149 20 250 20 256 20 300 0 388 20 550 8 589 9 608 20 639 8 746 9 789 8 865 9 908 8 977 9 1019 8 1084 9 1134 8 1199 9 1253 8 1329 20 1389 9 1445 8 1479 9 1571 20 1579 8 1621 9 1671 20 1721 8 1740 9 1801 20 1840 8 1867 9 1943 20 1967 8 2012 20 2112 9 2120 8 2169 9 2227 20 2269 8 2300 9 2361 20 2400 8 2430 20 2530 9 2542 8 2595 9 2653 20 2695 8 2710 9 2772 20 2810 8 2825 20 2925 9 2940 8 2967 9 3059 20 3067 8 3117 9 3151 20 3217 8 3228 20 3328 9 3466 8 3512 9 3542 20 3612 8 3615 9 3661 20 3715 8 3738 9 3803 20 3838 8 3876 20 3976 9 3984 8 4037 9 4076 20 4137 8 4148 20 4248 9 4279 8 4309 9 4371 20 4409 8 4459 9 4528 20 4559 8 4609 9 4655 20 4709 8 4731 9 4797 20 4831 8 4866 9 4954 20 4966 8 5027 9 5100 20 5127 8 5176 9 5238 20 5276 8 5322 9 5380 20 5422 8 5460 9 5529 20 5560 20 5960 8 5982 9 6043 20 6082 8 6143 9 6189 20 6243 8 6250 9 6335 20 6350 8 6408 9 6480 20 6508 8 6553 9 6603 20 6653 8 6680 9 6749 20 6780 8 6826 9 6895 20 6926 8 6983 9 7048 20 7083 8 7144 9 7209 20 7244 8 7301 9 7367 20 7401 8 7451 9 7512 20 7551 8 7608 9 7685 20 7708 1 7946 0 8416 1 8600 20 8708
588 104 20 250 20 256 20 300 0 459 20 550 10 707 20 757 11 773 10 838 11 872 10 941 11 987 10 1053 11 1099 10 1168 11 1225 10 1294 11 1356 10 1432 11 1494 20 1507 10 1574 11 1628 20 1674 10 1708 11 1766 10 1808 20 1808 11 1816 10 1835 11 1896 20 1935 10 1965 20 2065 11 2146 10 2222 11 2261 20 2322 10 2334 11 2426 20 2434 10 2456 11 2556 20 2556 10 2602 11 2656 20 2702 10 2729 11 2798 20 2829 10 2875 11 2940 20 2975 10 3020 11 3086 20 3120 10 3170 11 3231 20 3270 10 3312 11 3369 20 3412 10 3450 11 3511 20 3550 10 3584 11 3588 10 3592 11 3669 20 3684 10 3768 11 3807 20 3868 10 3906 11 3972 20 4006 10 4056 11 4114 20 4156 10 4206 11 4259 20 4306 10 4367 11 4420 20 4467 10 4524 11 4589 20 4624 10 4693 11 4750 20 4793 10 4838 11 4904 20 4938 10 4992 11 5053 20 5092 10 5153 11 5207 20 5253 1 5417 20 5653 0 5886 20 6653
589 56 20 250 20 256 20 300 0 408 20 550 8 702 20 752 9 805 8 836 9 863 8 928 9 978 8 1047 9 1101 8 1173 9 1219 8 1296 9 1346 8 1419 9 1473 20 1502 8 1545 9 1607 20 1645 8 1680 9 1760 20 1780 8 1825 9 1921 20 1925 8 1994 9 2086 20 2094 8 2163 9 2224 20 2263 8 2320 9 2378 20 2420 8 2462 9 2531 20 2562 8 2623 9 2688 20 2723 8 2788 9 2842 20 2888 8 2926 9 2984 20 3026 8 3080 9 3130 20 3180 20 3580 20 4580
590 98 20 250 20 256 20 300 0 397 20 550 10 591 20 641 11 656 10 722 11 760 10 825 11 867 10 929 11 986 10 1051 11 1113 10 1186 11 1236 10 1308 11 1366 20 1391 10 1404 11 1412 10 1443 11 1485 20 1504 10 1562 11 1615 20 1662 10 1688 11 1742 20 1788 10 1811 20 1911 11 1918 10 1964 11 2014 20 2064 10 2087 11 2137 20 2187 10 2202 20 2302 11 2333 10 2363 11 2394 20 2463 10 2467 11 2521 20 2567 10 2582 11 2682 20 2682 10 2724 20 2824 11 2827 10 2874 11 2916 20 2974 10 2977 11 3027 20 3077 10 3088 11 3157 20 3188 10 3223 11 3307 20 3323 10 3349 11 3434 20 3449 10 3514 11 3583 20 3614 10 3660 11 3725 20 3760 10 3794 11 3867 20 3894 10 3948 11 4024 20 4048 10 4109 11 4166 20 4209 10 4243 11 4308 20 4343 10 4415 11 4465 20 4515 1 4697 20 4915 0 5215 1 5374 0 5798 20 5915
591 83 20 250 20 256 20 300 0 423 20 550 10 636 11 651 20 686 10 927 11 962 10 1039 11 1069 10 1135 11 1188 10 1265 11 1311 10 1388 20 1436 11 1438 10 1511 11 1553 20 1611 10 1626 11 1668 20 1726 10 1741 11 1798 20 1841 10 1863 20 1963 11 1998 10 2025 11 2055 20 2125 10 2128 11 2174 20 2228 10 2255 11 2304 20 2355 10 2385 11 2443 20 2485 10 2519 11 2561 20 2619 10 2653 11 2680 20 2753 10 2769 11 2803 20 2869 10 2876 11 2933 20 2976 10 3010 11 3072 20 3110 10 3148 11 3225 20 3248 10 3309 11 3371 20 3409 10 3451 11 3513 20 3551 10 3605 11 3666 20 3705 10 3750 11 3816 20 3850 10 3900 11 3973 20 4000 10 4092 11 4134 20 4192 20 4592 1 4758 0 5170 20 5592
592 36 20 250 20 256 20 300 0 405 20 550 10 776 11 803 10 872 11 930 10 1003 11 1037 10 1110 11 1171 10 1237 20 1276 11 1317 10 1386 11 1474 10 1547 11 1612 1 1854 0 2306 1 4766 0 5155 1 5706 0 6273 10 6557 11 6618 10 6684 11 6737 1 7013 0 7565 10 8310 11 8360 20 9276 20 10276
593 56 20 250 20 256 20 300 0 352 20 550 8 578 20 628 9 651 8 704 9 735 8 789 9 835 8 892 9 942 8 996 9 1050 8 1107 9 1172 8 1234 9 1299 8 1372 20 1378 9 1433 8 1498 9 1567 20 1598 8 1636 9 1698 20 1736 8 1771 20 1871 9 1966 8 2039 9 2116 20 2139 8 2185 9 2258 20 2285 8 2338 9 2423 20 2438 8 2507 9 2572 20 2607 8 2653 9 2730 20 2753 8 2826 9 2887 20 2926 1 3124 0 3176 20 3326 1 3390 0 3476 20 4326
594 112 20 250 20 256 20 300 0 321 20 550 8 571 20 621 9 625 8 636 9 724 8 782 9 828 8 893 9 943 8 1012 9 1058 8 1131 9 1177 8 1246 9 1308 20 1371 8 1380 9 1442 20 1480 8 1526 9 1584 20 1626 8 1668 9 1718 20 1768 8 1806 9 1860 20 1906 8 1944 9 2006 20 2044 8 2094 9 2151 20 2194 8 2240 9 2293 20 2340 8 2397 9 2432 20 2497 8 2531 9 2581 20 2631 8 2685 9 2727 20 2785 8 2842 9 2892 20 2942 8 2995 9 3057 20 3095 8 3153 9 3222 20 3253 8 3333 9 3348 8 3433 20 3433 9 3494 8 3571 9 3640 20 3671 8 3713 9 3793 20 3813 8 3866 9 3947 20 3966 8 4016 9 4089 20 4116 8 4169 9 4231 20 4269 8 4326 9 4376 20 4426 8 4468 9 4522 20 4568 8 4622 9 4687 20 4722 8 4798 9 4852 20 4898 8 4948 9 5001 20 5048 1 5307 20 5448 0 5687 8 5983 9 6037 20 6083 8 6106 9 6164 20 6206 1 6282 0 6616 8 6850 9 6912 20 6950 1 7057 0 7503 20 7950
595 68 20 250 20 256 20 300 0 383 20 550 8 629 20 679 9 740 8 760 9 790 8 855 9 901 8 970 9 1020 8 1089 9 1143 8 1224 9 1277 8 1358 9 1412 20 1429 8 1488 9 1550 20 1588 8 1630 9 1688 20 1730 8 1784 9 1841 20 1884 8 1929 9 1987 20 2029 8 2071 9 2137 20 2171 8 2225 9 2279 20 2325 8 2367 9 2420 20 2467 8 2509 9 2562 20 2609 8 2654 9 2708 20 2754 8 2792 9 2858 20 2892 8 2950 9 3011 20 3050 8 3103 9 3164 20 3203 8 3257 9 3322 20 3357 8 3418 9 3479 20 3518 8 3598 9 3640 20 3698 20 4098 20 5098
596 67 20 250 20 256 20 300 0 401 20 550 10 621 20 671 11 729 10 752 11 786 10 844 11 897 10 963 11 1016 10 1085 11 1147 10 1223 11 1281 10 1354 11 1408 20 1421 10 1473 11 1526 20 1573 10 1592 11 1665 20 1692 10 1726 11 1799 20 1826 10 1872 11 1914 20 1972 10 1975 11 2033 20 2075 10 2098 11 2163 20 2198 10 2228 11 2294 20 2328 10 2370 11 2436 20 2470 10 2505 11 2581 20 2605 10 2681 11 2735 20 2781 10 2815 11 2884 20 2915 10 2961 11 3026 20 3061 10 3115 11 3184 20 3215 10 3303 11 3341 20 3403 1 3534 20 3803 0 4052 20 4803
597 88 20 250 20 256 20 300 0 380 20 550 8 642 20 692 9 799 8 857 9 906 8 968 9 1021 8 1087 9 1140 8 1209 9 1267 8 1347 9 1401 20 1442 8 1482 9 1535 20 1582 8 1616 9 1673 20 1716 8 1762 9 1812 20 1862 8 1904 9 1950 20 2004 8 2046 9 2092 20 2146 8 2180 9 2230 20 2280 8 2318 9 2375 20 2418 8 2498 9 2525 20 2598 8 2659 9 2694 20 2759 8 2793 9 2843 20 2893 8 2947 9 2985 20 3047 8 3073 9 3123 20 3173 8 3215 9 3265 20 3315 8 3369 9 3419 20 3469 8 3515 9 3572 20 3615 8 3664 9 3718 20 3764 8 3814 9 3871 20 3914 8 3979 9 4025 20 4079 8 4124 9 4174 20 4224 1 4452 20 4624 0 4842 10 5160 11 5221 20 5260 10 5291 11 5360 20 5391 1 5546 0 6099 20 6391
598 141 20 250 20 256 20 300 0 347 20 550 10 598 20 648 11 656 10 729 11 763 10 832 11 875 10 940 11 986 10 1055 11 1109 10 1174 11 1235 10 1320 11 1377 20 1398 10 1465 11 1519 20 1565 10 1607 11 1661 20 1707 10 1749 11 1803 20 1849 10 1883 11 1930 20 1983 10 2002 11 2045 20 2102 10 2114 20 2214 11 2225 10 2244 11 2294 20 2344 10 2359 11 2405 20 2459 10 2482 11 2536 20 2582 10 2609 11 2658 20 2709 10 2739 11 2796 20 2839 10 2869 11 2915 20 2969 10 2992 11 3061 20 3092 10 3126 11 3169 20 3226 10 3245 11 3295 20 3345 10 3364 11 3426 20 3464 10 3487 11 3564 20 3587 10 3629 11 3667 20 3729 10 3744 11 3790 20 3844 10 3859 11 3917 20 3959 10 3986 11 4032 20 4086 10 4105 11 4170 20 4205 10 4239 11 4308 20 4339 10 4381 11 4450 20 4481 10 4523 11 4588 20 4623 10 4661 11 4741 20 4761 10 4829 11 4883 20 4929 10 4971 11 5037 20 5071 10 5117 11 5198 20 5217 10 5282 11 5340 20 5382 10 5420 11 5489 20 5520 10 5600 11 5646 20 5700 10 5761 11 5819 20 5861 10 5915 11 5976 20 6015 10 6049 11 6130 20 6149 10 6226 11 6283 20 6326 10 6375 11 6379 10 6383 11 6436 20 6475 1 6675 0 6730 1 6753 20 6875 0 6881 1 7611 20 7875
599 60 0 193 1 2666 20 2916 20 2922 20 2966 0 2994 20 3216 8 3256 20 3306 9 3321 8 3382 9 3409 8 3467 9 3516 8 3582 9 3631 8 3693 9 3750 8 3827 9 3885 8 3961 9 4011 20 4056 8 4092 9 4142 20 4192 8 4226 9 4284 20 4326 8 4372 9 4425 20 4472 8 4541 9 4579 20 4641 8 4690 9 4725 20 4790 8 4828 9 4867 20 4928 8 4947 9 5005 20 5047 8 5127 9 5147 20 5227 8 5434 9 5453 20 5534 8 5569 9 5611 20 5669 8 5887 9 5918 20 5987 20 6387 1 6832 0 7042 20 7387
600 85 20 250 20 256 20 300 0 366 20 550 8 638 20 688 9 703 8 761 9 799 8 853 9 899 8 968 9 1014 8 1079 9 1137 8 1206 9 1259 8 1336 9 1390 20 1438 8 1470 9 1528 20 1570 8 1612 9 1670 20 1712 8 1762 9 1804 20 1862 8 1904 9 1942 20 2004 8 2038 9 2065 20 2138 8 2149 9 2234 20 2249 8 2291 9 2337 20 2391 8 2422 9 2475 20 2522 8 2579 9 2613 20 2679 8 2717 9 2763 20 2817 8 2851 9 2909 20 2951 8 3005 9 3051 20 3105 8 3162 9 3204 20 3262 8 3315 9 3365 20 3415 8 3453 9 3507 20 3553 8 3607 9 3661 20 3707 8 3757 9 3806 20 3857 8 3902 9 3948 20 4002 8 4052 9 4090 20 4152 8 4194 9 4248 20 4294 1 4489 20 4694 0 5054 20 5694
601 77 20 250 20 256 20 300 0 337 20 550 8 576 20 626 9 737 8 798 9 844 8 913 9 967 8 1036 9 1101 8 1182 9 1235 8 1316 20 1376 9 1377 8 1454 9 1519 20 1554 8 1607 9 1673 20 1707 8 1757 9 1826 20 1857 8 1895 9 1976 20 1995 8 2056 9 2114 20 2156 8 2194 9 2252 20 2294 8 2352 9 2409 20 2452 8 2497 9 2559 20 2597 8 2651 9 2716 20 2751 8 2804 9 2854 20 2904 8 2942 9 2977 20 3042 8 3050 9 3130 20 3150 8 3199 9 3268 20 3299 8 3349 9 3414 20 3449 8 3495 9 3556 20 3595 8 3652 9 3713 20 3752 8 3824 9 3878 20 3924 8 3997 9 4039 20 4097 20 4497 1 4520 0 5025 20 5497
602 71 20 250 20 256 20 300 0 369 20 550 10 668 20 718 11 752 10 806 11 832 10 890 11 944 10 1009 11 1063 10 1143 11 1201 10 1277 11 1373 10 1404 11 1465 20 1468 10 1481 11 1500 10 1530 20 1581 11 1603 10 1680 11 1745 20 1780 10 1814 11 1887 20 1914 10 1964 11 2041 20 2064 10 2121 11 2186 20 2221 10 2290 11 2351 20 2390 10 2443 11 2512 20 2543 10 2593 11 2650 20 2693 10 2738 11 2800 20 2838 10 2884 11 2946 20 2984 10 3053 11 3118 20 3153 10 3214 11 3268 20 3314 10 3371 11 3375 10 3379 11 3429 20 3471 10 3525 11 3575 20 3625 1 3839 20 4025 0 4432 20 5025
603 28 20 250 20 256 20 300 0 365 20 550 8 714 9 764 8 818 9 876 8 960 9 1002 1 1128 20 1214 0 1223 1 1271 0 1330 1 3002 0 3351 8 3576 9 3599 1 7002 0 7484 1 7641 0 8022 1 8678 0 9116 20 9214 20 10214
604 12 20 250 20 256 0 290 20 300 20 550 10 581 11 623 10 688 11 742 20 1081 20 9081 20 10081
605 74 20 250 16 435 20 485 20 491 0 526 20 535 20 785 8 968 20 1018 9 1129 8 1194 9 1236 8 1305 9 1351 8 1420 9 1470 8 1539 9 1589 8 1658 9 1708 20 1768 8 1781 9 1838 20 1881 8 2026 20 2126 9 2202 8 2283 9 2325 20 2383 8 2398 9 2467 20 2498 8 2517 20 2617 9 2628 8 2659 9 2739 20 2759 8 2804 9 2862 20 2904 8 2927 20 3027 9 3053 8 3073 9 3134 20 3173 8 3203 9 3272 20 3303 8 3333 9 3395 20 3433 8 3452 20 3552 9 3556 8 3602 9 3694 20 3702 8 3763 9 3836 20 3863 8 3909 9 3974 20 4009 8 4070 9 4123 20 4170 1 4366 20 4570 0 4688 1 5564 20 5570
606 128 20 250 20 256 20 300 0 370 20 550 8 584 20 634 9 646 8 715 9 749 8 815 9 857 8 922 9 976 8 1041 9 1094 8 1167 9 1221 8 1294 9 1351 20 1384 8 1420 9 1478 20 1520 8 1551 9 1612 20 1651 8 1685 9 1735 20 1785 8 1815 9 1900 20 1915 8 1934 9 1988 20 2034 8 2053 9 2111 20 2153 8 2157 9 2233 20 2257 8 2295 9 2371 20 2395 8 2433 9 2486 20 2533 8 2555 9 2613 20 2655 8 2682 20 2782 9 2793 8 2843 9 2889 20 2943 8 2958 9 3012 20 3058 8 3073 20 3173 9 3192 8 3211 9 3280 20 3311 8 3345 9 3410 20 3445 8 3479 9 3537 20 3579 8 3617 9 3660 20 3717 8 3725 9 3790 20 3825 8 3855 9 3955 20 3955 8 3986 9 4058 20 4086 8 4131 9 4196 20 4231 8 4262 9 4334 20 4362 8 4400 9 4484 20 4500 8 4561 9 4630 20 4661 8 4706 9 4772 20 4806 8 4848 9 4925 20 4948 8 5009 9 5063 20 5109 8 5143 9 5201 20 5243 8 5285 9 5350 20 5385 8 5442 9 5492 20 5542 8 5584 9 5642 20 5684 8 5738 9 5788 20 5838 8 5883 9 5937 20 5983 1 6179 20 6383 0 6622 1 7359 20 7383
607 8 20 250 20 256 20 300 0 386 8 512 9 539 8 685 20 712
608 57 20 250 20 256 20 300 0 401 20 550 8 641 20 691 9 710 8 771 9 798 8 863 9 921 8 971 9 1013 8 1082 9 1132 8 1201 9 1255 8 1301 9 1304 8 1312 9 1385 20 1441 8 1446 20 1546 9 1558 8 1627 9 1696 20 1727 8 1768 9 1834 20 1868 8 1922 9 1975 20 2022 8 2052 9 2117 20 2152 8 2198 9 2271 20 2298 8 2355 9 2405 20 2455 8 2493 9 2547 20 2593 8 2635 9 2693 20 2735 8 2804 9 2857 20 2904 1 3281 20 3304 0 3834 20 4304
609 92 20 250 20 256 20 300 0 454 20 550 8 962 9 1008 20 1012 8 1016 9 1112 8 1173 9 1219 8 1288 9 1338 8 1411 9 1465 8 1538 9 1599 8 1676 9 1725 20 1762 8 1798 9 1856 20 1898 8 1925 9 1994 20 2025 8 2071 9 2117 20 2171 8 2197 9 2247 20 2297 8 2331 9 2385 20 2431 8 2470 9 2535 20 2570 8 2627 9 2677 20 2727 8 2769 9 2811 20 2869 8 2930 9 2956 20 3030 8 3052 9 3102 20 3152 8 3210 9 3252 20 3310 8 3344 9 3390 20 3444 8 3478 9 3528 20 3578 8 3620 9 3666 20 3720 8 3777 9 3804 20 3877 8 3911 9 3957 20 4011 8 4068 9 4126 20 4168 8 4233 9 4283 20 4333 8 4383 9 4444 20 4483 8 4808 9 4839 20 4908 8 4912 9 4981 20 5012 8 5023 9 5062 20 5123 1 5367 20 5523 0 6019 1 6473 20 6523
610 91 20 250 20 256 20 300 0 393 20 550 10 794 11 825 20 844 10 863 11 947 10 1009 11 1055 10 1124 11 1177 10 1250 11 1304 10 1373 11 1427 10 1500 11 1557 20 1594 10 1630 11 1691 20 1730 10 1780 11 1837 20 1880 10 1918 11 1983 20 2018 10 2063 11 2121 20 2163 10 2213 11 2267 20 2313 10 2355 11 2409 20 2455 10 2508 11 2539 20 2608 10 2631 11 2654 20 2731 10 2735 11 2773 20 2835 10 2850 11 2896 20 2950 20 3350 10 3812 11 3851 20 3912 10 3935 11 3954 20 4035 10 4039 11 4092 20 4139 10 4169 11 4223 20 4269 10 4303 11 4376 20 4403 10 4457 11 4522 20 4557 10 4618 11 4671 20 4718 10 4760 11 4825 20 4860 10 4925 11 4971 20 5025 10 5066 11 5116 20 5166 10 5220 11 5270 20 5320 10 5381 11 5423 20 5481 1 5634 0 6032 20 6481
611 68 20 250 20 256 20 300 0 374 20 550 8 570 9 577 8 612 20 620 9 819 8 911 9 953 8 1030 9 1064 8 1129 9 1172 8 1245 9 1291 8 1363 20 1370 9 1421 8 1498 9 1547 20 1598 8 1628 9 1674 20 1728 8 1762 9 1812 20 1862 8 1904 9 1946 20 2004 8 2054 9 2084 20 2154 8 2196 9 2199 8 2207 9 2234 20 2296 8 2338 9 2372 20 2438 8 2491 9 2510 20 2591 20 2991 8 3066 9 3089 20 3166 8 3212 9 3231 20 3312 8 3338 9 3365 20 3438 8 4075 9 4102 20 4175 8 4198 9 4228 20 4298 8 4336 9 4366 20 4436 1 5124 20 5436
612 38 20 250 20 256 20 300 0 400 20 550 8 1093 20 1143 9 1235 8 1323 9 1365 8 1438 9 1484 8 1561 9 1614 8 1676 9 1691 8 1695 9 1749 8 1837 9 1879 20 1893 8 1986 9 2021 20 2086 8 2121 9 2170 20 2221 8 2274 9 2312 20 2374 8 2397 9 2446 20 2497 8 2546 9 2581 20 2646 20 3046 20 4046
613 57 20 250 20 256 20 300 0 386 20 550 8 741 20 791 9 914 8 979 9 1025 8 1102 9 1144 8 1228 9 1274 8 1370 9 1378 8 1389 9 1412 8 1535 20 1541 9 1554 20 1941 8 2444 9 2505 20 2544 8 3245 9 3253 20 3345 8 3437 9 3464 20 3537 8 3544 9 3586 20 3644 8 3671 9 3717 20 3771 8 3816 9 3851 20 3916 8 3947 9 3996 20 4047 8 4085 9 4138 20 4185 8 4242 9 4288 20 4342 8 4372 9 4426 20 4472 8 4526 9 4564 20 4626 1 5254 20 5626
614 33 20 250 20 256 20 300 0 386 20 550 8 654 20 704 9 716 8 796 9 823 8 888 9 934 8 1007 9 1065 8 1149 9 1187 8 1279 9 1325 8 1418 20 1454 9 1471 8 1582 9 1621 20 1682 8 1713 9 1759 20 1813 8 1870 9 1901 20 1970 20 2370 1 3243 20 3370
615 30 20 250 20 256 20 300 0 373 1 547 20 550 0 581 1 829 0 1182 8 1401 9 1458 8 1527 9 1581 1 1758 20 1901 0 2197 8 2743 9 2785 8 2861 9 2915 1 3126 0 3628 1 5325 0 5808 1 7697 0 8007 1 9323 20 9901 0 9962 20 10901
616 133 20 250 20 256 20 300 0 353 20 550 8 654 20 704 9 807 8 834 9 903 8 965 9 1264 8 1333 9 1394 20 1454 8 1459 9 1540 20 1559 8 1628 9 1678 20 1728 8 1747 9 1843 20 1847 8 1858 20 1958 9 1977 8 2011 9 2080 20 2111 8 2130 9 2188 20 2230 8 2257 9 2307 20 2357 8 2379 9 2437 20 2479 8 2514 9 2564 20 2614 8 2625 9 2698 20 2725 8 2763 20 2863 9 2974 8 3016 9 3062 20 3116 8 3127 9 3192 20 3227 8 3242 9 3323 20 3342 8 3380 9 3461 20 3480 8 3526 9 3626 20 3626 8 3668 9 3714 20 3768 8 3771 9 3840 20 3871 8 3890 9 3952 20 3990 8 4005 9 4101 20 4105 8 4128 9 4224 20 4228 8 4266 20 4366 9 4370 8 4435 9 4508 20 4535 8 4569 9 4661 20 4669 8 4738 9 4803 20 4838 8 4884 9 4960 20 4984 8 5037 9 5106 20 5137 8 5175 9 5252 20 5275 8 5309 9 5359 20 5409 8 5428 9 5497 20 5528 8 5578 9 5651 20 5678 8 5731 9 5804 20 5831 8 5888 9 5946 20 5988 8 6030 9 6084 20 6130 8 6168 9 6245 20 6268 8 6341 9 6394 20 6441 8 6479 9 6544 20 6579 8 6651 9 6705 20 6751 1 6987 20 7151 0 7464 20 8151
617 26 20 250 20 256 20 300 0 355 20 550 8 591 9 641 8 721 9 760 1 911 20 1091 0 1372 1 2130 0 2491 1 2780 0 3243 1 4224 0 4766 1 5428 0 5976 10 6328 11 6355 1 6626 0 7064 20 9091 20 10091
618 129 20 250 20 256 20 300 0 321 20 550 8 641 20 691 9 710 8 772 9 806 8 868 9 906 8 967 9 1013 8 1075 9 1124 8 1190 9 1247 8 1312 9 1370 20 1441 8 1450 9 1504 20 1550 8 1577 9 1634 20 1677 8 1711 9 1765 20 1811 8 1845 9 1903 20 1945 8 1995 9 2056 20 2095 8 2141 9 2198 20 2241 8 2275 9 2321 20 2375 8 2382 9 2436 20 2482 8 2501 9 2574 20 2601 8 2628 9 2674 20 2728 8 2746 20 2846 9 2862 8 2942 9 2984 20 3042 8 3061 9 3118 20 3161 8 3191 9 3253 20 3291 8 3325 9 3348 8 3417 20 3425 9 3536 8 3575 9 3613 20 3675 8 3682 9 3763 20 3782 8 3816 9 3866 20 3916 8 3931 9 4016 20 4031 8 4092 9 4158 20 4192 8 4238 9 4299 20 4338 8 4380 9 4453 20 4480 8 4533 9 4606 20 4633 8 4687 9 4756 20 4787 8 4848 9 4917 20 4948 8 5001 9 5078 20 5101 8 5158 9 5231 20 5258 8 5312 9 5369 20 5412 8 5438 9 5488 20 5538 8 5565 9 5626 20 5665 8 5699 9 5768 20 5799 8 5856 9 5929 20 5956 8 6014 9 6090 20 6114 8 6205 9 6255 20 6305 1 6571 20 6705 0 6915 20 7705
619 183 20 250 20 256 20 300 0 377 20 550 8 590 20 640 9 643 8 716 9 739 8 805 9 854 8 916 9 954 8 1015 9 1069 8 1138 9 1192 8 1257 9 1315 20 1390 8 1391 9 1437 8 1476 20 1491 9 1495 8 1510 9 1548 20 1610 8 1614 9 1713 20 1714 8 1752 9 1813 20 1852 8 1871 9 1913 20 1971 8 1978 9 2070 20 2078 8 2120 9 2166 20 2220 8 2246 9 2289 20 2346 8 2358 9 2442 8 2457 20 2458 9 2599 8 2661 9 2684 20 2761 8 2764 9 2845 20 2864 8 2902 9 2948 20 3002 8 3025 20 3125 9 3140 8 3171 9 3228 20 3271 8 3290 9 3339 20 3390 8 3405 20 3505 9 3750 8 3792 9 3823 20 3892 8 3899 9 3995 20 3999 8 4026 9 4114 20 4126 8 4168 9 4202 20 4268 8 4275 20 4375 9 4509 8 4559 9 4566 20 4659 8 4666 9 4754 20 4766 8 4789 9 4889 20 4889 8 4927 9 5000 20 5027 8 5054 9 5092 20 5154 8 5161 9 5249 20 5261 8 5284 9 5356 20 5384 8 5426 9 5487 20 5526 8 5571 9 5598 20 5671 8 5690 9 5751 20 5790 8 5821 9 5909 20 5921 8 5978 9 6054 20 6078 8 6131 9 6189 20 6231 8 6265 9 6323 20 6365 8 6411 9 6469 20 6511 8 6538 9 6603 20 6638 8 6676 9 6741 20 6776 8 6821 9 6829 8 6833 9 6902 20 6921 8 6990 9 7052 20 7090 8 7124 9 7186 20 7224 8 7270 9 7324 20 7370 8 7404 9 7412 8 7416 9 7477 20 7504 8 7562 9 7619 20 7662 8 7711 9 7765 20 7811 8 7861 9 7918 20 7961 8 8018 9 8076 20 8118 8 8191 9 8240 20 8291 8 8367 9 8405 20 8467 8 8505 9 8559 20 8605 1 8879 20 9005 0 9367 20 10005
620 9 20 250 20 256 20 300 0 320 8 535 9 573 8 650 9 708 20 735
621 26 20 250 20 256 20 300 0 310 20 550 10 758 11 823 1 1059 20 1258 0 1568 1 1708 0 2289 1 2439 0 2684 1 3312 0 3737 1 6118 0 6705 1 7998 0 8365 1 8396 0 8704 1 9115 20 9258 0 9585 20 10258
622 90 20 250 20 256 20 300 0 453 20 550 10 720 11 766 20 770 10 846 11 988 10 1050 11 1096 10 1165 11 1211 10 1280 11 1337 10 1406 11 1456 20 1520 10 1525 11 1579 20 1625 10 1652 11 1705 20 1752 10 1778 11 1832 20 1878 10 1905 11 1943 10 1989 20 2005 11 2066 10 2131 11 2189 20 2231 10 2250 11 2296 20 2350 10 2369 11 2430 20 2469 10 2503 11 2572 20 2603 10 2656 11 2729 20 2756 10 2810 11 2879 20 2910 10 2959 11 3025 20 3059 10 3101 11 3167 20 3201 10 3270 11 3324 20 3370 10 3416 11 3485 20 3516 10 3565 11 3631 20 3665 10 3719 11 3799 20 3819 10 3876 11 3956 20 3976 10 4045 11 4114 20 4145 10 4213 11 4275 20 4313 10 4382 11 4455 20 4482 10 4532 11 4539 10 4543 11 4620 20 4632 1 4975 20 5032 0 5381 20 6032
623 21 20 250 20 256 20 300 0 374 20 550 1 636 0 1038 1 1223 0 1370 20 1550 1 2143 0 2569 8 2794 9 2836 1 3016 0 3412 20 3544 20 3944 1 4338 0 4781 20 4944
624 120 20 250 20 256 20 300 0 441 20 550 8 682 20 732 9 739 8 808 9 835 8 897 9 939 8 996 9 1046 8 1107 9 1153 8 1219 9 1276 8 1341 9 1399 8 1468 20 1482 9 1525 8 1598 9 1660 20 1698 8 1729 20 1829 9 1855 8 1890 9 1932 20 1990 8 2001 9 2047 20 2101 8 2116 9 2174 20 2216 8 2243 9 2335 20 2343 8 2384 9 2423 20 2484 8 2492 9 2572 20 2592 8 2611 20 2711 9 2852 8 2887 9 2921 20 2987 8 3013 20 3113 9 3140 8 3167 9 3209 20 3267 8 3274 9 3309 8 3374 20 3374 9 3612 8 3635 9 3642 20 3735 8 3742 20 3842 9 3880 8 3895 9 3957 20 3995 8 4014 9 4053 20 4114 8 4122 20 4222 9 4237 8 4267 9 4348 20 4367 8 4386 9 4421 20 4486 8 4494 20 4594 9 4616 8 4624 9 4705 20 4724 8 4754 9 4804 20 4854 8 4862 20 4962 9 4981 8 5011 9 5080 20 5111 8 5134 9 5165 20 5234 8 5238 9 5326 20 5338 8 5383 9 5437 20 5483 8 5502 20 5602 9 5717 8 5778 20 5878 9 5897 8 5932 9 5997 20 6032 20 6432 20 7432
625 28 20 250 20 256 20 300 0 354 20 550 10 711 11 757 20 761 10 826 11 892 10 953 11 1022 10 1083 11 1133 10 1198 11 1248 10 1313 11 1382 20 1511 1 1593 20 1911 0 2123 8 2376 9 2429 20 2476 1 2610 0 3050 20 3476
626 22 20 250 20 256 20 300 0 388 20 550 8 647 9 689 1 853 20 1147 0 1196 8 1333 9 1341 8 1483 9 1533 1 5152 0 5584 1 6478 0 6855 8 7911 9 7937 20 9147 20 10147
627 47 20 250 16 420 20 470 20 476 0 519 20 520 20 770 10 776 11 819 10 888 11 941 1 1102 20 1276 0 1548 8 1938 9 1980 8 2049 9 2107 1 3787 0 4185 10 4477 11 4523 10 4600 11 4665 10 4734 11 4772 10 4837 11 4883 10 4964 11 4975 1 5869 0 5926 1 5977 0 6386 10 6751 11 6793 10 6862 11 6916 10 6973 11 7023 10 7073 11 7134 1 7347 0 8004 20 9276 1 10223 20 10276
628 60 20 250 20 256 20 300 0 366 20 550 10 694 11 737 20 744 10 806 11 871 10 932 11 978 10 1036 11 1086 10 1139 11 1197 10 1251 11 1320 10 1377 11 1439 10 1492 20 1494 11 1565 10 1638 11 1680 20 1738 10 1742 11 1792 20 1842 10 1845 11 1910 20 1945 10 1960 11 2018 20 2060 10 2075 11 2133 20 2175 10 2198 11 2267 20 2298 10 2309 11 2390 20 2409 10 2447 11 2513 20 2547 10 2566 11 2635 20 2666 10 2697 11 2758 20 2797 10 2835 11 2896 20 2935 1 3133 20 3335 0 3444 20 4335
629 121 20 250 20 256 20 300 0 402 20 550 10 790 11 817 20 840 10 893 11 939 10 1001 11 1039 10 1101 11 1147 10 1208 11 1254 10 1315 11 1361 10 1423 11 1480 10 1546 20 1590 11 1603 10 1668 11 1733 20 1768 10 1787 11 1849 20 1887 10 1906 11 1960 20 2006 10 2025 11 2075 20 2125 10 2144 11 2198 20 2244 10 2263 11 2324 20 2363 10 2386 11 2470 20 2486 10 2527 11 2573 20 2627 10 2642 11 2696 20 2742 10 2761 11 2846 20 2861 10 2899 11 2942 10 2995 20 2999 11 3084 10 3130 11 3172 10 3229 20 3230 11 3314 10 3360 11 3425 20 3460 10 3479 11 3532 20 3579 10 3605 11 3682 20 3705 10 3732 11 3770 10 3832 20 3832 11 3882 10 3962 11 4008 20 4062 10 4092 11 4154 20 4192 10 4227 11 4296 20 4327 10 4365 11 4434 20 4465 10 4510 11 4595 20 4610 10 4672 11 4737 20 4772 10 4810 11 4875 20 4910 10 4932 11 4990 20 5032 10 5059 11 5097 20 5159 10 5162 11 5228 20 5262 10 5297 11 5393 20 5397 10 5485 11 5565 20 5585 10 5669 11 5726 20 5769 1 5945 20 6169 0 6338 1 6987 20 7169
630 82 0 82 1 1817 20 2067 20 2073 20 2117 0 2204 20 2367 8 2432 9 2466 20 2482 8 2485 9 2555 8 2662 9 2685 8 2773 9 2823 8 2892 9 2930 8 2992 9 3030 8 3095 9 3160 8 3226 20 3232 9 3306 8 3375 9 3440 20 3475 8 3506 9 3586 20 3606 8 3651 20 3751 9 3766 8 3809 9 3839 8 3901 20 3909 9 3973 8 4035 9 4092 20 4135 8 4169 9 4204 20 4269 8 4280 9 4334 20 4380 8 4399 9 4461 20 4499 8 4537 9 4595 20 4637 8 4672 9 4729 20 4772 8 4810 9 4863 20 4910 8 4940 9 5013 20 5040 8 5090 9 5143 20 5190 8 5212 9 5266 20 5312 8 5343 9 5404 20 5443 8 5473 9 5542 20 5573 8 5623 9 5711 20 5723 1 5969 20 6123 0 6385 20 7123
631 22 20 250 20 256 20 300 0 358 20 550 8 656 9 710 8 767 9 817 1 1031 20 1156 0 1431 10 1757 11 1787 10 1941 11 1987 10 2060 11 2094 1 2398 0 2907 20 9156 20 10156
632 95 20 250 20 256 20 300 0 362 20 550 8 695 20 745 9 753 8 764 9 933 8 998 9 1044 8 1110 9 1159 8 1221 9 1271 8 1340 9 1397 8 1466 20 1495 9 1516 8 1593 9 1643 20 1693 8 1700 9 1792 20 1800 8 1842 9 1884 20 1942 8 1950 9 1999 20 2050 8 2061 20 2161 9 2164 8 2191 9 2241 20 2291 8 2302 9 2349 20 2402 8 2414 20 2514 9 2655 8 2705 9 2709 8 2713 9 2740 8 2805 20 2805 9 2901 8 2935 9 3016 20 3035 8 3081 9 3154 20 3181 8 3200 20 3300 9 3315 8 3342 9 3434 20 3442 8 3495 9 3564 20 3595 8 3634 9 3706 20 3734 8 3779 9 3852 20 3879 8 3929 9 4009 20 4029 8 4086 9 4148 20 4186 8 4224 9 4301 20 4324 8 4381 9 4443 20 4481 8 4520 9 4600 20 4620 8 4692 9 4769 20 4792 1 5019 20 5192 0 5416 20 6192
633 96 20 250 20 256 0 297 20 300 20 550 1 600 0 845 10 1114 11 1160 20 1164 10 1202 11 1275 10 1325 11 1371 10 1440 11 1486 10 1555 11 1605 10 1674 11 1727 10 1792 11 1854 20 1914 10 1927 11 1988 20 2027 10 2057 11 2119 20 2157 10 2188 11 2241 20 2288 10 2310 11 2356 20 2410 10 2421 11 2464 20 2521 10 2544 11 2590 20 2644 10 2659 11 2721 20 2759 10 2809 11 2878 20 2909 10 2958 11 3020 20 3058 10 3096 11 3154 20 3196 10 3242 11 3296 20 3342 10 3388 11 3449 20 3488 10 3549 11 3622 20 3649 10 3706 11 3779 20 3806 10 3867 11 3921 20 3967 10 4029 11 4082 20 4129 10 4170 11 4174 10 4178 11 4240 20 4270 10 4339 11 4401 20 4439 10 4500 11 4554 20 4600 10 4665 11 4707 20 4765 10 4819 11 4861 20 4919 10 4995 11 5022 20 5095 1 5299 20 5495 0 5694 1 6317 20 6495
634 122 20 250 20 256 20 300 0 369 20 550 10 637 20 687 11 698 10 756 11 805 10 859 11 901 10 967 11 1013 10 1078 11 1128 10 1193 11 1250 10 1323 11 1373 20 1437 10 1454 11 1507 20 1554 10 1695 11 1738 20 1795 10 1807 11 1856 20 1907 10 1918 11 1987 20 2018 10 2067 11 2102 20 2167 10 2175 11 2213 20 2275 10 2286 11 2336 20 2386 10 2405 11 2459 20 2505 10 2528 11 2593 20 2628 10 2662 11 2712 20 2762 10 2800 11 2846 20 2900 10 2931 11 2988 20 3031 10 3073 11 3130 20 3173 10 3207 11 3261 20 3307 10 3337 11 3395 20 3437 10 3491 11 3541 20 3591 10 3621 11 3682 20 3721 10 3767 11 3836 20 3867 10 3924 11 3982 20 4024 10 4074 11 4143 20 4174 10 4235 11 4296 20 4335 10 4388 11 4434 20 4488 10 4534 11 4596 20 4634 10 4707 11 4753 20 4807 10 4849 11 4910 20 4949 10 5010 11 5064 20 5110 10 5159 11 5221 20 5259 10 5317 11 5374 20 5417 10 5478 11 5532 20 5578 10 5643 11 5697 20 5743 10 5804 11 5861 20 5904 10 5980 11 6015 20 6080 1 6185 20 6480 0 6636 1 7361 20 7480
635 132 20 250 20 256 20 300 0 362 20 550 10 738 11 780 20 788 10 834 11 895 10 957 11 999 10 1060 11 1110 10 1179 11 1221 10 1298 11 1352 10 1428 11 1482 20 1538 10 1563 11 1620 20 1663 10 1697 11 1751 20 1797 10 1831 11 1885 10 1923 20 1931 11 1935 10 1958 11 2015 10 2046 11 2054 20 2058 10 2092 11 2150 20 2192 10 2222 11 2291 20 2322 10 2341 11 2380 20 2441 10 2449 11 2502 10 2537 20 2549 11 2648 10 2706 11 2744 20 2806 10 2813 11 2863 20 2913 10 2932 11 2993 20 3032 10 3070 11 3128 20 3170 10 3201 11 3262 20 3301 10 3350 11 3404 20 3450 10 3500 11 3550 20 3600 10 3646 11 3711 20 3746 10 3803 11 3857 20 3903 10 4006 11 4041 20 4106 10 4160 11 4206 20 4260 10 4298 11 4359 20 4398 10 4459 11 4516 20 4559 10 4605 11 4608 10 4612 11 4678 20 4705 10 4773 11 4823 20 4873 10 4919 11 4973 20 5019 10 5065 11 5126 20 5165 10 5226 11 5272 20 5326 10 5376 11 5437 20 5476 10 5541 11 5598 20 5641 10 5706 11 5759 20 5806 10 5867 11 5924 20 5967 10 6028 11 6082 20 6128 10 6189 11 6235 20 6289 10 6365 11 6392 20 6465 20 6865 1 6898 0 7316 20 7865
636 113 20 250 20 256 20 300 0 377 20 550 10 664 20 714 11 730 10 776 11 822 10 875 11 921 10 987 11 1037 10 1102 11 1159 10 1228 11 1286 10 1366 11 1416 20 1464 10 1501 11 1554 20 1601 10 1624 11 1708 20 1724 10 1735 11 1808 20 1835 10 1842 11 1884 20 1942 10 1954 11 2000 20 2054 10 2069 11 2119 20 2169 10 2199 11 2272 20 2299 10 2330 11 2356 10 2425 20 2430 11 2514 10 2556 11 2594 20 2656 10 2663 11 2759 20 2763 10 2817 11 2859 20 2917 10 2932 11 2989 20 3032 10 3070 11 3131 20 3170 10 3208 11 3277 20 3308 10 3354 11 3419 20 3454 10 3488 11 3553 20 3588 10 3630 11 3692 20 3730 10 3780 11 3830 20 3880 10 3933 11 3975 20 4033 10 4075 11 4144 20 4175 10 4232 11 4294 20 4332 10 4374 11 4432 20 4474 10 4520 11 4524 10 4528 11 4593 20 4620 10 4700 11 4743 20 4800 10 4850 11 4904 20 4950 10 5000 11 5080 20 5100 10 5180 11 5257 20 5280 10 5360 11 5403 20 5460 1 5593 20 5860 0 6043 20 6860
637 91 20 250 20 256 20 300 0 361 20 550 8 597 20 647 9 651 8 720 9 735 8 808 9 839 8 916 9 958 8 1035 9 1077 8 1150 9 1211 8 1292 9 1338 20 1397 8 1422 9 1472 20 1522 8 1553 9 1610 20 1653 8 1806 9 1856 20 1906 8 1932 9 1978 20 2032 8 2055 9 2124 20 2155 8 2201 9 2274 20 2301 8 2347 9 2423 20 2447 8 2485 9 2508 20 2585 8 2588 9 2634 20 2688 8 2703 9 2776 20 2803 8 2872 9 2903 20 2972 8 2991 9 3049 20 3091 8 3133 9 3191 20 3233 8 3287 9 3329 20 3387 8 3413 9 3475 20 3513 8 3567 9 3632 20 3667 8 3724 9 3781 20 3824 8 3881 9 3950 20 3981 8 4054 9 4115 20 4154 8 4388 9 4430 20 4488 8 4537 9 4583 20 4637 8 4691 9 4737 20 4791 1 5124 20 5191 0 5483 20 6191
638 92 20 250 20 256 20 300 0 357 20 550 8 607 9 657 20 657 8 722 9 975 8 1037 9 1094 8 1167 9 1225 8 1309 9 1332 8 1386 20 1407 9 1509 8 1555 9 1597 20 1655 8 1666 20 1766 9 1773 8 1796 9 1896 20 1896 8 1954 9 1981 8 2053 20 2054 9 2172 8 2207 9 2241 20 2307 8 2318 9 2410 20 2418 8 2460 9 2560 20 2560 8 2625 9 2660 20 2725 8 2736 9 2832 20 2836 8 2894 9 2943 20 2994 8 3016 9 3078 20 3116 8 3174 9 3216 20 3274 8 3323 9 3369 20 3423 8 3446 20 3546 9 3557 8 3615 9 3657 20 3715 8 3772 9 3818 20 3872 8 3914 9 3968 20 4014 8 4056 9 4118 20 4156 8 4206 9 4267 20 4306 8 4359 9 4405 20 4459 8 4501 9 4555 20 4601 8 4651 9 4705 20 4751 1 4866 20 5151 0 5325 1 6142 20 6151
639 33 20 250 20 256 0 266 20 300 20 550 8 577 9 623 20 627 8 696 9 750 8 930 9 984 8 1045 9 1129 8 1198 9 1291 8 1360 20 1377 9 1440 8 1509 9 1586 20 1609 8 1674 9 1724 20 1774 8 1828 9 1858 20 1928 8 1947 9 2016 20 2047 20 2447 20 3447
640 9 20 250 20 256 0 266 20 300 10 521 11 559 10 628 11 690 20 721
641 244 20 250 20 256 20 300 0 384 20 550 10 726 20 776 11 811 10 834 11 887 10 945 11 991 10 1056 11 1106 10 1175 11 1225 10 1294 11 1344 10 1405 11 1505 20 1526 10 1539 11 1593 20 1639 10 1666 11 1708 20 1766 10 1785 11 1831 20 1885 10 1904 11 1958 20 2004 10 2027 11 2123 20 2127 10 2153 11 2207 20 2253 10 2276 11 2326 20 2376 10 2391 20 2491 11 2499 10 2541 11 2591 20 2641 10 2656 11 2713 20 2756 10 2775 20 2875 11 2882 10 2921 11 2974 20 3021 10 3036 11 3062 20 3136 10 3147 11 3227 20 3247 10 3266 11 3350 20 3366 10 3389 11 3465 20 3489 10 3511 11 3550 20 3611 10 3615 11 3665 20 3715 10 3730 20 3830 11 3834 10 3876 11 3914 20 3976 10 3983 11 4045 20 4083 10 4125 20 4225 11 4241 10 4267 11 4356 20 4367 10 4409 11 4452 20 4509 10 4524 11 4571 20 4624 10 4643 20 4743 11 4755 10 4801 11 4870 20 4901 10 4935 20 5035 11 5046 10 5092 11 5173 20 5192 10 5223 11 5273 20 5323 10 5346 11 5392 20 5446 10 5472 11 5522 20 5572 10 5599 11 5637 20 5699 10 5745 11 5768 20 5845 10 5848 11 5910 20 5948 10 5983 11 6029 20 6083 10 6124 11 6186 20 6224 10 6266 11 6309 20 6366 10 6393 11 6416 20 6493 10 6497 11 6577 20 6597 10 6627 11 6666 20 6727 10 6746 11 6784 20 6846 10 6865 11 6923 20 6965 10 7007 11 7099 20 7107 10 7176 11 7229 20 7276 10 7310 11 7348 20 7410 10 7437 11 7502 20 7537 10 7575 11 7640 20 7675 10 7721 11 7805 20 7821 10 7882 11 7955 20 7982 10 8035 11 8070 20 8135 10 8261 11 8296 20 8361 10 8403 11 8438 20 8503 10 8660 11 8714 20 8760 10 8799 11 8871 20 8899 10 8952 11 8983 20 9052 10 9102 11 9128 20 9202 10 9209 11 9274 20 9309 10 9355 11 9424 20 9455 10 9512 11 9577 20 9612 10 9665 11 9727 20 9765 10 9815 11 9880 20 9915 10 9976 11 10026 20 10076 10 10126 11 10183 20 10226 10 10279 11 10333 20 10379 10 10429 11 10483 20 10529 10 10575 11 10640 20 10675 10 10736 11 10801 20 10836 10 10904 11 10951 20 11004 10 11058 11 11123 20 11158 10 11227 11 11296 20 11327 10 11392 11 11434 20 11492 1 11772 20 11892 0 11922 1 11947 0 12253 1 12718 20 12892
642 89 20 250 20 256 20 300 0 452 20 550 8 815 20 865 9 919 8 953 9 976 8 1049 9 1091 8 1164 9 1210 8 1291 9 1329 8 1410 9 1456 8 1540 9 1590 20 1615 8 1674 9 1728 20 1774 8 1820 9 1866 20 1920 8 2189 9 2242 20 2289 8 2342 9 2380 20 2442 8 2472 9 2522 20 2572 8 2614 9 2687 20 2714 8 2779 9 2848 20 2879 8 2941 9 3010 20 3041 8 3098 9 3155 20 3198 8 3244 9 3297 20 3344 8 3386 9 3435 20 3486 8 3528 9 3566 20 3628 8 3650 9 3719 20 3750 8 3811 9 3861 20 3911 8 3969 9 4003 20 4069 8 4091 9 4145 20 4191 8 4241 9 4295 20 4341 8 4394 9 4437 20 4494 8 4533 9 4590 20 4633 8 4698 9 4747 20 4798 8 4870 9 4897 20 4970 20 5370 1 5432 0 5600 1 6207 20 6370
643 75 20 250 20 256 0 276 20 300 20 550 10 589 11 635 20 639 10 666 11 751 10 816 11 858 10 931 11 973 10 1046 11 1092 10 1173 11 1219 10 1307 11 1357 20 1389 10 1460 11 1476 20 1560 10 1606 11 1629 20 1706 10 1721 11 1752 20 1821 10 1832 11 1886 20 1932 10 1955 11 2016 20 2055 10 2097 11 2132 20 2197 10 2216 11 2254 20 2316 10 2346 11 2408 20 2446 10 2492 11 2561 20 2592 10 2646 11 2707 20 2746 10 2799 11 2860 20 2899 10 3129 11 3179 20 3229 10 3282 11 3332 20 3382 10 3432 11 3478 20 3532 10 3582 11 3620 20 3682 10 3747 11 3762 10 3774 11 3785 20 3847 1 4106 20 4247 0 4373 20 5247
644 129 0 199 10 487 11 545 10 618 11 664 10 740 11 798 1 1000 20 1250 20 1256 20 1300 0 1386 20 1550 10 1596 20 1646 11 1757 10 1826 11 1872 10 1941 11 1995 10 2064 11 2121 10 2206 11 2255 10 2332 11 2393 20 2396 10 2489 11 2535 20 2589 10 2635 11 2685 20 2735 10 2885 11 2938 20 2985 10 3015 11 3061 20 3115 10 3142 11 3211 20 3242 10 3280 11 3326 20 3380 10 3402 11 3445 20 3502 10 3517 11 3560 20 3617 10 3636 11 3679 20 3736 10 3755 11 3809 20 3855 10 3893 11 3943 20 3993 10 4020 11 4062 20 4120 10 4139 11 4173 20 4239 10 4258 11 4304 20 4358 10 4388 11 4434 20 4488 10 4515 11 4557 20 4615 10 4634 11 4672 20 4734 10 4757 11 4799 20 4857 10 4891 11 4929 20 4991 10 5006 11 5052 20 5106 10 5148 11 5209 20 5248 10 5294 11 5366 20 5394 10 5443 11 5520 20 5543 10 5600 11 5669 20 5700 10 5742 11 5819 20 5842 10 5907 11 5980 20 6007 10 6080 11 6137 20 6180 10 6233 11 6291 20 6333 10 6375 11 6448 20 6475 10 6540 11 6605 20 6640 10 6698 11 6751 20 6798 10 7135 11 7173 20 7235 10 7311 11 7323 20 7411 20 7811 1 8463 20 8811
645 83 20 250 20 256 20 300 0 385 20 550 10 683 11 717 20 733 10 737 11 832 10 894 11 932 10 1009 11 1055 10 1132 11 1174 10 1250 11 1304 10 1373 11 1442 20 1483 10 1527 11 1577 20 1627 10 1653 11 1699 20 1753 10 1784 11 1876 20 1884 10 1910 11 1975 20 2010 10 2052 11 2121 20 2152 10 2190 11 2263 20 2290 10 2344 11 2417 20 2444 10 2497 11 2566 20 2597 10 2639 11 2720 20 2739 10 2812 11 2865 20 2912 10 2958 11 3019 20 3058 10 3122 11 3172 20 3222 10 3272 11 3326 20 3372 10 3426 11 3487 20 3526 10 3579 11 3637 20 3679 10 3725 11 3798 20 3825 10 3897 11 3966 20 3997 10 4231 11 4285 20 4331 10 4396 11 4454 20 4496 10 4573 11 4630 20 4673 20 5073 20 6073
646 150 20 250 20 256 20 300 0 378 20 550 8 618 20 668 9 768 8 825 9 867 8 940 9 990 8 1063 9 1117 8 1194 9 1243 8 1335 9 1382 20 1418 8 1458 9 1523 20 1558 8 1604 9 1642 20 1704 8 1712 20 1812 9 1827 8 1876 9 1919 20 1976 8 1988 9 2068 20 2088 8 2122 9 2183 20 2222 8 2256 9 2314 20 2356 8 2391 9 2479 20 2491 8 2540 20 2640 9 2659 8 2709 9 2740 20 2809 8 2820 20 2920 9 2924 8 2958 9 3027 20 3058 8 3097 9 3108 8 3177 20 3197 9 3442 8 3476 9 3499 8 3572 20 3576 9 3822 8 3856 9 3902 20 3956 8 3964 9 4044 20 4064 8 4086 9 4178 20 4186 8 4259 9 4324 20 4359 8 4393 9 4451 20 4493 8 4516 20 4616 9 4624 8 4666 9 4742 20 4766 8 4800 20 4900 9 4904 8 4969 9 5057 20 5069 8 5122 9 5211 20 5222 8 5283 9 5368 20 5383 8 5448 9 5521 20 5548 8 5602 9 5675 20 5702 8 5744 9 5817 20 5844 8 5886 9 5982 20 5986 8 6051 9 6139 20 6151 8 6212 9 6289 20 6312 8 6350 9 6446 20 6450 8 6523 9 6595 20 6623 8 6668 9 6745 20 6768 8 6818 9 6902 20 6918 8 6979 9 7063 20 7079 8 7136 9 7213 20 7236 8 7294 9 7374 20 7394 8 7459 9 7528 20 7559 8 7620 9 7704 20 7720 8 7800 9 7877 20 7900 20 8300 1 8833 0 9095 20 9300
647 9 20 250 20 256 20 300 0 364 8 470 9 482 8 578 9 628 20 670
648 9 20 250 20 256 0 276 20 300 10 496 11 550 10 631 11 681 20 696
649 10 20 250 20 256 20 300 0 387 8 526 9 557 8 626 9 672 20 726 8 730
650 87 20 250 20 256 20 300 0 371 20 550 8 670 9 713 20 720 8 782 9 824 8 832 9 924 8 985 9 1031 8 1096 9 1146 8 1208 9 1261 8 1330 9 1384 8 1449 20 1470 9 1584 8 1618 20 1718 9 1726 8 1768 9 1810 20 1868 8 1875 9 1929 20 1975 8 1979 9 2071 20 2079 8 2121 9 2155 20 2221 8 2232 9 2278 20 2332 8 2339 9 2416 20 2439 8 2489 20 2589 9 2785 8 2804 9 2827 8 2900 20 2904 9 2988 8 3038 9 3138 20 3138 8 3191 9 3260 20 3291 8 3322 9 3406 20 3422 8 3464 9 3529 20 3564 8 3594 9 3663 20 3694 8 3728 9 3820 20 3828 8 3886 9 3966 20 3986 8 4051 9 4104 20 4151 8 4170 9 4239 20 4270 8 4315 9 4400 20 4415 8 4496 9 4569 20 4596 20 4996 20 5996
651 65 20 250 20 256 20 300 0 422 20 550 10 623 20 673 11 784 10 845 11 891 10 953 11 1007 10 1076 11 1133 10 1210 11 1248 10 1317 11 1371 20 1423 10 1436 11 1513 20 1536 10 1578 20 1678 11 1682 10 1735 11 1781 20 1835 10 1854 11 1893 20 1954 10 1966 11 2050 20 2066 10 2100 11 2134 20 2200 10 2230 11 2276 20 2330 10 2349 11 2430 20 2449 10 2503 11 2556 20 2603 10 2637 11 2691 20 2737 10 2775 11 2836 20 2875 10 2917 11 2998 20 3017 10 3074 11 3159 20 3174 20 3574 10 3631 11 3680 20 3731 1 4047 0 4499 20 4731
652 24 20 250 20 256 20 300 0 380 20 550 10 662 11 708 10 785 11 835 10 900 11 950 10 1007 11 1072 20 1162 1 1308 0 1804 1 5002 0 5403 1 6878 0 7376 1 7568 0 8031 20 9162 20 10162
653 100 20 250 20 256 20 300 0 374 20 550 8 632 20 682 9 701 8 755 9 793 8 851 9 893 8 962 9 1008 8 1073 9 1123 8 1188 9 1246 8 1319 9 1380 20 1432 8 1449 9 1507 20 1549 8 1579 9 1645 20 1679 8 1683 9 1691 8 1710 9 1771 20 1783 8 1825 9 1898 20 1925 8 1963 9 2040 20 2063 8 2116 9 2189 20 2216 8 2258 9 2335 20 2358 8 2404 9 2485 20 2504 8 2558 9 2619 20 2658 8 2696 9 2753 20 2796 8 2830 9 2907 20 2930 8 2983 9 3052 20 3083 8 3141 9 3206 20 3241 8 3286 9 3340 20 3386 8 3409 9 3482 20 3509 8 3551 9 3639 20 3651 8 3712 9 3789 20 3812 8 3873 9 3950 20 3973 8 4050 9 4119 20 4150 8 4219 9 4272 20 4319 8 4387 9 4453 20 4487 8 4556 9 4617 20 4656 8 4729 9 4786 20 4829 8 4897 9 4967 20 4997 1 5229 0 5388 20 5397 1 6182 20 6397
654 84 20 250 20 256 20 300 0 369 20 550 8 586 20 636 9 651 8 705 9 739 8 801 9 843 8 908 9 958 8 1027 9 1081 8 1146 9 1203 8 1272 9 1345 20 1386 8 1434 9 1464 8 1510 20 1534 9 1641 8 1691 9 1737 20 1791 8 1806 9 1863 20 1906 8 1936 9 2024 20 2036 8 2070 9 2166 20 2170 8 2243 9 2308 20 2343 8 2393 9 2462 20 2493 8 2542 9 2607 20 2642 8 2688 9 2776 20 2788 8 2861 9 2914 20 2961 8 2995 9 3064 20 3095 8 3144 9 3221 20 3244 8 3306 9 3375 20 3406 8 3451 9 3455 8 3459 9 3528 20 3551 8 3616 9 3689 20 3716 8 3793 9 3843 20 3893 8 3931 9 3996 20 4031 8 4103 9 4172 20 4203 1 4452 20 4603 0 4694 1 5491 20 5603
655 90 20 250 20 256 20 300 0 372 20 550 10 580 20 630 11 710 10 714 11 737 10 802 11 848 10 917 11 971 10 1048 11 1098 10 1140 11 1147 10 1186 11 1232 10 1309 11 1358 20 1380 10 1427 11 1504 20 1527 10 1577 11 1642 20 1677 10 1723 11 1773 20 1823 10 1846 11 1911 20 1946 10 1988 11 2064 20 2088 10 2137 11 2179 20 2237 10 2252 11 2318 20 2352 10 2398 11 2475 20 2498 10 2555 11 2590 20 2655 10 2659 11 2739 20 2759 10 2820 11 2893 20 2920 10 2985 11 3050 20 3085 10 3150 11 3211 20 3250 10 3307 11 3369 20 3407 10 3453 11 3530 20 3553 10 3641 11 3695 20 3741 10 3794 11 3852 20 3894 10 3959 11 4009 20 4059 10 4117 11 4178 20 4217 10 4350 11 4389 20 4450 10 4496 11 4500 10 4512 11 4584 20 4596 20 4996 20 5996
656 87 20 250 20 256 20 300 0 378 20 550 8 622 20 672 9 695 8 760 9 787 8 856 9 902 8 971 9 1025 8 1102 9 1155 8 1240 9 1293 8 1324 9 1355 8 1385 20 1422 9 1435 8 1547 9 1581 20 1647 8 1677 9 1727 20 1777 8 1827 9 1869 20 1927 8 1957 9 2003 20 2057 8 2091 9 2133 20 2191 8 2214 9 2272 20 2314 8 2348 9 2417 20 2448 8 2490 9 2559 20 2590 8 2640 9 2713 20 2740 8 2801 9 2874 20 2901 8 2970 9 3027 20 3070 8 3123 9 3188 20 3223 8 3288 9 3353 20 3388 8 3442 9 3511 20 3542 8 3603 9 3641 20 3703 8 3733 9 3791 20 3833 8 3887 9 3944 20 3987 8 4040 9 4105 20 4140 8 4201 9 4255 20 4301 8 4362 9 4416 20 4462 20 4862 1 5226 0 5628 20 5862
657 105 20 250 20 256 20 300 0 390 20 550 10 605 20 655 11 770 10 832 11 881 10 951 11 1000 10 1081 11 1135 10 1211 11 1257 10 1330 11 1380 20 1405 10 1449 11 1522 20 1549 10 1614 11 1672 20 1714 10 1764 11 1810 20 1864 10 1894 11 1940 20 1994 10 2017 11 2052 20 2117 10 2132 11 2228 20 2232 10 2274 11 2332 20 2374 10 2404 11 2458 20 2504 10 2535 11 2592 20 2635 10 2669 11 2727 20 2769 10 2796 20 2896 11 2930 10 3007 11 3060 20 3107 10 3137 11 3206 20 3237 10 3287 11 3360 20 3387 10 3436 11 3502 20 3536 10 3578 11 3640 20 3678 10 3728 11 3801 20 3828 10 3908 11 3962 20 4008 10 4065 11 4134 20 4165 10 4215 11 4299 20 4315 10 4384 11 4441 20 4484 10 4541 11 4602 20 4641 10 4729 11 4779 20 4829 10 4894 11 4963 20 4994 10 5059 11 5128 20 5159 10 5231 11 5297 20 5331 10 5404 11 5439 20 5504 1 5636 20 5904 0 6215 1 6508 20 6904
658 97 20 250 20 256 20 300 0 388 20 550 8 639 9 689 20 689 8 754 9 797 8 858 9 900 8 965 9 1015 8 1088 9 1149 8 1226 9 1284 8 1360 9 1422 20 1439 8 1518 9 1571 20 1618 8 1671 9 1721 20 1771 8 1813 9 1859 20 1913 8 1932 9 2012 20 2032 8 2062 9 2116 20 2162 8 2185 9 2258 20 2285 8 2331 9 2404 20 2431 8 2484 9 2546 20 2584 8 2630 9 2688 20 2730 8 2776 9 2837 20 2876 8 2922 9 2979 20 3022 8 3060 9 3121 20 3160 8 3213 9 3255 20 3313 8 3355 9 3405 20 3455 8 3493 9 3554 20 3593 8 3650 9 3700 20 3750 8 3792 9 3850 20 3892 8 3950 9 4015 20 4050 8 4122 9 4187 20 4222 8 4241 9 4279 8 4287 20 4341 9 4348 8 4437 9 4487 20 4537 8 4582 9 4648 20 4682 8 4755 9 4820 20 4855 1 5071 20 5255 0 5476 1 6154 20 6255
659 93 20 250 20 256 20 300 0 407 20 550 10 601 20 651 11 670 10 724 11 762 10 831 11 877 10 934 11 1019 10 1065 11 1115 10 1191 11 1245 10 1326 11 1387 20 1401 10 1471 11 1518 20 1571 10 1583 11 1679 20 1683 10 1713 11 1778 20 1813 10 1855 11 1905 20 1955 10 1989 11 2047 20 2089 10 2124 11 2193 20 2224 10 2273 11 2338 20 2373 10 2419 11 2496 20 2519 10 2534 11 2557 10 2595 20 2634 11 2657 10 2745 11 2799 20 2845 10 2875 11 2902 20 2975 10 2983 11 3048 20 3083 10 3109 11 3174 20 3209 10 3240 11 3313 20 3340 10 3401 11 3489 20 3501 10 3566 11 3650 20 3666 10 3727 11 3784 20 3827 10 3880 11 3953 20 3980 10 4045 11 4110 20 4145 10 4206 11 4291 20 4306 10 4398 11 4448 20 4498 10 4555 11 4617 20 4655 1 4883 20 5055 0 5353 20 6055
660 64 20 250 20 256 0 286 20 300 20 550 8 566 20 616 9 727 8 792 9 838 8 911 9 957 8 1030 9 1083 8 1164 9 1222 8 1325 9 1363 20 1366 8 1394 9 1425 8 1444 20 1494 9 1502 8 1540 9 1567 8 1590 9 1640 20 1640 8 1732 9 1785 20 1832 8 1878 9 1935 20 1978 8 2039 9 2096 20 2139 8 2196 9 2246 20 2296 8 2323 9 2380 20 2423 8 2445 9 2526 20 2545 8 2599 9 2668 20 2699 8 2760 9 2848 20 2860 8 2971 9 3017 20 3071 8 3140 9 3190 20 3240 8 3305 9 3355 20 3405 20 3805 20 4805
661 112 20 250 20 256 20 300 0 397 20 550 10 591 20 641 11 668 10 717 11 756 10 817 11 863 10 925 11 978 10 1047 11 1105 10 1182 11 1228 10 1308 11 1358 20 1391 10 1439 11 1489 20 1539 10 1569 11 1619 20 1669 10 1715 11 1765 20 1815 10 1857 11 1910 20 1957 10 2018 11 2056 20 2118 10 2156 11 2179 10 2252 20 2256 11 2348 10 2375 11 2444 20 2475 10 2486 11 2547 20 2586 10 2616 11 2670 20 2716 10 2751 11 2847 20 2851 10 2889 11 2969 20 2989 10 3008 11 3054 20 3108 10 3127 11 3181 20 3227 10 3265 11 3319 20 3365 10 3392 11 3461 20 3492 10 3537 11 3599 20 3637 10 3676 11 3745 20 3776 10 3821 11 3887 20 3921 10 3979 11 4052 20 4079 10 4151 11 4220 20 4251 10 4309 11 4366 20 4409 10 4451 11 4508 20 4551 10 4612 11 4669 20 4712 10 4761 11 4827 20 4861 10 4919 11 4984 20 5019 10 5072 11 5133 20 5172 10 5222 11 5279 20 5322 10 5375 11 5437 20 5475 1 5718 20 5875 0 6022 1 6803 20 6875
662 82 20 250 20 256 20 300 0 371 20 550 8 649 20 699 9 802 8 864 9 914 8 986 9 1036 8 1109 9 1163 8 1240 9 1297 8 1389 9 1447 20 1449 8 1524 9 1581 20 1624 8 1658 9 1723 20 1758 8 1792 9 1892 20 1892 8 1919 9 1999 20 2019 8 2057 9 2130 20 2157 8 2207 9 2276 20 2307 8 2360 9 2429 20 2460 8 2510 9 2582 20 2610 8 2698 9 2740 20 2798 8 2847 9 2909 20 2947 8 2989 9 3062 20 3089 8 3135 9 3192 20 3235 8 3262 9 3338 20 3362 8 3411 9 3484 20 3511 8 3565 9 3630 20 3665 8 3714 9 3787 20 3814 8 3872 9 3952 20 3972 8 4052 9 4140 20 4152 8 4259 9 4301 20 4359 1 4487 0 4731 20 4759 1 5425 20 5759 0 5765
663 96 20 250 20 256 20 300 0 367 20 550 10 589 11 635 20 639 10 662 11 704 10 711 11 746 10 811 11 853 10 922 11 972 10 1041 11 1099 10 1176 11 1226 10 1298 11 1352 20 1389 10 1425 11 1494 20 1525 10 1578 11 1628 20 1678 10 1713 11 1743 10 1763 20 1813 11 1905 10 1947 11 2016 20 2047 10 2085 11 2158 20 2185 10 2235 11 2300 20 2335 10 2373 11 2446 20 2473 10 2522 11 2561 20 2622 10 2641 11 2699 20 2741 10 2764 11 2841 20 2864 10 2883 11 2948 20 2983 10 3021 11 3086 20 3121 10 3167 11 3240 20 3267 10 3313 11 3389 20 3413 10 3478 11 3539 20 3578 10 3627 11 3696 20 3727 10 3773 11 3850 20 3873 10 3934 11 4015 20 4034 10 4118 11 4180 20 4218 10 4280 11 4352 20 4380 10 4441 11 4506 20 4541 10 4636 11 4663 20 4736 1 4828 20 5136 0 5417 1 5976 20 6136
664 113 20 250 20 256 20 300 0 445 20 550 10 653 11 702 20 703 10 756 11 829 10 898 11 936 10 1006 11 1059 10 1132 11 1182 10 1263 11 1312 10 1401 11 1443 20 1453 10 1531 11 1589 20 1631 10 1681 11 1738 20 1781 10 1834 11 1869 20 1934 10 1961 11 2015 20 2061 10 2095 11 2145 20 2195 10 2222 20 2322 11 2402 10 2475 11 2517 20 2575 10 2598 11 2632 10 2671 20 2698 11 2793 10 2847 11 2882 20 2947 10 2962 11 3012 20 3062 10 3112 11 3158 20 3212 10 3235 11 3307 20 3335 10 3396 11 3461 20 3496 10 3542 11 3607 20 3642 10 3691 11 3772 20 3791 10 3872 11 3921 20 3972 10 4006 11 4090 20 4106 10 4198 11 4248 20 4298 10 4378 11 4412 20 4478 10 4505 11 4574 20 4605 10 4758 11 4800 20 4858 10 4877 11 4953 20 4977 10 5042 11 5107 20 5142 10 5195 11 5272 20 5295 10 5364 11 5422 20 5464 10 5541 11 5606 20 5641 10 5755 11 5805 20 5855 10 5928 11 5982 20 6028 1 6250 20 6428 0 6731 1 6895 0 7341 20 7428
665 123 20 250 20 256 20 300 0 359 20 550 8 596 20 646 9 649 8 711 9 745 8 807 9 853 8 880 9 899 8 922 9 972 8 1041 9 1098 8 1167 9 1225 8 1290 9 1359 20 1396 8 1432 9 1509 20 1532 8 1597 9 1632 20 1697 8 1701 20 1801 9 1820 8 1858 9 1927 20 1958 8 1996 9 2069 20 2096 8 2146 9 2238 20 2246 8 2295 9 2338 20 2395 8 2407 20 2507 9 2530 8 2556 9 2614 20 2656 8 2675 9 2752 20 2775 8 2790 20 2890 9 2913 8 2959 9 2982 8 3055 20 3059 9 3174 8 3228 9 3270 20 3328 8 3343 9 3443 20 3443 8 3470 9 3569 20 3570 8 3623 9 3692 20 3723 8 3757 9 3811 20 3857 8 3892 9 3957 20 3992 8 4049 9 4091 20 4149 8 4179 9 4233 20 4279 8 4318 20 4418 9 4425 8 4467 9 4536 20 4567 8 4621 9 4697 20 4721 8 4778 9 4839 20 4878 8 4935 9 4993 20 5035 8 5073 9 5154 20 5173 8 5254 9 5315 20 5354 8 5399 9 5472 20 5499 8 5568 9 5641 20 5668 8 5752 9 5760 8 5768 9 5806 20 5852 1 5981 20 6252 0 6343 1 6627 0 7003 20 7252
666 43 20 250 20 256 20 300 0 400 20 550 8 624 20 674 9 689 8 747 9 778 8 839 9 889 8 954 9 1004 8 1073 9 1134 8 1219 9 1265 8 1349 9 1399 20 1424 8 1480 9 1537 20 1580 8 1629 9 1691 20 1729 8 1802 9 1848 20 1902 8 1971 9 2005 20 2071 8 2132 9 2167 20 2232 8 2312 9 2335 20 2412 1 2645 20 2812 0 3028 20 3812
667 66 20 250 20 256 20 300 0 381 20 550 8 629 9 679 20 679 8 748 9 767 8 832 9 878 8 947 9 989 8 1062 9 1116 8 1200 9 1243 8 1327 9 1377 20 1429 8 1461 9 1519 20 1561 8 1611 9 1657 20 1711 8 1764 9 1803 20 1864 8 1906 9 1945 20 2006 8 2048 9 2087 20 2148 8 2190 9 2228 20 2290 8 2340 9 2347 20 2440 8 2443 9 2486 20 2543 8 2570 9 2624 20 2670 8 2700 9 2781 20 2800 8 2861 9 2923 20 2961 8 3019 9 3084 20 3119 8 3184 9 3241 20 3284 1 3492 20 3684 0 4038 1 4192 0 4558 20 4684
668 38 20 250 20 256 20 300 0 399 20 550 8 671 20 721 9 817 8 875 9 921 8 990 9 1055 8 1116 9 1166 8 1251 9 1297 8 1385 9 1431 20 1471 8 1519 9 1569 20 1619 8 1676 9 1715 20 1776 8 1830 9 1861 20 1930 8 1980 9 1999 20 2080 8 2394 9 2425 20 2494 20 2894 1 3323 0 3757 20 3894
669 24 20 250 20 256 20 300 0 402 20 550 8 809 9 863 8 940 9 978 1 1092 0 1304 20 1309 10 1592 11 1649 10 1718 11 1776 10 1845 11 1918 1 2105 0 2603 20 9309 1 9434 0 9451 20 10309
670 11 20 250 16 417 0 430 20 467 20 473 20 517 10 697 11 739 10 827 11 881 20 897
671 19 0 109 1 283 0 477 8 733 9 779 8 871 9 913 1 1196 20 1446 20 1452 0 1493 20 1496 1 1523 0 1539 8 1727 9 1769 8 1842 9 1903 20 1927
672 51 20 250 20 256 20 300 0 380 20 550 8 608 9 650 20 658 8 723 9 865 8 934 9 976 8 1045 9 1092 8 1157 9 1207 8 1268 9 1329 8 1387 20 1408 9 1452 8 1456 9 1464 8 1517 20 1556 9 1567 8 1629 20 1729 9 1732 8 1771 9 1859 20 1871 8 1916 9 1947 20 2016 8 2020 9 2101 20 2120 8 2158 9 2246 20 2258 8 2308 9 2388 20 2408 8 2488 9 2542 20 2588 20 2988 1 3318 0 3896 20 3988
673 49 20 250 20 256 20 300 0 340 20 550 8 637 9 679 20 687 8 748 9 794 8 863 9 898 8 974 9 1024 8 1097 9 1132 8 1201 9 1270 8 1339 9 1427 20 1437 8 1477 9 1550 20 1577 8 1623 9 1692 20 1723 8 1761 9 1830 20 1861 8 1903 9 1976 20 2003 8 2052 9 2125 20 2152 8 2210 9 2271 20 2310 8 2356 9 2421 20 2456 8 2486 9 2555 20 2586 1 2837 20 2986 0 3553 20 3986
674 119 20 250 20 256 20 300 0 320 20 550 10 610 11 648 20 660 10 717 11 779 10 840 11 871 10 940 11 994 10 1066 11 1112 10 1178 11 1239 10 1316 11 1366 20 1410 10 1454 11 1519 20 1554 10 1588 11 1630 20 1688 10 1696 11 1757 20 1796 10 1830 11 1895 20 1930 10 1949 11 1999 20 2049 10 2075 11 2137 20 2175 10 2210 20 2310 11 2313 10 2348 11 2382 20 2448 10 2455 11 2528 20 2555 10 2586 11 2632 20 2686 10 2693 11 2785 20 2793 10 2824 11 2923 20 2924 10 2954 11 3031 20 3054 10 3104 11 3169 20 3204 10 3242 11 3338 20 3342 10 3391 11 3476 20 3491 10 3526 11 3579 20 3626 10 3644 11 3710 20 3744 10 3771 11 3863 20 3871 10 3925 11 4017 20 4025 10 4105 11 4159 20 4205 10 4239 11 4297 20 4339 10 4381 11 4442 20 4481 10 4531 11 4588 20 4631 10 4680 11 4738 20 4780 10 4838 11 4872 20 4938 10 4953 11 4987 20 5053 10 5072 11 5141 20 5172 10 5240 11 5313 20 5340 10 5413 11 5478 20 5513 1 5694 0 5794 1 5829 20 5913 0 6142 1 6287 0 6759 20 6913
675 59 20 250 20 256 20 300 0 380 20 550 8 689 9 735 20 739 8 804 9 846 8 915 9 953 8 1026 9 1072 8 1145 9 1191 8 1264 9 1318 8 1391 9 1445 20 1489 8 1525 9 1579 20 1625 8 1744 9 1748 8 1801 20 1844 9 1859 8 1936 9 1982 20 2036 8 2074 9 2124 20 2174 8 2204 9 2270 8 2304 20 2304 9 2316 8 2350 9 2408 20 2450 8 2504 9 2550 20 2604 8 2642 9 2692 20 2742 8 2780 9 2849 20 2880 8 2941 9 2991 20 3041 1 3424 20 3441 0 3719 20 4441
676 70 20 250 20 256 20 300 0 339 20 550 8 661 20 711 9 726 8 780 9 810 8 879 9 918 8 991 9 1040 8 1113 9 1159 8 1232 9 1286 8 1363 20 1461 9 1670 8 1716 9 1758 20 1816 8 1827 9 1911 20 1927 8 1965 9 2004 20 2065 8 2084 9 2134 20 2184 8 2222 9 2291 20 2322 8 2383 9 2437 20 2483 8 2533 9 2583 20 2633 8 2671 9 2721 20 2771 8 2809 9 2867 20 2909 8 2963 9 3009 20 3063 8 3093 9 3147 20 3193 8 3228 9 3270 20 3328 8 3358 9 3412 20 3458 8 3515 9 3561 20 3615 8 3822 9 3857 20 3922 1 4116 20 4322 0 4472 20 5322
677 32 20 250 20 256 20 300 0 383 20 550 1 613 0 1075 1 1368 20 1550 0 1850 10 2300 11 2362 10 2427 11 2480 1 2724 20 3050 0 3250 20 3450 10 3635 11 3639 10 3735 20 3735 11 3808 10 3873 11 3919 20 3973 10 3981 11 4038 20 4081 1 4402 0 4788 20 5081
678 24 20 250 20 256 20 300 0 355 20 550 10 635 11 681 10 758 11 811 10 896 11 934 10 988 11 1045 20 1135 1 1305 0 1501 1 3566 0 3934 1 5340 0 8066 1 8552 0 9071 20 9135 20 10135
679 168 0 64 1 77 20 327 20 333 20 377 0 413 20 627 10 976 11 1010 20 1026 10 1079 11 1133 10 1306 11 1344 10 1413 11 1459 10 1528 11 1570 10 1632 11 1705 10 1762 20 1776 11 1808 10 1881 11 1924 20 1981 10 1993 11 2085 20 2093 10 2131 11 2227 20 2231 10 2273 11 2346 20 2373 10 2392 11 2453 20 2492 10 2518 11 2614 20 2618 10 2649 11 2741 20 2749 10 2795 11 2833 20 2895 10 2906 11 2967 20 3006 10 3033 11 3117 20 3133 10 3182 11 3244 20 3282 10 3317 11 3397 20 3417 10 3447 20 3547 11 3558 10 3612 11 3643 10 3712 20 3712 11 3816 10 4073 20 4173 11 4199 10 4226 11 4257 20 4326 10 4334 11 4380 20 4434 10 4453 11 4541 20 4553 10 4583 20 4683 11 4687 10 4710 11 4744 20 4810 10 4813 20 4913 11 4917 10 4963 11 5051 20 5063 10 5101 11 5163 20 5201 10 5312 11 5408 20 5412 10 5454 11 5508 20 5554 10 5646 11 5719 20 5746 10 5761 11 5850 20 5861 10 5888 11 5965 20 5988 10 6018 11 6049 20 6118 10 6122 11 6203 20 6222 10 6241 11 6272 10 6287 20 6341 11 6352 10 6429 11 6513 20 6529 10 6582 11 6655 20 6682 10 6736 11 6797 20 6836 10 6882 20 6982 11 6993 10 7066 11 7127 20 7166 10 7219 11 7292 20 7319 10 7388 11 7457 20 7488 10 7557 11 7619 20 7657 10 7703 11 7772 20 7803 10 7891 11 7941 20 7991 10 8052 11 8110 20 8152 10 8221 11 8290 20 8321 10 8394 11 8478 20 8494 10 8578 11 8655 20 8678 1 9029 20 9078 0 9337 1 9371 0 9466 20 10078
680 93 20 250 20 256 0 290 20 300 20 550 8 655 20 705 9 708 8 777 9 808 8 877 9 923 8 996 9 1038 8 1111 9 1157 8 1234 9 1276 8 1361 9 1407 20 1455 8 1495 9 1541 20 1595 8 1629 9 1679 20 1729 8 1771 9 1840 20 1871 8 1906 9 1913 8 1921 9 1963 20 2006 8 2044 9 2136 20 2144 8 2190 9 2224 20 2290 8 2320 9 2381 20 2420 8 2462 9 2531 20 2562 8 2627 9 2677 20 2727 8 2784 9 2819 20 2884 8 2919 9 2957 8 3011 20 3019 9 3022 8 3038 9 3103 20 3138 8 3168 9 3264 20 3268 8 3352 9 3425 20 3452 8 3525 9 3579 20 3625 8 3678 9 3721 20 3778 8 3817 9 3870 20 3917 8 3978 9 4031 20 4078 8 4131 9 4185 20 4231 8 4300 9 4346 20 4400 8 4507 9 4511 20 4607 1 4852 20 5007 0 5030 1 5472 20 6007
681 19 20 250 20 256 0 260 20 300 1 529 20 550 0 957 20 1550 1 1585 0 2093 1 2285 0 2660 10 3083 11 3137 1 3299 20 3833 0 3847 20 4233 20 5233
682 71 0 26 1 56 20 306 20 312 0 322 20 356 20 606 8 1285 9 1315 20 1335 8 1411 9 1434 8 1507 9 1549 8 1611 9 1657 8 1722 9 1764 8 1826 9 1876 8 1945 9 1995 8 2067 20 2085 9 2114 8 2183 9 2256 20 2283 8 2325 9 2382 20 2425 8 2459 9 2520 20 2559 8 2608 9 2662 20 2708 8 2750 9 2808 20 2850 8 2912 9 2958 20 3012 8 3038 9 3096 20 3138 8 3176 9 3238 20 3276 8 3330 9 3376 20 3430 8 3476 9 3533 20 3576 8 3633 9 3690 20 3733 8 3806 9 3844 20 3906 8 3971 9 3994 20 4071 1 4248 0 4343 20 4471 1 4498 0 4702 1 5357 20 5471
683 77 0 227 1 581 20 831 20 837 20 881 0 983 20 1131 10 1209 11 1251 20 1259 10 1320 11 1374 10 1435 11 1474 10 1535 11 1589 10 1662 11 1700 10 1769 11 1804 10 1873 11 1938 10 2003 20 2009 11 2065 10 2145 11 2207 20 2245 10 2287 11 2348 20 2387 10 2433 11 2490 20 2533 10 2571 11 2644 20 2671 10 2740 11 2790 20 2840 10 2859 11 2901 20 2959 10 2978 11 3028 20 3078 10 3104 11 3158 20 3204 10 3243 11 3316 20 3343 10 3396 11 3469 20 3496 10 3553 11 3623 20 3653 10 3699 11 3776 20 3799 10 3872 11 3933 20 3972 10 4033 11 4098 20 4133 10 4198 11 4267 20 4298 10 4375 11 4428 20 4475 1 4654 0 4852 20 4875 20 5875
684 9 20 250 20 256 0 285 20 300 8 522 9 564 8 626 9 687 20 722
685 74 0 250 20 250 1 688 20 938 20 944 20 988 0 1063 20 1238 10 1290 11 1328 20 1340 10 1401 11 1451 10 1516 11 1554 10 1620 11 1670 10 1739 11 1788 10 1869 11 1911 10 1980 11 2065 20 2090 10 2122 11 2191 20 2222 10 2261 11 2295 20 2361 10 2376 11 2418 20 2476 10 2506 11 2567 20 2606 10 2652 11 2709 20 2752 10 2798 11 2855 20 2898 10 2932 11 2997 20 3032 10 3082 11 3147 20 3182 10 3243 11 3308 20 3343 10 3412 11 3442 20 3512 10 3546 11 3604 20 3646 10 3680 11 3738 20 3780 10 3822 11 3903 20 3922 10 4006 11 4064 20 4106 10 4179 11 4229 20 4279 10 4348 11 4394 20 4448 20 4848 20 5848
686 9 20 250 16 426 20 476 20 482 20 526 0 545 10 752 11 786 20 952
687 22 20 250 20 256 20 300 0 369 20 550 8 642 9 680 8 764 9 822 8 933 9 967 20 1142 1 2578 0 3260 1 3876 0 4302 1 8295 0 8740 20 9142 1 9519 0 9839 20 10142
688 3 0 50 20 5050 20 6050
689 11 20 250 16 422 20 472 20 478 20 522 0 557 10 721 11 736 10 798 11 844 20 921
690 40 0 81 1 284 20 534 20 540 20 584 0 647 1 681 0 753 20 834 8 943 9 981 8 1054 9 1107 1 1349 0 1442 20 1443 1 2149 0 2892 1 4492 0 4830 10 5149 11 5191 10 5261 11 5314 10 5376 11 5418 10 5479 11 5544 1 5778 0 6206 1 6632 0 6680 1 7192 0 7594 1 7691 0 8200 10 8301 11 8344 20 9443 20 10443
691 41 20 250 20 256 20 300 0 366 20 550 8 596 9 634 20 646 8 719 9 757 8 818 9 864 8 926 9 960 8 1022 9 1083 8 1144 9 1221 8 1282 9 1363 20 1396 8 1424 9 1516 20 1524 8 1582 9 1654 20 1682 8 1727 9 1819 20 1827 8 1896 9 1992 20 1996 8 2065 9 2153 20 2165 8 2237 9 2291 20 2337 20 2737 20 3737
692 121 20 250 20 256 20 300 0 399 20 550 10 743 20 793 11 804 10 858 11 896 10 954 11 992 10 1054 11 1100 10 1161 11 1211 10 1268 11 1322 10 1372 11 1422 10 1491 11 1537 20 1543 10 1606 11 1656 20 1706 10 1721 11 1775 20 1821 10 1836 11 1894 20 1936 10 1966 11 2024 20 2066 10 2089 11 2135 20 2189 10 2200 11 2258 20 2300 10 2327 11 2373 20 2427 10 2446 11 2496 20 2546 10 2565 11 2611 20 2665 10 2676 11 2737 20 2776 10 2795 11 2860 20 2895 10 2921 11 2994 20 3021 10 3067 11 3113 10 3167 20 3167 11 3339 10 3405 11 3451 20 3505 10 3508 11 3592 20 3608 10 3642 11 3692 20 3742 10 3757 11 3842 20 3857 10 3865 11 3880 10 3907 20 3965 11 4014 10 4079 11 4156 20 4179 10 4221 11 4302 20 4321 10 4371 11 4444 20 4471 10 4517 11 4601 20 4617 10 4681 11 4751 20 4781 10 4827 11 4892 20 4927 10 4965 11 5034 20 5065 10 5119 11 5180 20 5219 10 5253 11 5295 20 5353 10 5364 11 5425 20 5464 10 5510 11 5556 20 5610 20 6010 1 6244 0 6412 1 6440 0 6629 20 7010 1 7012
693 35 20 250 20 256 20 300 0 363 20 550 8 602 9 652 8 732 9 794 1 1003 0 1036 20 1102 1 4190 0 4715 10 5054 11 5104 10 5169 11 5219 10 5292 11 5342 1 5516 0 6021 1 6226 0 6542 1 6806 0 7514 1 8931 20 9102 0 9367 10 9748 11 9802 20 9848 1 10063 0 10465 20 10848
694 105 20 250 20 256 20 300 0 442 20 550 10 628 20 678 11 693 10 747 11 785 10 843 11 881 10 947 11 989 10 1058 11 1096 10 1154 11 1219 10 1269 11 1322 10 1388 20 1428 11 1441 10 1507 11 1560 20 1607 10 1622 11 1706 20 1722 10 1763 11 1802 10 1859 20 1863 11 1925 10 1986 11 2074 20 2086 10 2128 11 2174 20 2228 10 2247 11 2289 20 2347 10 2350 11 2438 20 2450 10 2488 11 2573 20 2588 10 2615 11 2684 20 2715 10 2753 11 2826 20 2853 10 2899 11 2952 20 2999 10 3033 11 3091 20 3133 10 3163 11 3232 20 3263 10 3317 11 3374 20 3417 10 3459 11 3524 20 3559 10 3608 11 3670 20 3708 10 3754 11 3816 20 3854 10 3908 11 3969 20 4008 10 4049 11 4126 20 4149 10 4214 11 4268 20 4314 10 4349 11 4391 20 4449 10 4464 11 4525 20 4564 10 4598 11 4678 20 4698 10 4755 11 4855 20 4855 10 4955 11 5024 20 5055 10 5123 11 5177 20 5223 20 5623 20 6623
695 28 20 250 20 256 20 300 0 369 20 550 8 614 20 664 9 671 8 736 9 771 8 840 9 882 8 951 9 1024 8 1101 9 1174 8 1250 9 1312 8 1407 20 1414 9 1457 8 1557 9 1618 20 1657 20 2057 1 2412 0 2796 20 3057
696 16 20 250 20 256 20 300 0 356 20 550 10 739 11 781 10 850 11 904 10 969 11 1026 10 1076 11 1138 20 1239 20 9239 20 10239
697 20 20 250 0 373 1 393 16 417 20 467 20 473 20 517 0 529 20 767 1 906 0 1329 10 1686 11 1744 10 1855 11 1916 1 2059 20 2436 0 2768 20 2836 20 3836
698 25 20 250 20 256 20 300 0 314 20 550 10 571 11 621 20 621 10 693 11 766 10 824 11 870 10 927 11 977 10 1035 11 1085 10 1134 11 1215 10 1288 11 1368 20 1371 20 1771 1 1840 0 2343 20 2771
699 45 20 250 20 256 20 300 0 382 20 550 10 648 11 698 20 698 10 701 11 786 10 843 11 886 10 955 11 1001 10 1073 11 1119 10 1188 11 1234 10 1292 11 1388 10 1419 20 1448 11 1465 10 1537 11 1599 20 1637 10 1664 11 1737 20 1764 10 1806 11 1863 20 1906 10 1944 11 2032 20 2044 10 2105 11 2178 20 2205 10 2251 11 2312 20 2351 20 2751 1 2956 0 3193 20 3751
700 33 0 217 1 417 20 667 20 673 20 717 0 765 20 967 10 1062 11 1108 20 1112 10 1127 11 1147 10 1193 11 1216 10 1277 11 1331 10 1392 11 1442 10 1503 11 1561 10 1622 11 1699 10 1768 11 1833 20 1862 10 1913 11 1979 20 2013 10 2059 11 2136 20 2159 20 2559 20 3559
701 9 20 250 16 421 20 471 20 477 20 521 0 560 10 739 11 781 20 939
702 66 20 250 20 256 20 300 0 366 20 550 10 617 11 655 20 667 10 728 11 774 10 840 11 882 10 939 11 989 10 1047 11 1100 10 1150 11 1219 10 1284 11 1330 10 1392 20 1417 11 1434 10 1495 11 1553 20 1595 10 1603 11 1675 20 1703 10 1748 11 1790 20 1848 10 1852 11 1909 20 1952 10 1971 11 2044 20 2071 10 2097 11 2136 10 2197 20 2197 11 2251 10 2308 11 2362 20 2408 10 2419 11 2488 20 2519 10 2538 11 2603 20 2638 10 2669 11 2738 20 2769 10 2807 11 2872 20 2907 10 2941 11 3021 20 3041 10 3090 11 3175 20 3190 20 3590 20 4590
703 135 20 250 20 256 20 300 0 319 20 550 8 606 9 652 20 656 8 691 9 760 8 821 9 859 8 925 9 967 8 1032 9 1086 8 1151 9 1197 8 1266 9 1316 8 1385 20 1406 9 1435 8 1500 9 1588 8 1599 20 1600 9 1672 8 1718 9 1803 20 1818 8 1845 9 1937 20 1945 8 1983 9 2037 20 2083 8 2086 20 2186 9 2305 8 2359 9 2393 8 2443 20 2459 9 2573 8 2585 9 2654 20 2685 8 2715 20 2815 9 2922 8 2972 9 3011 8 3072 20 3072 9 3302 8 3333 9 3375 8 3432 20 3433 9 3559 8 3582 9 3639 20 3682 8 3712 9 3774 20 3812 8 3831 9 3931 20 3931 8 3954 9 4031 20 4054 8 4084 9 4130 20 4184 8 4192 20 4292 9 4418 8 4468 9 4533 20 4568 8 4602 9 4671 20 4702 8 4725 20 4825 9 4840 8 4882 20 4982 9 5001 8 5070 9 5146 20 5170 8 5223 9 5288 20 5323 8 5361 9 5423 20 5461 8 5492 9 5557 20 5592 8 5618 9 5695 20 5718 8 5768 9 5814 20 5868 8 5883 9 5956 20 5983 8 6032 9 6101 20 6132 8 6186 9 6266 20 6286 8 6343 9 6408 20 6443 8 6473 9 6542 20 6573 8 6619 9 6688 20 6719 8 6769 9 6838 20 6869 1 7079 20 7269 0 7428 1 7998 20 8269
704 91 20 250 20 256 20 300 0 351 20 550 8 610 9 648 20 660 8 671 9 729 8 733 9 759 8 828 9 867 8 932 9 986 8 1051 9 1105 8 1166 9 1235 8 1300 9 1369 20 1410 8 1434 9 1500 20 1534 8 1546 9 1638 20 1646 8 1699 9 1779 20 1799 8 1841 9 1898 20 1941 8 1967 9 2029 20 2067 8 2102 9 2194 20 2202 8 2232 9 2301 20 2332 8 2347 20 2447 9 2451 8 2477 9 2573 20 2577 8 2623 9 2654 20 2723 8 2727 9 2800 20 2827 8 2876 9 2945 20 2976 8 3014 9 3080 20 3114 8 3156 9 3218 20 3256 8 3298 9 3360 20 3398 8 3440 9 3501 20 3540 8 3586 9 3663 20 3686 8 3747 9 3801 20 3847 8 3893 9 3897 8 3900 9 3954 20 3993 8 4065 9 4127 20 4165 1 4285 0 4560 20 4565 1 4999 0 5298 20 5565
705 23 20 250 20 256 20 300 0 339 20 550 8 574 9 609 8 693 9 728 8 804 9 854 20 1074 1 2342 0 2772 10 2998 11 3017 1 4031 0 4473 1 8223 0 8621 20 9074 1 9746 20 10074
706 87 20 250 20 256 20 300 0 363 20 550 8 592 20 642 9 653 8 715 9 853 8 914 9 956 8 1018 9 1067 8 1133 9 1305 8 1382 20 1392 9 1432 8 1512 9 1570 20 1612 8 1643 9 1689 8 1739 20 1743 9 1746 8 1754 9 1846 20 1854 8 1888 9 1942 20 1988 8 1999 20 2099 9 2107 8 2141 9 2233 20 2241 8 2287 9 2337 8 2387 20 2387 9 2391 8 2398 20 2498 9 2632 8 2686 9 2728 20 2786 8 2797 20 2897 9 2912 8 2951 9 3039 20 3051 8 3081 9 3146 20 3181 8 3204 20 3304 9 3311 8 3346 9 3426 20 3446 8 3499 9 3560 20 3599 8 3641 9 3710 20 3741 8 3783 9 3871 20 3883 8 3952 9 4013 20 4052 8 4101 9 4174 20 4201 8 4258 9 4339 20 4358 1 4519 20 4758 0 4892 20 5758
707 117 20 250 20 256 20 300 0 409 20 550 10 722 20 772 11 783 10 844 11 887 10 948 11 986 10 1055 11 1105 10 1174 11 1224 10 1301 11 1370 10 1439 11 1516 20 1522 10 1546 11 1619 20 1646 10 1673 11 1769 20 1773 10 1803 11 1845 20 1903 10 1918 11 1964 20 2018 10 2037 11 2133 20 2137 10 2206 11 2244 20 2306 10 2317 11 2367 20 2417 10 2432 11 2436 10 2440 20 2532 11 2559 10 2593 11 2624 10 2693 20 2693 11 2797 10 2831 11 2927 20 2931 10 2977 11 3034 20 3077 10 3111 11 3172 20 3211 10 3249 11 3307 20 3349 10 3387 11 3452 20 3487 10 3537 11 3606 20 3637 10 3686 11 3763 20 3786 10 3855 11 3897 20 3955 10 3978 11 4031 20 4078 10 4116 11 4150 20 4216 10 4231 11 4308 20 4331 10 4392 11 4476 20 4492 10 4565 11 4649 20 4665 10 4741 11 4818 20 4841 10 4898 11 4967 20 4998 10 5040 11 5044 10 5052 11 5121 20 5140 10 5213 11 5282 20 5313 10 5366 11 5447 20 5466 10 5539 11 5615 20 5639 1 5773 20 6039 0 6285 1 6588 0 7009 20 7039
708 108 20 250 20 256 20 300 0 332 20 550 8 614 9 660 20 664 8 729 9 764 8 825 9 871 8 940 9 986 8 1055 9 1105 8 1178 9 1236 8 1312 9 1362 20 1414 8 1512 9 1543 20 1612 8 1615 9 1696 20 1715 8 1753 9 1838 20 1853 8 1869 9 1957 20 1969 8 2010 9 2049 20 2110 8 2118 9 2218 20 2218 8 2283 9 2325 20 2383 8 2398 20 2498 9 2616 8 2659 9 2662 8 2670 9 2701 20 2759 8 2762 20 2862 9 2912 8 2916 9 2965 20 3016 8 3046 9 3107 20 3146 8 3192 9 3292 20 3292 8 3338 9 3410 20 3438 8 3491 9 3579 20 3591 8 3675 9 3733 20 3775 8 3821 9 3882 20 3921 8 3994 9 4028 20 4094 8 4101 9 4155 20 4201 8 4254 9 4312 20 4354 8 4412 9 4454 20 4512 8 4550 9 4600 20 4650 8 4692 9 4757 20 4792 8 4845 9 4914 20 4945 8 4998 9 5048 20 5098 8 5136 9 5213 20 5236 1 5417 0 5546 20 5636 1 5888 0 6232 1 6430 20 6636
709 91 20 250 20 256 20 300 0 377 20 550 8 606 9 652 20 656 8 725 9 760 8 821 9 863 8 928 9 971 8 1040 9 1089 8 1158 9 1212 8 1289 9 1339 20 1406 8 1419 9 1481 20 1519 8 1619 20 1719 9 1726 8 1742 9 1807 20 1842 8 1872 9 1941 8 1964 20 1972 9 2098 8 2152 9 2186 20 2252 8 2255 20 2355 9 2386 8 2424 9 2459 20 2524 8 2539 9 2601 20 2639 8 2685 9 2766 20 2785 8 2858 9 2927 20 2958 8 3007 9 3065 20 3107 8 3161 9 3207 20 3261 8 3322 9 3364 20 3422 8 3448 9 3494 20 3548 8 3563 9 3609 20 3663 8 3698 9 3747 20 3798 8 3824 9 3882 20 3924 8 3985 9 4024 20 4085 8 4116 9 4173 20 4216 8 4277 9 4330 20 4377 8 4434 9 4492 20 4534 1 4754 20 4934 0 4994 1 5768 20 5934
710 79 20 250 20 256 20 300 0 380 20 550 10 638 11 684 20 688 10 753 11 807 10 865 11 903 10 964 11 1014 10 1087 11 1133 10 1198 11 1244 10 1313 11 1367 10 1436 20 1438 11 1490 10 1570 11 1620 20 1670 10 1701 11 1732 20 1801 10 1804 11 1881 20 1904 10 1920 11 1985 10 2000 20 2020 11 2031 10 2042 11 2104 20 2142 10 2165 11 2226 20 2265 10 2292 11 2349 20 2392 10 2430 11 2491 20 2530 10 2575 11 2637 20 2675 10 2717 11 2798 20 2817 10 2882 11 2955 20 2982 10 3040 11 3043 10 3051 11 3116 20 3140 10 3205 11 3277 20 3305 10 3366 11 3446 20 3466 10 3523 11 3600 20 3623 10 3703 11 3753 20 3803 20 4203 1 4786 0 5192 20 5203
711 82 20 250 20 256 20 300 0 376 20 550 10 781 11 831 20 831 10 911 11 1226 10 1245 11 1287 10 1360 11 1414 10 1494 11 1548 20 1581 10 1636 11 1667 20 1736 10 1744 11 1778 20 1844 10 1866 11 1882 10 1966 20 1966 11 2012 10 2089 11 2154 20 2189 10 2231 11 2269 20 2331 10 2353 11 2388 20 2453 10 2480 11 2538 20 2580 10 2618 11 2695 20 2718 10 2779 11 2841 20 2879 10 2925 11 2986 20 3025 10 3063 11 3128 20 3163 10 3220 11 3286 20 3320 10 3370 11 3439 20 3470 10 3523 11 3596 20 3623 10 3681 11 3742 20 3781 10 3842 11 3899 20 3942 10 4003 11 4053 20 4103 10 4156 11 4218 20 4256 10 4321 11 4383 20 4421 1 4559 0 4639 1 4716 20 4821 0 4959 20 5821
712 67 20 250 20 256 20 300 0 378 20 550 8 628 9 678 20 678 8 743 9 774 8 839 9 877 8 942 9 988 8 1057 9 1107 8 1176 9 1238 8 1322 9 1353 20 1428 8 1430 9 1525 20 1530 8 1564 9 1641 20 1664 8 1690 9 1759 20 1790 8 1851 9 1901 20 1951 8 1990 9 2051 20 2090 8 2139 9 2204 20 2239 8 2308 9 2343 20 2408 8 2435 9 2492 20 2535 8 2588 9 2649 20 2688 8 2757 9 2814 20 2857 8 2918 9 2979 20 3018 8 3087 9 3133 20 3187 8 3248 9 3286 20 3348 1 3500 0 3693 1 3703 20 3748 0 4137 1 4746 20 4748
713 146 20 250 20 256 20 300 0 411 20 550 10 662 20 712 11 715 10 788 11 834 10 896 11 942 10 1011 11 1053 10 1126 11 1183 10 1264 11 1314 10 1387 20 1462 11 1463 10 1509 11 1582 20 1609 10 1628 11 1678 20 1728 10 1751 11 1801 20 1851 10 1874 20 1974 11 1981 10 2031 11 2062 10 2131 20 2131 11 2234 10 2277 11 2323 20 2377 10 2395 11 2461 20 2495 10 2522 11 2587 20 2622 10 2660 11 2722 20 2760 10 2798 11 2867 10 2894 20 2898 11 3028 10 3074 11 3140 20 3174 10 3224 11 3286 20 3324 10 3355 11 3401 20 3455 10 3485 11 3554 20 3585 10 3600 11 3642 20 3700 10 3704 11 3788 20 3804 10 3857 11 3872 10 3945 20 3957 11 4045 10 4095 11 4137 20 4195 10 4210 11 4264 20 4310 10 4341 20 4441 11 4456 10 4502 11 4555 20 4602 10 4647 11 4724 20 4747 10 4789 11 4874 20 4889 10 4943 11 4981 20 5043 10 5062 11 5146 20 5162 10 5223 11 5296 20 5323 10 5376 11 5457 20 5476 10 5537 11 5606 20 5637 10 5675 11 5745 20 5775 10 5840 11 5906 20 5940 10 5994 11 6059 20 6094 10 6140 11 6209 20 6240 10 6305 11 6370 20 6405 10 6462 11 6535 20 6562 10 6634 11 6692 20 6734 10 6807 11 6865 20 6907 10 6980 11 7045 20 7080 10 7152 11 7214 20 7252 1 7405 20 7652 0 7953 1 8509 20 8652
714 68 20 250 20 256 20 300 0 381 20 550 8 649 20 699 9 791 8 856 9 899 8 968 9 1017 8 1094 9 1159 8 1228 9 1282 8 1363 9 1413 20 1449 8 1505 9 1531 20 1605 8 1624 9 1677 20 1724 8 1765 9 1812 20 1865 8 1900 9 1950 20 2000 8 2030 9 2080 20 2130 8 2164 9 2226 20 2264 8 2314 9 2360 20 2414 8 2467 9 2514 20 2567 8 2609 9 2655 20 2709 8 2763 9 2801 20 2863 8 2924 9 2947 20 3024 8 3054 9 3108 20 3154 8 3204 9 3269 20 3304 8 3377 9 3426 20 3477 8 3522 9 3576 20 3622 20 4022 1 4026 0 4201 20 5022
715 89 20 250 20 256 20 300 0 334 20 550 10 630 20 680 11 688 10 753 11 795 10 861 11 918 10 972 11 1018 10 1083 11 1137 10 1206 11 1210 10 1214 11 1271 10 1348 11 1401 20 1430 10 1478 11 1532 20 1578 10 1601 11 1605 10 1612 11 1670 20 1701 10 1862 11 1915 20 1962 10 1985 11 2046 20 2085 10 2107 11 2153 20 2207 10 2230 11 2291 20 2330 10 2368 11 2449 20 2468 10 2533 11 2591 20 2633 10 2675 11 2740 20 2775 10 2809 11 2813 10 2825 11 2894 20 2909 10 2978 11 3051 20 3078 10 3147 11 3208 20 3247 10 3296 11 3377 20 3396 10 3458 11 3523 20 3558 10 3619 11 3688 20 3719 10 3776 11 3837 20 3876 10 3926 11 3983 20 4026 10 4075 11 4133 20 4175 10 4236 11 4294 20 4336 1 4482 20 4736 0 5046 1 5627 20 5736
716 71 20 250 20 256 20 300 0 381 20 550 10 668 20 718 11 737 10 756 11 825 10 882 11 932 10 1001 11 1051 10 1120 11 1178 10 1262 11 1300 10 1385 11 1431 20 1468 10 1515 11 1569 20 1615 10 1649 11 1711 20 1749 10 1803 11 1872 20 1903 10 1960 11 2014 20 2060 10 2087 11 2117 20 2187 10 2190 11 2244 20 2290 10 2317 11 2386 20 2417 10 2451 11 2516 20 2551 10 2589 11 2666 20 2689 10 2750 11 2819 20 2850 10 2919 11 2992 20 3019 10 3088 11 3172 20 3188 10 3249 11 3329 20 3349 10 3437 11 3483 20 3537 1 3653 0 3745 1 3768 20 3937 0 3993 1 4349 0 4815 20 4937
717 67 20 250 20 256 20 300 0 395 20 550 8 641 20 691 9 809 8 875 9 921 8 990 9 1043 8 1124 9 1178 8 1266 9 1308 8 1412 20 1441 9 1458 8 1542 9 1573 20 1642 8 1653 9 1722 20 1753 8 1795 9 1860 20 1895 8 1945 9 1998 20 2045 8 2106 9 2156 20 2206 8 2255 9 2313 20 2355 8 2417 9 2470 20 2517 8 2578 9 2624 20 2678 8 2720 9 2773 20 2820 8 2865 9 2934 20 2965 8 3046 9 3099 20 3146 8 3157 9 3180 8 3214 20 3257 9 3268 8 3395 9 3441 20 3495 8 3579 9 3586 20 3679 1 4070 20 4079 0 4445 20 5079
718 9 20 250 20 256 20 300 0 309 8 538 9 588 8 653 9 714 20 738
719 93 20 250 20 256 0 285 20 300 20 550 8 617 9 667 20 667 8 740 9 770 8 832 9 882 8 951 9 997 8 1070 9 1123 8 1196 9 1258 8 1346 9 1403 20 1417 8 1488 9 1530 20 1588 8 1607 9 1683 20 1707 8 1752 9 1806 20 1852 8 1883 9 1937 20 1983 8 2017 9 2071 20 2117 8 2144 9 2201 20 2244 8 2412 9 2477 20 2512 8 2573 9 2616 20 2673 8 2692 9 2754 20 2792 8 2830 9 2907 20 2930 8 2988 9 3045 20 3088 8 3126 9 3191 20 3226 8 3291 9 3321 20 3391 8 3398 9 3467 20 3498 8 3571 9 3597 20 3671 8 3686 9 3755 20 3786 8 3831 9 3908 20 3931 8 3996 9 4058 20 4096 8 4146 9 4211 20 4246 8 4295 9 4361 20 4395 8 4460 9 4526 20 4560 8 4618 9 4687 20 4718 1 4887 20 5118 0 5147 1 5564 0 5838 20 6118
720 107 20 250 20 256 20 300 0 332 20 550 8 621 20 671 9 678 8 732 9 766 8 828 9 870 8 943 9 985 8 1054 9 1108 8 1192 9 1246 8 1330 9 1368 20 1421 8 1457 9 1495 20 1557 8 1568 9 1660 20 1668 8 1710 9 1744 20 1810 8 1825 20 1925 9 1971 8 2028 9 2070 20 2128 8 2143 9 2243 20 2243 8 2301 9 2339 20 2401 8 2416 9 2473 20 2516 8 2535 20 2635 9 2650 8 2703 9 2761 20 2803 8 2845 9 2941 20 2945 8 3098 20 3198 9 3236 8 3267 9 3336 20 3367 8 3397 9 3413 8 3486 20 3497 9 3624 8 3662 9 3697 20 3762 8 3773 9 3869 20 3873 8 3934 9 3996 20 4034 8 4088 9 4142 20 4188 8 4241 9 4299 20 4341 8 4383 9 4448 20 4483 8 4540 9 4594 20 4640 8 4682 9 4748 20 4782 8 4847 9 4913 20 4947 8 5005 9 5066 20 5105 8 5173 9 5219 20 5273 1 5421 0 5526 1 5531 0 5548 20 5673 1 5987 0 6426 1 6563 20 6673
721 36 0 83 1 196 20 446 20 452 20 496 0 592 20 746 10 809 20 859 11 863 10 940 11 967 10 1032 11 1086 10 1158 11 1224 10 1297 11 1327 10 1400 11 1450 10 1523 11 1580 20 1609 10 1661 11 1734 20 1761 10 1818 11 1883 20 1918 10 1960 11 2021 20 2060 1 2219 20 2460 0 2593 20 3460
722 72 20 250 20 256 20 300 0 411 20 550 8 634 9 684 20 684 8 753 9 787 8 852 9 895 8 964 9 1010 8 1083 9 1136 8 1209 9 1213 8 1217 9 1274 8 1355 9 1401 20 1434 8 1466 9 1539 20 1566 8 1612 9 1677 8 1692 20 1712 9 1715 8 1765 9 1827 20 1865 8 1899 9 1972 20 1999 8 2061 9 2133 20 2161 8 2225 9 2294 20 2325 8 2390 9 2456 20 2490 8 2544 9 2624 20 2644 8 2720 9 2781 20 2820 8 2912 9 2958 20 3012 8 3081 9 3130 20 3181 8 3265 9 3318 20 3365 8 3445 9 3502 20 3545 8 3675 9 3698 20 3775 1 3999 20 4175 0 4362 1 4908 20 5175
723 68 20 250 20 256 20 300 0 381 20 550 8 618 20 668 9 763 8 828 9 874 8 944 9 993 8 1062 9 1116 8 1197 9 1243 8 1316 9 1369 20 1418 8 1446 9 1500 20 1546 8 1576 9 1630 20 1676 8 1718 9 1772 20 1818 8 1860 9 1921 20 1960 8 1998 9 2067 20 2098 8 2144 9 2190 20 2244 8 2290 9 2316 20 2390 8 2393 9 2451 20 2493 8 2527 9 2600 20 2627 8 2677 9 2738 20 2777 8 2823 9 2869 20 2923 8 2969 9 2995 8 3068 20 3069 9 3130 8 3218 9 3245 20 3318 8 3436 9 3494 20 3536 8 3571 9 3624 20 3671 20 4071 20 5071
724 62 20 250 20 256 20 300 0 426 20 550 10 654 20 704 11 707 10 788 11 822 10 907 11 1006 10 1026 11 1087 10 1144 11 1214 10 1275 11 1344 10 1405 20 1454 11 1467 10 1536 11 1609 20 1636 10 1685 11 1743 20 1785 10 1820 11 1896 20 1920 10 1973 11 2065 20 2073 10 2142 20 2242 11 2249 10 2341 11 2399 20 2441 10 2483 11 2544 20 2583 10 2640 11 2709 20 2740 10 2794 11 2859 20 2894 10 2936 11 3009 20 3036 10 3124 11 3173 20 3224 10 3292 11 3361 20 3392 1 3525 20 3792 0 3805 1 4725 20 4792
725 85 20 250 20 256 20 300 0 393 20 550 1 563 0 857 10 1231 20 1281 11 1385 10 1450 11 1496 10 1561 11 1611 10 1684 11 1734 10 1814 11 1860 10 1937 11 1991 20 2031 10 2079 11 2136 20 2179 10 2225 11 2267 20 2325 10 2363 11 2413 20 2463 10 2501 11 2554 20 2601 10 2647 11 2696 20 2747 10 2792 11 2854 20 2892 10 3053 11 3141 20 3153 10 3184 11 3233 10 3283 20 3284 11 3368 10 3440 11 3510 20 3540 10 3586 11 3625 20 3686 10 3717 11 3782 20 3817 10 3859 11 3939 20 3959 10 4023 11 4096 20 4123 10 4177 11 4257 20 4277 10 4365 11 4419 20 4465 10 4526 11 4572 20 4626 10 4687 11 4741 20 4787 10 4825 11 4902 20 4925 10 4998 11 5055 20 5098 20 5498 1 5570 0 5975 1 6441 20 6498
726 16 20 250 20 256 20 300 0 411 20 550 1 611 0 975 1 1328 20 1550 0 1768 1 2315 0 2735 1 5154 0 5473 20 6550 20 6560
727 175 20 250 20 256 20 300 0 378 20 550 10 644 20 694 11 751 10 767 11 790 10 847 11 897 10 955 11 1005 10 1070 11 1123 10 1189 11 1246 10 1323 11 1384 20 1444 10 1461 11 1549 20 1561 10 1572 11 1657 20 1672 10 1691 11 1741 20 1791 10 1810 11 1868 20 1910 10 1940 11 2013 20 2040 10 2059 11 2151 20 2159 10 2190 11 2247 20 2290 10 2316 11 2378 20 2416 10 2447 11 2535 20 2547 10 2585 11 2642 20 2685 10 2711 20 2811 11 2823 10 2850 11 2911 20 2950 10 2988 11 3034 20 3088 10 3110 11 3172 20 3210 10 3241 11 3340 20 3341 10 3371 11 3417 20 3471 10 3478 11 3540 20 3578 10 3601 11 3670 20 3701 10 3743 11 3812 20 3843 10 3881 11 3981 20 3981 10 4019 11 4061 20 4119 10 4123 20 4223 11 4341 10 4391 11 4445 20 4491 10 4518 11 4568 20 4618 10 4637 20 4737 11 4756 10 4775 11 4836 20 4875 10 4890 11 4936 20 4990 10 5013 11 5101 20 5113 10 5139 20 5239 11 5247 10 5293 11 5339 20 5393 10 5404 20 5504 11 5531 10 5565 11 5623 20 5665 10 5688 11 5784 20 5788 10 5834 11 5891 20 5934 10 5964 11 6037 20 6064 10 6091 11 6183 20 6191 10 6248 11 6332 20 6348 10 6409 11 6451 20 6509 10 6543 11 6601 20 6643 10 6677 11 6766 20 6777 10 6846 11 6904 20 6946 10 6984 11 7061 20 7084 10 7138 11 7214 20 7238 10 7295 11 7376 20 7395 10 7460 11 7540 20 7560 10 7617 11 7690 20 7717 10 7767 11 7774 10 7778 11 7863 20 7867 10 7962 11 8050 20 8062 10 8162 11 8208 20 8262 1 8431 20 8662 0 8837 1 9340 20 9662
728 112 20 250 20 256 0 297 20 300 20 550 10 560 20 610 11 613 10 667 11 709 10 771 11 813 10 878 11 928 10 1001 11 1047 10 1112 11 1311 10 1354 20 1360 11 1400 10 1473 11 1530 20 1573 10 1595 11 1695 20 1695 10 1730 11 1806 20 1830 10 1856 11 1887 20 1956 10 1964 11 2048 20 2064 10 2105 11 2159 20 2205 10 2232 11 2328 20 2332 10 2370 11 2412 20 2470 10 2493 11 2562 20 2593 10 2642 11 2712 20 2742 10 2792 11 2865 20 2892 10 2938 11 3015 20 3038 10 3095 11 3164 20 3195 10 3233 11 3310 20 3333 10 3337 11 3348 10 3367 20 3437 11 3444 10 3513 11 3575 20 3613 10 3636 11 3678 20 3736 10 3751 11 3805 20 3851 10 3885 11 3962 20 3985 10 4050 11 4131 20 4150 10 4211 11 4280 20 4311 10 4357 11 4426 20 4457 10 4518 11 4583 20 4618 10 4683 11 4740 20 4783 10 4852 11 4913 20 4952 10 5020 11 5086 20 5120 10 5197 11 5262 20 5297 10 5358 11 5435 20 5458 10 5523 11 5584 20 5623 20 6023 20 7023
729 12 0 80 1 4888 0 5110 1 9886 20 10136 20 10142 20 10186 0 10250 20 10436 20 11436 20 16436 20 16446
730 90 20 250 0 370 16 414 20 464 20 470 20 514 20 764 8 924 9 947 20 974 8 1127 9 1154 8 1223 9 1265 8 1326 9 1369 8 1430 9 1476 8 1533 9 1587 8 1641 9 1706 20 1724 8 1760 9 1817 20 1860 8 1905 9 1955 20 2005 8 2024 9 2086 20 2124 8 2151 9 2208 20 2251 8 2270 9 2350 20 2370 8 2392 9 2431 20 2492 8 2496 9 2569 20 2596 8 2615 9 2699 20 2715 8 2761 9 2845 20 2861 8 2895 20 2995 9 3014 8 3064 9 3117 20 3164 8 3179 9 3263 20 3279 8 3324 9 3401 20 3424 8 3459 20 3559 9 3574 8 3593 9 3654 20 3693 8 3719 9 3815 20 3819 8 3857 9 3915 20 3957 8 3988 9 4053 20 4088 8 4122 9 4199 20 4222 8 4279 9 4352 20 4379 8 4425 9 4502 20 4525 1 4842 20 4925 0 5061 20 5925
731 61 20 250 20 256 20 300 0 331 20 550 10 625 11 671 20 675 10 721 11 744 10 759 11 794 10 859 11 897 10 966 11 1012 10 1081 11 1131 10 1196 11 1246 10 1304 11 1384 20 1425 10 1426 11 1484 20 1526 10 1549 11 1599 20 1649 10 1660 11 1737 20 1760 10 1775 11 1833 20 1875 10 1890 11 1956 20 1990 10 2017 11 2094 20 2117 10 2167 11 2239 20 2267 10 2316 11 2389 20 2416 10 2470 11 2539 20 2570 10 2623 11 2707 20 2723 10 2784 11 2872 20 2884 1 3085 20 3284 0 3370 1 4161 20 4284
732 87 0 21 1 278 20 528 20 534 20 578 0 649 20 828 8 1014 9 1045 8 1064 20 1064 9 1141 8 1198 9 1240 8 1306 9 1352 8 1421 9 1467 8 1532 9 1578 8 1639 9 1697 8 1766 20 1814 9 1816 8 1896 9 1942 20 1996 8 2007 9 2076 20 2107 8 2145 9 2218 20 2245 8 2268 9 2310 20 2368 8 2383 9 2448 20 2483 8 2506 20 2606 9 2705 8 2759 9 2816 20 2859 8 2889 9 2974 20 2989 8 3039 9 3100 20 3139 8 3173 9 3238 20 3273 8 3319 9 3376 20 3419 8 3461 9 3518 20 3561 8 3599 9 3656 20 3699 8 3744 9 3798 20 3844 8 3905 9 3955 20 4005 8 4043 9 4097 20 4143 8 4193 9 4243 20 4293 8 4346 9 4373 20 4446 8 4492 9 4557 20 4592 1 4840 20 4992 0 4999 1 5510 20 5992
733 77 20 250 20 256 20 300 0 327 20 550 10 622 11 664 20 672 10 756 11 791 10 860 11 906 10 971 11 1013 10 1074 11 1120 10 1182 11 1235 10 1281 11 1354 10 1416 20 1422 11 1496 10 1534 11 1592 20 1634 10 1661 11 1707 20 1761 10 1772 11 1845 20 1872 10 1918 11 1991 20 2018 10 2048 11 2052 10 2064 11 2148 20 2148 10 2183 11 2244 20 2283 10 2301 11 2355 20 2401 10 2432 11 2493 20 2532 10 2570 11 2639 20 2670 10 2719 11 2788 20 2819 10 2873 11 2926 20 2973 10 3022 11 3084 20 3122 10 3172 11 3248 20 3272 10 3337 11 3390 20 3437 20 3837 8 4199 9 4261 20 4299 8 4368 9 4418 20 4468 1 4626 0 4813 20 5468
734 9 20 250 20 256 20 300 0 364 8 550 20 550 9 570 8 708 20 750
735 21 20 250 20 256 0 300 20 300 20 550 10 580 11 630 10 695 11 756 10 822 11 887 1 1045 20 1080 0 2110 1 4357 0 6753 1 7175 0 7645 20 9080 1 9531 20 10080
736 79 20 250 20 256 20 300 0 353 20 550 8 659 9 690 20 709 8 766 9 908 8 981 9 1031 8 1096 9 1146 8 1219 9 1269 8 1342 9 1399 20 1459 8 1472 9 1530 20 1572 8 1599 9 1664 20 1699 8 1737 9 1806 20 1837 8 1867 9 1936 20 1967 8 1982 9 2070 20 2082 8 2116 9 2208 20 2216 8 2266 9 2308 20 2366 8 2369 20 2469 9 2488 8 2527 9 2596 20 2627 8 2657 9 2749 20 2757 8 2783 9 2883 20 2883 8 2948 9 3014 20 3048 8 3090 9 3163 20 3190 8 3240 9 3305 20 3340 8 3385 9 3389 8 3397 9 3466 20 3485 8 3546 9 3627 20 3646 8 3731 9 3807 20 3831 8 3907 9 3987 20 4007 20 4407 1 4409 0 4647 20 5407
737 100 20 250 20 256 20 300 0 349 20 550 8 691 9 741 20 741 8 799 9 829 8 887 9 929 8 994 9 1040 8 1105 9 1152 8 1221 9 1270 8 1339 9 1389 8 1466 20 1491 9 1516 8 1585 9 1681 20 1685 8 1734 9 1773 8 1834 20 1834 9 1938 8 1976 9 2037 20 2076 8 2106 20 2206 9 2260 8 2268 9 2310 20 2368 8 2375 20 2475 9 2609 8 2659 9 2724 20 2759 8 2781 9 2827 20 2881 8 2900 9 2989 20 3000 8 3061 9 3096 20 3161 8 3169 9 3242 20 3269 8 3295 9 3299 8 3303 9 3376 20 3395 8 3449 9 3518 20 3549 8 3595 9 3664 20 3695 8 3744 9 3809 20 3844 8 3886 9 3951 20 3986 8 4036 9 4101 20 4136 8 4189 9 4277 20 4289 8 4411 9 4465 20 4511 8 4542 9 4607 20 4642 8 4691 9 4764 20 4791 8 4841 9 4918 20 4941 1 5132 0 5288 20 5341 1 5834 0 6193 1 6277 20 6341
738 9 20 250 20 256 20 300 0 305 8 518 9 537 8 648 9 687 20 718
739 61 0 214 1 705 20 955 20 961 20 1005 0 1102 20 1255 10 1443 20 1493 11 1501 10 1581 11 1643 10 1708 11 1746 10 1807 11 1880 10 1911 11 1969 10 2030 11 2072 10 2133 11 2195 20 2243 10 2264 11 2325 20 2364 10 2398 11 2436 20 2498 10 2502 11 2597 20 2602 10 2613 11 2705 20 2713 10 2755 11 2801 20 2855 10 2866 11 2939 20 2966 10 3012 11 3084 20 3112 10 3157 11 3226 20 3257 10 3299 11 3376 20 3399 10 3460 11 3541 20 3560 10 3621 11 3706 20 3721 10 3786 11 3863 20 3886 20 4286 20 5286
740 93 20 250 20 256 20 300 0 326 20 550 8 592 20 642 9 654 8 715 9 845 8 910 9 953 8 1018 9 1064 8 1133 9 1183 8 1260 9 1309 8 1382 20 1392 9 1428 8 1501 9 1547 20 1601 8 1624 20 1724 9 1727 8 1754 9 1793 20 1854 8 1862 20 1962 9 1973 8 2011 9 2096 20 2111 8 2272 9 2349 20 2372 8 2418 20 2518 9 2529 8 2579 9 2621 20 2679 8 2698 9 2748 20 2798 8 2817 20 2917 9 2924 8 2974 9 3016 20 3074 8 3085 9 3169 20 3185 8 3208 9 3307 20 3308 8 3357 9 3384 8 3449 20 3457 9 3541 8 3595 9 3653 20 3695 8 3729 9 3802 20 3829 8 3890 9 3959 20 3990 8 4044 9 4132 20 4144 8 4216 9 4289 20 4316 8 4366 9 4450 20 4466 8 4531 9 4600 20 4631 1 4968 20 5031 0 5228 1 5442 0 5672 1 6028 20 6031
741 74 20 250 20 256 20 300 0 368 20 550 10 690 20 740 11 744 10 813 11 862 10 924 11 955 10 1024 11 1070 10 1142 11 1192 10 1265 11 1311 10 1388 11 1423 20 1490 10 1492 11 1561 20 1592 10 1618 11 1672 20 1718 10 1745 11 1814 20 1845 10 1887 11 1952 20 1987 10 2029 11 2094 20 2129 10 2167 11 2236 20 2267 10 2328 11 2385 20 2428 10 2473 11 2539 20 2573 10 2638 11 2711 20 2738 10 2792 11 2865 20 2892 10 2945 11 3010 20 3045 10 3110 11 3171 20 3210 10 3267 11 3325 20 3367 10 3432 11 3501 20 3532 10 3605 11 3674 20 3705 10 3785 11 3835 20 3885 1 4030 0 4258 20 4285 1 4950 20 5285
742 78 20 250 20 256 20 300 0 398 20 550 8 664 9 702 20 714 8 782 9 832 8 898 9 928 8 997 9 1043 8 1116 9 1158 8 1227 9 1277 8 1350 9 1415 20 1464 8 1496 9 1542 20 1596 8 1619 9 1665 8 1703 9 1718 20 1719 8 1734 9 1807 20 1834 8 1880 9 1945 20 1980 8 2025 9 2087 20 2125 8 2175 9 2236 20 2275 8 2336 9 2390 20 2436 8 2493 9 2547 20 2593 8 2658 9 2708 20 2758 8 2808 9 2869 20 2908 8 2988 9 3011 20 3088 8 3138 9 3188 20 3238 8 3310 9 3356 20 3410 8 3506 9 3540 20 3606 8 3675 9 3721 20 3775 8 3870 9 3920 20 3970 1 4237 0 4343 20 4370 1 4439 0 4599 1 5266 20 5370
743 97 20 250 20 256 20 300 0 361 20 550 8 609 20 659 9 762 8 785 9 873 8 939 9 989 8 1061 9 1119 8 1192 9 1249 8 1326 9 1380 20 1409 8 1456 9 1518 20 1556 8 1598 9 1660 20 1698 8 1736 9 1809 20 1836 8 1894 9 1943 20 1994 8 2016 20 2116 9 2131 8 2166 9 2235 20 2266 8 2296 9 2342 20 2396 8 2408 20 2508 9 2542 8 2576 9 2615 20 2676 8 2684 9 2772 20 2784 8 2822 9 2902 20 2922 8 2964 9 3014 20 3064 8 3094 9 3152 20 3194 8 3259 9 3305 20 3359 8 3401 9 3451 20 3501 8 3550 9 3616 20 3650 8 3719 9 3777 20 3819 8 3873 9 3930 20 3973 8 4018 9 4072 20 4118 8 4160 9 4225 20 4260 8 4325 9 4394 20 4425 8 4494 9 4544 20 4594 8 4651 9 4705 20 4751 8 4824 9 4877 20 4924 1 5141 20 5324 0 5581 1 6271 20 6324 0 6325
744 114 20 250 20 256 20 300 0 374 20 550 8 666 20 716 9 823 8 842 9 923 8 992 9 1042 8 1107 9 1161 8 1234 9 1299 8 1379 9 1418 20 1466 8 1487 9 1571 20 1587 8 1617 9 1667 20 1717 8 1736 9 1832 20 1836 8 1886 9 1943 20 1986 8 2008 9 2066 20 2108 8 2146 9 2200 20 2246 8 2296 9 2334 20 2396 8 2415 9 2472 20 2515 8 2564 9 2630 20 2664 8 2714 9 2791 20 2814 8 2852 9 2894 20 2952 8 2982 9 3021 20 3082 8 3101 9 3167 20 3201 8 3259 9 3335 20 3359 8 3408 9 3473 20 3508 8 3573 9 3608 20 3673 8 3703 9 3746 20 3803 8 3822 9 3880 20 3922 8 3987 9 4037 20 4087 8 4125 9 4187 20 4225 8 4267 9 4332 20 4367 8 4421 9 4482 20 4521 8 4589 9 4651 20 4689 8 4750 9 4793 20 4850 8 4896 9 4961 20 4996 8 5073 9 5115 20 5173 8 5222 9 5287 20 5322 8 5391 9 5448 20 5491 8 5556 9 5613 20 5656 8 5732 9 5774 20 5832 1 6066 20 6232 0 6346 1 6956 20 7232
745 65 20 250 20 256 20 300 0 393 20 550 8 625 9 675 20 675 8 686 9 778 8 847 9 897 8 962 9 1012 8 1081 9 1135 8 1208 9 1273 8 1357 9 1388 20 1425 8 1465 9 1514 20 1565 8 1584 9 1645 20 1684 8 1722 9 1779 20 1822 8 1875 9 1929 20 1975 8 2017 9 2074 20 2117 8 2166 9 2224 20 2266 8 2316 9 2377 20 2416 8 2477 9 2519 20 2577 8 2619 9 2661 20 2719 8 2769 9 2818 20 2869 8 2926 9 2980 20 3026 8 3087 9 3125 20 3187 8 3233 9 3279 20 3333 1 3524 20 3733 0 3972 1 4254 20 4733
746 24 20 250 20 256 20 300 0 452 20 550 10 849 11 883 10 952 11 1021 10 1090 11 1148 10 1209 11 1286 20 1349 1 1472 0 1941 1 2430 0 2718 1 5630 0 6049 1 7144 0 7800 20 9349 20 10349
747 22 20 250 16 415 20 465 20 471 0 501 20 515 20 765 1 874 0 1118 8 1331 9 1366 8 1439 9 1492 1 1766 20 1831 0 2439 1 2575 0 3328 1 4045 0 4347 20 9831 20 10831
748 9 20 250 0 304 16 425 20 475 20 481 20 525 10 528 11 544 20 728
749 9 20 250 20 256 20 300 0 393 10 524 11 550 10 665 11 719 20 724
750 17 0 22 1 53 20 303 20 309 20 353 0 461 20 603 10 775 20 825 11 829 10 898 11 948 10 1002 11 1055 20 1575 20 1975 20 2975
751 125 20 250 16 428 20 478 20 484 20 528 0 548 20 778 10 788 11 834 20 838 10 919 11 972 10 1041 11 1076 10 1141 11 1187 10 1252 11 1298 10 1359 11 1402 10 1459 11 1513 10 1582 20 1588 11 1628 10 1693 11 1747 20 1793 10 1804 11 1873 20 1904 10 1942 11 2000 20 2042 10 2076 11 2130 20 2176 10 2195 11 2249 20 2295 10 2314 11 2379 20 2414 10 2445 11 2525 20 2545 10 2567 11 2621 20 2667 10 2686 11 2759 20 2786 10 2820 11 2882 20 2920 10 2951 11 3004 20 3051 10 3062 11 3158 20 3162 10 3192 11 3250 20 3292 10 3307 11 3372 20 3407 10 3437 11 3503 20 3537 10 3572 11 3633 20 3672 10 3710 11 3763 20 3810 10 3825 11 3897 20 3925 10 3966 11 4062 20 4066 10 4093 11 4189 20 4193 10 4246 11 4296 20 4346 10 4358 20 4458 11 4461 10 4484 11 4572 20 4584 10 4607 11 4699 20 4707 10 4768 11 4841 20 4868 10 4917 11 4986 20 5017 10 5059 11 5128 20 5159 10 5197 11 5270 20 5297 10 5343 11 5431 20 5443 10 5519 11 5600 20 5619 10 5680 11 5749 20 5780 10 5864 11 5906 20 5964 20 6364 1 6926 0 7164 20 7364
752 119 20 250 20 256 20 300 0 332 20 550 10 655 20 705 11 708 10 739 11 908 10 965 11 1015 10 1069 11 1153 10 1195 11 1241 10 1306 11 1356 10 1410 20 1455 11 1513 10 1552 11 1602 20 1652 10 1663 11 1740 20 1763 10 1778 11 1824 20 1878 10 1881 11 1973 20 1981 10 2012 11 2062 20 2112 10 2123 11 2203 20 2223 10 2249 11 2315 20 2349 10 2376 20 2476 11 2598 10 2629 20 2729 11 2863 10 2890 11 2928 10 2985 20 2990 11 3058 10 3127 11 3200 20 3227 10 3261 20 3361 11 3369 10 3384 11 3438 20 3484 10 3499 20 3599 11 3695 10 3760 11 3829 20 3860 10 3898 11 3975 20 3998 10 4044 11 4124 20 4144 10 4193 11 4266 20 4293 10 4343 11 4416 20 4443 10 4485 11 4557 20 4585 10 4626 11 4714 20 4726 10 4791 11 4875 20 4891 10 4987 11 5029 10 5067 11 5075 20 5087 10 5136 11 5194 20 5236 10 5278 11 5320 20 5378 10 5385 11 5451 20 5485 10 5531 11 5608 20 5631 10 5681 11 5761 20 5781 10 5857 11 5918 20 5957 10 6010 11 6075 20 6110 1 6393 20 6510 0 6734 20 7510
753 9 20 250 20 256 20 300 0 378 8 517 9 536 8 628 9 674 20 717
754 9 20 250 20 256 20 300 0 331 10 540 11 605 10 666 11 720 20 740
755 65 20 250 20 256 20 300 0 381 20 550 8 722 9 764 20 772 8 833 9 887 8 948 9 986 8 1040 9 1090 8 1147 9 1182 8 1236 9 1297 8 1358 9 1439 8 1496 20 1522 9 1585 8 1646 9 1696 20 1746 8 1757 9 1811 8 1857 20 1857 9 1926 8 1976 9 2068 20 2076 8 2133 9 2183 20 2233 8 2252 9 2305 20 2352 8 2367 9 2428 20 2467 8 2501 9 2585 20 2601 8 2650 9 2739 20 2750 8 2811 9 2880 20 2911 8 2953 9 3015 20 3053 8 3095 9 3168 20 3195 8 3237 9 3318 20 3337 1 3582 20 3737 0 3927 20 4737
756 100 20 250 20 256 20 300 0 388 20 550 10 711 20 761 11 768 10 826 11 864 10 922 11 964 10 1025 11 1067 10 1125 11 1202 10 1244 11 1286 10 1351 11 1393 10 1451 20 1511 11 1535 10 1585 11 1627 10 1685 20 1685 11 1784 10 1819 11 1857 10 1915 20 1919 11 2103 10 2149 11 2218 20 2249 10 2260 20 2360 11 2379 10 2425 11 2467 20 2525 10 2528 20 2628 11 2632 10 2655 11 2755 20 2755 10 2789 11 2885 20 2889 10 2916 11 2985 20 3016 10 3050 11 3123 20 3150 10 3188 11 3268 20 3288 10 3345 11 3414 20 3445 10 3483 11 3556 20 3583 10 3652 11 3705 20 3752 10 3790 11 3836 20 3890 10 3905 11 3970 20 4005 10 4035 11 4100 20 4135 10 4269 11 4350 20 4369 10 4422 11 4503 20 4522 10 4591 11 4656 20 4691 10 4748 11 4817 20 4848 10 4917 11 4994 20 5017 10 5074 11 5159 20 5174 1 5357 0 5542 20 5574 20 6574
757 8 20 250 20 256 20 300 0 367 8 466 9 486 8 643 20 666
758 155 20 250 20 256 20 300 0 326 20 550 8 673 20 723 9 742 8 792 9 826 8 880 9 922 8 983 9 1033 8 1095 9 1141 8 1202 9 1282 8 1317 9 1367 8 1428 20 1473 9 1489 8 1539 20 1639 9 1735 8 1777 9 1831 20 1877 8 1888 9 1973 20 1988 8 2019 9 2076 20 2119 8 2130 20 2230 9 2356 8 2402 9 2467 20 2502 8 2525 20 2625 9 2640 8 2682 9 2713 20 2782 8 2793 9 2874 20 2893 8 2900 20 3000 9 3016 8 3065 9 3119 20 3165 8 3200 9 3261 20 3300 8 3334 9 3380 8 3399 9 3414 20 3434 8 3449 20 3549 9 3556 8 3671 9 3763 20 3771 8 3806 9 3836 8 3901 20 3906 9 4016 8 4051 9 4078 20 4151 8 4154 20 4254 9 4281 8 4304 9 4346 20 4404 8 4408 9 4446 20 4508 8 4515 9 4599 20 4615 8 4645 9 4691 20 4745 8 4760 9 4856 20 4860 8 4921 9 5013 20 5021 8 5094 9 5159 20 5194 8 5236 9 5297 20 5336 8 5382 9 5435 20 5482 8 5512 9 5566 20 5612 8 5646 9 5704 20 5746 8 5869 9 5930 20 5969 8 6007 9 6072 20 6107 8 6152 9 6214 20 6252 8 6298 9 6356 20 6398 8 6425 9 6494 20 6525 8 6582 9 6647 20 6682 8 6731 9 6777 20 6831 8 6869 9 6931 20 6969 8 7015 9 7088 20 7115 8 7176 9 7253 20 7276 8 7341 9 7395 20 7441 8 7487 9 7540 20 7587 1 7777 20 7987 0 8352 1 8854 20 8987
759 30 20 250 20 256 20 300 0 392 20 550 8 620 20 670 9 674 8 750 9 777 8 835 9 888 8 957 9 988 8 1061 9 1099 8 1172 9 1207 8 1280 9 1326 8 1398 20 1420 9 1444 8 1533 9 1567 8 1632 20 1633 9 1682 20 2033 20 3033
760 44 0 148 1 186 20 436 20 442 20 486 0 517 20 736 8 854 9 892 8 961 9 1007 8 1095 9 1133 20 1354 1 1431 0 1847 10 2127 11 2184 10 2284 11 2288 10 2361 11 2418 1 2643 0 3059 1 4650 0 5051 1 5225 0 5500 10 5797 11 5805 10 5981 11 6023 10 6089 11 6119 10 6173 11 6223 10 6288 11 6349 1 6534 0 7080 20 9354 1 9927 0 10328 20 10354
761 16 20 250 20 256 20 300 0 413 20 550 10 702 11 767 10 829 11 875 10 936 11 982 1 1367 20 1452 0 1792 20 1852 20 2852
762 18 20 250 0 305 16 425 20 475 20 481 20 525 20 775 1 1033 20 1775 0 2143 1 3387 0 4110 1 5517 0 6257 1 6360 0 6642 20 6775 20 6785
763 62 20 250 20 256 20 300 0 376 20 550 8 641 9 691 20 691 8 760 9 794 8 859 9 898 8 959 9 1005 8 1070 9 1116 8 1189 9 1235 8 1300 9 1354 8 1419 20 1441 9 1473 8 1534 9 1619 20 1634 8 1661 9 1726 20 1761 8 1791 20 1891 9 1971 8 2021 9 2090 20 2121 8 2140 9 2213 20 2240 8 2286 9 2320 8 2385 20 2386 9 2462 8 2527 9 2608 20 2627 8 2681 9 2757 20 2781 8 2826 9 2895 20 2926 8 2972 9 3041 20 3072 8 3279 9 3282 20 3379 1 3451 20 3779 0 3865 20 4779
764 124 20 250 20 256 20 300 0 390 20 550 8 615 20 665 9 773 8 838 9 884 8 949 9 999 8 1064 9 1118 8 1187 9 1237 8 1302 9 1348 8 1398 9 1409 20 1415 8 1417 9 1497 20 1517 8 1532 9 1605 20 1632 8 1651 9 1735 20 1751 8 1781 9 1831 20 1881 8 1900 9 1953 20 2000 8 2015 9 2111 20 2115 8 2153 9 2218 20 2253 8 2256 9 2337 20 2356 8 2394 9 2463 20 2494 8 2521 20 2621 9 2624 8 2682 9 2732 20 2782 8 2797 9 2862 20 2897 8 2912 9 3004 20 3012 8 3050 9 3084 20 3150 8 3161 9 3234 20 3261 8 3284 9 3353 20 3384 8 3418 9 3487 20 3518 8 3556 9 3625 20 3656 8 3690 9 3759 20 3790 8 3832 9 3916 20 3932 8 3985 9 4051 20 4085 8 4131 9 4196 20 4231 8 4254 9 4319 20 4354 8 4388 9 4465 20 4488 8 4530 9 4607 20 4630 8 4676 9 4756 20 4776 8 4833 9 4906 20 4933 8 4982 9 5063 20 5082 8 5143 9 5216 20 5243 8 5281 9 5362 20 5381 8 5446 9 5527 20 5546 8 5619 9 5684 20 5719 8 5784 9 5841 20 5884 1 6099 20 6284 0 6897 20 7284
765 33 20 250 20 256 20 300 0 396 20 550 8 714 9 745 8 818 9 875 1 1031 20 1214 0 1695 10 2079 11 2141 10 2210 11 2256 10 2317 11 2382 1 2641 0 3109 1 3882 0 4405 1 4588 0 4614 1 5206 0 6256 1 6513 0 7073 20 9214 1 9804 0 9844 1 9911 20 10214
766 97 20 250 20 256 20 300 0 376 20 550 8 631 20 681 9 781 8 838 9 888 8 949 9 995 8 1057 9 1110 8 1176 9 1229 8 1291 9 1348 8 1409 20 1431 9 1478 8 1540 9 1613 20 1640 8 1682 9 1758 20 1782 8 1824 9 1900 20 1924 8 1965 9 2042 20 2065 8 2084 9 2146 20 2184 8 2211 9 2268 20 2311 8 2322 20 2422 9 2429 8 2475 9 2537 20 2575 8 2587 9 2679 20 2687 8 2752 9 2809 20 2852 8 2874 9 2920 20 2974 8 2997 9 3051 20 3097 8 3124 9 3212 20 3224 8 3277 9 3357 20 3377 8 3411 9 3453 20 3511 8 3522 9 3618 20 3622 8 3657 9 3741 20 3757 8 3818 9 3887 20 3918 8 3956 9 4025 20 4056 8 4101 9 4182 20 4201 8 4266 9 4339 20 4366 8 4420 9 4492 20 4520 8 4569 9 4642 20 4669 8 4761 9 4818 20 4861 1 5035 20 5261 0 5534 20 6261
767 25 20 250 20 256 20 300 0 413 20 550 10 657 11 665 10 764 11 814 10 887 11 948 10 1014 11 1071 10 1140 20 1157 11 1202 1 1440 0 1862 1 3088 0 3566 1 4510 0 5645 20 9157 1 9540 20 10157
768 75 20 250 20 256 20 300 0 385 20 550 10 669 20 719 11 734 10 796 11 834 10 895 11 938 10 999 11 1045 10 1102 11 1160 10 1202 11 1283 10 1352 11 1394 10 1463 20 1469 11 1521 10 1586 11 1674 20 1686 10 1708 11 1754 20 1808 10 1820 11 1869 20 1920 10 1927 11 2023 20 2027 10 2046 11 2130 20 2146 10 2188 11 2245 20 2288 10 2303 11 2403 20 2403 10 2441 11 2529 20 2541 10 2598 11 2667 20 2698 10 2744 11 2821 20 2844 10 2886 11 2966 20 2986 10 3047 11 3131 20 3147 10 3212 11 3296 20 3312 10 3373 11 3453 20 3473 10 3564 11 3641 20 3664 10 3722 11 3802 20 3822 20 4222 1 4698 0 5030 20 5222
769 150 20 250 20 256 20 300 0 402 20 550 10 615 20 665 11 676 10 684 11 707 10 741 11 780 10 841 11 887 10 952 11 998 10 1060 11 1106 10 1163 11 1225 10 1290 11 1344 10 1413 20 1415 11 1470 10 1535 11 1601 20 1635 10 1670 11 1750 20 1770 10 1792 11 1834 20 1892 10 1900 11 1949 20 2000 10 2015 11 2114 20 2115 10 2153 11 2195 20 2253 10 2256 11 2325 20 2356 10 2394 11 2490 20 2494 10 2540 11 2590 20 2640 10 2674 11 2724 20 2774 10 2785 11 2847 20 2885 10 2897 11 2989 20 2997 10 3046 11 3115 20 3146 10 3188 11 3246 20 3288 10 3338 11 3403 20 3438 10 3453 11 3506 20 3553 10 3568 11 3667 20 3668 10 3725 11 3794 20 3825 10 3871 11 3921 20 3971 10 3997 11 4074 20 4097 10 4147 11 4220 20 4247 10 4296 11 4373 20 4396 10 4442 11 4503 20 4542 10 4584 11 4664 20 4684 10 4741 11 4829 20 4841 10 4906 11 4990 20 5006 10 5071 11 5151 20 5171 10 5228 11 5308 20 5328 10 5397 11 5481 20 5497 10 5562 11 5631 20 5662 10 5715 11 5788 20 5815 10 5861 11 5953 20 5961 10 6026 11 6106 20 6126 10 6187 11 6267 20 6287 10 6378 11 6436 20 6478 10 6535 11 6593 20 6635 10 6677 20 6777 11 6781 10 6858 11 6953 20 6958 10 7038 11 7130 20 7138 1 7326 0 7538 20 7538 1 7578 0 7601 1 7688 0 8064 20 8538
770 106 20 250 20 256 20 300 0 396 20 550 10 656 20 706 11 721 10 775 11 817 10 878 11 921 10 978 11 1020 10 1082 11 1170 10 1208 11 1250 10 1312 11 1377 10 1427 20 1456 11 1526 10 1561 11 1622 20 1661 10 1688 11 1749 20 1788 10 1818 11 1902 20 1918 10 1937 11 2017 20 2037 10 2063 11 2113 20 2163 10 2178 11 2236 20 2278 10 2328 11 2385 20 2428 10 2466 11 2531 20 2566 10 2604 11 2673 20 2704 10 2757 11 2826 20 2857 10 2934 11 2991 20 3034 10 3068 11 3149 20 3168 10 3225 11 3317 20 3325 10 3406 11 3478 20 3506 10 3563 11 3643 20 3663 10 3720 11 3804 20 3820 10 3885 11 3965 20 3985 10 4061 11 4130 20 4161 10 4222 11 4303 20 4322 10 4395 11 4464 20 4495 10 4545 11 4617 20 4645 10 4736 11 4740 10 4748 11 4809 20 4836 10 4905 11 5001 20 5005 10 5085 11 5154 20 5185 10 5258 11 5323 20 5358 1 5496 0 5685 1 5713 20 5758 0 6402 20 6758
771 111 20 250 20 256 20 300 0 372 20 550 8 605 9 655 20 655 8 731 9 785 8 846 9 889 8 954 9 996 8 1065 9 1126 8 1203 9 1245 8 1318 9 1364 20 1405 8 1437 9 1495 20 1537 8 1564 9 1636 20 1664 8 1702 9 1736 20 1802 8 1805 9 1905 20 1905 8 1966 9 2001 20 2066 8 2077 9 2173 20 2177 8 2235 9 2277 20 2335 8 2357 20 2457 9 2465 8 2503 9 2576 20 2603 8 2630 9 2660 8 2729 20 2730 9 2844 8 2890 9 2963 8 2979 9 2990 20 2990 8 3028 9 3117 20 3128 8 3186 9 3270 20 3286 8 3347 9 3423 20 3447 8 3485 9 3577 20 3585 8 3646 9 3730 20 3746 8 3807 9 3895 20 3907 8 3979 9 4064 20 4079 8 4140 9 4179 20 4240 8 4251 9 4305 20 4351 8 4390 9 4459 20 4490 8 4531 9 4608 20 4631 8 4692 9 4784 20 4792 8 4877 9 4969 20 4977 8 5084 9 5160 20 5184 8 5283 9 5356 20 5383 8 5490 9 5540 20 5590 1 5762 0 5925 20 5990 1 6729 20 6990
772 135 20 250 20 256 20 300 0 403 20 550 8 682 20 732 9 744 8 805 9 840 8 901 9 939 8 1008 9 1051 8 1116 9 1169 8 1242 9 1296 8 1376 9 1426 20 1482 8 1503 9 1534 8 1599 20 1603 9 1672 8 1710 9 1791 20 1810 8 1837 9 1902 20 1937 8 1971 9 2021 20 2071 8 2090 20 2190 9 2297 8 2350 9 2412 20 2450 8 2485 9 2577 20 2585 8 2634 20 2734 9 2772 8 2837 20 2937 9 2941 8 2999 9 3045 20 3099 8 3125 20 3225 9 3229 8 3298 9 3351 20 3398 8 3436 9 3501 20 3536 8 3589 9 3650 20 3689 8 3731 9 3808 20 3831 8 3896 9 3969 20 3996 8 4053 20 4153 9 4157 8 4206 9 4233 8 4299 20 4306 9 4417 8 4486 9 4521 20 4586 8 4590 9 4686 20 4690 8 4736 9 4778 20 4836 8 4866 9 4931 20 4966 8 5012 9 5085 20 5112 8 5165 9 5234 20 5265 8 5319 9 5391 20 5419 8 5483 9 5552 20 5583 8 5637 9 5713 20 5737 8 5802 9 5871 20 5902 8 5959 9 6024 20 6059 8 6120 9 6189 20 6220 8 6296 9 6373 20 6396 8 6423 9 6442 8 6473 20 6523 9 6545 8 6630 9 6706 20 6730 8 6822 9 6875 20 6922 1 7099 0 7257 20 7322 1 7780 0 8170 20 8322
773 107 20 250 20 256 20 300 0 393 20 550 8 636 20 686 9 785 8 847 9 897 8 962 9 1012 8 1084 9 1134 8 1211 9 1269 20 1436 8 1460 9 1545 20 1560 8 1602 9 1648 20 1702 8 1713 20 1813 9 1829 8 1840 9 1909 20 1940 8 1974 9 2028 20 2074 8 2105 9 2158 20 2205 8 2227 9 2312 20 2327 8 2400 9 2465 20 2500 8 2550 9 2630 20 2650 8 2734 9 2810 20 2834 8 2887 9 2956 20 2987 8 3048 9 3106 20 3148 8 3205 9 3263 20 3305 8 3343 9 3412 20 3443 8 3504 9 3577 20 3604 8 3677 9 3727 20 3777 8 3815 9 3873 20 3915 8 3945 9 4014 20 4045 8 4091 9 4168 20 4191 8 4252 9 4317 20 4352 8 4410 9 4479 20 4510 8 4574 9 4655 20 4674 8 4766 9 4828 20 4866 8 4931 9 4996 20 5031 8 5042 9 5077 8 5119 20 5142 9 5173 8 5318 9 5361 20 5418 8 5472 9 5541 20 5572 8 5671 9 5706 20 5771 1 5905 0 6004 20 6171 20 7171
774 92 20 250 20 256 20 300 0 380 20 550 8 652 20 702 9 714 8 763 9 806 8 833 9 905 8 928 9 1013 8 1082 9 1128 8 1197 9 1254 8 1323 9 1385 20 1452 8 1458 9 1492 20 1558 8 1565 9 1657 20 1665 8 1684 20 1784 9 1787 8 1807 9 1891 20 1907 8 1941 9 2006 20 2041 8 2079 9 2133 20 2179 8 2202 20 2302 9 2420 8 2482 9 2551 20 2582 8 2604 9 2696 20 2704 8 2754 9 2796 20 2854 8 2880 9 2938 20 2980 8 3015 9 3080 20 3115 8 3164 9 3218 20 3264 8 3306 9 3360 20 3406 8 3448 9 3506 20 3548 8 3578 9 3648 20 3678 8 3728 9 3793 20 3828 8 3881 9 3943 20 3981 8 4035 9 4104 20 4135 8 4196 9 4253 20 4296 8 4342 9 4395 20 4442 8 4495 9 4564 20 4595 1 4756 20 4995 0 5177 1 5786 20 5995
775 34 20 250 20 256 20 300 0 436 20 550 10 741 20 791 11 798 10 860 11 902 10 967 11 1009 10 1082 11 1147 10 1197 11 1266 10 1332 11 1404 10 1481 20 1541 11 1558 10 1638 11 1711 20 1738 10 1803 11 1865 20 1903 10 1957 11 2010 20 2057 1 2206 20 2457 0 2596 20 3457
776 25 20 250 20 256 20 300 0 470 1 484 0 502 20 550 1 563 0 828 8 1045 9 1083 8 1156 9 1218 1 1421 20 1545 0 1815 10 2027 11 2042 1 2356 0 5246 1 9271 20 9545 0 9773 1 10207 20 10545
777 34 20 250 20 256 20 300 0 378 20 550 8 687 9 737 8 802 9 848 8 921 9 971 8 1040 9 1113 8 1182 20 1187 9 1255 8 1335 9 1404 8 1508 9 1588 8 1650 9 1730 8 2190 9 2198 8 2302 9 2351 1 2557 0 2693 1 2999 0 3523 1 4585 0 5216 20 9187 20 10187
778 151 20 250 0 347 16 413 20 463 20 469 20 513 1 624 20 763 0 777 10 1038 11 1080 20 1088 10 1199 11 1230 10 1299 11 1337 10 1398 11 1441 10 1502 11 1548 10 1598 11 1663 10 1705 11 1759 10 1824 20 1838 11 1874 10 1939 11 1997 20 2039 10 2054 11 2127 20 2154 10 2188 11 2261 20 2288 10 2338 11 2384 20 2438 10 2441 11 2499 20 2541 10 2564 20 2664 11 2721 10 2783 11 2832 20 2883 10 2894 20 2994 11 3097 10 3147 11 3204 20 3247 10 3269 11 3323 20 3369 10 3404 11 3457 20 3504 10 3522 20 3622 11 3641 10 3649 11 3714 20 3749 10 3764 11 3814 20 3864 10 3879 11 3975 20 3979 10 4009 11 4059 20 4109 10 4117 11 4209 20 4217 10 4259 11 4309 20 4359 10 4370 11 4424 20 4470 10 4481 11 4562 20 4581 10 4596 11 4673 20 4696 10 4711 11 4784 20 4811 10 4819 11 4857 20 4919 10 4922 11 4972 20 5022 10 5033 11 5118 20 5133 10 5160 11 5233 20 5260 10 5302 11 5390 20 5402 10 5440 11 5516 20 5540 10 5585 11 5666 20 5685 10 5735 11 5823 20 5835 10 5900 11 5954 20 6000 10 6026 11 6099 20 6126 10 6180 11 6260 20 6280 10 6349 11 6421 20 6449 10 6487 11 6552 20 6587 10 6609 11 6674 20 6709 10 6751 11 6832 20 6851 10 6901 11 6989 20 7001 10 7096 11 7161 20 7196 1 7496 0 7540 20 7596 1 7609 0 7643 1 8241 20 8596
779 115 0 187 1 405 20 655 20 661 20 705 0 803 20 955 8 1129 9 1179 20 1179 8 1245 9 1386 8 1448 9 1494 8 1563 9 1601 8 1666 9 1716 8 1774 9 1862 8 1896 20 1929 9 1954 8 2019 9 2069 20 2119 8 2130 9 2218 20 2230 8 2253 20 2353 9 2441 8 2498 9 2548 20 2598 8 2606 9 2682 20 2706 8 2736 9 2786 20 2836 8 2847 20 2947 9 3035 8 3097 9 3154 20 3197 8 3223 9 3311 20 3323 8 3357 9 3403 20 3457 8 3472 9 3518 20 3572 8 3587 20 3687 9 3691 8 3722 9 3814 20 3822 8 3982 9 4078 20 4082 8 4105 9 4182 20 4205 8 4235 9 4278 20 4335 8 4339 9 4427 20 4439 8 4462 9 4546 20 4562 8 4596 9 4661 20 4696 8 4726 9 4799 20 4826 8 4864 9 4937 20 4964 8 5021 9 5075 20 5121 8 5152 9 5213 20 5252 8 5290 9 5336 20 5390 8 5413 9 5474 20 5513 8 5547 9 5608 20 5647 8 5681 9 5746 20 5781 8 5834 9 5892 20 5934 8 5988 9 6041 20 6088 8 6095 9 6107 20 6195 20 6595 20 7595
780 57 20 250 20 256 20 300 0 397 20 550 10 699 11 734 20 749 10 811 11 860 10 918 11 956 10 1022 11 1068 10 1133 11 1183 10 1244 11 1301 10 1367 11 1428 10 1486 20 1499 11 1566 10 1604 11 1643 10 1658 11 1673 20 1704 10 1727 11 1765 20 1827 10 1831 11 1896 20 1931 10 1957 11 2022 20 2057 10 2088 11 2172 20 2188 10 2249 11 2318 20 2349 10 2395 11 2464 20 2495 10 2533 11 2605 20 2633 10 2728 11 2744 20 2828 1 2879 0 3159 20 3228 1 4048 20 4228
781 10 20 250 20 256 20 300 20 550 0 611 1 1252 20 1550 0 1999 20 6550 20 6560
782 95 20 250 20 256 20 300 0 420 20 550 8 621 9 648 8 659 20 671 9 728 8 805 9 847 8 924 9 954 8 1016 9 1058 8 1119 9 1154 8 1215 9 1257 8 1319 9 1361 8 1418 20 1421 9 1468 8 1526 9 1579 20 1626 8 1637 9 1691 20 1737 8 1756 9 1806 20 1856 8 1867 9 1967 20 1967 8 1971 9 2051 20 2071 8 2105 9 2151 8 2204 20 2205 9 2281 8 2327 9 2427 20 2427 8 2465 9 2511 20 2565 8 2576 9 2642 20 2676 8 2703 20 2803 9 2826 8 2853 9 2906 20 2953 8 2979 9 3060 20 3079 8 3125 9 3224 20 3225 8 3278 9 3317 20 3378 8 3382 20 3482 9 3485 8 3531 9 3604 20 3631 8 3677 9 3750 20 3777 8 3823 9 3907 20 3923 8 3988 9 4057 20 4088 8 4130 9 4210 20 4230 8 4287 9 4360 20 4387 8 4490 9 4513 20 4590 20 4990 20 5990
783 11 20 250 16 455 0 484 20 505 20 511 20 555 8 804 9 850 8 911 9 969 20 1004
784 35 0 214 1 2040 20 2290 20 2296 20 2340 0 2459 20 2590 10 2733 11 2768 20 2783 10 2848 11 2898 10 2959 11 2998 10 3055 11 3105 10 3163 11 3205 10 3262 11 3320 10 3374 11 3443 10 3504 20 3533 11 3573 10 3638 11 3715 20 3738 10 3796 11 3868 20 3896 1 4070 20 4296 0 4372 20 5296
785 107 0 124 1 207 20 457 20 463 20 507 0 513 20 757 8 815 9 853 20 865 8 926 9 964 8 1026 9 1060 8 1125 9 1171 8 1236 9 1282 8 1348 9 1397 8 1463 9 1512 8 1578 20 1615 9 1635 8 1704 9 1762 20 1804 8 1827 9 1881 20 1927 8 1946 9 1999 20 2046 8 2069 9 2126 20 2169 8 2187 9 2264 20 2287 8 2325 9 2414 20 2425 8 2475 9 2544 20 2575 8 2602 9 2651 20 2702 8 2713 9 2801 20 2813 8 2858 20 2958 9 3089 8 3131 9 3184 20 3231 8 3246 20 3346 9 3365 8 3411 9 3445 8 3511 20 3511 9 3626 8 3668 9 3748 20 3768 8 3825 9 3909 20 3925 8 3982 9 4067 20 4082 8 4139 20 4239 9 4243 8 4297 9 4385 20 4397 8 4469 9 4531 20 4569 8 4600 9 4673 20 4700 8 4745 9 4822 20 4845 8 4899 9 4975 20 4999 8 5048 9 5137 20 5148 8 5217 9 5294 20 5317 8 5413 9 5447 20 5513 1 5779 20 5913 0 5990 1 6554 20 6913
786 63 20 250 0 253 20 256 20 300 20 550 8 601 9 636 20 651 8 708 9 812 8 816 9 854 8 916 9 958 8 1015 9 1061 8 1123 9 1188 8 1242 9 1322 8 1387 20 1401 9 1472 8 1533 9 1617 20 1633 8 1686 9 1767 20 1786 8 1836 9 1917 20 1936 8 1993 9 2062 20 2093 8 2131 9 2200 20 2231 8 2273 9 2358 20 2373 8 2430 9 2500 20 2530 8 2565 9 2630 20 2665 8 2703 9 2772 20 2803 8 2849 9 2933 20 2949 8 3013 9 3098 20 3113 8 3224 9 3270 20 3324 20 3724 1 3776 0 4139 20 4724
787 158 20 250 20 256 20 300 0 395 20 550 8 687 9 706 20 737 8 794 9 947 8 970 9 1058 8 1128 9 1174 8 1243 9 1300 8 1373 9 1423 20 1487 8 1499 9 1546 20 1599 8 1615 9 1668 20 1715 8 1745 9 1795 20 1845 8 1868 20 1968 9 1975 8 2002 9 2044 20 2102 8 2105 9 2171 20 2205 8 2232 20 2332 9 2335 8 2370 9 2443 20 2470 8 2516 9 2569 20 2616 8 2635 20 2735 9 2738 8 2872 20 2972 9 2987 8 3003 20 3103 9 3114 8 3160 9 3198 20 3260 8 3267 20 3367 9 3375 8 3417 9 3463 20 3517 8 3524 9 3532 8 3536 20 3624 9 3643 8 3685 9 3728 20 3785 8 3797 20 3897 9 4034 8 4084 9 4126 8 4184 20 4184 9 4288 8 4322 9 4383 20 4422 8 4441 20 4541 9 4556 8 4598 9 4644 8 4694 20 4698 9 4702 8 4709 20 4809 9 4939 8 4970 9 5031 20 5070 8 5085 9 5185 20 5185 8 5223 9 5281 20 5323 8 5361 9 5411 20 5461 8 5484 9 5568 20 5584 8 5626 9 5702 20 5726 8 5779 9 5852 20 5879 8 5925 9 5986 20 6025 8 6074 9 6132 20 6174 8 6190 9 6255 20 6290 8 6331 9 6408 20 6431 8 6477 9 6558 20 6577 8 6631 9 6703 20 6731 8 6784 9 6864 20 6884 8 6953 9 7029 20 7053 8 7118 9 7202 20 7218 8 7279 9 7363 20 7379 8 7467 9 7501 20 7567 8 7608 9 7685 20 7708 1 7991 20 8108 0 8125 1 8141 0 8223 1 8804 20 9108
788 131 20 250 20 256 20 300 0 340 20 550 8 658 9 704 20 708 8 770 9 915 8 977 9 1019 8 1088 9 1134 8 1199 9 1257 8 1341 9 1368 8 1429 20 1458 9 1491 8 1563 9 1621 20 1663 8 1690 9 1782 20 1790 8 1843 9 1916 20 1943 8 1974 9 2016 20 2074 8 2081 20 2181 9 2196 8 2227 9 2246 8 2250 9 2281 20 2327 8 2361 9 2457 20 2461 8 2503 9 2568 20 2603 8 2645 9 2741 20 2745 8 2779 9 2875 20 2879 8 2933 9 2979 20 3033 8 3048 9 3101 20 3148 8 3170 20 3270 9 3281 8 3320 9 3351 20 3420 8 3431 20 3531 9 3535 8 3573 9 3623 20 3673 8 3811 20 3911 9 3918 8 3972 9 4025 20 4072 8 4106 9 4164 20 4206 8 4248 9 4317 20 4348 8 4401 9 4470 20 4501 8 4582 9 4643 20 4682 8 4743 9 4800 20 4843 8 4885 9 4954 20 4985 8 5042 9 5119 20 5142 8 5207 9 5299 20 5307 8 5391 9 5448 20 5491 8 5529 9 5598 20 5629 8 5678 9 5682 8 5690 9 5778 20 5778 8 5866 9 5920 20 5966 8 6001 9 6093 20 6101 8 6188 9 6265 20 6288 8 6357 9 6419 20 6457 8 6534 9 6580 20 6634 1 6871 20 7034 0 7105 20 8034
789 24 20 250 20 256 20 300 0 432 20 550 8 758 9 812 8 877 9 927 1 1063 20 1258 0 1516 1 2074 0 3675 1 4181 0 4587 1 7319 0 7684 1 8819 0 9216 20 9258 1 9279 0 9664 20 10258
790 105 20 250 20 256 20 300 0 353 20 550 8 767 9 798 20 817 8 824 9 1020 8 1085 9 1127 8 1189 9 1242 8 1304 9 1357 8 1423 9 1488 8 1561 20 1567 9 1622 8 1691 9 1753 20 1791 8 1818 9 1875 20 1918 8 1937 9 1994 20 2037 8 2059 20 2159 9 2282 8 2316 9 2362 20 2416 8 2428 9 2523 20 2528 8 2570 9 2669 20 2670 8 2700 20 2800 9 2949 8 3003 9 3072 20 3103 8 3149 9 3222 20 3249 8 3287 20 3387 9 3398 8 3455 9 3517 20 3555 8 3582 9 3590 8 3594 20 3682 9 3689 8 3778 9 3831 20 3878 8 3897 9 3985 20 3997 8 4065 9 4153 20 4165 8 4230 9 4311 20 4330 8 4399 9 4487 20 4499 8 4575 9 4667 20 4675 8 4763 9 4848 20 4863 8 4940 9 5032 20 5040 8 5120 20 5220 9 5227 8 5327 9 5415 20 5427 8 5511 20 5611 9 5622 8 5745 9 5787 20 5845 1 5958 0 6141 20 6245 1 6386 0 6641 1 7229 20 7245
791 23 20 250 20 256 20 300 0 351 20 550 8 649 9 688 8 753 9 814 8 880 9 937 20 1149 1 1258 0 2319 1 7280 0 7410 1 7449 0 7812 1 8287 0 8898 20 9149 1 9716 20 10149
792 14 20 250 20 256 20 300 0 424 20 550 10 644 11 698 10 763 11 828 10 889 11 951 20 1144 20 9144 20 10144
793 20 20 250 0 321 16 422 1 440 20 472 20 478 20 522 0 545 20 772 10 824 11 870 20 874 10 943 11 1004 1 1280 20 1624 20 2024 0 2706 1 2931 20 3024
794 148 20 250 20 256 20 300 0 369 20 550 8 618 9 649 20 668 8 722 9 867 8 929 9 975 8 1040 9 1086 8 1151 9 1201 8 1262 9 1312 8 1377 20 1418 9 1423 8 1492 9 1542 20 1592 8 1619 9 1668 20 1719 8 1734 9 1791 20 1834 8 1856 9 1914 20 1956 8 1987 9 2044 20 2087 8 2113 9 2171 20 2213 8 2232 20 2332 9 2358 8 2381 9 2408 8 2473 20 2481 9 2550 8 2615 9 2669 20 2715 8 2742 9 2795 20 2842 8 2853 20 2953 9 2960 8 3006 9 3060 20 3106 8 3125 20 3225 9 3232 8 3248 9 3347 20 3348 8 3401 9 3443 20 3501 8 3512 9 3585 20 3612 8 3658 9 3716 20 3758 8 3773 9 3861 20 3873 8 3903 9 4003 20 4003 8 4061 9 4107 20 4161 8 4176 9 4229 20 4276 8 4291 20 4391 9 4475 8 4547 9 4590 20 4647 8 4655 9 4705 8 4712 9 4735 20 4755 8 4785 9 4843 20 4885 8 4912 9 5004 20 5012 8 5073 9 5168 20 5173 8 5218 9 5303 20 5318 8 5360 9 5414 20 5460 8 5494 9 5567 20 5594 8 5636 9 5697 20 5736 8 5770 9 5855 20 5870 8 5931 9 5993 20 6031 8 6058 9 6146 20 6158 8 6181 9 6242 20 6281 8 6307 9 6384 20 6407 8 6457 9 6556 20 6557 8 6644 9 6710 20 6744 8 6790 9 6871 20 6890 1 7237 20 7290 0 7491 1 7835 0 8166 20 8290
795 156 20 250 20 256 20 300 0 365 20 550 8 681 9 696 8 731 20 731 9 907 8 988 9 1038 8 1099 9 1237 8 1294 9 1344 8 1402 20 1481 9 1490 8 1536 9 1586 20 1636 8 1647 9 1712 20 1747 8 1754 9 1839 20 1854 8 1881 9 1942 20 1981 8 2007 9 2057 20 2107 8 2119 9 2188 8 2218 20 2219 9 2314 8 2352 9 2418 20 2452 8 2490 9 2540 20 2590 8 2606 9 2655 20 2706 8 2721 9 2770 20 2821 8 2836 9 2893 20 2936 8 2962 9 3046 20 3062 8 3077 9 3127 20 3177 8 3188 9 3276 20 3288 8 3303 9 3395 20 3403 8 3426 9 3510 20 3526 8 3583 20 3683 9 3710 8 3717 9 3771 20 3817 8 3832 9 3913 20 3932 8 3944 9 4016 20 4044 8 4089 9 4151 20 4189 8 4223 9 4289 20 4323 8 4365 9 4415 20 4465 8 4469 9 4534 20 4569 8 4595 9 4676 20 4695 8 4753 9 4818 20 4853 8 4891 9 4971 20 4991 8 5040 9 5094 20 5140 8 5163 9 5224 20 5263 8 5297 9 5366 20 5397 8 5439 9 5508 20 5539 8 5577 9 5634 20 5677 8 5711 9 5776 20 5811 8 5849 9 5918 20 5949 8 5987 9 6060 20 6087 8 6156 9 6225 20 6256 8 6317 9 6378 20 6417 8 6463 9 6501 20 6563 8 6578 9 6620 20 6678 8 6689 9 6735 20 6789 8 6811 9 6869 20 6911 8 6938 9 7011 20 7038 8 7107 9 7152 20 7207 1 7411 20 7607 0 7863 1 8124 0 8424 20 8607
796 93 20 250 20 256 20 300 0 363 20 550 10 916 11 966 20 966 10 1043 11 1368 10 1399 11 1449 10 1526 11 1575 10 1648 11 1698 20 1716 10 1775 11 1825 20 1875 10 1897 11 1955 20 1997 10 2020 20 2120 11 2227 10 2277 11 2354 20 2377 10 2423 11 2492 20 2523 10 2541 11 2599 20 2641 10 2676 11 2725 20 2776 10 2787 11 2860 20 2887 10 2909 11 2952 20 3009 10 3024 11 3093 20 3124 10 3128 11 3224 20 3228 10 3262 11 3312 20 3362 10 3377 11 3461 20 3477 10 3492 11 3569 20 3592 10 3741 11 3810 20 3841 10 3883 11 3937 20 3983 10 4013 11 4071 20 4113 10 4155 11 4217 20 4255 10 4297 11 4366 20 4397 10 4439 11 4447 10 4450 11 4519 20 4539 10 4608 11 4684 20 4708 10 4765 11 4857 20 4865 10 4930 11 5006 20 5030 10 5083 11 5152 20 5183 20 5583 20 6583
797 25 20 250 20 256 0 283 20 300 1 434 20 550 0 734 8 1075 9 1102 8 1186 9 1243 1 1367 20 1575 0 1770 1 2252 0 4153 1 4388 0 4632 1 7243 0 7636 1 8415 20 9575 0 9693 1 10314 20 10575
798 22 20 250 20 256 20 300 0 402 20 550 10 840 11 874 10 947 11 1016 10 1078 11 1262 10 1338 20 1340 11 1423 1 1637 0 2505 1 4942 0 5365 1 5577 0 6201 20 9340 20 10340
799 240 20 250 16 433 20 483 20 489 20 533 0 597 20 783 10 893 11 943 20 943 10 1035 11 1081 10 1154 11 1200 10 1261 11 1311 10 1376 11 1433 10 1499 11 1571 10 1637 20 1693 11 1717 10 1786 11 1870 20 1886 10 1916 11 1982 20 2016 10 2051 11 2108 20 2151 10 2177 11 2258 20 2277 10 2315 11 2388 20 2415 10 2461 11 2522 20 2561 10 2591 11 2679 20 2691 10 2721 11 2810 20 2821 10 2875 11 2921 20 2975 10 2994 11 3051 20 3094 10 3128 11 3178 20 3228 10 3251 11 3304 20 3351 10 3377 11 3435 20 3477 10 3507 11 3576 20 3607 10 3642 20 3742 11 3745 10 3806 11 3856 20 3906 10 3933 11 4002 20 4033 10 4075 11 4171 20 4175 10 4209 11 4270 20 4309 10 4351 11 4393 20 4451 10 4485 11 4554 20 4585 10 4631 11 4711 20 4731 10 4780 11 4838 20 4880 10 4911 11 4972 20 5011 10 5045 11 5098 20 5145 10 5167 11 5229 20 5267 10 5325 11 5374 20 5425 10 5436 11 5489 20 5536 10 5585 11 5635 20 5685 10 5712 11 5766 20 5812 10 5850 11 5915 20 5950 10 5999 11 6053 20 6099 10 6118 11 6168 20 6218 10 6260 11 6298 20 6360 10 6364 11 6421 20 6464 10 6509 11 6555 20 6609 10 6624 11 6682 20 6724 10 6778 11 6820 20 6878 10 6900 11 6962 20 7000 10 7035 11 7119 20 7135 10 7184 11 7265 20 7284 10 7349 11 7410 20 7449 10 7487 11 7548 20 7587 10 7621 11 7675 20 7721 10 7748 11 7805 20 7848 10 7886 11 7959 20 7986 10 8047 11 8100 20 8147 10 8173 11 8242 20 8273 10 8311 11 8380 20 8411 10 8469 11 8530 20 8569 10 8607 11 8679 20 8707 10 8760 11 8825 20 8860 10 8910 11 8998 20 9010 10 9090 11 9159 20 9190 10 9239 11 9301 20 9339 10 9377 11 9454 20 9477 10 9523 11 9554 20 9623 10 9630 11 9676 20 9730 10 9742 11 9807 20 9842 10 9876 11 9949 20 9976 10 10037 20 10137 11 10144 10 10232 11 10301 20 10332 10 10370 11 10455 20 10470 10 10539 11 10627 20 10639 10 10711 11 10796 20 10811 10 10884 11 10961 20 10984 10 11037 11 11087 20 11137 10 11160 11 11210 20 11260 10 11287 11 11371 20 11387 10 11455 11 11551 20 11555 20 11955 1 12115 0 12300 1 12900 0 12937 20 12955 1 12960
800 26 20 250 20 256 20 300 0 382 20 550 10 641 20 691 11 706 10 775 11 825 10 890 11 944 10 997 11 1059 10 1124 11 1193 10 1262 11 1354 20 1441 10 1446 11 1523 20 1546 1 1807 0 1915 20 1946 20 2946
801 103 20 250 20 256 20 300 0 389 20 550 10 753 20 803 11 833 10 853 11 925 10 991 11 1040 10 1109 11 1163 10 1232 11 1290 10 1370 11 1431 10 1508 20 1553 11 1558 10 1619 11 1677 20 1719 10 1738 11 1811 20 1838 10 1888 11 1938 20 1988 10 2026 11 2072 20 2126 10 2141 11 2194 20 2241 10 2290 11 2325 20 2390 10 2401 11 2451 20 2501 10 2524 11 2589 20 2624 10 2685 11 2724 20 2785 10 2793 11 2850 20 2893 10 2923 11 2980 20 3023 10 3084 11 3115 20 3184 10 3191 11 3249 20 3291 10 3341 11 3395 20 3441 10 3475 11 3536 20 3575 10 3617 11 3713 20 3717 10 3801 11 3878 20 3901 10 3973 11 4039 20 4073 10 4127 11 4203 20 4227 10 4295 11 4376 20 4395 10 4476 11 4560 20 4576 10 4648 11 4709 20 4748 10 4798 11 4855 20 4898 10 4943 11 5028 20 5043 10 5120 11 5208 20 5220 10 5511 11 5580 20 5611 1 5835 0 5962 20 6011 20 7011
802 68 20 250 20 256 0 283 20 300 20 550 8 747 20 797 9 801 8 866 9 893 8 958 9 1004 8 1077 9 1123 8 1192 9 1246 8 1322 9 1376 8 1445 9 1507 20 1547 8 1595 9 1633 20 1695 8 1702 9 1763 20 1802 8 1867 9 1905 20 1967 8 1978 9 2047 20 2078 8 2154 9 2212 20 2254 8 2300 9 2365 20 2400 8 2457 9 2523 20 2557 8 2618 9 2684 20 2718 8 2783 9 2864 20 2883 8 2967 9 3033 20 3067 8 3128 9 3174 20 3228 8 3282 9 3328 20 3382 8 3424 9 3497 20 3524 8 3592 9 3677 20 3692 8 3784 9 3853 20 3884 20 4284 20 5284
803 87 20 250 20 256 20 300 0 330 20 550 8 611 20 661 9 776 8 841 9 884 8 953 9 1002 8 1071 9 1129 8 1206 9 1210 8 1213 9 1267 8 1359 9 1401 20 1411 8 1486 9 1528 20 1586 8 1604 9 1685 20 1704 8 1777 9 1823 20 1877 8 1903 9 1969 20 2003 8 2057 9 2122 20 2157 8 2210 9 2275 20 2310 8 2360 9 2429 20 2460 8 2532 9 2590 20 2632 8 2663 20 2763 9 2881 8 2939 9 2969 8 3031 20 3039 9 3149 8 3188 9 3261 20 3288 8 3330 9 3368 20 3430 8 3452 9 3525 20 3552 8 3636 9 3690 20 3736 8 3774 9 3843 20 3874 8 3943 9 4024 20 4043 8 4112 20 4212 9 4215 8 4338 9 4411 20 4438 8 4518 9 4591 20 4618 8 4875 9 4940 20 4975 20 5375 1 5465 0 5530 20 6375
804 58 20 250 20 256 20 300 0 389 20 550 8 714 20 764 9 783 8 848 9 882 8 948 9 997 8 1066 9 1112 8 1189 9 1231 8 1308 9 1373 8 1442 9 1507 20 1514 8 1580 9 1649 20 1680 8 1726 9 1803 20 1826 8 1860 9 1902 20 1960 8 1975 9 2033 20 2075 8 2125 9 2163 20 2225 8 2251 9 2290 20 2351 8 2362 9 2428 20 2462 8 2535 9 2570 20 2635 8 2646 9 2696 20 2746 8 2773 9 2826 20 2873 8 2922 9 2938 8 3007 20 3022 9 3060 20 3422 20 4422
805 82 20 250 20 256 20 300 0 362 20 550 8 600 20 650 9 654 8 719 9 865 8 934 9 984 8 1056 9 1106 8 1183 9 1237 8 1313 9 1344 20 1400 8 1421 9 1520 20 1521 8 1574 9 1612 20 1674 8 1685 20 1785 9 1812 8 1858 9 1892 20 1958 8 1965 20 2065 9 2084 8 2138 9 2176 20 2238 8 2257 20 2357 9 2372 8 2429 9 2448 20 2529 8 2537 20 2637 9 2652 8 2724 9 2755 20 2824 8 2851 9 2920 20 2951 8 2993 9 3035 20 3093 8 3127 20 3227 9 3238 8 3273 20 3373 9 3499 8 3583 9 3637 20 3683 8 3733 9 3806 20 3833 8 3890 9 3978 20 3990 8 4066 9 4143 20 4166 8 4254 9 4323 20 4354 20 4754 1 4755 0 4797 1 4831 0 4930 20 5754
806 90 20 250 20 256 20 300 0 398 20 550 10 693 11 716 20 743 10 808 11 861 10 938 11 984 10 1053 11 1107 10 1183 11 1241 10 1314 11 1433 10 1452 20 1493 11 1506 10 1575 11 1624 20 1675 10 1701 11 1751 20 1801 10 1831 11 1885 20 1931 10 1962 11 2019 20 2062 10 2111 11 2161 20 2211 10 2238 11 2299 20 2338 10 2384 11 2468 20 2484 10 2560 11 2637 20 2660 10 2733 11 2790 20 2833 10 2874 11 2936 20 2974 10 3024 11 3104 20 3124 10 3200 11 3277 20 3300 10 3377 11 3453 20 3477 10 3561 11 3641 20 3661 10 3733 11 3818 20 3833 10 3929 11 4002 20 4029 10 4144 11 4178 20 4244 10 4312 11 4389 20 4412 10 4477 11 4562 20 4577 10 4646 11 4730 20 4746 10 4822 11 4895 20 4922 1 5168 0 5272 1 5302 20 5322 0 5419 20 6322
807 90 20 250 20 256 20 300 0 380 20 550 8 632 20 682 9 694 8 759 9 805 8 870 9 912 8 981 9 1031 8 1112 9 1165 8 1250 9 1288 8 1357 9 1403 20 1432 8 1560 9 1599 20 1660 8 1683 9 1740 20 1783 8 1813 20 1913 9 1928 8 1971 9 2051 20 2071 8 2109 9 2139 20 2209 8 2212 20 2312 9 2323 8 2377 9 2415 20 2477 8 2496 9 2584 20 2596 8 2642 9 2703 20 2742 8 2795 9 2845 20 2895 8 2937 9 2998 20 3037 8 3090 9 3152 20 3190 8 3240 9 3320 20 3340 8 3527 9 3589 20 3627 8 3685 9 3750 20 3785 8 3838 9 3922 20 3938 8 4007 9 4076 20 4107 8 4183 9 4252 20 4283 8 4344 9 4421 20 4444 8 4532 9 4597 20 4632 8 4732 9 4781 20 4832 20 5232 1 5269 0 5412 1 5512 0 5639 20 6232
808 20 20 250 20 256 20 300 0 413 20 550 8 676 9 730 8 795 9 849 8 945 9 995 8 1087 9 1144 20 1176 8 1355 9 1420 1 1670 0 1939 20 9176 20 10176
809 94 20 250 16 628 20 678 20 684 20 728 0 731 20 978 10 1038 11 1073 20 1088 10 1165 11 1184 10 1249 11 1287 10 1364 11 1410 10 1483 11 1533 10 1606 11 1663 10 1728 11 1778 20 1838 10 1843 11 1905 20 1943 10 1978 11 2039 20 2078 10 2112 11 2192 20 2212 10 2269 11 2350 20 2369 10 2430 11 2507 20 2530 10 2584 20 2684 11 2802 10 2879 11 2952 20 2979 10 3028 11 3094 20 3128 10 3170 11 3270 20 3270 10 3320 11 3377 20 3420 10 3454 11 3519 20 3554 10 3588 11 3680 20 3688 10 3719 11 3791 20 3819 10 3857 11 3933 20 3957 10 4010 11 4087 20 4110 10 4163 11 4229 20 4263 10 4317 11 4401 20 4417 10 4486 11 4562 20 4586 10 4647 11 4716 20 4747 10 4800 11 4888 20 4900 10 4973 11 5061 20 5073 20 5473 8 5793 9 5862 20 5893 1 6233 0 6409 1 6450 20 6893
810 30 0 127 1 159 0 221 1 481 20 731 0 736 20 737 20 781 20 1031 8 1258 9 1311 8 1373 9 1430 8 1507 9 1572 20 1758 1 2908 0 2973 1 2993 0 3813 1 5062 0 6074 1 6626 0 8044 1 8485 0 8556 1 8585 0 9309 20 9758 20 10758
811 85 20 250 20 256 20 300 0 408 20 550 10 658 20 708 11 723 10 788 11 823 10 888 11 934 10 1007 11 1061 10 1133 11 1187 10 1252 11 1302 10 1367 11 1444 20 1458 10 1502 11 1586 20 1602 10 1643 11 1724 20 1743 10 1804 11 1862 20 1904 10 1935 20 2035 11 2038 10 2092 11 2146 20 2192 10 2219 11 2291 20 2319 10 2380 11 2468 20 2480 10 2548 11 2640 20 2648 10 2698 11 2748 20 2798 10 2813 20 2913 11 2928 10 2986 11 3062 20 3086 10 3154 11 3235 20 3254 10 3323 11 3407 20 3423 10 3503 11 3588 20 3603 10 3741 11 3795 20 3841 10 3891 11 3971 20 3991 10 4055 11 4124 20 4155 10 4216 11 4247 20 4316 10 4335 11 4420 20 4435 10 4508 11 4604 20 4608 20 5008 1 5409 0 5612 20 6008
812 115 20 250 20 256 20 300 0 401 20 550 10 622 20 672 11 679 10 760 11 791 10 863 11 909 10 978 11 1028 10 1105 11 1163 10 1243 11 1281 10 1362 20 1422 11 1427 10 1496 11 1561 20 1596 10 1634 20 1734 11 1738 10 1784 11 1845 20 1884 10 1918 11 1979 20 2018 10 2045 20 2145 11 2167 10 2206 11 2244 20 2306 10 2309 11 2409 20 2409 10 2478 11 2524 20 2578 10 2597 20 2697 11 2719 10 2781 11 2827 20 2881 10 2896 20 2996 11 3007 10 3064 11 3126 20 3164 10 3214 11 3268 20 3314 10 3344 11 3433 20 3444 10 3490 20 3590 11 3594 10 3655 11 3709 20 3755 10 3778 20 3878 11 3889 10 3931 11 4008 20 4031 10 4092 11 4173 20 4192 10 4261 11 4338 20 4361 10 4414 11 4499 20 4514 10 4587 11 4671 20 4687 10 4755 11 4836 20 4855 10 4916 11 5001 20 5016 10 5097 11 5173 20 5197 10 5262 11 5331 20 5362 10 5415 11 5453 20 5515 10 5541 11 5614 20 5641 10 5691 20 5791 11 5802 10 5894 11 5975 20 5994 20 6394 1 6600 0 6831 20 7394
813 70 0 210 1 226 20 476 20 482 20 526 0 618 20 776 8 850 20 900 9 915 8 980 9 1014 8 1080 9 1130 8 1199 9 1248 8 1321 9 1371 8 1444 9 1498 8 1574 9 1640 20 1650 8 1724 9 1778 20 1824 8 1847 9 1931 20 1947 8 2004 9 2096 20 2104 8 2177 9 2265 20 2277 8 2345 9 2418 20 2445 8 2510 9 2587 20 2610 8 2683 9 2756 20 2783 8 2848 9 2851 8 2859 9 2943 20 2948 8 3035 9 3108 20 3135 8 3197 9 3285 20 3297 8 3396 9 3450 20 3496 8 3542 9 3618 20 3642 8 3722 9 3802 20 3822 8 3906 9 3987 20 4006 20 4406 1 5271 20 5406
814 98 20 250 20 256 0 299 20 300 20 550 8 702 20 752 9 859 8 924 9 974 8 1043 9 1093 8 1178 9 1231 8 1316 9 1350 8 1427 9 1492 20 1502 8 1572 9 1630 20 1672 8 1703 9 1783 20 1803 8 1856 9 1941 20 1956 8 2013 9 2105 20 2113 8 2174 9 2228 20 2274 8 2301 9 2397 20 2401 8 2466 9 2504 20 2566 8 2589 9 2677 20 2689 8 2765 9 2822 20 2865 8 2911 9 2980 20 3011 8 3072 9 3144 20 3172 8 3233 9 3294 20 3333 8 3382 9 3447 20 3482 8 3528 9 3608 20 3628 8 3689 9 3766 20 3789 8 3839 20 3939 9 3942 8 3992 9 4061 20 4092 8 4134 9 4218 20 4234 8 4306 9 4398 20 4406 8 4486 20 4586 9 4590 8 4674 9 4751 20 4774 8 4851 9 4924 20 4951 8 5016 9 5019 8 5023 9 5108 20 5116 1 5423 0 5456 20 5516 1 6091 0 6205 1 6241 0 6447 20 6516
815 68 20 250 20 256 20 300 0 381 20 550 10 642 20 692 11 695 10 764 11 818 10 883 11 926 10 995 11 1052 10 1125 11 1171 10 1240 11 1301 10 1382 11 1439 20 1442 10 1627 11 1696 20 1727 10 1765 11 1865 20 1865 10 1888 11 1965 20 1988 10 2049 11 2114 20 2149 10 2191 11 2245 20 2291 10 2317 11 2387 20 2417 10 2463 11 2544 20 2563 10 2632 11 2705 20 2732 10 2781 11 2862 20 2881 10 2977 11 3027 20 3077 10 3123 11 3184 20 3223 10 3280 11 3372 20 3380 10 3456 11 3541 20 3556 10 3644 11 3706 20 3744 1 3975 20 4144 0 4155 1 4912 20 5144
816 98 20 250 20 256 20 300 0 326 20 550 10 576 20 626 11 630 10 711 11 757 10 822 11 868 10 933 11 987 10 1059 11 1113 10 1186 11 1240 10 1309 11 1347 20 1376 10 1420 11 1497 20 1520 10 1566 11 1631 20 1666 10 1708 11 1761 20 1808 10 1838 20 1938 11 1949 10 1976 11 2030 20 2076 10 2106 11 2164 20 2206 10 2241 20 2341 11 2352 10 2386 11 2452 20 2486 10 2544 11 2594 20 2644 10 2670 11 2770 20 2770 10 2824 11 2866 20 2924 10 2943 11 3035 20 3043 10 3088 11 3161 20 3188 10 3238 11 3326 20 3338 10 3414 11 3491 20 3514 10 3598 11 3664 20 3698 10 3748 11 3798 20 3848 10 3894 11 3967 20 3994 10 4047 11 4139 20 4147 10 4227 11 4308 20 4327 10 4404 11 4481 20 4504 10 4576 11 4665 20 4676 10 4761 20 4861 11 4868 10 4991 11 5029 20 5091 1 5279 0 5373 20 5491 1 6043 20 6491
817 78 20 250 20 256 20 300 0 374 20 550 8 634 20 684 9 695 8 768 9 806 8 852 9 868 8 875 9 925 8 994 9 1044 8 1113 9 1171 8 1247 9 1251 8 1259 9 1313 8 1401 20 1434 9 1451 8 1535 9 1593 20 1635 8 1673 9 1734 20 1773 8 1811 9 1888 20 1911 8 1968 9 2045 20 2068 8 2133 9 2206 20 2233 8 2294 9 2363 20 2394 8 2467 9 2536 20 2567 8 2628 9 2705 20 2728 8 2820 9 2885 20 2920 8 2985 9 3042 20 3085 8 3138 9 3199 20 3238 8 3426 9 3506 20 3526 8 3598 9 3671 20 3698 8 3771 9 3851 20 3871 8 3982 9 4035 20 4082 8 4101 9 4147 20 4201 1 4480 0 4542 20 4601 1 5587 20 5601
818 20 20 250 20 256 20 300 0 434 20 550 8 776 9 829 8 898 9 956 1 1153 20 1276 0 1304 1 2287 0 3766 1 5410 0 6067 1 8049 20 9276 0 10124 20 10276
819 18 20 250 20 256 20 300 0 402 20 550 8 785 9 823 8 908 9 973 20 1285 10 1912 11 1943 10 2024 11 2077 10 2162 11 2250 20 9285 20 10285
820 213 20 250 20 256 20 300 0 369 20 550 8 788 20 838 9 965 8 1034 9 1080 8 1149 9 1202 8 1279 9 1333 8 1371 9 1478 8 1505 9 1536 8 1551 20 1588 9 1609 8 1689 9 1743 20 1789 8 1824 9 1885 20 1924 8 1962 20 2062 9 2180 8 2245 9 2307 20 2345 8 2387 9 2449 20 2487 8 2537 9 2621 20 2637 8 2686 9 2751 20 2786 8 2824 9 2913 20 2924 8 2997 9 3097 20 3097 8 3146 20 3246 9 3250 8 3304 9 3353 20 3404 8 3419 20 3519 9 3541 8 3587 9 3653 20 3687 8 3695 20 3795 9 3810 8 3863 9 3913 20 3963 8 3982 20 4082 9 4113 8 4155 9 4224 20 4255 8 4297 20 4397 9 4557 8 4615 20 4715 9 4891 8 4937 9 4998 20 5037 8 5071 20 5171 9 5186 8 5228 9 5309 20 5328 8 5359 20 5459 9 5604 8 5658 9 5704 20 5758 8 5781 20 5881 9 5896 8 5919 20 6019 9 6030 8 6091 9 6176 20 6191 8 6252 9 6333 20 6352 8 6413 9 6490 20 6513 8 6536 9 6548 8 6552 20 6636 9 6644 8 6697 9 6797 20 6797 8 6843 9 6901 20 6943 8 6958 20 7058 9 7077 8 7115 20 7215 9 7372 8 7430 9 7495 20 7530 8 7549 9 7552 8 7556 9 7648 20 7649 8 7671 20 7771 9 7779 8 7836 9 7878 20 7936 8 7940 20 8040 9 8066 8 8089 9 8166 20 8189 8 8224 20 8324 9 8342 8 8381 9 8427 20 8481 8 8492 9 8592 20 8592 8 8653 9 8695 20 8753 8 8768 20 8868 9 8895 8 8937 9 9025 20 9037 8 9086 9 9182 20 9186 8 9267 9 9340 20 9367 8 9412 9 9505 20 9512 8 9589 9 9650 20 9689 8 9727 9 9807 20 9827 8 9896 9 9957 20 9996 8 10030 9 10103 20 10130 8 10187 9 10264 20 10287 8 10352 9 10433 20 10452 8 10513 9 10601 20 10613 8 10686 9 10781 20 10786 8 10866 9 10939 20 10966 8 11019 9 11107 20 11119 8 11196 9 11280 20 11296 8 11364 9 11453 20 11464 20 11864 1 12205 0 12406 1 12692 20 12864
821 58 20 250 20 256 20 300 0 444 20 550 8 674 9 720 20 724 8 797 9 839 8 908 9 958 8 1027 9 1069 8 1138 9 1196 8 1265 9 1326 8 1372 9 1384 8 1395 20 1474 9 1491 8 1533 9 1606 20 1633 8 1652 20 1752 9 1813 8 1832 9 1928 20 1932 8 1986 9 2024 20 2086 8 2093 20 2193 9 2208 8 2281 9 2335 20 2381 8 2419 9 2496 20 2519 8 2599 9 2672 20 2699 8 2764 9 2860 20 2864 8 2956 9 3013 20 3056 8 3147 9 3205 20 3247 20 3647 20 4647
822 87 20 250 20 256 20 300 0 399 20 550 10 619 20 669 11 673 10 750 11 799 10 868 11 911 10 983 11 1037 10 1110 11 1164 10 1237 11 1240 10 1244 11 1302 10 1386 20 1419 11 1424 10 1497 11 1562 20 1597 10 1635 11 1693 20 1735 10 1762 11 1819 20 1862 10 1900 11 1977 20 2000 10 2057 11 2134 20 2157 10 2218 11 2291 20 2318 10 2383 11 2452 20 2483 10 2552 11 2609 20 2652 10 2697 11 2743 20 2797 10 2828 11 2916 20 2928 10 3004 11 3085 20 3104 10 3188 11 3269 20 3288 10 3368 11 3434 20 3468 10 3541 11 3602 20 3641 10 3733 11 3786 20 3833 10 3898 11 3970 20 3998 10 4066 11 4139 20 4166 10 4243 11 4300 20 4343 10 4423 11 4488 20 4523 10 4634 11 4668 20 4734 20 5134 1 5458 0 5660 20 6134
823 101 20 250 20 256 20 300 0 337 20 550 10 611 20 661 11 669 10 742 11 791 10 861 11 903 10 983 11 1025 10 1106 11 1148 10 1229 11 1275 10 1351 11 1355 10 1359 20 1411 11 1417 10 1505 11 1558 20 1605 10 1666 11 1716 20 1766 10 1811 11 1846 20 1911 10 1957 11 1996 20 2057 10 2072 11 2149 20 2172 10 2222 11 2275 20 2322 10 2356 11 2410 20 2456 10 2498 11 2571 20 2598 10 2663 11 2724 20 2763 10 2816 11 2881 20 2916 10 2992 11 3058 20 3092 10 3169 11 3234 20 3269 10 3345 11 3383 20 3445 10 3491 11 3548 20 3591 10 3640 11 3709 20 3740 10 3798 11 3863 20 3898 10 3966 11 4024 20 4066 10 4154 11 4196 20 4254 10 4311 11 4377 20 4411 10 4480 11 4565 20 4580 10 4664 11 4668 10 4672 11 4745 20 4764 10 4848 11 4902 20 4948 10 5055 11 5098 20 5155 1 5361 0 5416 1 5477 20 5555 0 5578 1 6229 20 6555
824 61 0 59 1 266 20 516 20 522 20 566 0 645 20 816 8 972 20 1022 9 1030 8 1107 9 1145 8 1214 9 1264 8 1337 9 1379 8 1448 9 1506 8 1594 9 1651 8 1743 9 1770 20 1772 8 1862 9 1916 20 1962 8 2004 9 2085 20 2104 8 2169 9 2234 20 2269 8 2315 9 2387 20 2415 8 2480 9 2545 20 2580 8 2637 9 2702 20 2737 8 2802 9 2859 20 2902 8 2951 9 3020 20 3051 8 3131 9 3204 20 3231 8 3308 9 3377 20 3408 8 3503 9 3553 20 3603 8 3607 20 3707 9 3802 20 4107 20 5107
825 82 20 250 20 256 20 300 0 387 20 550 8 646 20 696 9 700 8 773 9 811 8 873 9 915 8 988 9 1034 8 1118 9 1168 8 1252 9 1302 8 1394 9 1444 20 1446 8 1563 9 1594 20 1663 8 1705 9 1755 20 1805 8 1966 9 2015 20 2066 8 2107 9 2142 20 2207 8 2234 9 2288 20 2334 8 2387 9 2437 20 2487 8 2548 9 2610 20 2648 8 2713 9 2778 20 2813 8 2886 9 2947 20 2986 8 3066 9 3116 20 3166 8 3223 9 3281 20 3323 8 3377 9 3404 20 3477 8 3515 9 3568 20 3615 8 3683 9 3741 20 3783 8 3837 9 3902 20 3937 8 4002 9 4063 20 4102 8 4182 9 4213 8 4220 9 4224 20 4282 8 4343 9 4400 20 4443 20 4843 1 5094 0 5258 1 5792 20 5843
826 54 20 250 20 256 20 300 0 394 20 550 8 639 20 689 9 800 8 865 9 911 8 980 9 1034 8 1110 9 1156 8 1237 9 1287 8 1379 9 1433 20 1439 8 1536 9 1582 20 1636 8 1712 9 1739 20 1812 8 1862 9 1897 20 1962 8 2000 9 2054 20 2100 8 2188 9 2211 20 2288 8 2495 9 2545 20 2595 8 2671 9 2725 20 2771 8 2997 9 3055 20 3097 8 3185 9 3227 20 3285 8 3373 9 3396 20 3473 1 3790 0 3831 20 3873 1 4668 20 4873
827 51 20 250 20 256 20 300 0 417 20 550 8 806 20 856 9 868 8 941 9 975 8 1056 9 1094 8 1163 9 1221 8 1293 9 1347 8 1443 9 1493 8 1577 20 1606 9 1623 8 1704 9 1757 20 1804 8 1830 9 1838 8 1846 9 1903 20 1930 8 2033 9 2053 20 2133 8 2191 9 2248 20 2291 8 2344 9 2402 20 2444 8 2505 9 2566 20 2605 8 2724 9 2777 20 2824 8 2885 9 2942 20 2985 20 3385 1 4237 0 4334 20 4385
828 15 20 250 20 256 20 300 0 392 20 550 1 582 0 965 10 1249 11 1314 1 1549 20 1999 0 2033 20 2399 1 3269 20 3399
829 139 20 250 20 256 20 300 0 383 20 550 10 583 20 633 11 640 10 717 11 763 10 828 11 870 10 947 11 989 10 1058 11 1112 10 1181 11 1231 10 1296 11 1342 20 1383 10 1415 11 1499 20 1515 10 1553 11 1614 20 1653 10 1691 11 1749 20 1791 10 1829 11 1887 20 1929 10 1971 11 2036 20 2071 10 2121 11 2190 20 2221 10 2259 11 2358 20 2359 10 2393 11 2458 20 2493 10 2523 11 2604 20 2623 10 2700 11 2753 20 2800 10 2838 11 2891 20 2938 10 2976 11 3037 20 3076 10 3099 20 3199 11 3210 10 3271 11 3317 20 3371 10 3386 11 3447 20 3486 10 3505 11 3597 20 3605 10 3678 11 3735 20 3778 10 3816 20 3916 11 3992 10 4046 11 4096 20 4146 10 4165 11 4264 20 4265 10 4291 11 4383 20 4391 10 4456 11 4510 20 4556 10 4567 20 4667 11 4671 10 4717 11 4790 20 4817 10 4870 11 4947 20 4970 10 5027 11 5104 20 5127 10 5188 11 5273 20 5288 10 5353 11 5434 20 5453 10 5522 11 5606 20 5622 10 5691 11 5790 20 5791 10 5867 11 5944 20 5967 10 6028 11 6128 20 6128 10 6216 11 6293 20 6316 10 6392 11 6461 20 6492 10 6580 11 6634 20 6680 10 6722 11 6810 20 6822 10 6910 11 6987 20 7010 10 7079 11 7163 20 7179 1 7502 20 7579 0 7636 20 8579
830 74 20 250 20 256 20 300 0 410 20 550 8 663 9 709 20 713 8 770 9 812 8 877 9 912 8 977 9 1027 8 1096 9 1142 8 1211 9 1265 8 1345 9 1383 20 1463 8 1464 9 1521 20 1564 8 1602 9 1648 20 1702 8 1729 9 1794 20 1829 8 1874 9 1943 20 1974 8 2028 9 2074 20 2128 8 2162 9 2227 20 2262 8 2304 9 2396 20 2404 8 2457 9 2549 20 2557 8 2633 9 2702 20 2733 8 2794 9 2856 20 2894 8 2940 9 3002 20 3040 8 3113 9 3178 20 3213 8 3274 9 3335 20 3374 8 3431 9 3500 20 3531 8 3596 9 3653 20 3696 8 3749 9 3818 20 3849 8 3933 9 3983 20 4033 20 4433 20 5433
831 56 20 250 20 256 20 300 0 403 20 550 8 652 20 702 9 706 8 775 9 805 8 878 9 917 8 993 9 1035 8 1127 9 1174 8 1243 9 1254 8 1258 9 1308 8 1400 20 1452 9 1453 8 1538 9 1588 20 1638 8 1680 9 1741 20 1780 8 1845 9 1902 20 1945 8 2025 9 2059 20 2125 8 2374 9 2389 20 2474 8 2481 9 2489 8 2523 9 2565 20 2581 8 2688 9 2704 20 2788 8 2834 9 2876 20 2934 8 3026 9 3056 20 3126 20 3526 1 3586 0 3719 20 4526
832 79 20 250 20 256 20 300 0 379 20 550 10 592 20 642 11 653 10 718 11 768 10 833 11 880 10 960 11 1006 10 1094 11 1140 10 1229 11 1259 10 1328 11 1386 20 1392 10 1462 11 1524 20 1562 10 1616 11 1673 20 1716 10 1754 11 1823 20 1854 10 1900 11 1969 20 2000 10 2065 11 2126 20 2165 10 2237 11 2291 20 2337 10 2387 11 2456 20 2487 10 2556 11 2617 20 2656 10 2724 11 2774 20 2824 10 2901 11 2951 20 3001 10 3069 11 3127 20 3169 10 3230 11 3296 20 3330 10 3399 11 3468 20 3499 10 3599 11 3641 20 3699 10 3756 11 3817 20 3856 10 3917 11 3982 20 4017 10 4089 11 4147 20 4189 1 4474 0 4500 1 4564 20 4589 0 4807 1 5519 20 5589
833 86 20 250 20 256 20 300 0 447 20 550 10 645 20 695 11 706 10 783 11 821 10 890 11 940 10 1009 11 1063 10 1147 11 1193 10 1282 11 1335 10 1416 20 1445 11 1466 10 1538 11 1592 20 1638 10 1692 11 1749 20 1792 10 1853 11 1899 20 1953 10 1987 11 2056 20 2087 10 2129 11 2206 20 2229 10 2260 11 2321 20 2360 10 2405 11 2467 20 2505 10 2555 11 2624 20 2655 10 2708 11 2777 20 2808 10 2885 11 2950 20 2985 10 3046 11 3107 20 3146 10 3211 11 3272 20 3311 10 3372 11 3429 20 3472 10 3525 11 3590 20 3625 10 3721 11 3770 20 3821 10 3901 11 3955 20 4001 10 4050 11 4116 20 4150 10 4223 11 4281 20 4323 10 4434 11 4480 20 4534 10 4629 11 4656 20 4729 1 4966 20 5129 0 5329 1 6113 20 6129
834 12 20 250 20 256 20 300 0 371 20 550 1 563 0 962 20 1550 1 4404 0 4710 20 6550 20 6560
835 16 20 250 20 256 20 300 0 348 20 550 8 564 9 614 8 683 9 737 8 810 9 871 1 1024 20 1064 0 1176 20 9064 20 10064
836 91 20 250 0 254 1 300 16 437 20 487 20 493 20 537 0 561 20 787 8 920 20 970 9 981 8 1043 9 1073 8 1131 9 1177 8 1238 9 1288 8 1353 9 1403 8 1468 9 1522 8 1591 9 1644 8 1710 20 1720 9 1756 8 1825 9 1874 20 1925 8 1947 9 1997 20 2047 8 2074 9 2124 20 2174 8 2193 9 2246 20 2293 8 2319 9 2357 20 2419 8 2423 9 2480 20 2523 8 2545 9 2607 20 2645 8 2668 9 2749 20 2768 8 2791 9 2825 8 2887 20 2891 9 2975 8 3021 9 3067 20 3121 8 3136 9 3186 20 3236 8 3247 20 3347 9 3354 8 3373 9 3419 20 3473 8 3488 9 3542 20 3588 8 3611 9 3661 20 3711 8 3726 9 3780 20 3826 8 3833 20 3933 9 4063 8 4113 9 4171 20 4213 8 4240 9 4309 20 4340 8 4366 9 4454 20 4466 20 4866 20 5866
837 62 20 250 20 256 20 300 0 317 20 550 8 587 9 637 20 637 8 656 9 740 8 801 9 851 8 916 9 970 8 1035 9 1093 8 1158 9 1223 8 1284 9 1357 20 1387 8 1419 9 1514 20 1519 8 1541 9 1595 20 1641 8 1660 9 1710 20 1760 8 1775 9 1829 20 1875 8 1902 9 1952 20 2002 8 2024 9 2074 20 2124 8 2136 20 2236 9 2331 8 2369 9 2469 20 2469 8 2488 20 2588 9 2833 8 2925 9 2987 20 3025 8 3052 20 3152 9 3266 8 3332 9 3401 20 3432 8 3477 9 3554 20 3577 20 3977 20 4977
838 9 20 250 20 256 20 300 0 339 8 469 9 477 8 619 9 630 20 669
839 93 0 242 10 429 11 460 1 742 20 992 20 998 20 1042 0 1125 20 1292 8 1299 9 1307 20 1349 8 1533 9 1675 8 1740 9 1786 8 1851 9 1901 8 1970 9 2020 8 2085 20 2099 9 2139 8 2215 9 2269 20 2315 8 2334 9 2384 20 2434 8 2453 9 2503 20 2553 8 2576 9 2626 20 2676 8 2698 9 2756 20 2798 8 2836 9 2890 20 2936 8 2963 9 3013 20 3063 8 3093 9 3128 20 3193 8 3208 9 3262 20 3308 8 3327 9 3411 20 3427 8 3450 9 3492 8 3549 20 3550 9 3645 8 3695 9 3734 20 3795 8 3806 9 3879 20 3906 8 3933 9 3979 20 4033 8 4048 9 4144 20 4148 8 4190 9 4243 20 4290 8 4316 9 4378 20 4416 8 4462 9 4527 20 4562 8 4611 9 4665 20 4711 8 4742 9 4811 20 4842 8 4903 9 4960 20 5003 8 5083 9 5114 20 5183 20 5583 20 6583
840 34 20 250 20 256 0 297 20 300 20 550 8 675 20 725 9 732 8 793 9 939 8 1004 9 1054 8 1115 9 1181 8 1227 9 1453 20 1475 8 1495 9 1556 20 1595 8 1622 20 1722 9 1733 8 1771 9 1832 20 1871 8 1905 9 1974 20 2005 8 2066 9 2147 20 2166 20 2566 20 3566
841 126 20 250 20 256 20 300 0 338 20 550 8 607 20 657 9 661 8 692 9 761 8 822 9 868 8 937 9 987 8 1063 9 1121 8 1198 9 1259 8 1309 20 1407 9 1485 8 1546 9 1623 20 1646 8 1669 9 1746 20 1769 8 1799 9 1842 20 1899 8 1915 20 2015 9 2125 8 2175 9 2214 20 2275 8 2286 20 2386 9 2390 8 2432 9 2470 20 2532 8 2543 20 2643 9 2666 8 2708 9 2758 20 2808 8 2835 9 2892 20 2935 8 2969 9 3030 20 3069 8 3107 9 3176 20 3207 8 3237 9 3306 20 3337 8 3360 9 3402 20 3460 8 3467 9 3563 20 3567 8 3624 9 3655 20 3724 8 3728 20 3828 9 3850 8 3896 9 3931 20 3996 8 4004 9 4057 20 4104 8 4123 20 4223 9 4238 8 4379 9 4475 20 4479 8 4533 9 4560 8 4629 20 4633 9 4736 8 4778 9 4809 20 4878 8 4886 9 4932 20 4986 8 5012 9 5062 20 5112 8 5139 9 5185 20 5239 8 5269 9 5307 20 5369 8 5384 9 5472 20 5484 8 5622 9 5683 20 5722 8 5760 9 5821 20 5860 8 5909 9 5974 20 6009 8 6059 9 6112 20 6159 8 6197 9 6258 20 6297 20 6697 1 7208 0 7617 20 7697
842 9 20 250 20 256 20 300 0 369 8 501 9 509 8 628 9 678 20 701
843 101 20 250 20 256 20 300 0 309 20 550 10 577 20 627 11 646 10 703 11 746 10 803 11 853 10 914 11 968 10 1041 11 1095 10 1156 11 1348 20 1377 10 1401 11 1443 20 1501 10 1516 11 1574 20 1616 10 1643 11 1723 20 1743 10 1758 11 1827 20 1858 10 1896 11 1946 20 1996 10 2022 11 2114 20 2122 10 2149 11 2214 20 2249 10 2268 20 2368 11 2402 10 2429 11 2459 20 2529 10 2536 11 2613 20 2636 10 2666 11 2716 20 2766 10 2778 20 2878 11 2885 10 2942 11 2962 10 3034 20 3042 11 3123 10 3165 11 3241 20 3265 10 3291 11 3337 20 3391 10 3402 11 3491 20 3502 10 3533 11 3625 20 3633 10 3659 11 3717 20 3759 10 3797 11 3847 20 3897 10 3924 11 4020 20 4024 10 4073 11 4108 20 4173 10 4188 20 4288 11 4311 10 4338 11 4388 20 4438 10 4461 11 4533 20 4561 10 4618 11 4695 20 4718 10 4821 11 4829 20 4921 20 5321 20 6321
844 66 20 250 20 256 20 300 0 426 20 550 10 754 20 804 11 816 10 881 11 919 10 977 11 1031 10 1092 11 1146 10 1203 11 1291 10 1326 11 1372 10 1437 11 1494 20 1554 10 1556 20 1656 11 1736 10 1805 11 1862 20 1905 10 1920 11 2016 20 2020 10 2058 11 2104 20 2158 10 2162 20 2262 11 2265 10 2303 11 2342 20 2403 10 2411 11 2461 20 2511 10 2526 20 2626 11 2652 10 2687 11 2737 20 2787 10 2810 20 2910 11 3009 10 3089 11 3162 20 3189 10 3254 11 3316 20 3354 10 3446 11 3469 10 3507 11 3511 20 3546 20 3946 1 4099 0 4508 20 4946
845 9 20 250 20 256 20 300 0 328 10 474 11 482 10 589 11 639 20 674
846 9 20 250 20 256 0 258 20 300 10 520 11 581 10 643 11 693 20 720
847 9 20 250 20 256 20 300 0 329 10 480 11 499 10 576 11 637 20 680
848 92 20 250 20 256 20 300 0 340 20 550 8 571 20 621 9 629 8 694 9 717 8 774 9 824 8 889 9 935 8 997 9 1043 8 1104 9 1204 8 1261 9 1296 8 1357 20 1371 9 1457 8 1518 9 1560 20 1618 8 1633 9 1718 20 1733 8 1779 9 1829 20 1879 8 1917 9 1975 20 2017 8 2055 9 2113 20 2155 8 2193 9 2258 20 2293 8 2339 9 2423 20 2439 8 2530 20 2630 9 2737 8 2791 9 2810 8 2883 20 2891 9 3002 8 3140 20 3240 9 3362 8 3397 20 3497 9 3520 8 3558 9 3592 20 3658 8 3669 9 3750 20 3769 8 3826 9 3865 20 3926 8 3953 9 4022 20 4053 8 4091 9 4164 20 4191 8 4233 9 4298 20 4333 8 4371 9 4378 8 4466 20 4471 9 4570 8 4811 9 4900 20 4911 8 4949 9 5011 20 5049 8 5164 9 5218 20 5264 20 5664 20 6664
849 66 20 250 20 256 20 300 0 324 20 550 10 578 20 628 11 701 10 712 11 747 10 808 11 858 10 923 11 977 10 1061 11 1115 10 1195 11 1237 10 1303 20 1378 11 1387 10 1429 11 1483 20 1529 10 1556 11 1613 20 1656 10 1694 11 1755 20 1794 10 1832 11 1893 20 1932 10 1981 11 2039 20 2081 10 2119 11 2181 20 2219 10 2265 11 2326 20 2365 10 2403 11 2438 10 2476 20 2503 11 2522 10 2595 11 2652 20 2695 10 2729 11 2771 20 2829 10 2894 11 2940 20 2994 10 3032 11 3108 20 3132 10 3197 11 3269 20 3297 20 3697 1 3714 0 3963 20 4697
850 31 20 250 20 256 20 300 0 316 20 550 8 599 20 649 9 656 8 721 9 775 8 825 9 871 8 936 9 986 8 1051 9 1109 8 1181 9 1250 8 1323 20 1399 9 1550 8 1599 9 1661 20 1699 8 1730 9 1795 20 1830 1 1953 20 2230 0 2338 20 3230
851 75 20 250 20 256 20 300 0 378 20 550 8 631 9 681 20 681 8 753 9 792 8 857 9 895 8 957 9 1006 8 1068 9 1121 8 1187 9 1248 8 1321 9 1371 20 1431 8 1436 9 1528 20 1536 8 1585 9 1639 20 1685 8 1716 9 1769 20 1816 8 1850 9 1915 20 1950 8 1980 9 2068 20 2080 8 2111 9 2183 20 2211 8 2229 20 2329 9 2348 8 2383 9 2437 20 2483 8 2506 9 2575 20 2606 8 2659 9 2720 20 2759 8 2797 9 2870 20 2897 8 2950 9 2958 8 2962 9 3031 20 3050 8 3119 9 3150 20 3219 8 3230 9 3295 20 3330 8 3387 9 3456 20 3487 8 3571 9 3629 20 3671 20 4071 1 4528 0 4803 20 5071
852 82 20 250 20 256 20 300 0 314 20 550 10 726 20 776 11 791 10 856 11 879 10 945 11 991 10 1056 11 1109 10 1178 11 1232 10 1309 11 1370 10 1455 11 1493 20 1526 10 1562 11 1616 20 1662 10 1692 11 1746 20 1792 10 1819 11 1876 20 1919 10 1953 11 2018 20 2053 10 2099 11 2152 20 2199 10 2233 11 2287 20 2333 10 2371 11 2425 20 2471 10 2513 11 2578 20 2613 10 2659 11 2712 20 2759 10 2793 11 2862 20 2893 10 2946 11 3011 20 3046 10 3096 11 3165 20 3196 10 3241 11 3318 20 3341 10 3398 11 3402 10 3410 11 3483 20 3498 10 3579 11 3628 20 3679 10 3713 11 3789 20 3813 10 3881 11 3947 20 3981 10 4081 11 4146 20 4181 10 4253 11 4307 20 4353 20 4753 20 5753
853 20 20 250 20 256 20 300 0 333 20 550 8 656 9 698 8 760 9 821 8 890 9 951 8 1066 9 1124 20 1156 8 1204 9 1266 1 1508 0 1857 20 9156 20 10156
854 99 20 250 20 256 20 300 0 379 20 550 10 728 20 778 11 797 10 858 11 900 10 962 11 1008 10 1073 11 1126 10 1199 11 1261 10 1337 11 1395 10 1460 20 1528 11 1564 10 1598 11 1659 20 1698 10 1736 11 1786 20 1836 10 1866 11 1924 20 1966 10 1993 11 2066 20 2093 10 2143 11 2208 20 2243 10 2281 20 2381 11 2396 10 2430 11 2472 10 2526 20 2530 11 2641 10 2679 11 2748 20 2779 10 2798 20 2898 11 2902 10 2948 11 3005 20 3048 10 3070 11 3147 20 3170 10 3197 20 3297 11 3323 10 3358 11 3412 20 3458 10 3465 11 3550 20 3565 10 3607 11 3672 20 3707 10 3745 20 3845 11 3853 10 3899 11 3960 20 3999 10 4041 11 4110 20 4141 10 4190 11 4263 20 4290 10 4347 11 4424 20 4447 10 4527 11 4600 20 4627 10 4688 11 4754 20 4788 10 4842 11 4938 20 4942 10 5034 11 5099 20 5134 1 5327 0 5437 20 5534 20 6534
855 77 20 250 20 256 0 265 20 300 20 550 8 610 20 660 9 671 8 740 9 767 8 832 9 882 8 951 9 1001 8 1070 9 1119 8 1192 9 1250 8 1319 9 1380 20 1410 8 1461 9 1530 20 1561 8 1683 20 1783 9 1856 8 1898 9 1967 20 1998 8 2044 9 2101 20 2144 8 2197 9 2251 20 2297 8 2339 9 2389 20 2439 8 2488 9 2534 20 2588 8 2623 9 2715 20 2723 8 2795 9 2880 20 2895 8 2956 9 3025 20 3056 8 3071 9 3083 8 3090 9 3136 20 3171 8 3221 9 3294 20 3321 8 3409 9 3447 20 3509 8 3547 9 3604 20 3647 8 3700 9 3704 8 3708 9 3792 20 3800 8 3911 9 3953 20 4011 20 4411 1 4950 0 5324 20 5411
856 68 20 250 20 256 20 300 0 383 20 550 10 613 20 663 11 678 10 736 11 882 10 943 11 993 10 1062 11 1116 10 1192 11 1238 10 1307 11 1369 20 1413 10 1422 11 1476 20 1522 10 1541 11 1603 20 1641 10 1675 11 1737 20 1775 10 1814 11 1883 20 1914 10 1959 11 2028 20 2059 10 2113 11 2117 10 2124 11 2193 20 2213 10 2400 11 2465 20 2500 10 2519 11 2596 20 2619 10 2638 11 2699 20 2738 10 2776 11 2853 20 2876 10 2933 11 3006 20 3033 10 3083 11 3171 20 3183 10 3294 11 3363 20 3394 10 3455 11 3524 20 3555 10 3608 11 3673 20 3708 20 4108 20 5108
857 76 20 250 20 256 20 300 0 319 20 550 10 567 20 617 11 636 10 690 11 740 10 797 11 840 10 901 11 951 10 1016 11 1070 10 1150 11 1204 10 1284 11 1334 20 1367 10 1399 20 1499 11 1503 10 1526 11 1595 20 1626 10 1675 11 1737 20 1775 10 1813 11 1879 20 1913 10 1952 11 2021 20 2052 10 2097 11 2159 20 2197 10 2243 11 2304 20 2343 10 2404 11 2461 20 2504 10 2676 11 2726 20 2776 10 2799 11 2879 20 2899 10 2960 11 3037 20 3060 10 3125 11 3217 20 3225 10 3328 11 3393 20 3428 10 3497 11 3550 20 3597 10 3662 11 3754 20 3762 10 3872 11 3930 20 3972 10 4041 11 4103 20 4141 1 4317 0 4417 20 4541 20 5541
858 9 20 250 20 256 20 300 0 311 10 544 11 594 10 659 11 725 20 744
859 55 20 250 20 256 20 300 0 397 20 550 8 698 20 748 9 760 8 825 9 863 8 925 9 974 8 1036 9 1089 8 1155 9 1220 8 1296 9 1346 8 1423 9 1477 20 1498 8 1553 9 1622 20 1653 8 1707 9 1772 20 1807 8 1852 9 1918 20 1952 8 1998 9 2036 8 2075 20 2098 9 2194 8 2243 9 2316 20 2343 8 2393 9 2458 20 2493 8 2542 9 2608 20 2642 8 2692 9 2773 20 2792 8 2849 9 2937 20 2949 8 3060 9 3121 20 3160 20 3560 20 4560
860 37 20 250 20 256 20 300 0 314 20 550 10 585 20 635 11 639 10 708 11 754 10 819 11 861 10 923 11 969 10 1038 11 1091 10 1157 11 1229 10 1295 11 1371 20 1385 10 1459 11 1529 20 1559 10 1617 11 1678 20 1717 10 1739 11 1801 20 1839 10 1862 11 1950 20 1962 1 2207 20 2362 0 2389 20 3362
861 59 20 250 20 256 0 290 20 300 20 550 10 585 20 635 11 639 10 700 11 757 10 815 11 861 10 926 11 976 10 1045 11 1102 10 1168 11 1221 10 1290 11 1363 20 1385 10 1451 20 1551 11 1655 10 1701 11 1758 20 1801 10 1835 11 1888 20 1935 10 1961 20 2061 11 2065 10 2103 11 2161 20 2203 10 2234 11 2291 20 2334 10 2356 20 2456 11 2475 10 2514 11 2571 20 2614 10 2644 20 2744 11 2759 10 2793 11 2859 20 2893 10 2939 11 3023 20 3039 10 3112 11 3188 20 3212 20 3612 20 4612
862 9 20 250 20 256 20 300 0 320 8 544 9 598 8 655 9 709 20 744
863 9 20 250 20 256 0 279 20 300 10 487 11 552 10 617 11 667 20 687
864 82 20 250 20 256 20 300 0 386 20 550 10 638 20 688 11 696 10 769 11 815 10 876 11 922 10 980 11 1018 10 1076 11 1156 10 1217 11 1275 10 1344 11 1424 20 1438 10 1467 11 1547 20 1567 10 1597 11 1654 20 1697 10 1712 11 1800 20 1812 10 1846 11 1904 20 1946 10 1969 11 2034 20 2069 10 2111 20 2211 11 2229 10 2256 11 2306 20 2356 10 2379 11 2444 20 2479 10 2513 20 2613 11 2643 10 2674 11 2724 20 2774 10 2785 20 2885 11 2908 10 2950 11 2989 20 3050 10 3058 11 3142 20 3158 10 3192 11 3265 20 3292 10 3326 20 3426 11 3552 10 3594 11 3633 10 3690 20 3694 11 3794 10 3828 11 3889 20 3928 10 3974 11 4024 20 4074 10 4104 11 4185 20 4204 20 4604 20 5604
865 11 20 250 20 256 20 300 0 393 20 550 20 1550 1 3369 0 3662 1 6334 20 6550 20 6560
866 34 20 250 20 256 20 300 0 337 20 550 10 585 20 635 11 651 10 712 11 762 10 827 11 873 10 934 11 996 10 1061 11 1122 10 1187 11 1283 10 1310 20 1385 11 1394 10 1429 11 1498 20 1529 10 1575 11 1644 20 1675 10 1759 11 1778 20 1859 1 1934 20 2259 0 2452 20 3259
867 82 20 250 20 256 20 300 0 388 20 550 8 640 20 690 9 697 8 759 9 786 8 847 9 893 8 958 9 1004 8 1073 9 1123 8 1200 9 1253 8 1330 9 1388 20 1440 8 1457 9 1526 20 1557 8 1606 9 1668 20 1706 8 1733 20 1833 9 1955 8 2005 9 2059 20 2105 8 2116 20 2216 9 2224 8 2281 9 2316 20 2381 8 2389 20 2489 9 2511 8 2557 9 2596 20 2657 8 2665 9 2737 20 2765 8 2826 9 2883 20 2926 8 2975 9 3029 20 3075 8 3106 9 3186 20 3206 8 3259 9 3313 20 3359 8 3401 9 3451 20 3501 8 3527 9 3616 20 3627 8 3658 9 3746 20 3758 8 3803 9 3846 20 3903 8 3915 9 4010 20 4015 8 4068 9 4091 8 4164 20 4168 9 4225 20 4568 20 5568
868 32 20 250 20 256 20 300 0 343 20 550 8 640 20 690 9 694 8 775 9 824 8 890 9 928 8 993 9 1031 8 1101 9 1181 8 1250 9 1342 8 1415 20 1440 9 1492 8 1576 9 1645 20 1676 8 1726 9 1798 20 1826 8 1890 9 1967 20 1990 20 2390 20 3390
869 16 20 250 20 256 20 300 0 361 20 550 10 607 11 665 10 741 11 780 20 1107 8 1125 9 1155 8 1259 9 1278 20 9107 20 10107
870 25 20 250 0 354 16 413 20 463 20 469 20 513 20 763 10 881 20 931 11 950 10 976 11 1038 10 1095 11 1145 10 1203 11 1260 10 1318 11 1390 10 1452 11 1536 20 1681 1 1759 20 2081 0 2462 20 3081
871 11 20 250 0 308 16 418 20 468 20 474 20 518 10 763 11 801 10 901 11 947 20 963
872 10 20 250 20 256 20 300 0 375 8 526 9 534 8 618 9 664 20 726 8 733
873 9 20 250 20 256 20 300 0 378 8 538 9 572 8 703 20 738 9 741
874 63 20 250 0 286 16 427 20 477 20 483 20 527 20 777 8 841 9 883 20 891 8 952 9 1002 8 1063 9 1102 8 1167 9 1217 8 1286 9 1335 8 1404 9 1458 8 1519 9 1573 8 1634 20 1641 9 1696 8 1757 9 1815 20 1857 8 1887 9 1945 20 1987 8 2014 9 2075 20 2114 8 2144 9 2213 20 2244 8 2267 20 2367 9 2462 8 2531 20 2631 9 2654 8 2662 9 2754 20 2762 8 2807 9 2869 20 2907 8 2930 9 3014 20 3030 8 3083 9 3160 20 3183 8 3244 9 3325 20 3344 8 3459 9 3478 20 3559 20 3959 20 4959
875 16 0 186 1 381 20 631 20 637 20 681 0 703 20 931 20 1931 1 2003 0 2438 1 2787 0 3376 1 4871 0 5837 20 6931 20 6941
876 77 20 250 20 256 20 300 0 359 20 550 8 613 9 659 20 663 8 716 9 762 8 820 9 862 8 923 9 977 8 1042 9 1088 8 1153 9 1207 8 1276 9 1326 8 1399 20 1413 9 1448 8 1498 9 1510 8 1514 9 1571 20 1598 8 1633 9 1698 20 1733 8 1767 9 1824 20 1867 8 1893 9 1962 20 1993 8 2020 9 2077 20 2120 8 2146 20 2246 9 2261 8 2296 9 2338 20 2396 8 2399 9 2468 20 2499 8 2545 20 2645 9 2649 8 2718 9 2775 20 2818 8 2840 9 2921 20 2940 8 3001 9 3070 20 3101 8 3147 9 3220 20 3247 8 3300 9 3365 20 3400 8 3461 9 3534 20 3561 8 3634 9 3703 20 3734 1 3885 0 4126 20 4134 20 5134
877 9 20 250 20 256 20 300 0 360 8 540 9 586 8 644 9 698 20 740
878 17 0 248 10 539 11 597 10 662 11 716 10 777 11 823 1 1024 20 1274 20 1280 20 1324 0 1347 10 1540 11 1594 10 1663 11 1724 20 1740
879 102 20 250 20 256 20 300 0 389 20 550 8 688 9 711 20 738 8 852 9 875 8 979 9 1002 8 1071 9 1113 8 1175 9 1221 8 1282 9 1332 8 1397 9 1451 20 1488 8 1512 9 1558 20 1612 8 1623 9 1715 20 1723 8 1753 9 1822 20 1853 8 1857 9 1953 20 1957 8 2007 9 2053 20 2107 8 2125 9 2191 20 2225 8 2244 9 2306 20 2344 8 2375 9 2459 20 2475 8 2505 9 2536 8 2605 20 2605 9 2662 8 2762 9 2789 20 2862 8 2873 9 2927 20 2973 8 3003 9 3092 20 3103 8 3145 9 3187 20 3245 8 3253 9 3314 20 3353 8 3421 9 3467 20 3521 8 3544 9 3613 20 3644 8 3697 9 3766 20 3797 8 3847 9 3920 20 3947 8 4016 9 4085 20 4116 8 4169 9 4219 20 4269 8 4311 9 4376 20 4411 8 4453 9 4533 20 4553 8 4633 9 4713 20 4733 8 4805 9 4870 20 4905 8 5031 9 5047 20 5131 20 5531 1 5751 0 5809 20 6531
880 64 20 250 20 256 20 300 0 376 20 550 8 769 20 819 9 838 8 888 9 1019 8 1080 9 1130 8 1191 9 1245 8 1314 9 1367 8 1436 9 1490 8 1559 20 1569 9 1617 8 1689 20 1789 9 1908 8 1965 9 2023 20 2065 8 2080 9 2149 20 2180 8 2241 9 2299 20 2341 8 2364 20 2464 9 2479 8 2537 9 2579 20 2637 8 2663 9 2724 20 2763 8 2797 9 2885 20 2897 8 3062 9 3123 20 3162 8 3200 9 3261 20 3300 8 3365 9 3422 20 3465 8 3510 9 3568 20 3610 8 3687 9 3721 20 3787 1 3896 0 4087 20 4187 20 5187
881 91 20 250 20 256 20 300 0 357 20 550 8 587 20 637 9 652 8 706 9 740 8 802 9 848 8 913 9 963 8 1036 9 1078 8 1151 9 1193 8 1269 9 1319 20 1387 8 1396 20 1496 9 1603 8 1664 9 1714 20 1764 8 1783 20 1883 9 1894 8 1936 9 2005 20 2036 8 2078 9 2163 20 2178 8 2232 20 2332 9 2381 8 2385 9 2419 20 2485 8 2500 9 2557 20 2600 8 2634 9 2722 20 2734 8 2776 9 2818 20 2876 8 2887 9 2975 20 2987 8 3140 20 3240 9 3274 8 3301 9 3362 20 3401 8 3408 9 3474 20 3508 8 3577 9 3612 20 3677 8 3696 9 3750 20 3796 8 3846 9 3892 20 3946 8 3984 9 4053 20 4084 8 4137 9 4214 20 4237 8 4298 9 4375 20 4398 8 4455 9 4551 20 4555 8 4635 9 4712 20 4735 1 5087 20 5135 0 5177 20 6135
882 45 20 250 20 256 20 300 0 401 20 550 8 584 20 634 9 738 8 799 9 837 8 902 9 948 8 1017 9 1067 8 1136 9 1190 8 1270 9 1328 20 1384 8 1405 9 1447 20 1505 8 1516 9 1604 20 1616 8 1654 9 1704 20 1754 8 1788 9 1838 20 1888 8 1918 9 1976 20 2018 8 2049 20 2149 9 2156 8 2202 9 2233 20 2302 8 2313 9 2375 20 2413 20 2813 20 3813
883 152 0 138 8 447 9 505 8 570 9 620 8 689 9 788 8 861 9 930 8 1014 9 1076 1 1330 0 1462 10 1954 11 2023 10 2088 11 2145 10 2203 11 2260 1 2458 0 2677 8 2974 9 3027 8 3100 9 3161 1 3435 0 3619 10 3867 11 3932 10 3997 11 4066 1 4296 20 4546 20 4552 20 4596 0 4650 10 4841 20 4846 11 4906 10 4975 11 5044 20 5075 10 5090 11 5220 10 5286 11 5324 10 5389 11 5431 10 5504 11 5554 10 5631 11 5680 10 5761 11 5815 20 5825 10 5891 11 5926 20 5991 10 5995 11 6052 20 6095 10 6114 11 6194 20 6214 10 6255 11 6324 20 6355 10 6401 11 6443 20 6501 10 6520 11 6616 20 6620 10 6662 11 6719 20 6762 10 6796 11 6850 20 6896 10 6930 11 6984 20 7030 10 7065 11 7137 20 7165 10 7206 11 7295 20 7306 10 7352 11 7398 20 7452 10 7471 11 7525 20 7571 10 7613 11 7663 20 7713 10 7751 11 7797 20 7851 10 7897 11 7950 20 7997 10 8035 11 8115 20 8135 10 8199 11 8261 20 8299 10 8357 11 8422 20 8457 10 8518 11 8556 20 8618 10 8633 11 8690 20 8733 10 8774 11 8855 20 8874 10 8932 11 9020 20 9032 10 9081 11 9116 10 9181 20 9181 11 9254 10 9330 11 9388 20 9430 10 9472 11 9541 20 9572 10 9622 11 9698 20 9722 10 9783 11 9867 20 9883 10 9948 11 10047 20 10048 10 10128 11 10216 20 10228 1 10386 20 10628 0 10635 1 11469 20 11628
884 114 0 171 8 543 9 597 8 655 9 716 1 890 0 1042 8 1372 9 1402 8 1483 9 1548 1 1676 20 1926 20 1932 20 1976 0 2080 20 2226 10 2303 11 2391 20 2403 10 2426 11 2564 10 2633 11 2683 10 2759 11 2809 10 2882 11 2943 10 3024 11 3062 10 3135 20 3153 11 3177 10 3258 11 3315 20 3358 10 3381 11 3446 20 3481 10 3526 11 3588 20 3626 10 3680 11 3733 20 3780 10 3814 11 3879 20 3914 10 3963 11 4025 20 4063 10 4101 11 4159 20 4201 10 4247 11 4301 20 4347 10 4400 11 4462 20 4500 10 4558 11 4600 20 4658 10 4692 11 4734 20 4792 10 4826 11 4895 20 4926 10 4968 11 5041 20 5068 10 5110 20 5210 11 5217 10 5267 11 5320 20 5367 10 5397 11 5443 20 5497 10 5516 11 5577 20 5616 10 5669 11 5723 20 5769 10 5827 11 5884 20 5927 10 5984 11 6049 20 6084 10 6137 11 6210 20 6237 10 6314 11 6383 20 6414 10 6475 11 6536 20 6575 10 6628 11 6632 10 6636 11 6712 20 6728 10 6808 11 6866 20 6908 1 7164 20 7308 0 7368 20 8308
885 95 20 250 20 256 20 300 0 399 20 550 10 787 11 841 20 887 10 902 11 1059 10 1124 11 1174 10 1239 11 1304 10 1373 11 1427 10 1496 11 1565 20 1637 10 1657 11 1707 20 1757 10 1803 11 1853 20 1903 10 2044 11 2144 20 2144 10 2175 11 2247 20 2275 10 2293 11 2359 20 2393 10 2451 11 2516 20 2551 10 2593 11 2665 20 2693 10 2738 11 2803 20 2838 10 2880 11 2949 20 2980 10 3037 11 3106 20 3137 10 3187 11 3252 20 3287 10 3329 11 3390 20 3429 10 3463 20 3563 11 3566 10 3620 11 3708 20 3720 10 3766 11 3827 20 3866 10 3907 11 3965 20 4007 10 4045 11 4088 20 4145 10 4176 11 4241 20 4276 10 4325 11 4402 20 4425 10 4490 11 4555 20 4590 10 4632 11 4724 20 4732 10 4804 11 4881 20 4904 10 4969 11 5042 20 5069 10 5146 11 5215 20 5246 1 5581 20 5646 0 5792 20 6646
886 120 0 218 8 466 9 523 8 581 9 638 1 773 0 994 10 1255 11 1324 10 1382 11 1443 10 1508 11 1566 1 1793 0 1981 1 2322 0 2567 10 2927 11 2977 10 3042 11 3104 10 3161 11 3211 10 3249 11 3322 10 3384 11 3502 10 3522 11 3602 10 3644 11 3706 10 3771 11 3848 10 3863 11 3878 10 3917 11 4016 10 4055 11 4097 10 4181 11 4239 10 4319 11 4388 10 4465 11 4549 10 4633 11 4710 1 4867 20 5117 20 5123 20 5167 0 5233 20 5417 8 5508 9 5558 8 5619 9 5680 20 6008 10 6198 11 6232 10 6328 11 6386 10 6451 11 6508 10 6570 11 6658 10 6696 11 6781 10 6827 11 6938 10 6980 11 7041 10 7118 11 7168 10 7237 11 7333 10 7382 11 7440 10 7509 11 7574 10 7632 11 7735 10 7785 11 7865 10 7919 11 8007 10 8107 11 8168 10 8264 11 8329 10 8421 11 8483 10 8559 11 8636 10 8713 11 8786 10 8866 11 8947 20 9008 10 9020 11 9062 20 9120 10 9138 11 9177 20 9238 10 9269 11 9330 20 9369 10 9426 11 9487 20 9526 10 9587 11 9664 20 9687 10 9752 11 9836 20 9852 1 10053 0 10545 20 10852
887 112 20 250 20 256 20 300 0 343 20 550 8 551 9 620 20 651 8 670 9 923 8 992 9 1046 8 1119 9 1184 8 1260 9 1306 8 1383 20 1401 9 1441 8 1521 9 1590 20 1621 8 1651 20 1751 9 1759 8 1812 9 1870 20 1912 8 1958 9 2023 20 2058 8 2115 9 2169 20 2215 8 2257 20 2357 9 2503 8 2537 9 2602 20 2637 8 2690 9 2752 20 2790 8 2844 9 2901 20 2944 8 2997 9 3055 20 3097 8 3151 9 3208 20 3251 8 3296 20 3396 9 3404 8 3438 9 3538 20 3538 8 3588 9 3653 20 3688 8 3741 9 3802 20 3841 8 3898 20 3998 9 4025 8 4067 9 4105 20 4167 8 4182 20 4282 9 4331 8 4370 9 4423 20 4470 8 4515 9 4573 20 4615 8 4665 9 4722 20 4765 8 4830 9 4883 20 4930 8 4995 9 5048 20 5095 8 5152 9 5205 20 5252 8 5313 9 5366 20 5413 8 5470 9 5535 20 5570 8 5642 9 5696 20 5742 8 5803 9 5865 20 5903 8 5968 9 6033 20 6068 1 6226 0 6404 20 6468 1 6882 0 7064 20 7468
888 27 20 250 20 256 20 300 0 375 20 550 8 623 9 669 8 750 9 815 1 942 20 1123 0 1641 1 2483 0 2878 10 3169 11 3203 10 3257 11 3307 10 3368 11 3418 10 3514 11 3568 1 3830 20 4123 0 4338 1 4494 20 5123
889 147 20 250 0 255 20 256 20 300 10 529 20 550 11 572 10 644 11 725 10 740 20 744 11 809 10 871 11 905 10 978 11 1028 10 1105 11 1154 10 1235 11 1285 10 1358 11 1415 10 1480 20 1494 11 1588 10 1618 11 1687 20 1718 10 1772 11 1829 20 1872 10 1887 11 1975 20 1987 10 2017 11 2067 20 2117 10 2140 11 2232 20 2240 10 2278 11 2358 20 2378 10 2439 11 2538 20 2539 10 2573 11 2669 20 2673 10 2734 11 2803 20 2834 10 2860 20 2960 11 2972 10 3006 11 3067 20 3106 10 3148 11 3209 20 3248 10 3286 11 3363 20 3386 10 3439 20 3539 11 3688 10 3731 11 3777 20 3831 10 3857 11 3911 20 3957 10 3988 11 4087 20 4088 10 4156 11 4202 20 4256 10 4267 11 4359 20 4367 10 4409 11 4486 20 4509 10 4543 11 4632 20 4643 10 4674 11 4739 20 4774 10 4804 20 4904 11 4919 10 4984 11 5034 20 5084 10 5118 20 5218 11 5230 10 5276 11 5318 20 5376 10 5394 20 5494 11 5517 10 5571 11 5617 20 5671 10 5690 20 5790 11 5812 10 5855 11 5927 20 5955 10 6012 11 6081 20 6112 10 6180 11 6242 20 6280 10 6322 11 6384 20 6422 10 6460 11 6510 10 6556 20 6560 11 6568 10 6614 11 6667 20 6714 10 6767 11 6852 20 6867 10 6936 11 7013 20 7036 10 7093 11 7166 20 7193 1 7464 20 7593 0 7722 1 7758 0 8007 20 8593
890 97 20 250 20 256 0 263 20 300 10 500 20 550 11 558 10 615 20 715 11 895 10 964 11 1018 10 1087 11 1140 10 1213 11 1267 10 1340 11 1397 20 1465 10 1474 11 1528 20 1574 10 1616 11 1681 20 1716 10 1765 11 1796 20 1865 10 1877 11 1946 20 1977 10 2026 11 2061 20 2126 10 2149 11 2249 20 2249 10 2295 11 2383 20 2395 10 2444 11 2502 20 2544 10 2567 20 2667 11 2674 10 2728 11 2747 10 2827 20 2828 11 2904 10 2981 11 3065 20 3081 10 3157 11 3219 20 3257 10 3307 11 3380 20 3407 10 3468 11 3541 20 3568 10 3625 11 3683 20 3725 10 3778 11 3855 20 3878 10 3962 11 4001 20 4062 10 4097 11 4177 20 4197 10 4258 11 4334 20 4358 10 4419 11 4488 20 4519 10 4618 11 4672 20 4718 10 4833 11 4887 20 4933 10 5017 11 5086 20 5117 10 5216 11 5255 20 5316 1 5630 0 5701 20 5716 20 6716
891 23 0 202 8 474 9 508 8 589 9 650 1 775 20 1025 20 1031 20 1075 0 1082 20 1325 10 1375 11 1433 10 1490 11 1552 10 1613 11 1667 1 1843 20 1875 0 2255 20 4875 1 4936 20 5875
892 122 20 250 20 256 20 300 0 367 20 550 10 552 11 606 20 652 10 667 11 775 10 779 11 817 10 878 11 924 10 997 11 1047 10 1135 11 1177 10 1258 11 1304 10 1381 20 1402 11 1480 10 1503 11 1576 20 1603 10 1622 11 1687 20 1722 10 1772 11 1829 20 1872 10 1906 11 1967 20 2006 10 2052 11 2086 20 2152 10 2174 11 2263 20 2274 10 2305 11 2389 20 2405 10 2435 11 2493 20 2535 10 2585 11 2650 20 2685 10 2746 11 2815 20 2846 10 2903 11 2968 20 3003 10 3052 11 3125 20 3152 10 3210 11 3286 20 3310 10 3382 11 3459 20 3482 10 3543 11 3635 20 3643 10 3720 11 3804 20 3820 10 3892 11 3919 10 3988 20 3992 11 4191 10 4230 11 4322 20 4330 10 4368 11 4429 20 4468 10 4514 11 4583 20 4614 10 4675 11 4740 20 4775 10 4824 11 4901 20 4924 10 4985 11 5066 20 5085 10 5150 11 5181 20 5250 10 5269 11 5350 20 5369 10 5430 11 5522 20 5530 10 5610 11 5691 20 5710 10 5771 11 5848 20 5871 10 5959 11 6009 20 6059 10 6140 11 6205 20 6240 10 6285 20 6385 11 6400 1 6629 20 6785 0 6966 20 7785
893 97 20 250 20 256 20 300 0 380 20 550 10 618 11 675 20 718 10 736 11 782 10 844 11 886 10 943 11 993 10 1059 11 1108 10 1177 11 1239 10 1312 11 1400 10 1423 20 1468 11 1507 10 1542 11 1634 20 1642 10 1676 11 1733 20 1776 10 1810 11 1871 20 1910 10 1944 11 2002 20 2044 10 2075 20 2175 11 2217 10 2224 11 2293 20 2324 10 2343 11 2401 20 2443 10 2485 11 2546 20 2585 10 2619 11 2715 20 2719 10 2761 20 2861 11 2865 10 2907 20 3007 11 3029 10 3060 11 3102 20 3160 10 3175 11 3233 20 3275 10 3306 20 3406 11 3516 10 3562 11 3608 20 3662 10 3674 20 3774 11 3789 10 3808 11 3858 20 3908 10 3927 20 4027 11 4145 10 4222 11 4299 20 4322 10 4383 11 4456 20 4483 10 4548 11 4628 20 4648 10 4709 11 4786 20 4809 10 4859 11 4947 20 4959 10 5031 11 5115 20 5131 20 5531 20 6531
894 108 20 250 20 256 20 300 0 311 20 550 10 659 11 759 20 759 10 774 11 920 10 981 11 1035 10 1115 11 1165 10 1238 11 1292 10 1361 11 1411 10 1480 20 1509 11 1675 10 1740 11 1798 20 1840 10 1875 11 1940 20 1975 10 2020 11 2078 20 2120 10 2158 11 2216 20 2258 10 2300 11 2354 20 2400 10 2434 20 2534 11 2538 10 2565 11 2641 20 2665 10 2687 11 2741 20 2787 10 2826 11 2898 20 2926 10 2975 11 3044 20 3075 10 3125 11 3201 20 3225 10 3278 11 3347 20 3378 10 3428 11 3493 20 3528 10 3573 20 3673 11 3677 10 3711 11 3803 20 3811 10 3845 11 3884 20 3945 10 3964 11 4045 20 4064 10 4133 11 4175 20 4233 10 4252 11 4313 20 4352 10 4401 11 4470 20 4501 10 4559 11 4620 20 4659 10 4697 11 4769 20 4797 10 4846 11 4934 20 4946 10 5015 11 5076 20 5115 10 5164 11 5237 20 5264 10 5318 11 5410 20 5418 10 5509 11 5559 20 5609 1 5715 0 5880 20 6009 1 6257 0 6693 20 7009
895 80 20 250 20 256 20 300 0 350 20 550 10 586 11 639 20 686 10 701 11 858 10 873 11 965 10 1050 11 1099 10 1172 11 1222 10 1303 11 1352 10 1429 20 1436 11 1487 10 1559 11 1632 20 1659 10 1717 11 1774 20 1817 10 1859 11 1954 20 1959 10 1974 11 2054 20 2074 10 2112 11 2173 20 2212 10 2257 11 2322 20 2357 10 2411 11 2468 20 2511 10 2549 11 2637 20 2649 10 2725 11 2775 20 2825 10 2844 11 2936 20 2944 10 2963 20 3063 11 3066 10 3089 11 3128 20 3189 10 3200 11 3292 20 3300 10 3335 11 3388 20 3435 10 3480 11 3542 20 3580 10 3622 11 3707 20 3722 10 3791 11 3887 20 3891 10 3971 11 4040 20 4071 1 4295 20 4471 0 4606 1 5152 20 5471
896 79 0 205 10 407 11 457 10 526 11 588 1 777 20 1027 20 1033 20 1077 0 1192 20 1327 8 1370 9 1397 20 1470 8 1566 9 1692 8 1711 9 1734 8 1769 9 1849 8 1911 9 1961 8 2045 9 2091 8 2168 20 2220 9 2221 8 2298 9 2356 20 2398 8 2432 9 2490 20 2532 8 2566 9 2636 20 2666 8 2724 9 2781 20 2824 8 2869 9 2935 20 2969 8 3027 9 3096 20 3127 8 3203 9 3261 20 3303 8 3360 9 3414 20 3460 8 3498 9 3567 20 3598 8 3659 9 3728 20 3759 8 3824 9 3897 20 3924 8 4039 9 4093 20 4139 8 4154 20 4254 9 4265 8 4365 9 4415 20 4465 8 4511 9 4515 8 4518 9 4584 20 4611 1 4874 20 5011 0 5060 1 5696 20 6011
897 91 20 250 20 256 0 281 20 300 20 550 10 648 11 683 20 748 10 759 11 874 10 878 11 913 10 978 11 1028 10 1104 11 1158 10 1239 11 1292 10 1377 11 1427 20 1498 10 1511 11 1561 20 1611 10 1641 11 1703 20 1741 10 1787 11 1848 20 1887 10 1944 11 1994 20 2044 10 2090 11 2136 20 2190 10 2224 11 2282 20 2324 10 2374 11 2431 20 2474 10 2535 11 2596 20 2635 10 2692 11 2738 20 2792 10 2830 11 2895 20 2930 10 2979 11 3037 20 3079 10 3121 11 3183 20 3221 10 3271 11 3336 20 3371 10 3440 11 3497 20 3540 10 3612 11 3673 20 3712 10 3766 11 3823 20 3866 10 3907 11 4003 20 4007 10 4095 11 4160 20 4195 10 4279 11 4333 20 4379 10 4463 11 4521 20 4563 10 4617 11 4686 20 4717 10 4785 11 4843 20 4885 1 5094 0 5279 20 5285 20 6285
898 108 20 250 20 256 0 262 20 300 10 538 20 550 11 584 10 649 20 749 11 1175 10 1247 11 1309 10 1393 11 1451 20 1499 10 1535 11 1592 20 1635 10 1677 11 1727 20 1777 10 1811 11 1865 20 1911 10 1945 11 2014 20 2045 10 2102 11 2156 20 2202 10 2260 11 2317 20 2360 10 2405 11 2463 20 2505 10 2543 11 2589 20 2643 10 2666 11 2766 20 2766 10 2800 11 2888 20 2900 10 2938 11 3015 20 3038 10 3096 11 3153 20 3196 10 3237 11 3299 20 3337 10 3387 11 3448 20 3487 10 3529 11 3613 20 3629 10 3678 11 3778 20 3778 10 3805 11 3905 20 3905 10 3935 11 3977 20 4035 10 4047 11 4116 20 4147 10 4188 20 4288 11 4315 10 4361 11 4415 20 4461 10 4476 11 4576 20 4576 10 4637 11 4694 20 4737 10 4783 11 4856 20 4883 10 4928 11 5005 20 5028 10 5078 11 5086 10 5089 11 5162 20 5178 10 5239 11 5319 20 5339 10 5392 11 5477 20 5492 10 5546 11 5630 20 5646 1 5909 20 6046 0 6158 20 7046
899 30 0 32 1 50 20 300 20 306 0 331 20 350 10 552 20 600 11 602 10 659 11 721 1 886 20 1159 0 1387 10 1664 11 1725 10 1783 11 1848 10 1909 11 1982 10 2032 11 2105 10 2170 11 2258 10 2339 11 2415 1 2651 20 4159 0 5121 20 5159
900 59 20 250 20 256 0 268 20 300 10 496 11 549 20 550 10 611 11 668 20 1111 8 1519 9 1577 8 1634 9 1700 8 1753 9 1845 8 1888 9 2118 8 2148 9 2217 8 2275 9 2355 8 2371 9 2505 8 2543 9 2655 8 2701 9 2773 8 2839 9 2950 8 3015 9 3065 8 3130 9 3188 8 3245 9 3375 8 3425 9 3479 8 3552 9 3625 8 3686 9 3816 8 3859 9 3993 8 4027 9 4096 20 4111 8 4173 9 4234 20 4273 8 4322 9 4403 20 4422 8 4491 9 4575 20 4591 1 4867 0 4974 20 5591
901 95 20 250 0 253 20 256 20 300 20 550 10 571 11 621 20 671 10 678 11 832 10 904 11 947 10 1019 11 1069 10 1146 11 1207 10 1292 11 1349 20 1421 10 1430 20 1530 11 1625 10 1698 11 1779 20 1798 10 1821 11 1905 20 1921 10 1970 11 2043 20 2070 10 2127 11 2196 20 2227 10 2277 11 2342 20 2377 10 2423 11 2480 20 2523 10 2568 11 2637 20 2668 10 2733 11 2798 20 2833 10 2883 11 2944 20 2983 10 3029 11 3101 20 3129 10 3193 11 3251 20 3293 10 3347 11 3408 20 3447 10 3493 11 3569 20 3593 10 3680 11 3742 20 3780 10 3841 11 3907 20 3941 10 4029 11 4079 20 4129 10 4186 11 4252 20 4286 10 4390 11 4436 20 4490 10 4574 11 4643 20 4674 10 4754 11 4815 20 4854 10 4923 11 4988 10 5019 20 5023 11 5068 10 5107 11 5180 20 5207 10 5314 11 5367 20 5414 20 5814 20 6814
902 30 0 113 1 238 0 463 10 767 11 821 10 890 11 955 1 1173 20 1423 20 1429 20 1473 0 1564 20 1723 8 1852 9 1871 8 1956 9 2009 8 2082 9 2120 8 2189 9 2266 8 2335 20 2352 9 2431 1 2710 0 2839 20 5352 1 5691 0 6022 20 6352
903 133 0 125 1 222 0 417 10 846 11 915 10 980 11 1049 1 1381 20 1631 20 1637 20 1681 0 1840 20 1931 10 2023 11 2092 20 2123 10 2165 11 2264 10 2268 11 2310 10 2375 11 2425 10 2498 11 2552 10 2625 11 2678 10 2743 11 2809 20 2873 10 2874 11 2951 20 2974 10 3027 11 3100 20 3127 10 3181 11 3257 20 3281 10 3342 20 3442 11 3583 10 3602 11 3683 20 3702 10 3729 11 3779 20 3829 10 3852 11 3940 20 3952 10 3997 11 4051 20 4097 10 4128 11 4216 20 4228 10 4254 20 4354 11 4373 10 4434 11 4500 20 4534 10 4588 11 4661 20 4688 10 4741 11 4814 20 4841 10 4894 20 4994 11 5006 10 5029 11 5113 20 5129 10 5159 11 5236 20 5259 10 5278 11 5374 20 5378 10 5454 11 5508 20 5554 10 5596 11 5650 20 5696 10 5734 11 5788 20 5834 10 5857 20 5957 11 6003 10 6037 11 6076 20 6137 10 6168 11 6229 20 6268 10 6325 11 6394 20 6425 10 6494 11 6566 20 6594 10 6674 11 6743 20 6774 10 6846 11 6931 20 6946 10 7038 11 7122 20 7138 10 7241 11 7310 20 7341 10 7441 11 7517 20 7541 10 7663 11 7705 20 7763 10 8024 20 8124 20 8524 11 9381 10 9408 20 9508 11 9542 1 9749 0 9999 1 10474 20 10508
904 43 20 250 20 256 20 300 0 411 20 550 10 597 11 662 20 697 10 727 11 765 10 831 11 865 10 934 11 980 10 1049 11 1103 10 1180 11 1233 10 1318 11 1364 10 1433 20 1447 11 1490 10 1567 11 1624 20 1667 10 1701 11 1774 20 1801 10 1854 11 1923 20 1954 10 1977 11 2058 20 2077 10 2127 11 2180 20 2227 10 2245 11 2322 20 2345 20 2745 20 3745
905 96 0 155 10 356 11 417 10 478 11 540 10 601 11 670 10 712 11 777 1 995 20 1245 20 1251 20 1295 0 1393 20 1545 10 1567 11 1633 20 1667 10 1698 11 1847 10 1912 11 1962 10 2043 11 2089 10 2169 11 2208 10 2284 11 2342 20 2417 10 2434 11 2488 20 2534 10 2576 11 2618 20 2676 10 2695 11 2775 20 2795 10 2844 11 2929 20 2944 10 3005 20 3105 11 3235 10 3281 11 3331 20 3381 10 3423 11 3489 20 3523 10 3573 11 3642 20 3673 10 3726 11 3791 20 3826 10 3883 11 3941 20 3983 10 4048 11 4121 20 4148 10 4209 11 4275 20 4309 10 4363 11 4424 20 4463 10 4543 11 4597 20 4643 10 4708 11 4765 20 4808 10 4869 11 4949 20 4969 10 5049 11 5122 20 5149 10 5218 11 5283 20 5318 10 5410 11 5475 20 5510 10 5620 11 5674 20 5720 10 5785 11 5866 20 5885 1 6128 0 6280 20 6285 20 7285
906 67 20 250 20 256 20 300 0 320 10 528 20 550 11 581 10 647 20 747 11 831 10 892 11 938 10 1007 11 1061 10 1137 11 1187 10 1260 11 1321 10 1402 11 1463 20 1497 10 1555 11 1605 20 1655 10 1693 11 1751 20 1793 10 1847 11 1908 20 1947 10 2008 11 2050 20 2108 10 2161 11 2215 20 2261 10 2334 11 2387 20 2434 10 2487 11 2537 20 2587 10 2629 11 2686 20 2729 10 2778 11 2840 20 2878 10 2939 11 3001 20 3039 10 3108 11 3173 20 3208 10 3265 11 3331 20 3365 10 3438 11 3492 20 3538 10 3641 11 3656 20 3741 1 4063 20 4141 0 4496 20 5141
907 68 20 250 20 256 20 300 0 341 20 550 8 641 9 691 20 741 8 756 9 902 8 944 9 1017 8 1090 9 1147 8 1228 9 1286 8 1370 9 1412 20 1491 8 1496 9 1558 20 1596 8 1661 9 1711 20 1761 8 1803 9 1857 20 1903 8 1937 9 1983 20 2037 8 2056 9 2133 20 2156 8 2202 9 2278 20 2302 8 2340 9 2397 20 2440 8 2497 9 2558 20 2597 8 2650 9 2731 20 2750 8 2857 9 2900 20 2957 8 2999 9 3057 20 3099 8 3168 9 3233 20 3268 8 3329 9 3394 20 3429 8 3502 9 3571 20 3602 8 3701 9 3766 20 3801 1 4002 0 4134 20 4201 20 5201
908 85 20 250 20 256 20 300 0 352 10 523 20 550 11 576 10 638 11 703 20 738 10 787 11 810 10 879 11 925 10 998 11 1048 10 1125 11 1178 10 1263 11 1312 10 1393 11 1450 20 1488 10 1535 11 1589 20 1635 10 1669 11 1673 10 1684 11 1742 20 1769 10 1834 11 1895 20 1934 10 1999 11 2045 20 2099 10 2137 11 2191 20 2237 10 2267 11 2329 20 2367 10 2394 11 2447 20 2494 10 2520 11 2582 20 2620 10 2662 11 2720 20 2762 10 2800 11 2862 20 2900 10 2954 11 3042 20 3054 10 3122 11 3218 20 3222 10 3272 11 3329 20 3372 10 3414 11 3479 20 3514 10 3560 11 3644 20 3660 10 3732 11 3820 20 3832 10 3897 11 3993 20 3997 10 4116 11 4154 20 4216 1 4319 0 4388 1 4507 20 4616 0 4679 20 5616
909 16 20 250 20 256 0 263 20 300 10 456 11 506 20 550 10 564 11 621 10 683 11 740 1 912 20 1064 0 4012 20 4064 20 5064
910 16 20 250 20 256 20 300 0 318 20 550 10 569 11 627 10 684 11 749 1 917 20 1069 0 1965 1 2542 0 3001 20 4069 20 5069
911 49 20 250 0 319 16 412 20 462 20 468 20 512 20 562 10 634 11 703 10 757 20 812 11 814 10 872 11 906 1 1078 20 1372 0 1459 8 1665 9 1707 8 1926 9 1968 8 2029 9 2064 8 2121 9 2171 8 2229 9 2275 8 2332 9 2378 8 2436 9 2482 8 2539 9 2589 8 2616 9 2700 8 2762 9 2827 8 2892 9 2957 8 3030 9 3103 8 3176 9 3256 8 3356 9 3417 8 3536 9 3571 20 4372 20 5372
912 101 0 202 10 411 11 477 10 534 11 595 10 661 11 726 1 952 20 1202 20 1208 20 1252 20 1302 0 1320 20 1552 8 1577 9 1615 20 1677 8 1684 9 1723 8 1784 9 1815 8 1888 9 1937 8 2006 9 2060 8 2129 9 2183 8 2263 9 2321 8 2394 20 2427 9 2455 8 2528 9 2593 20 2628 8 2670 9 2739 20 2770 8 2823 9 2877 20 2923 8 2988 9 3038 20 3088 8 3118 9 3172 20 3218 8 3252 9 3314 20 3352 8 3390 9 3467 20 3490 8 3551 9 3609 20 3651 8 3682 20 3782 9 3962 8 3988 9 4042 20 4088 8 4111 9 4203 20 4211 8 4253 9 4307 20 4353 8 4387 9 4456 20 4487 8 4540 9 4602 20 4640 8 4686 9 4748 20 4786 8 4851 9 4905 20 4951 8 4981 9 4989 8 4993 9 5081 20 5081 8 5173 9 5227 20 5273 8 5311 9 5376 20 5411 8 5507 9 5537 20 5607 1 5754 0 5928 20 6007 1 6583 0 6719 1 6796 20 7007
913 15 20 250 20 256 0 266 20 300 10 522 20 550 11 579 10 633 11 690 1 890 20 1133 0 1893 20 4133 1 4921 20 5133
914 22 20 250 20 256 20 300 0 323 20 550 10 567 11 632 10 694 11 751 20 1067 8 1211 9 1238 8 1315 9 1338 8 1464 9 1526 8 1583 9 1648 8 1721 9 1790 20 4067 20 5067
915 18 20 250 20 256 20 300 0 303 10 545 20 550 11 599 10 664 11 722 10 845 11 864 10 1021 11 1082 20 1164 1 1236 0 1782 20 4164 20 5164
916 22 20 250 20 256 0 291 20 300 8 486 9 498 20 550 8 571 9 628 8 697 9 755 1 917 20 1071 0 1153 1 1672 0 3743 20 4071 10 4087 11 4129 20 4187 1 4340 20 5187
917 149 20 250 20 256 20 300 0 316 20 550 8 643 9 693 20 743 8 754 9 1003 8 1069 9 1122 8 1157 9 1245 8 1322 9 1372 8 1444 20 1493 9 1498 8 1571 9 1629 20 1671 8 1705 9 1767 20 1805 8 1847 9 1905 20 1947 8 1978 9 1985 8 1993 9 2070 20 2078 8 2135 9 2231 20 2235 8 2273 9 2369 20 2373 8 2434 9 2484 20 2534 8 2568 9 2637 20 2668 8 2706 20 2806 9 2821 8 2879 9 2940 20 2979 8 3021 9 3105 20 3121 8 3197 9 3274 20 3297 8 3366 9 3431 20 3466 8 3496 20 3596 9 3611 8 3646 20 3746 9 3776 8 3841 9 3883 20 3941 8 3975 9 4037 20 4075 8 4136 9 4202 20 4236 8 4278 9 4378 20 4378 8 4458 9 4554 20 4558 8 4654 9 4719 20 4754 8 4811 9 4876 20 4911 8 4945 20 5045 9 5068 8 5079 20 5179 9 5210 8 5275 9 5321 20 5375 8 5398 20 5498 9 5509 8 5563 9 5612 20 5663 8 5697 9 5796 20 5797 8 5850 9 5915 20 5950 8 6003 20 6103 9 6134 8 6211 9 6272 20 6311 8 6375 9 6467 20 6475 8 6536 9 6579 20 6636 8 6663 20 6763 9 6766 8 6820 9 6916 20 6920 8 6981 9 7042 20 7081 8 7111 20 7211 9 7242 8 7284 20 7384 9 7391 8 7457 9 7506 20 7557 8 7610 20 7710 9 7740 8 7779 9 7874 20 7879 8 7959 9 8020 20 8059 20 8459 20 9459
918 18 0 38 1 63 20 313 20 319 0 323 20 363 10 522 11 583 20 613 10 641 11 702 1 901 20 1141 0 2003 1 3310 0 3606 20 4141 20 5141
919 72 20 250 20 256 20 300 0 390 20 550 10 646 11 703 10 722 20 746 11 749 10 765 11 891 10 956 11 998 10 1090 11 1129 10 1202 11 1255 10 1328 11 1382 10 1459 20 1496 11 1520 10 1608 11 1662 20 1708 10 1738 11 1784 20 1838 10 1861 11 1926 20 1961 10 2011 11 2068 20 2111 10 2156 11 2214 20 2256 10 2298 11 2360 20 2398 10 2459 11 2524 20 2559 10 2624 11 2689 20 2724 10 2781 11 2850 20 2881 10 2962 11 3023 20 3062 10 3126 11 3180 20 3226 10 3230 11 3287 20 3330 10 3364 11 3437 20 3464 10 3525 11 3613 20 3625 10 3740 11 3809 20 3840 10 3951 20 4051 20 4451 20 5451
920 67 20 250 20 256 0 264 1 274 20 300 0 326 20 550 8 626 9 656 8 721 20 726 9 829 8 833 9 871 8 936 9 982 8 1055 9 1105 8 1182 9 1235 8 1316 9 1377 8 1458 20 1476 9 1523 8 1607 9 1668 20 1707 8 1753 9 1829 20 1853 8 1918 9 1960 20 2018 8 2063 9 2125 20 2163 8 2190 9 2213 8 2228 9 2286 20 2290 8 2366 9 2454 20 2466 8 2539 9 2615 20 2639 8 2696 9 2765 20 2796 8 2826 9 2884 20 2926 8 2960 9 3045 20 3060 8 3125 9 3206 20 3225 8 3309 9 3378 20 3409 1 3582 0 3726 20 3809 20 4809
921 74 0 177 10 426 11 495 10 556 11 626 1 811 20 1061 20 1067 20 1111 0 1190 20 1361 8 1435 9 1488 20 1535 8 1550 9 1703 8 1772 9 1822 8 1895 9 1948 8 2025 9 2083 8 2155 9 2221 20 2285 8 2305 9 2343 20 2405 8 2412 9 2500 20 2512 8 2573 9 2639 20 2673 8 2734 9 2784 20 2834 8 2872 9 2934 20 2972 8 3026 9 3087 20 3126 8 3172 9 3244 20 3272 8 3340 9 3390 20 3440 8 3490 9 3559 20 3590 8 3693 9 3750 20 3793 8 3850 9 3919 20 3950 8 4046 9 4095 20 4146 8 4230 9 4268 20 4330 8 4406 9 4448 20 4506 8 4594 9 4655 20 4694 1 5076 20 5094 0 5195 20 6094
922 14 20 250 20 256 20 300 0 372 20 550 10 575 11 636 10 705 11 766 1 920 20 1075 0 1407 20 4075 20 5075
923 99 20 250 0 318 16 415 20 465 20 471 20 515 8 560 20 565 9 622 8 771 9 806 20 815 8 875 9 921 10 1193 11 1327 10 1338 11 1358 20 1375 10 1438 11 1461 10 1622 11 1672 10 1729 11 1772 10 1837 11 1883 10 1952 11 1998 10 2067 11 2117 10 2197 11 2239 10 2304 11 2354 10 2419 11 2465 10 2527 11 2580 10 2649 11 2711 10 2780 11 2822 10 2887 11 2979 10 3006 11 3052 10 3113 11 3171 10 3240 11 3297 10 3366 11 3416 10 3485 11 3550 10 3619 11 3700 10 3746 11 3795 10 3864 11 3922 10 3987 11 4060 10 4117 11 4179 10 4252 11 4305 20 4375 10 4378 11 4436 20 4478 10 4501 11 4593 20 4601 10 4635 11 4681 20 4735 10 4738 20 4838 11 4926 10 4987 11 5045 20 5087 10 5110 11 5179 20 5210 10 5252 11 5329 20 5352 10 5405 11 5474 20 5505 10 5562 11 5631 20 5662 10 5743 11 5762 20 5843 20 6843
924 86 0 28 1 40 20 290 20 296 0 304 20 340 20 390 10 428 11 486 10 605 11 631 20 640 10 708 11 781 10 792 20 808 11 854 10 919 11 957 10 1030 11 1072 10 1145 11 1199 10 1271 11 1325 10 1398 11 1452 10 1532 20 1558 11 1578 10 1647 11 1701 20 1747 10 1773 11 1823 20 1873 10 1885 11 1938 20 1985 10 2000 11 2046 20 2100 10 2249 11 2280 20 2349 10 2602 11 2648 20 2702 10 2717 11 2782 20 2817 10 2828 11 2874 20 2928 10 2939 11 3000 20 3039 10 3062 11 3131 20 3162 10 3188 11 3261 20 3288 10 3318 11 3407 20 3418 10 3468 11 3537 20 3568 10 3583 11 3633 20 3683 10 3690 11 3763 20 3790 10 3817 11 3897 20 3917 10 3970 11 4043 20 4070 10 4170 11 4196 20 4270 20 4670 20 5670
925 58 20 250 20 256 0 274 20 300 1 305 0 370 20 550 8 568 9 614 20 668 8 675 9 940 8 1013 9 1063 8 1162 9 1201 8 1289 9 1339 8 1411 20 1418 9 1473 8 1550 9 1588 8 1645 20 1650 9 1711 8 1783 9 1822 20 1883 8 1902 9 1952 20 2002 8 2017 9 2094 20 2117 8 2151 9 2232 20 2251 8 2305 9 2370 20 2405 8 2458 9 2508 20 2558 8 2592 9 2638 20 2692 8 2719 9 2776 20 2819 8 2857 9 2914 20 2957 8 3014 9 3064 20 3114 20 3514 20 4514
926 69 0 201 10 455 11 516 10 585 11 642 10 757 11 811 10 876 11 918 10 976 11 1033 1 1244 20 1494 20 1500 20 1544 0 1603 20 1794 10 1823 20 1923 11 2095 10 2161 11 2210 10 2291 11 2337 10 2410 11 2460 10 2533 11 2586 10 2655 20 2673 11 2713 10 2786 11 2843 20 2886 10 2924 11 2981 20 3024 10 3073 11 3123 20 3173 10 3211 11 3253 20 3311 10 3322 11 3365 20 3422 10 3430 11 3530 20 3530 10 3572 11 3622 20 3672 10 3691 11 3752 20 3791 10 3836 11 3890 20 3936 10 3963 11 4016 20 4063 10 4089 11 4154 20 4189 10 4266 11 4296 20 4366 20 4766 20 5766
927 12 20 250 20 256 20 300 0 321 20 550 10 591 11 637 10 714 11 748 20 1091 20 4091 20 5091
928 76 0 227 10 466 11 496 10 588 11 646 10 707 11 765 10 830 11 876 10 937 11 995 1 1189 20 1439 20 1445 20 1489 0 1545 10 1731 20 1739 11 1789 10 1857 20 1957 11 1972 10 1980 11 2122 10 2180 11 2226 10 2291 11 2344 10 2417 11 2471 10 2540 11 2594 10 2670 20 2707 11 2728 10 2801 11 2870 20 2901 10 2916 11 2992 20 3016 10 3050 11 3107 20 3150 10 3188 11 3249 20 3288 10 3326 11 3391 20 3426 10 3464 20 3564 11 3579 10 3602 11 3652 20 3702 10 3721 11 3782 20 3821 10 3851 11 3909 20 3951 10 3982 11 4047 20 4082 10 4135 11 4192 20 4235 10 4269 11 4330 20 4369 10 4426 11 4480 20 4526 20 4926 20 5926
929 5 0 17 1 59 0 87 20 5087 20 6087
930 86 20 250 0 251 16 422 20 472 20 478 20 522 10 571 20 572 11 617 1 752 0 814 20 822 8 1077 9 1096 8 1177 20 1177 9 1261 8 1376 9 1403 8 1480 9 1529 8 1598 9 1652 8 1725 9 1779 8 1859 9 1909 20 1927 8 1978 9 2035 20 2078 8 2108 9 2166 20 2208 8 2242 9 2304 20 2342 8 2384 9 2442 20 2484 8 2514 9 2576 20 2614 8 2641 9 2698 20 2741 8 2767 9 2833 20 2867 8 2902 9 2959 20 3002 8 3036 9 3097 20 3136 8 3177 9 3239 20 3277 8 3315 9 3369 20 3415 8 3446 9 3503 20 3546 8 3584 9 3645 20 3684 8 3722 9 3787 20 3822 8 3848 20 3948 9 3956 8 3990 9 4067 20 4090 8 4136 9 4205 20 4236 8 4308 9 4362 20 4408 20 4808 1 5405 0 5782 20 5808
931 63 0 33 1 86 0 116 1 280 20 530 20 536 20 580 0 602 10 796 20 830 11 846 10 907 11 973 20 1007 10 1045 11 1195 10 1260 11 1333 10 1379 11 1436 10 1525 11 1571 10 1647 11 1697 20 1757 10 1762 11 1816 20 1862 10 1877 11 1938 20 1977 10 2011 11 2073 20 2111 10 2149 11 2214 20 2249 10 2303 11 2352 20 2403 10 2429 11 2490 20 2529 10 2586 11 2640 20 2686 10 2732 11 2782 20 2832 10 2866 11 2931 20 2966 10 3008 11 3088 20 3108 10 3169 11 3238 20 3269 10 3349 11 3391 20 3449 20 3849 20 4849
932 50 20 250 0 255 20 256 20 300 20 550 8 594 9 648 20 694 8 705 9 797 8 801 9 839 8 905 9 951 8 1019 9 1069 8 1150 9 1200 8 1276 9 1322 8 1399 20 1444 9 1452 8 1529 9 1533 8 1541 9 1598 20 1629 8 1690 9 1744 20 1790 8 1832 9 1882 20 1932 8 1985 9 2031 20 2085 8 2150 9 2192 20 2250 20 2650 8 2939 9 2985 20 3039 8 3093 9 3139 20 3193 1 3316 0 3563 20 4193
933 63 20 250 20 256 0 263 20 300 10 464 11 498 20 550 10 579 11 613 10 629 20 679 11 839 10 874 11 951 10 1020 11 1111 10 1154 11 1211 10 1292 11 1349 10 1422 20 1429 11 1491 10 1571 11 1629 20 1671 10 1709 11 1771 20 1809 10 1866 11 1924 20 1966 10 2016 11 2050 20 2116 10 2146 11 2200 20 2246 10 2296 11 2353 20 2396 10 2461 11 2514 20 2561 10 2606 11 2660 20 2706 10 2736 11 2798 20 2836 10 2871 11 2917 20 2971 10 2986 11 3058 20 3086 10 3154 11 3227 20 3254 20 3654 1 3692 0 4124 20 4654
934 154 20 250 0 364 16 408 20 458 20 464 20 508 20 558 10 561 11 603 10 768 20 808 11 895 10 948 11 987 10 1048 20 1048 11 1159 10 1163 11 1197 10 1282 11 1312 10 1385 11 1435 10 1504 11 1558 10 1642 11 1692 10 1765 20 1798 11 1818 10 1895 11 1945 20 1995 10 2014 11 2071 20 2114 10 2129 11 2198 20 2229 10 2275 11 2328 20 2375 10 2401 11 2455 20 2501 10 2524 11 2585 20 2624 10 2677 11 2735 20 2777 10 2808 11 2873 20 2908 10 2949 11 3015 20 3049 10 3087 11 3149 20 3187 10 3206 11 3287 20 3306 10 3356 11 3406 20 3456 10 3482 11 3555 20 3582 10 3597 11 3682 20 3697 10 3751 11 3797 20 3851 10 3866 20 3966 11 3981 10 4004 11 4042 20 4104 10 4107 11 4180 20 4207 10 4222 11 4268 20 4322 10 4337 11 4402 20 4437 10 4464 20 4564 11 4590 10 4609 11 4652 20 4709 10 4713 20 4813 11 4824 10 4859 11 4901 20 4959 10 4970 11 5058 20 5070 10 5104 11 5158 20 5204 10 5219 11 5315 20 5319 10 5365 11 5415 20 5465 10 5487 11 5572 20 5587 10 5629 11 5675 20 5729 10 5737 20 5837 11 5867 10 5890 11 5936 20 5990 10 5997 11 6093 20 6097 10 6135 11 6177 10 6185 11 6220 20 6235 10 6269 11 6312 20 6369 10 6388 11 6457 20 6488 10 6530 11 6584 20 6630 10 6672 11 6745 20 6772 10 6829 11 6906 20 6929 10 7002 11 7025 20 7102 20 7502 20 8502
935 32 0 214 10 471 11 513 10 582 11 632 10 701 11 747 10 801 11 870 10 985 11 1035 1 1226 20 1476 20 1482 20 1526 0 1601 20 1776 10 1809 11 1870 10 1932 11 1997 10 2062 11 2085 10 2150 11 2215 20 2309 1 2385 0 2688 8 3331 9 3400 20 5309 20 6309
936 142 20 250 0 311 16 415 20 465 20 471 20 515 10 530 20 565 11 591 10 652 11 702 10 752 11 814 20 815 1 1017 0 1388 10 1573 11 1634 10 1707 11 1757 1 1957 0 2041 20 2073 8 2358 9 2401 8 2477 9 2500 8 2565 9 2608 8 2673 9 2723 8 2788 9 2841 8 2907 9 2964 8 3033 9 3094 8 3167 9 3225 8 3290 9 3359 8 3405 9 3497 8 3539 9 3631 8 3700 9 3742 8 3830 9 3865 8 3953 9 4049 8 4095 9 4175 8 4237 9 4279 8 4356 9 4471 8 4540 9 4609 8 4670 9 4697 8 4770 9 4892 8 4942 9 5030 20 5073 8 5076 9 5084 8 5088 9 5099 20 5176 8 5184 20 5284 9 5302 8 5352 9 5387 20 5452 8 5456 20 5556 9 5601 8 5651 9 5674 20 5751 8 5782 9 5851 20 5882 8 5885 9 5908 20 5985 8 5996 9 6054 8 6077 20 6096 9 6357 8 6410 9 6460 8 6502 20 6510 9 6663 8 6675 9 6721 8 6771 9 6775 20 6775 8 6778 20 6878 9 7035 8 7070 20 7170 9 7204 8 7269 9 7330 20 7369 8 7396 20 7496 9 7507 8 7564 9 7599 20 7664 8 7679 20 7779 9 7794 8 7821 20 7921 9 7936 8 8005 9 8017 8 8097 20 8105 9 8201 8 8277 9 8312 20 8377 8 8400 9 8473 20 8500 8 8764 9 8783 20 8864 1 9024 0 9302 20 9864
937 53 20 250 20 256 0 268 20 300 20 350 10 580 20 600 11 638 10 710 11 772 20 1210 8 1251 9 1297 8 1374 9 1408 8 1477 9 1519 8 1592 9 1634 8 1700 9 1769 8 1834 9 1957 8 2003 9 2075 8 2167 9 2221 8 2317 9 2386 8 2486 9 2578 8 2704 9 2720 8 2877 9 2930 8 2980 9 3203 8 3287 9 3360 8 3471 9 3502 8 3609 9 3636 8 3812 9 3881 8 3973 9 4046 8 4126 9 4176 20 4210 1 4440 0 4877 20 5210
938 76 0 165 1 605 0 798 8 1095 9 1149 8 1252 9 1317 1 1470 0 1695 1 2147 20 2397 20 2403 20 2447 20 2497 0 2562 10 2640 11 2698 20 2747 10 2836 11 2866 10 2935 20 2936 11 2981 10 3046 11 3066 10 3150 11 3185 10 3273 11 3311 10 3388 11 3438 10 3514 11 3568 10 3645 20 3686 11 3702 10 3779 11 3840 20 3879 10 3921 11 3982 20 4021 10 4062 11 4124 20 4162 10 4212 11 4281 20 4312 10 4327 11 4415 20 4427 10 4503 11 4561 20 4603 10 4653 11 4714 20 4753 10 4799 11 4864 20 4899 10 4960 11 5021 20 5060 10 5128 20 5228 11 5335 10 5385 11 5423 20 5485 10 5538 11 5573 20 5638 20 6038 1 6355 0 6621 20 7038
939 121 20 250 0 279 16 418 20 468 20 474 20 518 20 568 20 818 8 970 9 1027 8 1039 20 1070 9 1104 8 1127 9 1204 8 1277 9 1323 8 1399 9 1449 8 1530 9 1580 8 1629 9 1664 8 1672 9 1714 8 1760 9 1798 8 1813 20 1820 9 1871 8 1948 9 2005 20 2048 8 2086 9 2147 20 2186 8 2224 9 2289 20 2324 8 2373 9 2438 20 2473 8 2519 9 2580 20 2619 8 2653 9 2722 20 2753 8 2799 9 2887 20 2899 8 2967 9 3059 20 3067 8 3109 9 3167 20 3209 8 3251 9 3339 20 3351 8 3389 9 3485 20 3489 8 3523 20 3623 9 3627 8 3688 9 3738 20 3788 8 3815 9 3907 20 3915 8 3995 20 4095 9 4106 8 4125 20 4225 9 4252 8 4302 9 4348 20 4402 8 4432 20 4532 9 4539 8 4597 9 4693 20 4697 8 4754 20 4854 9 5015 8 5068 9 5107 20 5168 8 5199 9 5272 20 5299 8 5352 9 5444 20 5452 8 5498 20 5598 9 5624 8 5690 9 5709 20 5790 8 5805 9 5881 20 5905 8 5947 9 6019 20 6047 8 6223 20 6323 9 6345 8 6395 20 6495 9 6499 20 6895 1 6946 0 7181 20 7895
940 42 0 212 1 497 0 658 1 1392 20 1642 20 1648 0 1676 20 1692 10 1869 11 1927 20 1942 10 1992 11 2053 8 2448 20 2492 9 2510 8 2575 9 2625 8 2698 9 2747 8 2813 9 2889 8 2955 9 3043 8 3116 9 3208 8 3281 9 3346 8 3438 9 3480 8 3549 9 3652 8 3756 9 3798 8 3925 9 3951 8 4166 9 4178 1 4565 0 4788 20 5492 20 6492
941 55 20 250 16 423 0 458 20 473 20 479 20 523 1 524 20 573 20 823 0 1322 1 1424 0 1638 20 1823 10 2098 11 2121 20 2198 10 2206 11 2294 10 2528 11 2562 10 2646 11 2689 20 2948 10 3026 11 3068 20 3126 10 3141 11 3202 20 3241 10 3271 11 3333 20 3371 10 3413 11 3471 20 3513 10 3586 11 3628 20 3686 10 3709 11 3762 20 3809 10 3850 11 3919 20 3950 10 4004 11 4069 20 4104 10 4153 11 4195 20 4253 10 4272 11 4337 20 4372 20 4772 20 5772
942 61 0 105 8 432 9 485 8 550 9 612 10 1080 11 1141 10 1210 11 1260 10 1321 11 1379 10 1425 11 1486 10 1532 11 1616 10 1685 11 1796 10 1839 11 1915 10 2000 11 2038 1 2238 20 2488 20 2494 20 2538 0 2589 10 2713 11 2740 20 2788 10 2820 20 2920 11 2997 10 3058 11 3100 10 3169 11 3223 10 3292 11 3346 10 3418 11 3476 10 3557 11 3610 10 3668 20 3670 11 3744 10 3806 20 3906 11 3917 10 3932 11 4017 20 4032 10 4093 11 4166 20 4193 10 4254 11 4323 20 4354 1 4541 20 4754 0 5026 20 5754
943 18 0 173 1 1563 20 1813 20 1819 20 1863 0 1937 10 2104 20 2113 11 2123 10 2211 11 2265 10 2342 11 2388 20 2711 1 4097 0 4383 20 5711 20 6711
944 110 20 250 0 363 16 413 20 463 20 469 20 513 20 563 10 627 11 681 10 746 11 792 20 813 1 927 0 1267 8 1536 9 1566 8 1631 20 1636 9 1700 8 1739 9 1762 8 1831 9 1873 8 1946 9 1995 8 2064 9 2118 8 2191 9 2237 8 2306 9 2359 20 2386 8 2440 9 2482 20 2540 8 2574 9 2612 20 2674 8 2681 9 2739 20 2781 8 2804 9 2865 20 2904 8 2934 9 2988 20 3034 8 3057 9 3126 20 3157 8 3187 9 3241 20 3287 8 3306 9 3371 20 3406 8 3432 9 3482 20 3532 8 3555 9 3655 20 3655 8 3681 9 3770 20 3781 8 3823 9 3885 20 3923 8 3961 9 4019 20 4061 8 4076 9 4134 8 4153 20 4176 9 4283 8 4337 9 4379 20 4437 8 4444 9 4505 20 4544 8 4551 9 4643 20 4651 8 4685 20 4785 9 4789 8 4816 20 4916 9 5061 8 5130 9 5203 20 5230 8 5287 9 5356 20 5387 8 5429 9 5498 20 5529 8 5571 9 5639 20 5671 8 5720 9 5797 20 5820 20 6220 1 6247 0 6704 20 7220
945 34 0 233 1 249 0 268 8 521 9 574 8 640 9 705 1 896 0 1122 10 1486 11 1544 10 1605 11 1667 10 1724 11 1778 1 1929 20 2179 20 2185 0 2221 20 2229 20 2479 10 2820 11 2874 10 2939 11 3000 10 3062 11 3073 20 3320 1 3352 0 4559 20 6320 1 6490 0 7076 20 7320
946 121 20 250 20 256 20 300 0 322 20 550 8 613 9 663 20 713 8 725 9 863 8 928 9 970 8 1039 9 1085 8 1154 9 1204 8 1273 9 1323 8 1392 9 1445 20 1463 8 1518 9 1576 20 1618 8 1645 9 1706 20 1745 8 1775 9 1829 20 1875 8 1901 9 1955 20 2001 8 2028 9 2078 20 2128 8 2158 9 2204 20 2258 8 2281 9 2335 20 2381 8 2392 9 2480 20 2492 8 2534 9 2580 20 2634 8 2649 9 2710 20 2749 8 2764 9 2856 20 2864 8 2910 9 2963 20 3010 8 3044 9 3090 20 3144 8 3163 9 3258 20 3263 8 3293 9 3362 20 3393 8 3412 9 3492 20 3512 8 3542 9 3596 20 3642 8 3653 20 3753 9 3757 8 3803 9 3872 20 3903 8 3944 9 4010 20 4044 8 4090 9 4140 20 4190 8 4209 20 4309 9 4424 8 4470 9 4512 20 4570 8 4573 9 4673 20 4673 8 4722 9 4795 20 4822 8 4872 9 4922 20 4972 8 4991 9 5006 8 5018 9 5071 20 5091 8 5133 20 5233 9 5255 8 5282 20 5382 9 5385 8 5439 9 5508 20 5539 8 5581 9 5646 20 5681 8 5749 9 5811 20 5849 20 6249 20 7249
947 19 0 18 1 115 0 325 1 651 20 901 20 907 0 937 20 951 10 1130 11 1184 20 1201 10 1249 11 1302 1 1448 20 1749 0 1785 20 4749 1 5374 20 5749
948 16 20 250 20 256 0 289 20 300 20 550 8 561 9 584 8 672 9 718 8 779 9 829 8 909 9 955 20 1061 20 4061 20 5061
949 83 20 250 0 334 16 418 20 468 10 471 20 474 11 475 20 518 20 568 10 590 11 640 10 721 11 767 20 818 10 836 11 874 10 889 20 936 11 1077 10 1142 11 1185 10 1261 11 1307 10 1384 11 1438 10 1507 11 1564 10 1637 20 1686 11 1691 10 1771 11 1825 20 1871 10 1902 11 1948 20 2002 10 2024 11 2074 20 2124 10 2139 11 2205 20 2239 10 2274 11 2339 20 2374 10 2404 11 2469 20 2504 10 2534 20 2634 11 2726 10 2784 11 2837 20 2884 10 2906 11 2952 20 3006 10 3021 11 3106 20 3121 10 3152 11 3217 20 3252 10 3293 11 3351 20 3393 10 3420 11 3504 20 3520 10 3547 11 3623 20 3647 10 3692 11 3773 20 3792 10 3853 11 3926 20 3953 10 4026 11 4091 20 4126 20 4526 20 5526
950 51 20 250 16 412 20 462 20 468 0 490 20 512 20 562 20 812 8 930 9 960 20 1030 8 1033 9 1129 8 1144 9 1167 8 1240 9 1279 8 1359 9 1405 8 1482 9 1535 8 1616 9 1666 8 1735 20 1780 9 1792 8 1865 9 1915 20 1965 8 1984 9 2046 20 2084 8 2115 9 2168 20 2215 8 2237 9 2302 20 2337 8 2375 9 2444 20 2475 8 2525 9 2590 20 2625 8 2694 9 2747 20 2794 1 3037 20 3194 0 3201 20 4194
951 24 0 166 8 642 9 668 8 776 9 826 8 921 9 933 1 1055 20 1305 20 1311 0 1313 20 1355 8 1512 20 1605 9 1631 8 1773 9 1819 8 1900 9 1946 1 2121 20 2273 0 2455 20 5273 20 6273
952 26 0 116 1 271 0 513 8 900 9 950 8 1027 9 1142 8 1249 9 1295 1 1426 20 1676 20 1682 0 1694 20 1726 20 1976 8 2174 9 2220 8 2273 9 2323 8 2384 9 2442 20 2674 1 3251 0 4490 20 5674 20 6674
953 16 0 160 1 338 20 588 20 594 20 638 0 659 20 888 10 1081 11 1130 10 1203 11 1265 20 1581 8 1759 9 1817 20 4581 20 5581
954 51 20 250 16 439 0 440 20 489 20 495 20 539 20 589 10 776 11 814 20 839 10 891 11 933 1 1080 0 1185 1 1238 0 1385 20 1391 8 1899 9 1945 8 2022 9 2045 8 2122 9 2164 8 2244 9 2290 8 2371 9 2417 8 2497 9 2539 8 2620 9 2666 8 2735 9 2800 8 2869 9 2942 8 3011 9 3072 8 3137 9 3203 8 3268 9 3344 8 3410 9 3494 8 3559 9 3636 8 3709 9 3808 8 3896 9 3965 20 4391 20 5391
955 97 0 127 1 188 0 397 1 631 20 881 20 887 0 892 20 931 20 981 20 1231 8 1372 9 1399 20 1472 8 1480 9 1552 8 1809 9 1836 8 1936 9 1970 8 2055 9 2104 8 2181 20 2222 9 2235 8 2323 9 2380 20 2423 8 2453 9 2514 20 2553 8 2591 9 2649 20 2691 8 2729 9 2794 20 2829 8 2875 9 2928 20 2975 8 2997 9 3055 20 3097 8 3128 9 3201 20 3228 8 3266 9 3350 20 3366 8 3415 9 3507 20 3515 8 3565 9 3614 20 3665 8 3691 9 3752 20 3791 8 3825 9 3883 20 3925 8 3952 9 4036 20 4052 8 4078 9 4163 20 4178 8 4228 20 4328 9 4350 8 4385 9 4458 20 4485 8 4534 9 4596 20 4634 8 4665 9 4738 20 4765 8 4807 9 4887 20 4907 8 4964 9 5033 20 5064 8 5144 9 5198 20 5244 8 5328 9 5362 20 5428 8 5489 9 5512 20 5589 1 5921 20 5989 0 6168 20 6989
956 89 20 250 20 256 20 300 0 369 20 550 10 776 11 811 10 838 20 876 11 1129 10 1206 11 1255 10 1332 11 1382 10 1459 11 1512 10 1589 20 1626 11 1643 10 1719 11 1769 20 1819 10 1865 11 1907 20 1965 10 1991 11 2045 20 2091 10 2122 11 2172 20 2222 10 2252 11 2302 20 2352 10 2367 11 2467 20 2467 10 2509 11 2555 20 2609 10 2624 11 2720 20 2724 10 2762 11 2850 20 2862 10 2896 11 2965 20 2996 10 3049 11 3103 20 3149 10 3191 11 3249 20 3291 10 3329 11 3395 20 3429 10 3475 11 3540 20 3575 10 3621 11 3694 20 3721 10 3786 11 3862 20 3886 10 3901 11 3966 20 4001 10 4046 11 4115 20 4146 10 4192 11 4280 20 4292 10 4391 11 4453 20 4491 10 4556 11 4618 20 4656 10 4721 11 4786 20 4821 1 5065 0 5150 20 5221 20 6221
957 96 20 250 20 256 20 300 0 327 20 550 10 790 11 828 10 855 20 890 11 1039 10 1116 11 1162 10 1239 11 1296 10 1373 11 1423 10 1495 11 1541 10 1610 20 1640 11 1672 10 1729 11 1806 20 1829 10 1886 11 1936 20 1986 10 2017 11 2078 20 2117 10 2159 11 2216 20 2259 10 2297 11 2354 20 2397 10 2439 11 2500 20 2539 10 2580 11 2634 20 2680 10 2718 11 2776 20 2818 10 2853 11 2914 20 2953 10 2990 11 3029 20 3090 10 3102 11 3186 20 3202 10 3228 11 3312 20 3328 10 3366 11 3408 20 3466 10 3477 11 3569 20 3577 10 3619 11 3673 20 3719 10 3749 11 3818 20 3849 10 3907 11 3968 20 4007 10 4045 11 4110 20 4145 10 4198 11 4263 20 4298 10 4351 11 4409 20 4451 10 4493 11 4558 20 4593 10 4658 11 4723 20 4758 10 4815 11 4873 20 4915 10 4991 11 5037 20 5091 20 5491 1 6246 20 6491
958 16 20 250 20 256 20 300 0 393 20 550 8 844 9 886 8 959 9 1013 8 1090 9 1139 8 1224 9 1289 20 1344 20 4344 20 5344
959 16 20 250 20 256 20 300 0 340 20 550 10 715 11 765 10 838 11 906 10 972 11 1037 10 1106 11 1175 20 1215 20 4215 20 5215
960 90 0 109 1 139 20 389 20 395 20 439 0 490 20 689 8 780 9 872 8 879 20 880 9 1044 8 1117 9 1159 8 1236 9 1286 8 1359 9 1420 8 1493 9 1554 20 1630 8 1635 9 1696 20 1735 8 1780 9 1849 20 1880 8 1930 9 2018 20 2030 8 2060 9 2160 20 2160 8 2206 9 2294 20 2306 8 2371 9 2448 20 2471 8 2536 9 2578 20 2636 8 2655 9 2731 20 2755 8 2800 9 2850 20 2900 8 2931 9 3011 20 3031 8 3088 9 3130 20 3188 8 3218 20 3318 9 3322 8 3352 20 3452 9 3456 8 3521 9 3552 20 3621 8 3632 9 3709 20 3732 8 3805 9 3866 20 3905 8 3958 9 4031 20 4058 8 4127 9 4188 20 4227 8 4272 9 4349 20 4372 8 4414 9 4433 8 4460 20 4514 9 4525 8 4629 9 4690 20 4729 1 5008 0 5059 20 5129 20 6129
961 100 20 250 20 256 20 300 0 315 20 550 10 581 11 631 20 681 10 707 11 815 10 822 11 864 10 930 11 983 10 1060 11 1114 10 1186 11 1244 10 1328 11 1386 20 1431 10 1478 11 1524 20 1578 10 1597 11 1654 20 1697 10 1723 11 1811 20 1823 10 1865 11 1915 20 1965 10 2003 11 2061 20 2103 10 2145 11 2210 20 2245 10 2310 11 2367 20 2410 10 2467 11 2517 20 2567 10 2613 11 2666 20 2713 10 2747 11 2755 10 2758 11 2824 20 2847 10 2927 11 2954 10 3019 20 3027 11 3111 10 3157 11 3238 20 3257 10 3288 11 3330 20 3388 10 3399 11 3495 20 3499 10 3556 11 3602 20 3656 10 3683 11 3736 20 3783 10 3836 11 3905 20 3936 10 3985 11 4058 20 4085 10 4150 11 4212 20 4250 10 4307 11 4369 20 4407 10 4468 11 4549 20 4568 10 4649 11 4722 20 4749 10 4821 11 4875 20 4921 1 5059 0 5136 1 5222 0 5316 20 5321 20 6321
962 96 0 204 10 472 11 522 10 606 11 667 10 767 11 805 1 1035 20 1285 20 1291 0 1301 20 1335 20 1585 10 1994 11 2063 20 2094 10 2117 11 2159 10 2220 11 2247 10 2320 11 2366 10 2443 11 2489 10 2573 11 2619 10 2703 11 2757 20 2844 10 2845 11 2884 20 2945 10 2956 11 3029 20 3056 10 3091 11 3148 20 3191 10 3236 11 3290 20 3336 10 3397 11 3443 10 3466 11 3489 20 3497 20 3897 10 4690 11 4743 20 4790 10 4831 11 4889 20 4931 10 4977 11 5042 20 5077 10 5150 11 5188 20 5250 10 5280 11 5330 20 5380 10 5395 11 5483 20 5495 10 5548 11 5629 20 5648 10 5683 11 5740 20 5783 10 5832 11 5890 20 5932 10 5986 11 6051 20 6086 10 6147 11 6212 20 6247 10 6311 11 6373 20 6411 10 6457 11 6526 20 6557 10 6637 11 6691 20 6737 10 6802 11 6860 20 6902 10 6986 11 7025 20 7086 20 8086
963 35 0 8 1 161 0 180 1 312 0 324 1 905 0 1155 20 1155 10 1419 11 1477 10 1550 11 1619 10 1695 11 1749 10 1803 11 1891 1 2173 20 2423 20 2429 20 2473 0 2552 20 2723 8 2926 9 2968 8 3045 9 3102 20 3426 10 3608 11 3670 10 3754 11 3804 10 3881 11 3950 20 6426 20 7426
964 5 0 16 1 2418 0 2451 20 7451 20 8451
965 50 20 250 16 429 20 479 20 485 0 513 20 529 20 579 20 829 10 904 11 935 10 1000 20 1004 11 1115 10 1192 11 1219 10 1295 11 1330 10 1406 11 1445 10 1510 11 1564 10 1633 11 1686 20 1754 10 1755 11 1809 20 1855 10 1882 11 1943 20 1982 10 2012 11 2074 20 2112 10 2135 11 2200 20 2235 10 2265 11 2330 20 2365 10 2396 11 2457 20 2496 10 2526 11 2603 20 2626 10 2702 11 2756 20 2802 20 3202 20 4202
966 83 20 250 20 256 20 300 0 342 20 550 10 667 11 713 20 767 10 790 11 890 10 897 11 924 10 990 11 1036 10 1105 11 1151 10 1220 11 1266 10 1335 11 1377 20 1517 10 1753 11 1806 20 1853 10 1871 11 1925 20 1971 10 1990 11 2052 20 2090 10 2117 11 2171 20 2217 10 2240 11 2289 20 2340 10 2355 11 2443 20 2455 10 2489 11 2539 20 2589 10 2611 11 2661 20 2711 10 2719 11 2807 20 2819 10 2861 11 2907 20 2961 10 2976 11 3022 20 3076 10 3087 20 3187 11 3202 10 3221 11 3263 20 3321 10 3325 20 3425 11 3528 10 3578 11 3643 20 3678 10 3727 11 3788 20 3827 10 3877 11 3942 20 3977 10 4015 11 4080 20 4115 10 4160 11 4229 20 4260 10 4348 11 4387 20 4448 20 4848 20 5848
967 68 20 250 20 256 20 300 0 369 20 550 8 653 9 691 20 703 8 749 9 795 8 852 9 887 8 952 9 1002 8 1067 9 1117 8 1182 9 1236 8 1305 9 1354 8 1427 20 1453 9 1477 8 1550 9 1554 8 1558 9 1608 20 1650 8 1688 9 1738 20 1788 8 1815 9 1861 20 1915 8 1930 9 1991 20 2030 8 2052 9 2121 20 2152 8 2183 9 2263 20 2283 8 2332 9 2394 20 2432 8 2470 9 2532 20 2570 8 2616 9 2689 20 2716 8 2781 9 2819 20 2881 8 2915 9 2969 20 3015 8 3061 9 3065 8 3068 9 3122 20 3161 8 3218 9 3264 20 3318 20 3718 20 4718
968 79 20 250 20 256 20 300 0 370 20 550 10 643 20 693 11 705 10 770 11 908 10 969 11 1015 10 1077 11 1142 10 1192 11 1261 10 1326 11 1387 20 1443 10 1448 11 1521 20 1548 10 1571 11 1629 20 1671 10 1694 11 1755 20 1794 10 1824 11 1878 20 1924 10 1939 11 2035 20 2039 10 2081 11 2108 10 2169 20 2181 11 2261 10 2280 11 2376 20 2380 10 2399 11 2441 20 2499 10 2507 11 2553 20 2607 10 2622 11 2679 20 2722 10 2744 11 2832 20 2844 10 2882 11 2925 20 2982 10 3009 11 3055 20 3109 10 3128 11 3189 20 3228 10 3250 11 3342 20 3350 10 3392 11 3427 20 3492 10 3496 11 3538 20 3596 10 3638 11 3676 20 3738 1 3910 0 4087 20 4138 20 5138
969 16 0 227 1 566 20 816 20 822 20 866 0 870 20 1116 10 1126 11 1172 10 1233 11 1291 1 1473 20 1626 0 1769 20 4626 20 5626
970 75 20 250 16 416 20 466 20 472 0 504 20 516 20 566 10 753 11 776 20 816 10 845 11 868 20 895 10 922 11 972 10 1037 11 1068 10 1141 11 1179 10 1252 11 1298 10 1371 11 1417 10 1490 11 1539 10 1608 20 1645 11 1654 10 1720 11 1769 20 1820 10 1838 11 1908 20 1938 10 1957 11 2030 20 2057 10 2095 11 2157 20 2195 10 2222 11 2299 20 2322 10 2364 11 2418 20 2464 10 2483 11 2544 20 2583 10 2613 20 2713 11 2793 10 2862 11 2920 20 2962 10 2989 20 3089 11 3116 10 3146 11 3185 20 3246 10 3250 11 3315 20 3350 10 3380 11 3449 20 3480 10 3518 11 3599 20 3618 10 3676 11 3745 20 3776 20 4176 20 5176
971 22 20 250 20 256 20 300 0 322 20 550 10 637 11 687 10 752 11 810 10 867 11 925 10 975 11 1025 20 1137 1 1212 0 1502 8 1857 9 1914 1 2110 0 2288 20 4137 20 5137
972 135 20 250 16 418 20 468 20 474 0 482 20 518 20 568 10 771 11 794 20 818 10 855 11 882 20 905 10 935 11 1081 10 1150 11 1188 10 1261 11 1311 10 1388 11 1434 10 1507 11 1553 10 1622 20 1655 11 1672 10 1744 11 1787 20 1844 10 1848 11 1909 10 1936 20 1948 11 2009 10 2086 11 2143 20 2186 10 2216 11 2273 20 2316 10 2343 11 2404 20 2443 10 2469 11 2530 20 2569 10 2592 20 2692 11 2772 10 2829 11 2914 20 2929 10 2948 11 3025 20 3048 10 3063 11 3098 10 3159 20 3163 11 3236 10 3301 11 3355 20 3401 10 3416 11 3466 20 3516 10 3531 11 3585 20 3631 10 3650 11 3723 20 3750 10 3773 11 3842 20 3873 10 3907 11 4007 20 4007 10 4045 11 4095 20 4145 10 4160 11 4217 20 4260 10 4279 20 4379 11 4486 10 4543 11 4589 20 4643 10 4651 11 4704 20 4751 10 4773 20 4873 11 4961 10 5019 11 5065 10 5119 20 5119 11 5176 10 5241 11 5333 20 5341 10 5375 11 5421 20 5475 10 5490 11 5544 10 5590 20 5590 11 5709 10 5740 11 5790 20 5840 10 5855 11 5924 20 5955 10 5989 11 6066 20 6089 10 6123 11 6192 20 6223 10 6242 11 6326 20 6342 10 6392 11 6464 20 6492 10 6568 11 6622 20 6668 20 7068 20 8068
973 62 20 250 20 256 20 300 0 336 1 358 0 369 20 550 8 678 9 724 20 728 8 785 9 835 8 901 9 935 8 1000 9 1050 8 1111 9 1157 8 1223 9 1276 8 1349 9 1403 8 1472 20 1478 9 1525 8 1591 9 1648 20 1691 8 1717 9 1779 20 1817 8 1844 9 1924 20 1944 8 1963 9 2016 20 2063 8 2078 9 2162 20 2178 8 2193 9 2216 8 2231 20 2293 9 2300 8 2369 9 2442 20 2469 8 2507 9 2565 20 2607 8 2634 9 2699 20 2734 8 2772 9 2837 20 2872 8 2906 9 2971 20 3006 20 3406 20 4406
974 22 20 250 20 256 0 288 20 300 10 437 11 452 10 510 20 550 11 560 10 625 11 671 8 1062 9 1100 20 1125 8 1192 9 1242 1 1475 0 2000 1 3203 0 3463 20 4125 20 5125
975 8 20 250 20 256 20 300 20 550 0 662 20 1550 20 6550 20 6560
976 109 20 250 0 267 16 426 20 476 20 482 20 526 20 576 20 826 10 947 11 986 8 1342 9 1369 8 1446 20 1447 9 1480 8 1538 9 1576 8 1641 9 1680 8 1749 9 1791 8 1852 9 1898 8 1960 9 2002 8 2063 9 2109 8 2170 9 2224 8 2282 9 2339 8 2400 9 2446 8 2515 9 2562 8 2627 9 2696 8 2742 9 2788 8 2841 9 2895 8 2956 9 3029 8 3094 9 3140 8 3206 9 3267 8 3317 9 3409 8 3443 9 3478 8 3543 9 3604 8 3670 9 3750 8 3800 9 3850 8 3915 9 3961 8 4019 9 4214 8 4260 9 4306 8 4364 9 4433 20 4447 8 4486 9 4536 8 4578 20 4586 9 4624 8 4689 9 4751 20 4789 8 4812 9 4881 20 4912 8 4935 9 4977 8 5035 20 5035 9 5123 8 5177 9 5211 20 5277 8 5280 9 5345 8 5372 20 5380 9 5575 8 5637 9 5725 20 5737 8 5767 9 5832 20 5867 8 5901 9 5959 20 6001 8 6020 9 6112 20 6120 8 6151 9 6235 20 6251 8 6289 9 6361 20 6389 20 7389
977 94 0 51 1 786 0 976 1 1284 0 1494 10 1774 11 1816 1 2170 0 2411 10 2629 11 2694 10 2752 11 2798 10 2855 11 2886 1 3091 20 3341 20 3347 0 3375 20 3391 20 3441 10 3473 11 3484 10 3668 20 3691 11 3707 10 3768 20 3818 11 3902 10 3964 11 4002 10 4067 11 4109 10 4178 11 4221 10 4286 11 4328 10 4397 11 4447 10 4516 11 4566 20 4568 10 4639 11 4688 20 4739 10 4765 11 4815 20 4865 10 4899 11 4938 20 4999 10 5018 11 5072 20 5118 10 5152 11 5195 20 5252 10 5260 11 5298 10 5352 20 5360 11 5440 10 5471 11 5532 20 5571 10 5586 11 5632 20 5686 10 5705 11 5758 20 5805 10 5827 11 5885 20 5927 10 5962 11 6015 20 6062 10 6088 11 6157 20 6188 10 6238 11 6284 20 6338 10 6364 11 6426 20 6464 10 6506 11 6564 20 6606 10 6675 11 6702 20 6775 20 7175 20 8175
978 22 20 250 20 256 20 300 0 322 20 550 10 565 11 619 10 668 11 722 1 892 0 1244 20 1315 10 1385 11 1397 10 1455 11 1474 20 1485 10 1527 11 1535 20 1627 20 2027 20 3027
979 106 20 250 20 256 0 280 20 300 10 544 20 550 11 590 10 652 11 702 20 702 10 717 11 886 10 943 11 989 10 1054 11 1097 10 1162 11 1208 10 1269 11 1319 10 1376 11 1430 20 1452 10 1491 11 1580 20 1591 10 1607 11 1656 10 1702 20 1707 11 1756 10 1825 11 1883 20 1925 10 1940 11 2032 20 2040 10 2074 11 2113 10 2170 20 2174 11 2251 10 2285 11 2331 20 2385 10 2404 11 2450 20 2504 10 2542 11 2588 20 2642 10 2653 11 2715 20 2753 10 2776 11 2860 20 2876 10 2899 11 2933 10 2995 20 2999 11 3102 10 3121 11 3159 20 3221 10 3225 20 3325 11 3436 10 3466 11 3535 20 3566 10 3585 11 3643 20 3685 10 3708 11 3796 20 3808 10 3834 11 3896 20 3934 10 3949 11 3999 20 4049 10 4064 11 4118 20 4164 10 4191 11 4252 20 4291 10 4321 11 4387 20 4421 10 4467 11 4525 20 4567 10 4617 11 4670 20 4717 10 4724 11 4736 20 4824 1 4890 0 5103 20 5224 20 6224 1 6231
980 36 0 118 1 1561 20 1811 20 1817 0 1847 20 1861 20 2111 8 2156 9 2199 20 2206 8 2260 9 2352 8 2367 9 2402 8 2467 9 2513 8 2578 9 2628 8 2697 9 2766 8 2831 9 2893 8 2946 20 2956 9 3012 8 3061 9 3130 20 3161 8 3196 20 3296 9 3322 8 3399 9 3483 20 3499 20 3899 20 4899
981 16 0 209 1 444 20 694 20 700 20 744 0 774 20 994 10 1066 11 1112 10 1166 11 1219 1 1397 0 1803 20 1816 20 2216 20 3216
982 84 20 250 0 295 16 417 20 467 20 473 20 517 20 567 10 609 11 655 10 716 11 747 10 804 20 817 11 846 10 911 11 950 20 961 10 1011 11 1061 10 1130 11 1161 10 1233 11 1276 10 1345 11 1395 10 1460 11 1506 10 1575 11 1625 10 1694 20 1711 11 1743 10 1816 11 1870 20 1916 10 1947 11 2000 20 2047 10 2066 11 2115 20 2166 10 2181 11 2234 20 2281 10 2288 11 2345 20 2388 10 2411 11 2464 20 2511 10 2529 11 2587 20 2629 10 2648 11 2710 20 2748 10 2775 11 2836 20 2875 10 2901 11 2970 20 3001 10 3051 11 3108 20 3151 10 3178 11 3243 20 3278 10 3327 11 3392 20 3427 10 3477 11 3542 20 3577 10 3622 11 3688 20 3722 10 3760 11 3826 20 3860 20 4260 1 4288 0 4525 20 5260
983 3 0 75 20 5075 20 6075
984 33 20 250 16 436 20 486 20 492 0 536 20 536 20 586 20 836 10 873 11 911 20 923 10 980 11 1003 10 1065 11 1115 10 1176 11 1226 10 1287 11 1329 10 1379 11 1429 10 1483 11 1544 10 1613 20 1673 11 1678 10 1747 11 1812 20 1847 20 2247 1 2917 0 3201 20 3247
985 67 20 250 0 411 16 420 20 470 20 476 20 520 20 570 10 673 11 700 20 820 8 1010 9 1037 20 1060 8 1118 9 1187 8 1294 9 1325 8 1409 9 1440 8 1509 9 1559 8 1628 9 1674 8 1750 9 1800 20 1810 8 1869 9 1923 20 1969 8 1988 9 2042 20 2088 8 2107 9 2161 20 2207 8 2226 9 2291 20 2326 8 2360 9 2418 20 2460 8 2479 9 2560 20 2579 8 2586 9 2652 20 2686 8 2713 9 2790 20 2813 8 2851 9 2916 20 2951 8 2985 9 3054 20 3085 8 3177 9 3185 8 3223 9 3227 20 3277 20 3677 1 4143 0 4217 1 4440 0 4558 20 4677
986 20 20 250 20 256 20 300 0 317 10 504 11 538 20 550 10 611 11 657 8 983 9 1017 8 1079 20 1111 9 1132 8 1205 9 1255 1 1467 0 1803 20 4111 20 5111
987 123 20 250 0 298 16 439 20 489 20 495 20 539 20 589 10 650 11 684 10 753 11 788 20 839 10 845 20 895 11 983 10 1052 11 1091 10 1156 11 1202 10 1271 11 1321 10 1394 11 1444 10 1509 11 1559 10 1616 20 1645 11 1670 10 1743 11 1793 20 1843 10 1862 11 1915 20 1962 10 1984 11 2042 20 2084 10 2111 11 2161 20 2211 10 2237 11 2287 20 2337 10 2352 11 2406 20 2452 10 2467 11 2529 20 2567 10 2594 11 2648 20 2694 10 2713 11 2763 20 2813 10 2828 11 2889 20 2928 10 2958 11 3016 20 3058 10 3085 11 3169 20 3185 10 3204 11 3292 20 3304 10 3323 11 3388 20 3423 10 3438 11 3491 20 3538 10 3557 11 3614 20 3657 10 3676 11 3733 20 3776 10 3794 11 3856 20 3894 10 3917 11 3986 20 4017 10 4047 11 4109 20 4147 10 4174 11 4239 20 4274 10 4304 11 4366 20 4404 10 4431 20 4531 11 4634 10 4669 11 4749 20 4769 10 4818 11 4883 20 4918 10 4956 11 5018 20 5056 10 5083 11 5148 20 5183 10 5209 11 5282 20 5309 10 5363 11 5436 20 5463 10 5505 11 5581 20 5605 10 5673 11 5731 20 5773 20 6173 20 7173
988 37 20 250 0 321 16 425 20 475 20 481 20 525 20 575 10 774 11 812 20 825 10 877 11 923 8 1261 9 1291 8 1364 20 1377 9 1391 8 1452 9 1494 8 1567 9 1609 8 1678 9 1721 8 1790 9 1832 8 1901 9 1947 8 2020 9 2066 8 2131 9 2204 8 2265 9 2338 8 2407 9 2460 20 4377 20 5377
989 135 20 250 16 400 20 450 20 456 0 479 20 500 20 550 20 800 10 906 11 940 20 956 10 1002 11 1032 10 1098 11 1124 10 1190 11 1232 10 1305 11 1347 10 1416 11 1462 10 1531 11 1577 10 1638 11 1692 20 1706 10 1742 11 1792 20 1842 10 1865 11 1907 20 1965 10 1972 11 2026 20 2072 10 2091 11 2148 20 2191 10 2217 11 2275 20 2317 10 2340 20 2440 11 2532 10 2574 11 2620 20 2674 10 2681 11 2735 20 2781 10 2796 11 2862 20 2896 10 2923 11 2981 20 3023 10 3046 11 3103 20 3146 10 3165 11 3226 20 3265 10 3287 11 3356 20 3387 10 3418 11 3464 20 3518 10 3537 11 3586 20 3637 10 3652 11 3713 20 3752 10 3778 11 3840 20 3878 10 3901 11 3981 20 4001 10 4024 11 4070 20 4124 10 4127 11 4192 20 4227 10 4246 11 4296 20 4346 10 4369 11 4415 20 4469 10 4476 11 4522 20 4576 10 4583 11 4649 20 4683 10 4706 11 4791 20 4806 10 4833 11 4875 20 4933 10 4936 11 5032 20 5036 10 5070 11 5109 10 5166 20 5170 11 5220 10 5274 20 5374 11 5408 10 5419 11 5454 20 5519 10 5523 11 5588 20 5623 10 5646 11 5730 20 5746 10 5807 11 5876 20 5907 10 5952 11 6037 20 6052 10 6106 11 6175 20 6206 20 6606 20 7606
990 209 20 250 16 405 0 424 20 455 20 461 20 505 20 555 10 727 11 769 20 805 10 830 20 880 11 957 10 1022 11 1060 10 1126 11 1176 10 1245 11 1291 10 1363 11 1406 10 1471 11 1574 10 1582 20 1630 11 1636 10 1701 11 1758 20 1801 10 1827 11 1881 20 1927 10 1954 11 2008 20 2054 10 2073 11 2142 20 2173 10 2211 11 2265 20 2311 10 2334 11 2391 10 2430 20 2434 11 2445 10 2449 20 2549 11 2556 10 2587 11 2625 10 2687 20 2687 11 2786 10 2813 11 2905 20 2913 10 2936 11 3005 20 3036 10 3051 11 3097 20 3151 10 3162 11 3220 20 3262 10 3281 11 3377 20 3381 10 3411 11 3457 20 3511 10 3523 11 3580 20 3623 10 3642 11 3734 20 3742 10 3768 11 3822 20 3868 10 3872 11 3968 20 3972 10 3991 20 4091 11 4102 10 4125 11 4163 10 4224 20 4225 11 4432 10 4466 20 4566 11 4573 10 4596 20 4696 11 4758 10 4823 11 4888 20 4923 10 4945 20 5045 11 5049 10 5076 11 5141 20 5176 10 5206 11 5287 20 5306 10 5367 11 5433 20 5467 10 5502 11 5571 20 5602 10 5636 11 5716 20 5736 10 5816 11 5877 20 5916 10 6100 11 6104 10 6161 20 6200 11 6211 10 6223 11 6253 10 6265 20 6323 11 6326 10 6391 11 6453 20 6491 10 6522 11 6587 20 6622 10 6694 11 6759 20 6794 10 6809 11 6817 10 6871 20 6909 11 6940 10 7012 11 7074 20 7112 10 7392 11 7453 20 7492 10 7526 11 7603 20 7626 20 8026 1 8121 0 8574 10 9003 11 9033 20 9103 1 9195 0 9447 10 9735 11 9766 20 9835 10 9854 11 9904 20 9954 10 9961 11 10000 10 10057 20 10061 11 10107 10 10529 11 10598 20 10629 10 10656 11 10713 20 10756 10 10767 11 10817 20 10867 1 11058 0 11587 10 11798 11 11821 10 11894 20 11898 11 11963 10 12021 11 12063 10 12105 20 12121 11 12170 1 12329 0 12816 10 13026 11 13087 20 13126 10 13144 11 13198 20 13244 10 13256 11 13302 10 13344 20 13356 11 13405 20 14356
991 23 20 250 20 256 0 260 20 300 10 519 20 550 11 568 10 630 11 680 10 737 11 783 20 1130 8 1217 9 1228 8 1473 9 1489 8 1608 9 1650 20 4130 8 4921 20 5021 9 5151 20 6021
992 56 20 250 16 417 20 467 20 473 20 517 0 533 20 567 10 754 11 793 20 817 8 1107 9 1142 20 1157 8 1207 9 1237 8 1291 9 1322 8 1391 9 1433 8 1502 9 1548 8 1625 9 1671 8 1736 9 1786 8 1851 9 1901 20 1907 8 1977 9 2035 20 2077 8 2100 9 2154 20 2200 8 2215 9 2265 20 2315 8 2326 9 2422 20 2426 8 2460 9 2530 20 2560 8 2595 9 2664 20 2695 8 2748 9 2809 20 2848 8 2882 9 2947 20 2982 1 3346 20 3382 0 3544 20 4382
993 10 20 250 20 256 20 300 0 466 1 485 20 550 0 650 20 1550 20 6550 20 6560
994 85 20 250 0 365 16 402 20 452 20 458 20 502 10 551 20 552 11 594 10 682 11 720 20 802 8 958 9 1000 20 1008 8 1061 9 1088 8 1150 9 1184 8 1253 9 1295 8 1376 9 1410 8 1479 9 1529 8 1606 9 1656 8 1725 20 1758 9 1782 8 1855 9 1905 20 1955 8 1978 9 2028 20 2078 8 2101 9 2158 20 2201 8 2235 9 2281 20 2335 8 2354 9 2404 20 2454 8 2469 9 2534 20 2569 8 2599 9 2657 20 2699 8 2733 9 2779 20 2833 8 2852 9 2906 20 2952 8 2979 9 3036 20 3079 8 3098 9 3171 20 3198 8 3232 9 3309 20 3332 8 3381 9 3443 20 3481 8 3516 9 3585 20 3616 8 3661 9 3730 20 3761 8 3799 9 3872 20 3899 8 3964 9 4030 20 4064 1 4437 20 4464 0 4774 20 5464
995 78 20 250 20 256 0 262 20 300 20 550 8 569 9 615 20 619 8 676 9 714 8 768 9 810 8 872 9 918 8 983 9 1029 8 1094 9 1144 8 1213 9 1267 8 1336 20 1369 9 1378 8 1432 9 1512 20 1532 8 1543 9 1620 20 1643 8 1666 9 1715 20 1766 8 1781 9 1842 20 1881 8 1907 9 1968 20 2007 8 2041 9 2107 20 2141 8 2179 9 2237 20 2279 8 2306 9 2363 20 2406 8 2432 9 2505 20 2532 8 2590 9 2640 20 2690 8 2709 9 2785 20 2809 8 2827 9 2889 20 2927 8 2962 9 3019 20 3062 8 3104 9 3173 20 3204 8 3257 9 3303 20 3357 8 3395 9 3456 20 3495 8 3564 9 3598 20 3664 1 3924 20 4064 0 4103 20 5064
996 62 0 201 1 206 0 282 1 525 20 775 20 781 0 811 20 825 10 1017 11 1059 20 1075 10 1121 20 1171 11 1190 10 1247 11 1270 10 1328 11 1370 10 1427 11 1473 10 1535 11 1585 10 1650 11 1707 10 1780 11 1819 10 1876 20 1921 11 1960 10 1999 11 2045 20 2099 10 2106 11 2160 10 2198 11 2206 20 2206 10 2214 11 2298 20 2314 10 2344 11 2398 20 2444 10 2478 11 2532 20 2578 10 2605 11 2658 20 2705 10 2739 11 2796 20 2839 10 2869 11 2923 20 2969 10 2992 11 3061 20 3092 20 3492 1 3569 0 3942 20 4492
997 75 20 250 0 356 16 413 20 463 20 469 20 513 10 555 20 563 11 612 10 681 11 716 10 773 11 812 20 813 10 861 20 911 11 1214 10 1283 11 1333 10 1402 11 1452 10 1521 11 1571 10 1644 20 1661 11 1690 10 1763 11 1809 20 1863 10 1878 11 1920 20 1978 10 1981 11 2058 20 2081 10 2111 11 2169 20 2211 10 2250 11 2292 20 2350 10 2365 11 2414 20 2465 10 2480 11 2560 20 2580 10 2621 11 2675 20 2721 10 2740 11 2798 20 2840 10 2863 20 2963 11 3147 10 3204 11 3285 20 3304 10 3350 11 3415 20 3450 10 3484 11 3546 20 3584 10 3615 11 3684 20 3715 10 3757 11 3822 20 3857 1 4188 20 4257 0 4424 20 5257
998 65 20 250 20 256 0 297 20 300 20 550 8 598 9 636 20 648 8 705 9 755 8 828 9 843 8 912 9 958 8 1023 9 1073 8 1142 9 1192 8 1265 9 1323 8 1395 20 1398 9 1438 8 1499 9 1556 20 1599 8 1625 9 1683 20 1725 8 1752 9 1813 20 1852 8 1898 9 1948 8 1971 9 1997 20 1998 8 2017 9 2074 20 2117 8 2143 9 2204 20 2243 8 2281 9 2331 20 2381 8 2404 9 2408 8 2411 9 2484 20 2504 8 2565 9 2622 20 2665 8 2699 9 2768 20 2799 8 2849 9 2918 20 2949 8 3010 9 3063 20 3110 20 3510 20 4510
999 126 0 237 10 481 11 531 10 592 11 646 10 1183 11 1248 1 1418 20 1668 20 1674 20 1718 0 1737 10 1923 20 1968 11 1980 10 2038 20 2088 11 2111 10 2115 11 2191 10 2245 11 2283 10 2341 11 2391 10 2452 11 2494 10 2548 11 2602 10 2667 11 2717 10 2786 20 2838 11 2981 10 3012 11 3050 20 3112 10 3119 11 3169 20 3219 10 3227 20 3327 11 3346 10 3357 11 3403 20 3457 10 3472 11 3522 20 3572 10 3587 11 3637 20 3687 10 3698 11 3798 20 3798 10 3840 11 3879 20 3940 10 3944 11 3994 20 4044 10 4055 20 4155 11 4166 10 4189 11 4231 20 4289 10 4293 11 4346 20 4393 10 4408 20 4508 11 4511 10 4538 11 4573 10 4634 20 4638 11 4722 10 4760 11 4833 20 4860 10 4887 11 4933 20 4987 10 4994 20 5094 11 5190 10 5244 11 5278 20 5344 10 5347 20 5447 11 5562 10 5593 11 5631 20 5693 10 5696 20 5796 11 5834 10 5838 11 5876 20 5938 10 5957 11 6010 20 6057 10 6080 11 6164 20 6180 10 6206 11 6264 20 6306 10 6336 11 6398 20 6436 10 6467 11 6555 20 6567 10 6624 11 6708 20 6724 10 6797 11 6862 20 6897 20 7297 1 7553 0 8057 20 8297
1000 53 20 250 20 256 20 300 0 312 10 505 20 550 11 555 10 616 20 666 11 685 10 704 11 769 10 827 11 869 10 927 11 973 10 1026 11 1084 10 1145 11 1191 10 1253 11 1345 10 1364 20 1416 11 1467 10 1498 11 1529 10 1590 20 1598 11 1678 10 1732 11 1763 10 1828 20 1832 11 1916 10 1962 11 2027 20 2062 10 2096 11 2165 20 2196 10 2231 11 2303 20 2331 10 2395 11 2453 10 2480 11 2491 20 2495 1 2661 20 2895 0 2911 20 3895
1001 70 20 250 20 256 0 277 20 300 10 386 11 425 10 528 20 550 11 574 10 636 20 686 11 689 10 697 11 877 10 935 11 981 10 1042 11 1103 10 1161 11 1215 10 1287 11 1341 10 1406 20 1436 11 1502 10 1525 11 1598 20 1625 10 1648 11 1702 20 1748 10 1771 11 1821 20 1871 10 1886 11 1978 20 1986 10 2020 11 2101 20 2120 10 2150 11 2204 20 2250 10 2277 11 2346 20 2377 10 2423 11 2480 20 2523 10 2561 11 2622 20 2661 10 2703 11 2764 20 2803 10 2841 11 2910 20 2941 10 2990 11 3059 20 3090 10 3159 11 3205 10 3243 11 3259 20 3259 1 3453 0 3602 20 3659 20 4659
1002 78 0 18 1 193 20 443 20 449 0 457 20 493 10 670 11 716 20 743 10 777 20 827 11 831 10 846 11 926 10 984 11 1053 10 1080 11 1153 10 1191 11 1241 10 1302 11 1360 10 1417 11 1471 10 1540 20 1577 11 1594 10 1663 11 1716 20 1763 10 1778 20 1878 11 1981 10 2031 11 2081 20 2131 10 2150 20 2250 11 2372 10 2414 11 2453 20 2514 10 2518 20 2618 11 2637 10 2664 11 2706 20 2764 10 2779 11 2836 20 2879 10 2901 20 3001 11 3093 10 3162 11 3258 20 3262 10 3281 11 3292 10 3308 11 3335 20 3381 10 3404 11 3469 20 3504 10 3530 11 3591 20 3630 10 3672 11 3741 20 3772 10 3818 11 3887 20 3918 1 4034 0 4230 20 4318 20 5318
1003 58 20 250 0 271 16 416 20 466 20 472 20 516 10 523 11 562 20 566 10 654 11 742 10 749 11 784 20 816 10 841 11 884 20 891 10 941 11 995 10 1056 11 1095 10 1164 11 1206 10 1275 11 1325 10 1394 11 1444 10 1513 11 1559 10 1624 20 1641 11 1674 10 1735 11 1796 20 1835 10 1858 20 1958 11 1965 10 1988 11 2042 20 2088 10 2103 11 2161 20 2203 10 2230 20 2330 11 2418 10 2479 11 2548 20 2579 10 2621 11 2690 20 2721 10 2782 11 2836 20 2882 20 3282 20 4282
1004 80 20 250 16 401 0 428 20 451 20 457 20 501 10 550 20 551 11 566 10 704 11 738 20 801 10 807 20 857 11 945 10 1003 11 1041 10 1106 11 1152 10 1229 11 1279 10 1344 11 1398 10 1471 11 1517 10 1582 20 1607 11 1635 10 1693 11 1743 20 1793 10 1812 11 1858 20 1912 10 1927 11 1984 20 2027 10 2042 11 2115 20 2142 10 2191 11 2237 20 2291 10 2303 11 2356 20 2403 10 2429 20 2529 11 2606 10 2659 11 2709 20 2759 10 2774 11 2828 20 2874 10 2885 11 2954 20 2985 10 3024 11 3100 20 3124 10 3177 11 3227 20 3277 10 3296 11 3361 20 3396 10 3422 11 3495 20 3522 10 3564 11 3633 20 3664 10 3706 11 3783 20 3806 1 4057 20 4206 0 4777 20 5206
1005 99 20 250 20 256 20 300 0 313 10 517 20 550 11 563 10 625 20 675 11 694 10 744 11 786 10 847 11 889 10 955 11 997 10 1062 11 1104 10 1158 11 1219 10 1277 11 1323 10 1384 20 1425 11 1472 10 1511 11 1557 20 1611 10 1626 11 1672 20 1726 10 1733 20 1833 11 1844 10 1867 11 1906 10 1963 20 1967 11 2163 10 2197 11 2232 10 2293 20 2297 11 2404 10 2443 11 2489 20 2543 10 2554 20 2654 11 2661 10 2711 11 2746 10 2811 20 2811 11 2914 10 2953 11 2983 10 3045 20 3053 11 3137 10 3168 11 3210 20 3268 10 3271 11 3359 20 3371 10 3409 11 3451 20 3509 10 3516 20 3616 11 3628 10 3654 11 3716 20 3754 10 3819 11 3888 10 3908 20 3919 11 3931 10 3957 11 4046 20 4057 10 4092 11 4153 20 4192 10 4222 11 4291 20 4322 10 4360 11 4437 20 4460 10 4525 11 4590 20 4625 1 4809 20 5025 0 5076 20 6025
1006 96 20 250 20 256 20 300 0 309 20 550 8 641 9 687 20 691 8 749 9 795 8 856 9 894 8 963 9 1002 8 1067 9 1113 8 1182 9 1228 8 1297 9 1351 8 1424 20 1441 9 1474 8 1543 9 1596 20 1643 8 1661 9 1746 20 1761 8 1784 9 1861 20 1884 8 1907 9 1972 20 2007 8 2041 9 2099 20 2141 8 2168 9 2237 20 2268 8 2290 9 2333 20 2390 8 2405 9 2451 20 2505 8 2520 9 2589 20 2620 8 2731 9 2785 20 2831 8 2850 9 2946 20 2950 8 3004 9 3034 20 3104 8 3111 9 3153 20 3211 8 3218 9 3310 20 3318 8 3349 9 3414 20 3449 8 3483 9 3579 20 3583 8 3629 9 3675 20 3729 8 3751 9 3805 20 3851 8 3878 9 3939 20 3978 8 4024 9 4089 20 4124 8 4162 9 4231 20 4262 8 4303 9 4380 20 4403 8 4461 9 4526 20 4561 1 4740 20 4961 0 5008 20 5961
1007 76 20 250 0 263 16 404 20 454 20 460 20 504 20 554 10 734 11 749 20 804 10 822 11 856 20 872 10 918 11 1021 10 1025 11 1059 10 1128 11 1174 10 1247 11 1297 10 1370 11 1420 10 1493 11 1542 10 1608 20 1622 11 1658 10 1723 11 1776 20 1823 10 1845 11 1903 20 1945 10 1972 11 2022 20 2072 10 2091 11 2133 20 2191 10 2202 11 2259 20 2302 10 2328 11 2390 20 2428 10 2470 11 2520 20 2570 10 2585 11 2662 20 2685 10 2731 20 2831 11 2900 10 2965 11 3011 20 3065 10 3080 11 3145 10 3168 11 3180 20 3180 10 3222 11 3291 20 3322 10 3375 11 3452 20 3475 10 3536 11 3586 20 3636 20 4036 1 4041 0 4147 20 5036
1008 40 20 250 0 252 20 256 20 300 10 523 20 550 11 553 10 618 11 668 10 726 11 768 10 825 11 856 10 906 11 952 1 1130 0 1253 20 1368 1 1369 0 1510 20 1768 10 1769 11 1834 20 1869 10 1892 11 1930 10 1972 20 1992 11 2041 1 2247 0 2565 10 2682 11 2716 10 2781 20 2782 11 2850 10 2908 11 2958 20 3008 20 4008
1009 117 0 233 1 2334 20 2584 20 2590 0 2604 20 2634 8 2882 20 2884 9 2924 8 2990 20 3040 9 3047 8 3112 9 3147 8 3216 9 3250 8 3316 9 3358 8 3423 9 3465 8 3527 9 3580 8 3645 9 3691 8 3757 20 3790 9 3806 8 3879 9 3921 20 3979 8 3990 20 4090 9 4159 8 4221 9 4274 20 4321 8 4339 9 4389 20 4439 8 4451 9 4524 20 4551 8 4577 9 4619 20 4677 8 4685 9 4750 20 4785 8 4807 9 4849 8 4903 20 4907 9 4991 8 5037 9 5091 20 5137 8 5145 9 5202 8 5218 9 5233 20 5245 8 5271 9 5329 20 5371 8 5394 9 5459 20 5494 8 5532 9 5589 20 5632 8 5662 9 5716 20 5762 8 5785 9 5850 20 5885 8 5919 9 5969 20 6019 8 6030 9 6111 20 6130 8 6149 9 6199 20 6249 8 6268 9 6310 20 6368 8 6376 9 6475 20 6476 8 6510 9 6560 20 6610 8 6629 9 6686 20 6729 8 6755 9 6820 20 6855 8 6889 9 6970 20 6989 8 7043 9 7104 20 7143 8 7192 9 7254 20 7292 1 7563 20 7692 0 7747 1 8331 0 8486 1 8501 0 8583 20 8692
1010 17 20 250 0 253 20 256 20 300 20 550 1 1277 0 1318 20 1550 1 1732 0 2073 10 2286 11 2348 10 2409 11 2459 20 3036 20 3436 20 4436
1011 81 20 250 0 354 16 401 20 451 20 457 20 501 20 551 20 801 20 1801 10 1831 11 1869 20 1881 10 1930 11 1957 10 2118 11 2160 10 2225 11 2275 10 2340 11 2394 10 2459 11 2505 10 2571 11 2617 20 2631 10 2674 11 2724 20 2774 10 2785 11 2843 20 2885 10 2893 11 2950 20 2993 10 3015 11 3065 20 3115 10 3130 11 3184 20 3230 10 3242 20 3342 11 3449 10 3495 11 3556 20 3595 10 3625 11 3679 20 3725 10 3748 11 3794 20 3848 10 3882 11 3932 20 3982 10 3993 11 4066 20 4093 10 4108 11 4169 20 4208 10 4235 20 4335 11 4392 10 4461 11 4515 20 4561 10 4576 11 4637 20 4676 10 4695 20 4795 11 4890 10 4921 11 4982 20 5021 10 5070 11 5124 20 5170 20 5570 20 6570
1012 54 20 250 0 392 16 408 20 458 20 464 10 496 11 500 20 508 10 511 11 531 20 558 10 607 11 661 10 722 11 776 20 808 8 1102 9 1136 20 1152 8 1213 9 1240 8 1305 9 1336 8 1405 9 1447 8 1512 9 1562 8 1631 9 1685 8 1754 9 1811 8 1876 20 1902 9 1930 8 2015 9 2068 20 2115 8 2137 9 2191 20 2237 8 2252 9 2314 20 2352 8 2371 9 2440 20 2471 8 2505 9 2578 20 2605 8 2655 9 2724 20 2755 20 3155 20 4155
1013 91 20 250 20 256 0 282 20 300 20 550 8 624 20 674 9 678 8 735 9 835 8 839 9 877 8 938 9 984 8 1050 9 1099 8 1165 9 1211 8 1284 9 1330 8 1391 20 1424 9 1448 8 1506 9 1583 20 1606 8 1648 20 1748 9 1755 8 1778 9 1847 8 1878 20 1878 9 1958 8 2004 9 2047 20 2104 8 2108 9 2177 20 2208 8 2223 9 2303 20 2323 8 2349 9 2411 20 2449 8 2461 9 2511 20 2561 8 2564 20 2664 9 2790 8 2821 20 2921 9 3024 8 3047 9 3105 20 3147 8 3174 9 3243 8 3266 20 3274 9 3293 8 3301 20 3401 9 3404 8 3431 9 3481 20 3531 8 3546 9 3607 20 3646 8 3676 9 3734 20 3776 8 3803 9 3864 20 3903 8 3945 9 4018 20 4045 8 4094 9 4167 20 4194 8 4252 9 4317 20 4352 1 4487 0 4632 20 4752 20 5752
1014 92 20 250 0 273 16 410 20 460 20 466 20 510 20 560 10 789 20 810 11 820 10 893 11 920 20 943 10 985 11 1092 10 1096 11 1188 10 1200 11 1246 10 1315 11 1364 10 1441 11 1476 10 1552 11 1594 10 1660 20 1693 11 1721 10 1782 11 1840 20 1882 10 1905 11 1978 20 2005 10 2047 11 2104 20 2147 10 2173 11 2223 20 2273 10 2296 11 2346 20 2396 10 2419 11 2473 20 2519 10 2542 11 2591 20 2642 10 2657 11 2726 20 2757 10 2783 11 2844 20 2883 10 2917 11 2959 20 3017 10 3028 20 3128 11 3209 10 3278 11 3324 20 3378 10 3396 11 3477 20 3496 10 3523 11 3573 20 3623 10 3646 11 3707 20 3746 10 3772 11 3834 20 3872 10 3914 11 3979 20 4014 10 4048 11 4129 20 4148 10 4209 11 4286 20 4309 10 4355 11 4424 20 4455 20 4855 1 5024 0 5241 20 5855
1015 18 20 250 20 256 20 300 0 316 20 550 1 555 0 869 10 1037 11 1095 10 1110 11 1122 10 1160 11 1218 20 1787 20 2187 1 2661 0 2994 20 3187
1016 69 20 250 20 256 0 296 20 300 20 550 10 646 11 689 20 696 10 700 11 788 10 846 11 880 10 949 11 992 10 1057 11 1103 10 1168 11 1218 10 1287 11 1337 10 1410 20 1446 11 1467 10 1536 11 1586 20 1636 10 1651 11 1705 20 1751 10 1766 11 1831 20 1866 10 1900 11 1966 20 2000 10 2031 11 2092 20 2131 10 2161 11 2238 20 2261 10 2307 11 2376 20 2407 10 2445 11 2487 20 2545 10 2556 11 2614 20 2656 10 2683 11 2748 20 2783 10 2821 11 2894 20 2921 10 2986 11 3058 20 3086 10 3127 11 3200 20 3227 10 3277 11 3338 20 3377 1 3772 20 3777 0 3900 20 4777
1017 16 20 250 20 256 0 288 20 300 10 506 20 550 11 556 10 613 11 667 10 725 11 794 1 994 20 1113 0 1779 20 4113 20 5113
1018 120 20 250 16 416 20 466 20 472 0 485 20 516 20 566 10 608 11 646 20 816 10 926 11 953 20 976 10 1010 11 1140 10 1206 11 1248 10 1332 11 1367 10 1455 11 1489 10 1558 11 1601 10 1658 11 1704 20 1726 10 1762 11 1815 20 1862 10 1892 11 1938 20 1992 10 2026 11 2072 20 2126 10 2137 11 2203 20 2237 10 2256 11 2306 20 2356 10 2383 11 2436 20 2483 10 2513 11 2567 20 2613 10 2636 11 2686 20 2736 10 2759 11 2816 20 2859 10 2881 11 2935 20 2981 10 3012 11 3065 20 3112 10 3142 11 3192 20 3242 10 3265 11 3322 20 3365 10 3395 11 3456 20 3495 10 3518 20 3618 11 3621 10 3648 11 3706 20 3748 10 3752 11 3786 10 3851 20 3852 11 3913 10 3970 11 4066 20 4070 10 4116 11 4162 20 4216 10 4235 11 4288 20 4335 10 4354 20 4454 11 4564 10 4610 11 4660 20 4710 10 4726 11 4787 20 4826 10 4860 11 4917 20 4960 10 4986 11 5048 20 5086 10 5113 11 5197 20 5213 10 5243 11 5305 20 5343 10 5381 11 5446 20 5481 10 5519 11 5600 20 5619 10 5700 11 5746 20 5800 20 6200 20 7200
1019 49 0 108 1 1798 20 2048 20 2054 20 2098 0 2127 20 2348 10 2374 20 2424 11 2428 10 2436 11 2535 10 2593 11 2631 10 2696 11 2739 10 2815 11 2858 10 2930 11 2980 10 3045 11 3099 10 3157 20 3174 11 3218 10 3287 11 3348 20 3387 10 3406 11 3467 20 3506 10 3536 11 3602 20 3636 10 3690 11 3751 20 3790 10 3820 11 3885 20 3920 10 3947 11 4027 20 4047 1 4386 20 4447 0 4799 1 5131 0 5424 20 5447
1020 109 0 159 1 451 20 701 20 707 20 751 0 809 20 1001 10 1037 11 1052 10 1075 20 1087 11 1125 10 1133 11 1186 10 1194 11 1229 10 1286 11 1332 10 1393 11 1439 10 1508 11 1562 10 1635 11 1685 10 1754 11 1804 20 1837 10 1861 11 1915 20 1961 10 1976 11 2022 20 2076 10 2087 20 2187 11 2206 10 2226 11 2275 20 2326 10 2333 11 2383 20 2433 10 2448 11 2509 20 2548 10 2578 20 2678 11 2697 10 2724 11 2778 20 2824 10 2851 11 2901 20 2951 10 2977 11 3039 20 3077 10 3119 11 3211 20 3219 10 3257 11 3296 20 3357 10 3376 11 3426 20 3476 10 3499 11 3549 20 3599 10 3618 20 3718 11 3733 10 3775 11 3821 20 3875 10 3890 11 3955 20 3990 10 4032 11 4086 20 4132 10 4155 11 4220 20 4255 10 4289 11 4358 20 4389 10 4439 11 4496 20 4539 10 4573 11 4638 20 4673 10 4715 11 4780 20 4815 10 4853 11 4937 20 4953 10 5006 11 5075 20 5106 10 5171 11 5221 20 5271 1 5383 0 5618 20 5671 20 6671
1021 46 20 250 20 256 20 300 0 327 20 550 8 617 20 667 9 675 8 732 9 778 8 839 9 874 8 939 9 978 8 1043 9 1089 8 1154 9 1204 8 1273 20 1417 9 1488 8 1503 20 1603 9 1706 8 1752 20 1852 9 1860 8 1879 9 1952 20 1979 8 2028 9 2090 20 2128 8 2162 9 2235 20 2262 8 2316 9 2377 20 2416 8 2450 9 2523 20 2550 1 2773 20 2950 0 3054 20 3950
1022 18 0 49 1 128 20 378 20 384 0 405 20 428 20 678 10 680 11 730 10 749 11 799 10 860 11 914 1 1071 20 1180 0 1436 20 4180 20 5180
1023 66 20 250 0 308 16 408 20 458 20 464 20 508 20 558 10 726 11 753 20 808 10 818 20 868 11 956 10 1014 11 1052 10 1121 11 1163 10 1236 11 1286 10 1359 11 1409 10 1481 11 1531 10 1600 20 1618 11 1646 10 1723 11 1769 20 1823 10 1842 11 1896 20 1942 10 1969 11 2022 20 2069 10 2091 11 2141 20 2191 10 2206 11 2256 20 2306 10 2321 11 2375 20 2421 10 2456 11 2513 20 2556 10 2578 11 2647 20 2678 10 2716 11 2781 20 2816 10 2870 11 2939 20 2970 10 3008 11 3081 20 3108 10 3161 11 3238 20 3261 20 3661 1 3722 0 4207 20 4661
1024 81 20 250 0 263 16 416 20 466 20 472 20 516 20 566 20 816 8 1091 20 1141 9 1221 8 1294 9 1321 8 1401 9 1444 8 1516 9 1562 8 1632 9 1685 8 1758 9 1812 20 1891 8 1896 9 1950 20 1996 8 2023 9 2076 20 2123 8 2149 9 2207 20 2249 8 2283 9 2341 20 2383 8 2422 9 2479 20 2522 8 2556 9 2617 20 2656 8 2690 9 2755 20 2790 8 2824 9 2893 20 2924 8 2978 9 3027 20 3078 8 3096 20 3196 9 3284 8 3353 9 3403 20 3453 8 3476 9 3534 20 3576 8 3606 20 3706 9 3721 8 3733 9 3810 20 3833 8 3886 9 3959 20 3986 8 4040 9 4120 20 4140 8 4205 9 4289 20 4305 8 4377 9 4454 20 4477 8 4615 9 4634 20 4715 20 5115 20 6115
1025 3 0 62 20 5062 20 6062
1026 58 20 250 16 404 20 454 20 460 20 504 0 540 20 554 10 753 11 783 20 804 10 856 11 887 20 906 10 948 11 1048 10 1059 11 1094 10 1174 11 1217 10 1293 11 1347 10 1420 11 1470 10 1542 11 1592 20 1656 10 1661 11 1707 20 1761 10 1784 11 1842 20 1884 10 1926 11 1980 20 2026 10 2052 11 2106 20 2152 10 2183 11 2263 20 2283 10 2313 11 2359 20 2413 10 2436 11 2493 20 2536 10 2566 11 2658 20 2666 10 2739 11 2812 20 2839 10 2904 11 2969 20 3004 20 3404 20 4404
1027 58 0 210 1 911 20 1161 20 1167 20 1211 0 1261 10 1452 20 1461 11 1463 10 1532 20 1582 11 1594 10 1651 11 1793 10 1858 11 1904 10 1969 11 2023 10 2088 11 2134 10 2199 11 2318 20 2332 10 2337 11 2383 20 2437 10 2445 11 2499 20 2545 10 2571 11 2629 20 2671 10 2694 20 2794 11 2893 10 2947 11 3043 20 3047 10 3085 11 3127 20 3185 10 3200 11 3250 20 3300 10 3323 11 3380 20 3423 10 3453 20 3553 11 3557 10 3614 11 3657 20 3714 10 3741 11 3806 20 3841 20 4241 20 5241
1028 37 20 250 0 274 16 400 20 450 20 456 20 500 20 550 20 800 10 802 11 837 10 845 20 852 11 925 10 998 11 1025 10 1098 11 1136 10 1209 11 1259 10 1332 11 1374 10 1435 11 1489 10 1550 20 1602 11 1619 10 1688 11 1753 20 1788 10 1834 11 1903 20 1934 10 2010 11 2076 20 2110 20 2510 20 3510
1029 79 20 250 20 256 0 288 20 300 20 550 8 608 9 639 20 658 8 716 9 758 8 827 9 861 8 934 9 984 8 1053 9 1103 8 1176 9 1226 8 1306 9 1364 20 1408 8 1440 9 1494 20 1540 8 1571 9 1632 20 1671 8 1724 9 1774 20 1824 8 1855 9 1904 20 1955 8 1981 9 2054 20 2081 8 2111 9 2157 20 2211 8 2227 9 2288 8 2299 20 2327 9 2483 8 2533 9 2587 20 2633 8 2671 9 2729 20 2771 8 2809 9 2863 20 2909 8 2947 9 2997 20 3047 8 3074 9 3132 20 3174 8 3216 9 3285 20 3316 8 3362 9 3415 20 3462 8 3500 9 3565 20 3600 8 3642 9 3726 20 3742 8 3814 9 3891 20 3914 8 3971 9 4040 20 4071 20 4471 20 5471
1030 53 20 250 0 326 16 414 20 464 20 470 20 514 20 564 20 814 10 1020 11 1054 20 1070 10 1123 11 1158 10 1430 11 1480 10 1556 11 1595 20 1820 10 2039 11 2097 20 2139 10 2158 11 2220 20 2258 10 2300 11 2350 20 2400 10 2423 11 2511 20 2523 10 2545 11 2584 20 2645 10 2664 11 2714 20 2764 10 2783 11 2833 20 2883 10 2906 11 2952 20 3006 10 3029 11 3090 20 3129 10 3155 11 3209 20 3255 10 3289 11 3370 20 3389 20 3789 20 4789
1031 16 20 250 20 256 0 276 20 300 20 550 10 587 11 637 10 706 11 756 8 990 9 1013 20 1087 8 1101 9 1158 20 4087 20 5087
1032 82 20 250 16 411 0 458 20 461 20 467 20 511 20 561 20 811 8 1017 9 1043 20 1067 8 1116 9 1155 8 1220 9 1247 8 1327 9 1358 8 1431 9 1477 8 1550 9 1599 8 1676 9 1730 8 1795 20 1817 9 1849 8 1922 9 1975 20 2022 8 2044 9 2094 20 2144 8 2163 9 2217 20 2263 8 2286 20 2386 9 2389 8 2405 9 2454 20 2505 8 2520 9 2581 20 2620 8 2638 9 2730 20 2738 8 2773 9 2826 20 2873 8 2903 9 2960 20 3003 8 3033 9 3118 20 3133 8 3168 9 3225 20 3268 8 3294 9 3355 20 3394 8 3428 9 3509 20 3528 8 3559 9 3643 20 3659 8 3674 9 3743 20 3774 8 3819 9 3884 20 3919 8 3953 9 4038 20 4053 8 4141 9 4195 20 4241 20 4641 20 5641
1033 62 20 250 16 420 20 470 20 476 20 520 0 531 20 570 20 820 10 999 11 1049 20 1049 10 1114 11 1148 10 1217 11 1252 10 1325 11 1371 10 1444 11 1493 10 1566 11 1608 10 1674 11 1727 20 1799 10 1800 11 1858 20 1900 10 1938 11 1996 20 2038 10 2069 11 2130 20 2169 10 2214 11 2253 20 2314 10 2318 11 2379 20 2418 10 2440 20 2540 11 2559 10 2579 20 2679 11 2801 10 2843 11 2916 20 2943 10 2997 11 3066 20 3097 10 3150 11 3207 20 3250 10 3284 11 3353 20 3384 10 3441 11 3510 20 3541 20 3941 20 4941
1034 97 20 250 20 256 20 300 0 435 20 550 10 706 20 756 11 775 10 825 11 863 10 925 11 967 10 1036 11 1093 10 1162 11 1212 10 1274 11 1369 10 1408 11 1465 20 1506 10 1534 11 1596 20 1634 10 1680 11 1745 20 1780 10 1818 20 1918 11 1922 10 1952 11 2021 20 2052 10 2083 11 2129 20 2183 10 2202 11 2267 20 2302 10 2328 11 2424 20 2428 10 2478 11 2562 20 2578 10 2612 11 2654 20 2712 10 2731 20 2831 11 2834 10 2873 11 2915 20 2973 10 3003 11 3072 20 3103 10 3141 11 3237 20 3241 10 3275 11 3364 20 3375 10 3402 11 3448 20 3502 10 3525 11 3613 20 3625 10 3674 11 3736 20 3774 10 3812 11 3908 20 3912 10 3970 11 4031 20 4070 10 4115 11 4200 20 4215 10 4288 11 4361 20 4388 10 4449 11 4529 20 4549 10 4621 11 4687 20 4721 10 4775 11 4844 20 4875 20 5275 1 5432 0 5748 20 6275
1035 64 20 250 20 256 20 300 0 314 10 529 20 550 11 586 10 651 20 701 11 812 10 866 11 904 10 973 11 1023 10 1089 11 1169 10 1250 11 1288 10 1365 11 1403 20 1451 10 1495 11 1537 20 1595 10 1625 11 1687 20 1725 10 1764 11 1817 20 1864 10 1925 11 1982 20 2025 10 2070 11 2135 20 2170 10 2228 11 2297 20 2328 10 2381 11 2458 20 2481 10 2553 11 2611 20 2653 10 2695 11 2764 20 2795 10 2853 11 2906 20 2953 10 3029 11 3090 20 3129 10 3198 11 3267 20 3298 10 3382 11 3424 20 3482 1 3684 0 3754 20 3882 20 4882
1036 61 20 250 20 256 0 292 20 300 20 550 10 566 20 616 11 624 10 685 11 716 10 781 11 819 10 888 11 938 10 1003 11 1076 10 1122 11 1172 10 1249 11 1302 20 1366 10 1383 11 1463 20 1483 10 1502 11 1590 20 1602 10 1640 11 1682 20 1740 10 1759 11 1843 20 1859 10 1904 11 1966 20 2004 10 2066 11 2131 20 2166 10 2234 11 2303 20 2334 10 2392 11 2464 20 2492 10 2556 11 2568 10 2572 11 2656 20 2656 10 2802 11 2852 20 2902 10 2963 11 3043 20 3063 10 3166 11 3208 20 3266 20 3666 20 4666
1037 81 20 250 0 354 16 406 20 456 20 462 20 506 20 556 10 559 11 617 10 690 11 759 20 806 10 828 11 855 20 878 10 924 11 958 10 1023 11 1058 10 1127 11 1177 10 1250 11 1299 10 1372 11 1426 10 1514 11 1564 20 1628 10 1629 11 1695 20 1729 10 1764 11 1829 20 1864 10 1898 11 1971 20 1998 10 2024 20 2124 11 2136 10 2159 11 2224 20 2259 10 2308 11 2370 20 2408 10 2450 11 2519 20 2550 10 2604 11 2673 20 2704 10 2757 11 2826 20 2857 10 2907 11 2983 20 3007 10 3072 11 3133 20 3172 10 3214 20 3314 11 3317 10 3332 11 3413 20 3432 10 3467 11 3543 20 3567 10 3609 11 3701 20 3709 10 3777 11 3858 20 3877 10 3942 11 4015 20 4042 20 4442 20 5442
1038 17 20 250 20 256 0 267 20 300 10 507 11 549 20 550 10 614 11 672 1 1114 20 1114 0 1648 1 2872 0 3678 20 4114 1 4503 20 5114
1039 57 20 250 20 256 20 300 0 434 20 550 10 689 20 739 11 743 10 827 11 877 10 942 11 985 10 1046 11 1092 10 1157 11 1334 10 1403 11 1460 20 1489 10 1529 20 1629 11 1637 10 1660 20 1760 11 1763 10 1809 11 1878 20 1909 10 1959 11 2035 20 2059 10 2116 11 2189 20 2216 10 2266 11 2338 20 2366 10 2415 11 2476 20 2515 10 2553 11 2615 20 2653 10 2691 20 2791 11 2802 10 2845 11 2906 20 2945 10 2975 20 3075 11 3082 10 3144 11 3205 20 3244 20 3644 20 4644
1040 124 20 250 16 417 20 467 20 473 0 477 20 517 20 567 10 689 11 731 10 804 20 817 11 858 8 1230 9 1268 20 1280 8 1341 9 1375 8 1444 9 1464 8 1536 9 1579 8 1655 9 1701 8 1778 9 1828 8 1905 9 1958 20 2030 8 2031 9 2089 20 2131 8 2165 9 2231 20 2265 8 2303 9 2361 20 2403 8 2418 9 2503 20 2518 8 2533 9 2587 20 2633 8 2656 9 2710 20 2756 8 2783 9 2833 20 2883 8 2909 20 3009 9 3013 8 3040 9 3109 20 3140 8 3181 9 3239 20 3281 8 3316 9 3369 20 3416 8 3435 9 3519 20 3535 8 3557 9 3645 20 3657 8 3695 9 3745 20 3795 8 3807 9 3902 20 3907 8 3925 9 4025 20 4025 8 4071 9 4125 20 4171 8 4186 20 4286 9 4290 8 4336 9 4405 20 4436 8 4462 20 4562 9 4566 8 4592 20 4692 9 4704 8 4746 9 4788 20 4846 8 4861 9 4934 8 4949 20 4961 9 4968 8 4980 20 5080 9 5099 8 5133 9 5198 20 5233 8 5271 9 5336 20 5371 8 5413 9 5494 20 5513 8 5570 9 5643 20 5670 8 5758 9 5797 20 5858 8 5961 9 5984 20 6061 1 6202 20 6461 0 6689 20 7461
1041 37 0 232 10 469 11 492 10 572 11 626 1 885 20 1135 20 1141 20 1185 0 1253 20 1435 10 1450 20 1500 11 1512 10 1565 11 1623 10 1684 11 1726 10 1795 11 1841 10 1907 11 1945 10 2002 11 2056 10 2121 11 2190 20 2250 10 2267 11 2340 20 2367 10 2413 11 2489 20 2513 20 2913 1 3089 0 3110 20 3913
1042 123 20 250 0 312 16 425 20 475 20 481 20 525 10 536 20 575 11 605 10 674 11 705 10 770 11 808 20 825 10 877 11 927 20 927 10 988 11 1146 10 1215 11 1268 10 1341 11 1395 10 1475 11 1525 10 1606 11 1659 20 1677 10 1744 11 1790 20 1844 10 1855 11 1920 20 1955 10 1989 11 2047 20 2089 10 2120 11 2169 20 2220 10 2242 11 2311 20 2342 10 2380 11 2453 20 2480 10 2511 11 2607 20 2611 10 2695 11 2745 20 2795 10 2817 11 2883 20 2917 10 2959 11 3021 20 3059 10 3090 11 3151 20 3190 10 3243 11 3289 20 3343 10 3370 11 3431 20 3470 10 3504 20 3604 11 3627 10 3646 11 3715 20 3746 10 3788 11 3860 20 3888 10 3937 11 4006 20 4037 10 4083 11 4152 20 4183 10 4225 11 4294 20 4325 10 4370 11 4439 20 4470 10 4520 11 4577 20 4620 10 4654 11 4715 20 4754 10 4781 11 4869 20 4881 10 4907 11 4953 20 5007 10 5030 11 5091 20 5130 10 5176 11 5248 20 5276 10 5329 11 5409 20 5429 10 5490 11 5563 20 5590 10 5647 11 5735 20 5747 10 5877 11 5908 20 5977 1 6088 20 6377 0 6380 1 7103 20 7377
1043 101 20 250 20 256 20 300 0 370 20 550 10 877 20 927 11 934 10 950 11 1141 10 1207 11 1257 10 1326 11 1372 10 1441 11 1521 10 1571 11 1609 20 1677 10 1690 11 1763 20 1790 10 1801 11 1855 20 1901 10 1916 11 1970 20 2016 10 2039 11 2100 20 2139 10 2165 11 2261 20 2265 10 2319 11 2361 20 2419 10 2438 11 2484 20 2538 10 2553 20 2653 11 2660 10 2702 11 2737 20 2802 10 2813 11 2871 20 2913 10 3043 11 3143 20 3143 10 3193 11 3266 20 3293 10 3327 11 3366 20 3427 10 3438 11 3534 20 3538 10 3561 11 3638 20 3661 10 3676 20 3776 11 3895 10 3975 11 4033 20 4075 10 4117 11 4178 20 4217 10 4259 11 4328 20 4359 10 4409 11 4474 20 4509 10 4558 11 4623 20 4658 10 4711 11 4777 20 4811 10 4865 11 4930 20 4965 10 5018 11 5091 20 5118 10 5187 11 5260 20 5287 10 5390 11 5425 20 5490 1 5744 20 5890 0 5959 20 6890
1044 37 20 250 20 256 20 300 0 313 20 550 10 573 11 600 10 608 11 669 10 731 11 788 10 846 11 911 10 976 11 1033 20 1323 1 1376 0 1567 10 1689 11 1708 20 1789 10 1831 11 1858 20 1931 10 1950 11 2023 20 2050 10 2096 11 2146 20 2196 10 2211 11 2291 20 2311 1 2602 20 2711 0 3510 20 3711
1045 80 20 250 20 256 20 300 0 374 20 550 10 654 20 704 11 712 10 758 11 819 10 877 11 915 10 980 11 1026 10 1092 11 1138 10 1207 11 1264 10 1345 11 1379 10 1448 20 1454 11 1498 10 1567 11 1663 20 1667 10 1678 11 1751 20 1778 10 1805 11 1839 10 1901 20 1905 11 1997 10 2073 11 2142 20 2173 10 2227 11 2296 20 2327 10 2376 11 2438 20 2476 10 2518 11 2579 20 2618 10 2660 11 2717 20 2760 10 2813 11 2867 20 2913 10 2955 11 3017 20 3055 10 3105 11 3162 20 3205 10 3250 11 3323 20 3350 10 3415 11 3492 20 3515 10 3599 11 3657 20 3699 10 3757 11 3810 20 3857 10 3906 11 3983 20 4006 10 4094 11 4159 20 4194 1 4557 20 4594 0 4787 20 5594
1046 32 20 250 20 256 20 300 0 420 20 550 8 666 9 704 20 716 8 788 9 834 8 907 9 942 8 1026 9 1053 8 1130 9 1203 8 1279 9 1348 8 1421 20 1466 9 1502 8 1594 9 1651 20 1694 8 1747 9 1820 20 1847 8 1947 9 1997 20 2047 20 2447 20 3447
1047 76 20 250 20 256 20 300 0 379 20 550 10 731 20 781 11 797 10 820 11 892 10 954 11 1000 10 1065 11 1119 10 1188 11 1249 10 1326 11 1376 10 1460 11 1464 10 1472 11 1521 20 1531 10 1729 11 1771 10 1828 20 1829 11 1966 10 2008 11 2051 20 2108 10 2131 11 2170 20 2231 10 2265 11 2342 20 2365 10 2434 11 2511 20 2534 10 2614 11 2672 20 2714 10 2787 11 2848 20 2887 10 2933 11 3009 20 3033 10 3128 11 3163 20 3228 10 3286 11 3347 20 3386 10 3450 11 3519 20 3550 10 3654 11 3723 20 3754 10 3838 11 3891 20 3938 10 4018 11 4072 20 4118 10 4237 11 4260 20 4337 1 4470 0 4631 20 4737 1 5284 0 5703 20 5737
1048 75 20 250 20 256 20 300 0 388 20 550 8 679 20 729 9 740 8 802 9 832 8 867 9 905 8 913 9 947 8 1020 9 1070 8 1139 9 1197 8 1285 9 1338 8 1423 9 1465 20 1479 8 1549 9 1603 20 1649 8 1684 9 1749 20 1784 8 1837 9 1895 20 1937 8 2010 9 2063 8 2109 20 2110 9 2128 8 2159 9 2217 20 2259 8 2328 9 2378 20 2428 8 2512 9 2539 20 2612 8 2665 9 2719 20 2765 8 2815 9 2853 20 2915 8 2957 9 3003 20 3057 8 3107 9 3168 20 3207 8 3279 9 3325 20 3379 8 3436 9 3502 20 3536 8 3613 9 3667 20 3713 8 3816 9 3847 20 3916 1 4314 20 4316 0 4513 1 5176 20 5316
1049 74 20 250 20 256 20 300 0 305 20 550 10 586 20 636 11 659 10 682 11 763 10 835 11 882 10 951 11 1004 10 1085 11 1139 10 1223 11 1277 10 1361 20 1386 11 1422 10 1503 11 1580 20 1603 10 1679 11 1706 20 1779 10 1798 11 1837 20 1898 10 1925 11 2002 20 2025 10 2082 11 2151 20 2182 10 2228 11 2297 20 2328 10 2389 11 2431 20 2489 10 2527 11 2573 20 2627 10 2684 11 2738 20 2784 10 2822 11 2922 20 2922 10 3003 11 3045 20 3103 10 3141 20 3241 11 3306 10 3375 11 3459 20 3475 10 3547 11 3612 20 3647 10 3727 11 3773 20 3827 10 3911 11 3958 20 4011 10 4111 11 4142 20 4211 20 4611 20 5611
1050 64 20 250 20 256 20 300 0 431 20 550 10 653 20 703 11 829 10 849 11 944 10 1010 11 1063 10 1132 11 1194 10 1282 11 1336 10 1424 20 1453 11 1466 10 1562 11 1612 20 1662 10 1696 11 1754 20 1796 10 1853 11 1896 20 1953 10 1988 11 2053 20 2088 10 2168 11 2214 20 2268 10 2344 11 2363 20 2444 10 2498 11 2532 20 2598 10 2609 20 2709 11 2989 10 3042 11 3073 10 3111 20 3142 11 3165 10 3207 11 3238 20 3307 10 3376 11 3403 20 3476 10 3556 11 3571 20 3656 1 3785 0 3856 1 3884 20 4056 0 4115 1 4722 20 5056
1051 68 0 248 10 519 11 596 10 668 11 734 10 1228 11 1313 10 1378 11 1447 1 1757 20 2007 20 2013 20 2057 0 2137 20 2307 8 2490 20 2540 9 2544 8 2609 9 2759 8 2828 9 2881 8 2954 9 3016 8 3100 9 3154 8 3238 20 3290 9 3292 8 3384 9 3441 8 3480 20 3484 9 3507 8 3534 9 3587 8 3633 20 3634 9 3748 8 3867 9 3898 20 3967 8 4044 9 4067 20 4144 8 4320 9 4339 8 4389 9 4412 20 4420 8 4512 9 4569 8 4596 20 4612 9 4673 8 4680 9 4749 8 4780 20 4780 9 4899 8 5052 9 5072 8 5129 20 5152 9 5175 20 5552 1 6242 20 6552
1052 51 20 250 20 256 20 300 0 419 20 550 8 798 9 836 20 848 8 917 9 959 8 1024 9 1062 8 1135 9 1185 8 1262 9 1316 8 1408 9 1457 8 1546 9 1592 20 1598 8 1684 9 1734 20 1784 8 1822 9 1879 20 1922 8 1994 9 2037 20 2094 8 2148 9 2198 8 2236 20 2248 9 2301 8 2324 9 2363 20 2424 8 2631 9 2658 20 2731 8 2788 9 2850 20 2888 8 3153 20 3253 9 3329 20 3653 8 3801 20 3901 20 4901
1053 56 20 250 20 256 20 300 0 305 20 550 8 709 9 729 8 744 20 759 9 1289 8 1358 9 1396 8 1496 20 1509 9 1519 8 1618 9 1649 20 1718 8 1753 9 1795 20 1853 8 1887 9 1933 8 1971 20 1987 9 2132 8 2201 9 2240 20 2301 8 2351 9 2389 20 2451 8 2516 9 2535 20 2616 8 2658 9 2692 20 2758 8 2811 9 2849 20 2911 8 2968 9 3010 20 3068 8 3137 9 3160 20 3237 8 3294 9 3371 8 3390 20 3394 9 3517 20 3794 1 3962 0 4328 20 4794
1054 58 20 250 20 256 0 286 20 300 20 550 8 647 20 697 9 801 8 870 9 916 8 992 9 1042 8 1123 9 1176 8 1265 9 1318 8 1410 20 1447 9 1464 8 1564 9 1617 20 1664 8 1725 9 1775 20 1825 8 1886 9 1928 20 1986 8 2066 9 2081 20 2166 8 2227 9 2243 20 2327 8 2361 9 2396 20 2461 8 2530 9 2557 8 2591 20 2630 9 2634 8 2676 9 2710 20 2776 8 2825 9 2864 20 2925 8 2994 9 3017 20 3094 8 3312 9 3335 20 3412 1 3615 20 3812 0 4467 20 4812
1055 20 20 250 20 256 20 300 0 368 20 550 8 667 9 690 8 763 9 821 8 897 9 928 8 1028 9 1112 20 1167 1 1292 0 1755 1 3990 20 4167 0 4439 20 5167
1056 14 20 250 20 256 20 300 0 378 20 550 10 602 11 656 10 729 11 802 1 1045 20 1102 0 1410 20 4102 20 5102
1057 86 20 250 0 321 16 408 20 458 20 464 20 508 20 558 10 722 11 749 20 808 10 818 20 868 11 952 10 1017 11 1052 10 1132 11 1175 10 1251 11 1301 10 1378 11 1435 10 1520 11 1570 20 1618 10 1646 11 1704 20 1746 10 1780 11 1830 20 1880 10 1895 11 1945 20 1995 10 2022 11 2083 20 2122 10 2160 11 2221 20 2260 10 2302 11 2352 20 2402 10 2428 11 2490 20 2528 10 2574 11 2620 20 2674 10 2697 11 2750 20 2797 10 2819 11 2873 20 2919 10 2946 11 3015 20 3046 10 3092 11 3168 20 3192 10 3241 11 3306 20 3341 10 3372 11 3421 20 3472 10 3490 11 3556 20 3590 10 3628 11 3720 20 3728 10 3770 11 3836 20 3870 10 3908 11 3997 20 4008 10 4073 11 4154 20 4173 10 4269 11 4311 20 4369 20 4769 20 5769
1058 123 20 250 0 251 20 256 20 300 20 550 8 690 9 732 20 740 8 805 9 909 8 913 9 955 8 1024 9 1085 8 1147 9 1219 8 1281 9 1338 8 1411 9 1469 20 1490 8 1553 9 1611 20 1653 8 1695 9 1737 20 1795 8 1802 20 1902 9 1906 8 1959 9 2021 20 2059 8 2101 9 2159 20 2201 8 2239 9 2297 20 2339 8 2397 9 2431 20 2497 8 2508 9 2565 8 2581 9 2596 20 2608 8 2638 9 2722 20 2738 8 2772 9 2818 20 2872 8 2899 9 2937 20 2999 8 3018 9 3110 20 3118 8 3156 9 3213 20 3256 8 3294 9 3355 20 3394 8 3439 9 3493 20 3539 8 3574 9 3631 20 3674 8 3715 9 3785 20 3815 8 3865 9 3923 20 3965 8 4007 9 4061 20 4107 8 4133 9 4222 20 4233 8 4264 9 4314 20 4364 8 4387 9 4479 20 4487 8 4521 9 4594 20 4621 8 4690 9 4728 20 4790 8 4812 9 4862 20 4912 8 4946 9 5000 20 5046 8 5085 9 5131 20 5185 8 5226 9 5280 20 5326 8 5365 9 5426 20 5465 8 5514 9 5518 8 5526 9 5587 20 5614 8 5694 9 5744 20 5794 1 6002 20 6194 0 6288 1 7029 20 7194
1059 84 20 250 20 256 20 300 0 317 20 550 10 776 20 826 11 830 10 857 11 933 10 995 11 1037 10 1106 11 1156 10 1225 11 1278 10 1351 11 1409 10 1485 11 1520 20 1576 10 1597 11 1673 20 1697 10 1712 11 1781 20 1812 10 1838 11 1888 20 1938 10 1965 11 2018 20 2065 10 2095 11 2179 20 2195 10 2229 11 2264 20 2329 10 2340 11 2432 20 2440 10 2467 11 2567 20 2567 10 2609 11 2682 20 2709 10 2758 11 2804 20 2858 10 2877 11 2965 20 2977 10 3027 11 3103 20 3127 10 3142 20 3242 11 3253 10 3334 11 3406 20 3434 10 3510 11 3583 20 3610 10 3667 11 3736 20 3767 10 3813 11 3897 20 3913 10 4008 11 4066 20 4108 10 4162 11 4238 20 4262 10 4323 11 4403 20 4423 20 4823 1 5594 20 5823
1060 79 20 250 20 256 20 300 0 344 20 550 10 614 20 664 11 679 10 733 11 771 10 832 11 874 10 947 11 997 10 1066 11 1120 10 1196 11 1250 10 1327 11 1388 20 1414 10 1476 11 1519 20 1576 10 1599 11 1641 20 1699 10 1714 11 1775 20 1814 10 1856 11 1898 20 1956 10 1990 11 2032 20 2090 10 2117 11 2170 20 2217 10 2262 11 2331 20 2362 10 2427 11 2485 20 2527 10 2581 11 2638 20 2681 10 2746 11 2799 20 2846 10 2899 11 2953 20 2999 10 3068 11 3110 20 3168 10 3232 11 3278 20 3332 10 3394 11 3436 20 3494 10 3555 11 3597 20 3655 10 3750 11 3777 20 3850 10 3907 11 3953 20 4007 10 4065 11 4126 20 4165 1 4323 20 4565 0 4636 20 5565
1061 59 20 250 20 256 20 300 0 370 20 550 8 735 20 785 9 792 8 854 9 880 8 953 9 988 8 1057 9 1103 8 1176 9 1256 8 1298 9 1394 8 1448 9 1494 20 1535 8 1567 9 1621 20 1667 8 1716 9 1759 20 1816 8 1862 9 1916 20 1962 8 2012 9 2069 20 2112 8 2146 9 2154 8 2173 9 2234 20 2246 8 2342 9 2384 20 2442 8 2491 9 2537 20 2591 8 2629 9 2679 20 2729 8 2767 9 2852 20 2867 8 2963 9 3016 20 3063 1 3270 0 3418 20 3463 1 3593 0 3615 20 4463
1062 18 20 250 20 256 0 275 20 300 20 550 10 556 11 610 10 671 11 721 10 806 11 871 1 1021 20 1056 0 1406 20 4056 1 4384 0 4409 20 5056
1063 87 20 250 16 421 20 471 20 477 0 500 20 521 20 571 10 808 20 821 11 835 10 908 11 939 10 1008 11 1050 10 1119 11 1165 10 1234 11 1272 10 1330 11 1380 10 1433 11 1495 10 1556 11 1625 20 1658 10 1702 11 1751 20 1802 10 1821 11 1874 20 1921 10 1939 11 2001 20 2039 10 2066 11 2146 20 2166 10 2200 11 2238 20 2300 10 2307 11 2357 20 2407 10 2419 20 2519 11 2538 10 2549 11 2626 20 2649 10 2668 11 2706 20 2768 10 2771 11 2825 20 2871 10 2894 11 2986 20 2994 10 3044 11 3090 20 3144 10 3159 11 3209 20 3259 10 3278 11 3335 20 3378 10 3397 11 3485 20 3497 10 3508 11 3596 20 3608 10 3646 11 3707 20 3746 10 3769 20 3869 11 3876 10 3926 11 3983 20 4026 10 4068 11 4133 20 4168 20 4568 20 5568
1064 96 20 250 20 256 20 300 0 331 20 350 10 568 20 600 11 602 10 667 11 698 20 717 10 767 11 813 10 878 11 909 10 990 11 1036 10 1112 11 1162 10 1235 11 1285 10 1358 11 1408 20 1467 10 1480 11 1534 20 1580 10 1607 11 1684 20 1707 10 1710 11 1779 20 1810 10 1845 11 1906 20 1945 10 1964 11 2017 20 2064 10 2094 11 2132 20 2194 10 2316 11 2401 20 2416 10 2435 11 2520 20 2535 10 2562 11 2589 10 2661 20 2662 11 2780 10 2815 11 2853 20 2915 10 2934 11 3033 20 3034 10 3079 11 3145 20 3179 10 3210 11 3271 20 3310 10 3344 11 3398 20 3444 10 3478 20 3578 11 3704 10 3758 11 3846 20 3858 10 3923 11 3988 20 4023 10 4073 11 4130 20 4173 10 4203 11 4272 20 4303 10 4360 11 4429 20 4460 10 4502 11 4579 20 4602 10 4686 11 4732 20 4786 20 5186 1 5693 0 5943 20 6186
1065 18 0 225 1 649 20 899 20 905 20 949 0 1016 20 1199 10 1256 11 1313 8 1727 20 1756 9 1770 8 1873 9 1915 1 2276 0 2535 20 4756 20 5756
1066 129 20 250 0 265 16 421 20 471 20 477 20 521 20 571 20 821 10 827 11 858 20 877 10 927 11 1023 10 1031 11 1061 10 1130 11 1176 10 1249 11 1299 10 1372 11 1422 10 1495 11 1545 10 1614 20 1627 11 1660 10 1725 11 1790 20 1825 10 1855 11 1924 20 1955 10 1997 11 2055 20 2097 10 2135 11 2197 20 2235 10 2273 11 2331 20 2373 10 2411 11 2465 20 2511 10 2538 11 2595 20 2638 10 2664 11 2733 20 2764 10 2806 11 2868 20 2906 10 2952 11 2994 20 3052 10 3071 11 3140 20 3171 10 3201 11 3286 20 3301 10 3362 11 3405 20 3462 10 3477 11 3577 20 3577 10 3623 20 3723 11 3742 10 3803 20 3903 11 3907 10 3972 11 4014 20 4072 10 4087 11 4145 20 4187 10 4210 11 4298 20 4310 10 4348 11 4394 20 4448 10 4459 11 4559 20 4559 10 4605 11 4682 20 4705 10 4732 11 4762 20 4832 10 4835 11 4877 20 4935 10 4977 11 5031 20 5077 10 5096 11 5157 20 5196 10 5242 11 5284 20 5342 10 5372 11 5410 20 5472 10 5479 11 5545 20 5579 10 5629 11 5687 20 5729 10 5767 11 5836 20 5867 10 5928 11 5990 20 6028 10 6078 11 6151 20 6178 1 6444 20 6578 0 6784 20 7578
1067 118 0 232 1 388 0 595 10 943 11 997 1 1226 20 1476 20 1482 0 1506 20 1526 20 1776 8 1795 9 1837 20 1845 8 1913 9 1959 8 2025 9 2067 8 2140 9 2186 8 2255 9 2301 8 2373 9 2439 8 2508 9 2561 20 2595 8 2646 9 2738 20 2746 8 2776 9 2876 20 2876 8 2922 9 2999 20 3022 8 3041 9 3129 20 3141 8 3179 9 3252 20 3279 8 3328 9 3394 20 3428 8 3463 9 3512 20 3563 8 3570 20 3670 9 3681 8 3723 9 3769 20 3823 8 3838 9 3934 20 3938 8 3988 9 4034 20 4088 8 4111 9 4184 20 4211 8 4230 20 4330 9 4337 8 4375 20 4475 9 4486 8 4544 9 4625 20 4644 8 4709 9 4778 20 4809 8 4839 9 4881 20 4939 8 4943 9 5035 20 5043 8 5089 9 5138 20 5189 8 5207 9 5277 20 5307 8 5326 20 5426 9 5495 8 5572 20 5672 9 5675 8 5756 9 5821 20 5856 8 5902 9 5967 20 6002 8 6047 9 6124 20 6147 8 6224 9 6289 20 6324 8 6366 9 6435 20 6466 8 6508 9 6588 20 6608 8 6672 9 6753 20 6772 20 7172 1 7418 0 7735 20 8172
1068 116 20 250 20 256 0 276 20 300 20 550 8 720 9 770 20 770 8 781 9 824 8 831 9 858 8 931 9 969 8 1042 9 1084 8 1142 9 1338 8 1403 20 1520 9 1614 8 1660 9 1702 20 1760 8 1779 9 1832 20 1879 8 1905 20 2005 9 2012 8 2035 20 2135 9 2158 8 2223 9 2273 20 2323 8 2342 20 2442 9 2446 8 2503 9 2549 20 2603 8 2634 9 2695 20 2734 8 2772 9 2829 20 2872 8 2918 9 2960 20 3018 8 3036 9 3071 20 3136 8 3155 9 3198 20 3255 8 3282 9 3320 20 3382 8 3397 9 3443 20 3497 8 3550 9 3577 20 3650 8 3665 9 3715 20 3765 8 3796 9 3853 20 3896 8 3942 9 4022 20 4042 8 4099 9 4141 20 4199 8 4233 9 4260 20 4333 8 4348 9 4406 20 4448 8 4486 9 4544 20 4586 8 4624 9 4701 20 4724 8 4793 9 4839 20 4893 8 4924 9 4981 20 5024 8 5065 9 5131 20 5165 8 5227 9 5288 20 5327 8 5407 9 5457 20 5507 8 5557 9 5614 20 5657 8 5714 9 5783 20 5814 1 6073 20 6214 0 6251 1 7063 20 7214
1069 86 20 250 20 256 20 300 0 310 20 550 8 639 9 685 8 689 20 689 9 781 8 850 9 892 8 965 9 1015 8 1091 9 1141 8 1222 9 1271 8 1356 9 1417 20 1439 8 1505 9 1578 20 1605 8 1655 9 1705 20 1755 8 1785 9 1824 20 1885 8 1897 9 1973 20 1997 8 2058 9 2115 20 2158 8 2203 9 2265 20 2303 8 2357 9 2403 20 2457 8 2487 9 2579 20 2587 8 2656 9 2725 20 2756 8 2813 9 2848 20 2913 8 2963 9 3020 20 3063 8 3128 9 3201 20 3228 8 3247 9 3270 8 3296 20 3347 9 3369 8 3458 9 3507 20 3558 8 3603 9 3661 20 3703 8 3757 9 3818 20 3857 8 3925 9 3983 20 4025 8 4079 9 4136 20 4179 8 4244 9 4286 20 4344 1 4505 0 4649 20 4744 1 5278 0 5631 20 5744
1070 100 20 250 20 256 20 300 0 346 20 550 8 624 9 666 20 674 8 735 9 839 8 843 9 885 8 954 9 1004 8 1084 9 1157 8 1218 9 1257 8 1333 9 1391 8 1422 20 1424 9 1437 8 1468 9 1521 8 1537 9 1564 20 1568 8 1602 9 1660 8 1675 20 1702 9 1821 8 1867 9 1943 20 1967 8 2024 9 2093 20 2124 8 2189 9 2254 20 2289 8 2350 9 2438 8 2446 20 2450 9 2480 8 2484 9 2542 20 2584 8 2611 9 2691 20 2711 8 2780 9 2806 8 2879 20 2880 9 2952 8 3040 9 3106 20 3140 8 3198 9 3263 20 3298 8 3363 9 3424 20 3463 8 3504 9 3581 20 3604 8 3673 9 3735 20 3773 8 3815 9 3888 20 3915 8 3984 9 4049 20 4084 8 4141 9 4206 20 4241 8 4302 9 4379 20 4402 8 4483 9 4536 20 4583 8 4636 9 4705 20 4736 8 4801 9 4862 20 4901 1 5156 0 5273 20 5301 1 5899 0 6287 20 6301
1071 54 20 250 20 256 20 300 0 321 20 550 10 700 20 750 11 777 10 835 11 1003 10 1057 11 1107 10 1188 11 1249 10 1322 11 1364 10 1437 20 1500 11 1502 10 1575 11 1648 20 1675 10 1686 11 1786 20 1786 10 1863 11 1936 20 1963 10 2020 11 2085 20 2120 10 2173 11 2239 20 2273 10 2323 11 2380 20 2423 10 2484 11 2545 20 2584 10 2768 11 2814 20 2868 10 2910 11 2986 20 3010 10 3082 11 3147 20 3182 1 3464 20 3582 0 3816 1 4581 20 4582
1072 71 20 250 20 256 20 300 0 351 20 550 8 621 9 663 20 671 8 736 9 767 8 840 9 874 8 943 9 1112 8 1189 9 1239 8 1296 20 1421 9 1519 8 1538 20 1638 9 1695 8 1776 9 1822 20 1876 8 1918 9 1998 20 2018 8 2040 9 2094 20 2140 8 2178 9 2240 20 2278 8 2316 9 2393 20 2416 8 2485 9 2543 20 2585 8 2619 9 2712 20 2719 8 2781 9 2865 20 2881 8 2972 9 3053 20 3072 8 3080 20 3180 9 3210 8 3306 9 3375 20 3406 8 3421 9 3433 8 3479 20 3521 9 3532 8 3640 9 3686 20 3740 8 3947 9 3958 20 4047 1 4167 0 4223 20 4447 1 4867 20 5447
1073 18 20 250 20 256 20 300 0 328 20 550 10 555 11 585 10 662 11 731 10 838 11 858 10 942 11 1007 20 1055 1 1326 0 1672 20 4055 20 5055
1074 44 20 250 16 407 20 457 20 463 0 472 20 507 20 557 20 807 10 970 11 1016 20 1020 10 1078 11 1112 10 1185 11 1219 10 1304 11 1342 10 1426 11 1469 10 1549 11 1599 20 1770 10 1817 11 1867 20 1917 10 1952 11 2009 20 2052 10 2082 11 2147 20 2182 10 2216 11 2293 20 2316 10 2366 11 2446 20 2466 10 2557 11 2592 20 2657 20 3057 1 3721 0 3900 20 4057
1075 38 20 250 0 338 16 419 20 469 20 475 20 519 20 569 20 819 8 1071 20 1121 9 1213 8 1500 9 1527 8 1546 9 1569 8 1634 9 1841 20 1871 8 1937 9 1987 20 2037 8 2068 9 2114 20 2168 8 2194 9 2252 20 2294 8 2332 9 2378 20 2432 8 2455 9 2520 20 2555 8 2604 9 2662 20 2704 20 3104 20 4104
1076 83 20 250 20 256 20 300 0 334 10 543 11 547 20 550 10 627 11 665 20 677 10 685 11 792 10 861 11 899 10 976 11 1022 10 1099 11 1152 10 1229 11 1283 10 1363 20 1427 11 1436 10 1509 11 1574 20 1609 10 1632 11 1686 20 1732 10 1762 11 1824 20 1862 10 1900 11 1954 20 2000 10 2035 11 2096 20 2135 10 2177 11 2242 20 2277 10 2307 11 2338 20 2407 10 2422 11 2468 20 2522 10 2533 20 2633 11 2725 10 2771 11 2809 20 2871 10 2882 20 2982 11 3116 10 3158 11 3185 10 3254 20 3258 11 3369 10 3411 11 3446 20 3511 10 3519 20 3619 11 3726 10 3791 11 3860 20 3891 10 3937 11 4002 20 4037 10 4079 11 4148 20 4179 10 4244 11 4305 20 4344 1 4545 20 4744 0 4775 20 5744
1077 31 20 250 0 258 1 284 16 408 0 423 20 458 20 464 20 508 20 558 8 764 9 807 20 808 8 872 9 918 20 1372 10 1374 11 1424 10 1493 11 1547 10 1604 11 1650 10 1715 11 1754 1 2021 0 2590 10 2923 11 2961 1 3709 0 3996 20 4372 20 5372
1078 111 20 250 20 256 20 300 20 350 0 368 20 600 10 672 20 722 11 860 10 872 11 902 10 975 11 1025 10 1094 11 1144 10 1217 11 1263 10 1336 11 1386 10 1455 20 1472 11 1505 10 1574 11 1623 20 1674 10 1696 11 1742 20 1796 10 1815 11 1873 20 1915 10 1946 11 2003 20 2046 10 2080 11 2130 20 2180 10 2199 11 2256 20 2299 10 2329 11 2379 20 2429 10 2455 11 2521 20 2555 10 2594 11 2659 20 2694 10 2724 20 2824 11 2831 10 2850 11 2927 20 2950 10 2969 11 3069 20 3069 10 3126 11 3165 20 3226 10 3238 11 3291 20 3338 10 3360 11 3452 20 3460 10 3506 11 3548 20 3606 10 3613 11 3698 20 3713 10 3740 11 3805 20 3840 10 3855 11 3909 20 3955 10 3966 11 4043 20 4066 10 4104 11 4169 20 4204 10 4258 11 4319 20 4358 10 4399 11 4468 20 4499 10 4549 11 4626 20 4649 10 4699 11 4745 20 4799 10 4825 11 4894 20 4925 10 4967 11 5047 20 5067 10 5128 11 5201 20 5228 10 5285 11 5354 20 5385 20 5785 20 6785
1079 135 20 250 0 322 16 425 20 475 20 481 20 525 20 575 10 605 11 663 10 728 11 789 20 825 8 1092 9 1127 20 1142 8 1196 9 1284 8 1410 9 1449 8 1533 9 1579 8 1652 9 1705 8 1774 9 1824 20 1892 8 1897 9 1947 20 1997 8 2024 9 2070 20 2124 8 2146 9 2208 20 2246 8 2281 9 2319 8 2380 20 2381 9 2465 8 2511 9 2560 20 2611 8 2633 9 2691 20 2733 8 2756 9 2840 20 2856 8 2921 9 2963 20 3021 8 3036 20 3136 9 3262 8 3320 9 3370 20 3420 8 3442 20 3542 9 3558 8 3581 9 3661 20 3681 8 3726 9 3768 20 3826 8 3841 20 3941 9 4087 8 4137 9 4232 20 4237 8 4267 9 4298 20 4367 8 4374 9 4466 20 4474 8 4516 20 4616 9 4623 8 4643 9 4738 20 4743 8 4788 9 4876 20 4888 8 4934 9 4988 20 5034 8 5061 9 5133 20 5161 8 5199 20 5299 9 5302 8 5337 9 5406 20 5437 8 5463 9 5471 8 5475 9 5563 20 5563 8 5605 9 5663 20 5705 8 5720 9 5782 20 5820 8 5854 9 5931 20 5954 8 6004 9 6069 20 6104 8 6150 9 6219 20 6250 8 6292 9 6361 20 6392 8 6441 9 6510 20 6541 8 6618 9 6683 20 6718 20 7118 1 7730 0 7779 1 7788 0 7796 20 8118
1080 48 20 250 20 256 0 288 20 300 20 550 10 595 20 645 11 656 10 706 11 741 10 752 11 852 10 906 11 955 10 1005 11 1082 10 1124 11 1174 10 1243 11 1285 10 1343 20 1395 11 1431 10 1465 11 1508 20 1565 10 1588 11 1630 20 1688 10 1707 11 1757 20 1807 10 1830 11 1895 20 1930 10 1972 11 2022 20 2072 10 2091 11 2167 20 2191 10 2259 11 2294 20 2359 20 2759 1 3417 0 3751 20 3759
1081 82 20 250 20 256 20 300 0 386 20 550 8 615 20 665 9 673 8 738 9 780 8 841 9 880 8 949 9 995 8 1068 9 1117 8 1190 9 1194 8 1198 9 1248 8 1325 9 1374 20 1415 8 1447 9 1509 20 1547 8 1582 9 1628 20 1682 8 1700 9 1758 20 1800 8 1823 9 1900 20 1923 8 1969 20 2069 9 2080 8 2126 9 2210 20 2226 8 2264 9 2314 20 2364 8 2379 9 2467 20 2479 8 2506 9 2590 20 2606 8 2655 20 2755 9 2790 8 2862 9 2943 20 2962 8 3024 9 3100 20 3124 8 3181 9 3254 20 3281 8 3319 9 3400 20 3419 8 3480 9 3561 20 3580 8 3660 9 3733 20 3760 8 3825 9 3891 20 3925 8 3986 9 4040 20 4086 1 4342 20 4486 0 4548 1 5277 20 5486
1082 16 0 205 1 2650 20 2900 20 2906 20 2950 0 2976 10 3139 11 3166 20 3200 10 3250 11 3308 10 3358 11 3415 20 3750 20 6750 20 7750
1083 76 20 250 0 338 16 397 20 447 20 453 20 497 20 547 20 797 8 838 9 876 8 941 9 995 8 1244 9 1298 20 1338 10 1708 11 1750 10 1815 11 1850 10 1911 11 1957 10 2026 11 2072 10 2145 11 2191 10 2256 11 2314 10 2364 11 2421 10 2490 11 2540 10 2617 11 2670 10 2743 11 2801 10 2866 11 2927 10 2996 11 3058 10 3134 11 3188 10 3253 11 3326 10 3410 11 3464 10 3533 11 3594 10 3663 11 3763 10 3805 11 3844 10 3916 11 3985 10 4047 11 4139 10 4196 11 4258 10 4323 20 4338 11 4403 10 4480 11 4553 20 4580 10 4633 11 4710 20 4733 10 4806 11 4875 20 4906 10 4956 11 5025 20 5056 10 5124 11 5178 20 5224 20 6224
1084 98 0 144 1 195 20 445 20 451 20 495 0 506 20 545 10 704 11 738 20 795 10 807 11 842 20 857 10 903 11 949 10 1022 11 1061 10 1141 11 1187 10 1275 11 1310 10 1383 11 1436 10 1521 11 1574 20 1607 10 1651 11 1697 20 1751 10 1774 11 1831 20 1874 10 1912 11 1973 20 2012 10 2057 11 2111 20 2157 10 2195 11 2253 20 2295 10 2349 11 2402 20 2449 10 2494 11 2544 20 2594 10 2617 11 2678 20 2717 10 2744 11 2832 20 2844 10 2878 11 2935 20 2978 10 3004 11 3062 20 3104 10 3135 11 3196 20 3235 10 3265 11 3334 20 3365 10 3411 11 3487 20 3511 10 3568 11 3641 20 3668 10 3717 11 3786 20 3817 10 3875 11 3951 20 3975 10 4028 11 4109 20 4128 10 4185 11 4266 20 4285 10 4346 11 4423 20 4446 10 4714 11 4757 20 4814 10 4849 11 4910 20 4949 1 5195 20 5349 0 5734 1 5939 0 6038 20 6349
1085 81 20 250 20 256 20 300 0 353 10 548 20 550 11 606 10 663 20 713 11 936 10 1005 11 1054 10 1127 11 1181 10 1258 11 1311 10 1392 11 1442 20 1463 10 1526 11 1576 20 1626 10 1652 11 1729 20 1752 10 1764 11 1844 20 1864 10 1894 11 1955 20 1994 10 2040 11 2101 20 2140 10 2182 11 2243 20 2282 10 2324 11 2327 10 2335 11 2396 20 2424 10 2488 11 2542 20 2588 10 2649 11 2703 20 2749 10 2787 11 2860 20 2887 10 2949 11 3014 20 3049 10 3110 11 3171 20 3210 10 3271 11 3343 20 3371 10 3432 11 3493 20 3532 10 3577 11 3646 20 3677 10 3754 11 3804 20 3854 10 3903 11 3961 20 4003 10 4045 11 4114 20 4145 10 4202 11 4271 20 4302 20 4702 1 5489 20 5702
1086 91 20 250 20 256 20 300 0 383 10 481 11 512 20 550 10 615 20 665 11 680 10 734 11 780 10 845 11 887 10 960 11 999 10 1075 11 1125 10 1202 11 1252 10 1332 11 1378 20 1415 10 1463 11 1524 20 1563 10 1620 11 1662 20 1720 10 1743 11 1800 20 1843 10 1884 11 1934 20 1984 10 2022 11 2076 20 2122 10 2176 11 2229 20 2276 10 2325 11 2379 20 2425 10 2475 11 2521 20 2575 10 2621 11 2667 20 2721 10 2755 11 2812 20 2855 10 2889 11 2897 10 2900 11 2966 20 2989 10 3062 11 3119 20 3162 10 3215 11 3272 20 3315 10 3357 11 3414 20 3457 10 3529 11 3572 20 3629 10 3683 11 3733 20 3783 10 3825 11 3882 20 3925 10 3978 11 4032 20 4078 10 4128 11 4185 20 4228 10 4277 11 4331 20 4377 10 4450 11 4500 20 4550 20 4950 1 5561 20 5950
1087 78 20 250 20 256 20 300 0 413 20 550 10 753 11 795 20 803 10 818 11 1010 10 1075 11 1125 10 1198 11 1248 10 1332 11 1378 10 1467 11 1501 20 1553 10 1574 11 1612 20 1674 10 1678 11 1731 20 1778 10 1796 11 1862 20 1896 10 1923 11 2004 20 2023 10 2076 11 2119 20 2176 10 2199 11 2276 20 2299 10 2360 11 2422 20 2460 10 2502 11 2506 10 2514 11 2583 20 2602 10 2671 11 2736 20 2771 10 2824 11 2893 20 2924 10 2982 11 3058 20 3082 10 3139 11 3196 20 3239 10 3304 11 3358 20 3404 10 3465 11 3522 20 3565 10 3618 11 3680 20 3718 10 3779 11 3841 20 3879 10 3967 11 3998 20 4067 1 4337 0 4410 20 4467 1 5019 0 5348 20 5467
1088 49 20 250 20 256 20 300 0 390 20 550 8 670 9 712 20 720 8 781 9 831 8 896 9 930 8 999 9 1042 8 1114 9 1172 8 1249 9 1283 8 1368 9 1425 20 1470 8 1509 9 1571 20 1609 8 1651 9 1709 20 1751 8 1793 9 1851 20 1893 8 1947 9 2000 20 2047 8 2108 9 2161 20 2208 8 2288 9 2319 20 2388 8 2449 9 2480 20 2549 8 2618 9 2645 20 2718 1 2956 20 3118 0 3155 20 4118
1089 20 20 250 20 256 20 300 0 332 20 550 10 558 11 608 10 685 11 735 10 807 11 857 20 1058 1 1107 0 1758 1 1809 0 3052 1 3810 20 4058 0 4979 20 5058
1090 90 20 250 20 256 20 300 0 406 20 550 8 785 9 823 20 835 8 842 9 942 8 1004 9 1042 8 1107 9 1153 8 1218 9 1268 8 1337 9 1387 8 1460 9 1464 8 1468 9 1521 20 1585 8 1598 9 1640 20 1698 8 1705 20 1805 9 1809 8 1839 9 1920 20 1939 8 1974 9 2035 20 2074 8 2104 20 2204 9 2303 8 2369 9 2442 20 2469 8 2503 20 2603 9 2606 8 2664 9 2721 20 2764 8 2802 9 2863 20 2902 8 2948 9 3005 20 3048 8 3082 9 3151 20 3182 8 3193 9 3201 8 3216 20 3293 9 3304 8 3354 9 3419 20 3454 8 3500 9 3565 20 3600 8 3665 9 3730 20 3765 8 3822 9 3879 20 3922 8 3964 9 4029 20 4064 8 4125 9 4202 20 4225 8 4282 9 4355 20 4382 8 4439 9 4497 20 4539 1 4805 20 4939 0 5203 1 5934 20 5939
1091 76 20 250 20 256 20 300 0 453 20 550 8 780 9 819 20 830 8 895 9 934 8 999 9 1037 8 1106 9 1156 8 1229 9 1279 8 1352 9 1405 8 1478 9 1528 20 1580 8 1609 9 1682 20 1709 8 1754 9 1797 20 1854 8 1881 9 1923 20 1981 8 2004 9 2053 20 2104 8 2153 9 2195 20 2253 8 2284 9 2341 20 2384 8 2429 9 2479 20 2529 8 2560 9 2606 20 2660 8 2698 9 2759 20 2798 8 2840 9 2909 20 2940 8 2997 9 3043 20 3097 8 3135 9 3208 20 3235 8 3303 9 3357 20 3403 8 3461 9 3511 20 3561 8 3603 9 3675 20 3703 8 3775 9 3840 20 3875 8 3925 9 3982 20 4025 1 4292 20 4425 0 4831 20 5425
1092 109 20 250 20 256 20 300 0 378 20 550 8 566 9 574 8 612 20 616 9 761 8 850 9 896 8 969 9 1003 8 1072 9 1107 8 1176 9 1214 8 1283 9 1333 20 1366 8 1413 9 1448 20 1513 8 1517 9 1586 20 1617 8 1655 9 1732 20 1755 8 1801 9 1866 20 1901 8 1919 9 2019 20 2019 8 2057 9 2130 20 2157 8 2207 9 2265 20 2307 8 2334 9 2380 20 2434 8 2449 9 2498 20 2549 8 2567 9 2617 20 2667 8 2690 9 2755 20 2790 8 2832 9 2897 20 2932 8 2981 9 3024 20 3081 8 3131 9 3169 20 3231 8 3250 20 3350 9 3357 8 3396 9 3453 20 3496 8 3538 9 3591 20 3638 8 3687 9 3745 20 3787 8 3840 9 3886 20 3940 8 3975 9 4032 20 4075 8 4124 9 4174 20 4224 8 4262 9 4320 20 4362 8 4408 9 4462 20 4508 8 4561 9 4623 20 4661 8 4718 9 4768 20 4818 8 4860 9 4926 20 4960 8 5025 9 5075 20 5125 8 5182 9 5236 20 5282 20 5682 1 6032 0 6416 20 6682
1093 67 20 250 20 256 20 300 0 412 20 550 8 660 9 706 20 710 8 729 9 825 8 890 9 936 8 1005 9 1055 8 1127 9 1185 8 1262 9 1331 8 1407 20 1460 9 1465 8 1542 9 1607 20 1642 8 1684 9 1760 20 1784 8 1848 9 1887 20 1948 8 1960 9 2017 20 2060 8 2086 9 2151 20 2186 8 2224 9 2305 20 2324 8 2381 9 2454 20 2481 8 2539 9 2611 20 2639 8 2696 9 2769 20 2796 8 2868 9 2937 20 2968 8 3018 9 3075 20 3118 8 3156 9 3233 20 3256 8 3321 9 3394 20 3421 8 3482 9 3547 20 3582 1 3727 20 3982 0 4177 20 4982
1094 82 20 250 20 256 20 300 0 418 20 550 10 648 20 698 11 714 10 786 11 817 10 886 11 940 10 1009 11 1051 10 1128 11 1185 10 1258 11 1316 10 1392 20 1448 11 1454 10 1530 11 1603 20 1630 10 1810 11 1853 20 1910 10 1941 11 2017 20 2041 10 2098 11 2178 20 2198 10 2259 11 2336 20 2359 10 2378 11 2451 20 2478 10 2504 11 2547 20 2604 10 2623 20 2723 11 2735 10 2796 11 2838 20 2896 10 2926 11 2991 20 3026 10 3080 11 3145 20 3180 10 3233 11 3298 20 3333 10 3387 11 3448 20 3487 10 3544 11 3620 20 3644 10 3705 11 3778 20 3805 10 3858 11 3923 20 3958 10 4019 11 4092 20 4119 10 4200 11 4261 20 4300 10 4353 11 4407 20 4453 1 4619 20 4853 0 5021 20 5853
1095 74 20 250 20 256 20 300 0 419 20 550 10 674 11 720 20 724 10 781 11 835 10 900 11 935 10 1000 11 1057 10 1134 11 1176 10 1249 11 1299 10 1372 11 1437 20 1474 10 1521 11 1571 20 1621 10 1652 11 1690 20 1752 10 1771 11 1828 20 1871 10 1905 11 1978 20 2005 10 2058 11 2127 20 2158 10 2227 11 2292 20 2327 10 2373 11 2434 20 2473 10 2526 11 2595 20 2626 10 2699 11 2756 20 2799 10 2852 11 2909 20 2952 10 2990 11 3059 20 3090 10 3140 11 3205 20 3240 10 3308 11 3370 20 3408 10 3477 11 3515 20 3577 10 3630 11 3688 20 3730 10 3780 11 3845 20 3880 1 4205 20 4280 0 4693 1 5250 20 5280
1096 65 20 250 20 256 20 300 0 415 20 550 8 702 9 748 20 752 8 817 9 875 8 940 9 978 8 1051 9 1109 8 1178 9 1228 8 1312 9 1366 8 1454 20 1502 9 1511 8 1603 9 1661 20 1703 8 1772 9 1818 20 1872 8 1922 9 1976 20 2022 8 2079 9 2133 20 2179 8 2240 9 2252 20 2340 8 2344 9 2401 20 2444 8 2501 9 2562 20 2601 8 2666 9 2708 20 2766 8 2823 9 2869 20 2923 8 2973 9 3038 20 3073 8 3149 9 3199 20 3249 8 3310 9 3364 20 3410 8 3483 9 3533 20 3583 1 3798 20 3983 0 4050 1 4823 20 4983
1097 20 20 250 20 256 20 300 0 390 20 550 8 834 9 876 8 942 9 995 8 1076 9 1110 8 1202 9 1260 20 1334 1 1444 0 1894 1 2675 0 3305 20 4334 20 5334
1098 76 20 250 20 256 20 300 0 304 20 550 8 633 20 683 9 687 8 756 9 794 8 859 9 898 8 971 9 1013 8 1086 9 1135 8 1212 9 1266 8 1339 9 1343 8 1350 9 1404 20 1433 8 1592 9 1669 20 1692 8 1738 9 1818 20 1838 8 1895 9 1975 20 1995 8 2060 9 2129 20 2160 8 2217 9 2282 20 2317 8 2389 9 2451 20 2489 8 2547 9 2612 20 2647 8 2708 9 2777 20 2808 8 2880 9 2949 20 2980 8 3057 9 3122 20 3157 8 3210 9 3275 20 3310 8 3371 9 3440 20 3471 8 3551 9 3632 20 3651 8 3755 9 3828 20 3855 8 3881 9 3943 20 3981 8 3993 9 4019 20 4093 1 4262 20 4493 0 4703 1 5431 20 5493
1099 74 20 250 20 256 20 300 0 379 20 550 8 603 9 619 8 642 20 653 9 699 8 764 9 799 8 864 9 910 8 979 9 1025 8 1098 9 1148 8 1225 9 1275 8 1355 20 1403 9 1416 8 1505 9 1551 20 1605 8 1635 20 1735 9 1739 8 1792 20 1892 9 1911 8 1996 9 2065 20 2096 8 2126 9 2214 20 2226 8 2310 9 2364 20 2410 8 2464 9 2529 20 2564 8 2617 9 2686 20 2717 8 2790 9 2862 20 2890 8 2954 9 3035 20 3054 8 3119 9 3204 20 3219 8 3296 9 3384 20 3396 8 3472 9 3564 20 3572 8 3672 9 3752 20 3772 8 3833 9 3852 8 3883 20 3933 9 3936 20 4333 1 4373 0 4854 20 5333
1100 77 20 250 20 256 20 300 0 424 20 550 10 639 20 689 11 697 10 762 11 808 10 873 11 916 10 985 11 1034 10 1107 11 1165 10 1249 11 1303 10 1387 11 1433 20 1439 10 1506 11 1591 20 1606 10 1667 11 1744 20 1767 10 1821 11 1871 20 1921 10 1943 11 2012 20 2043 10 2093 11 2166 20 2193 10 2262 11 2312 20 2362 10 2419 11 2480 20 2519 10 2580 11 2641 20 2680 10 2734 11 2818 20 2834 10 2902 11 2990 20 3002 10 3079 11 3140 20 3179 10 3236 11 3301 20 3336 10 3386 11 3458 20 3486 10 3554 11 3623 20 3654 10 3750 11 3819 20 3850 10 3930 11 4018 20 4030 10 4110 11 4176 20 4210 1 4499 20 4610 0 4749 1 5343 20 5610
1101 91 20 250 20 256 20 300 0 391 20 550 8 615 9 638 20 665 8 680 9 730 8 815 9 845 8 884 9 976 8 1045 9 1091 8 1168 9 1225 8 1317 9 1355 20 1415 8 1448 9 1482 20 1548 8 1570 9 1647 20 1670 8 1735 9 1785 20 1835 8 1885 9 1935 20 1985 8 2031 9 2088 20 2131 8 2176 9 2238 20 2276 8 2318 9 2399 20 2418 8 2491 9 2548 20 2591 8 2652 9 2706 20 2752 8 2817 9 2863 20 2917 8 2978 9 3024 20 3078 8 3150 9 3189 20 3250 8 3292 9 3350 20 3392 8 3457 9 3542 20 3557 8 3664 9 3722 20 3764 8 3837 9 3898 20 3937 8 4040 9 4086 20 4140 8 4209 9 4263 20 4309 8 4385 9 4451 20 4485 8 4566 9 4619 20 4666 8 4750 9 4826 20 4850 20 5250 8 5306 20 5406 9 5559 8 5590 20 5690 20 6690
1102 74 20 250 20 256 0 268 20 300 20 550 1 726 0 870 8 1063 9 1067 20 1113 8 1117 9 1274 8 1339 9 1389 8 1462 9 1512 8 1589 9 1638 8 1727 9 1776 20 1863 8 1868 9 1914 20 1968 8 1999 9 2060 20 2099 8 2152 9 2221 20 2252 8 2260 9 2290 8 2321 20 2360 9 2375 8 2490 9 2528 20 2590 8 2789 9 2823 20 2889 20 3289 8 3391 9 3414 20 3491 8 3514 9 3556 20 3614 8 3636 9 3702 20 3736 8 3797 9 3863 20 3897 8 3955 9 4008 20 4055 8 4123 9 4162 20 4223 8 4277 9 4330 20 4377 8 4446 9 4476 20 4546 8 4607 9 4645 20 4707 8 4783 9 4848 20 4883 1 5529 20 5883
1103 111 20 250 20 256 20 300 0 412 20 550 8 656 20 706 9 714 8 783 9 837 8 898 9 940 8 1017 9 1067 8 1143 9 1205 8 1293 9 1339 8 1419 20 1456 9 1477 8 1557 9 1615 20 1657 8 1695 9 1768 20 1795 8 1864 9 1918 20 1964 8 1968 9 1972 8 1995 20 2068 9 2075 8 2148 9 2213 8 2228 9 2244 20 2248 8 2305 9 2374 20 2405 8 2451 9 2512 20 2551 8 2600 9 2646 20 2700 8 2738 9 2781 20 2838 8 2873 9 2911 20 2973 8 2988 9 3061 20 3088 8 3160 9 3191 20 3260 8 3421 9 3459 20 3521 8 3709 9 3766 20 3809 8 3877 9 3954 20 3977 8 4057 9 4119 20 4157 8 4234 9 4284 20 4334 8 4414 9 4433 20 4514 8 4548 9 4613 20 4648 8 4705 9 4771 20 4805 8 4867 9 4947 20 4967 8 5051 9 5112 20 5151 8 5215 9 5304 20 5315 8 5396 9 5476 20 5496 8 5584 9 5653 20 5684 8 5764 9 5829 20 5864 8 5917 9 5986 20 6017 1 6383 20 6417 0 6544 1 7150 20 7417
1104 82 20 250 20 256 20 300 0 423 20 550 10 659 11 709 20 709 10 782 11 947 10 1008 11 1058 10 1135 11 1192 10 1284 11 1330 10 1411 20 1459 11 1472 10 1553 11 1626 20 1653 10 1710 11 1783 20 1810 10 1867 11 1932 20 1967 10 2036 11 2090 20 2136 10 2197 11 2266 20 2297 10 2354 11 2427 20 2454 10 2508 11 2557 20 2608 10 2649 11 2734 20 2749 10 2803 11 2880 20 2903 10 2945 11 3006 20 3045 10 3087 11 3179 20 3187 10 3271 11 3328 20 3371 10 3439 11 3501 20 3539 10 3620 11 3681 20 3720 10 3827 11 3861 20 3927 10 4003 11 4068 20 4103 10 4202 11 4256 20 4302 10 4379 11 4471 20 4479 1 4798 0 4814 1 4828 0 4850 1 4867 20 4879 0 4938 1 5726 20 5879
1105 39 20 250 20 256 20 300 0 394 20 550 8 703 9 749 20 753 8 810 9 1079 8 1156 9 1213 8 1290 9 1351 8 1439 9 1497 20 1503 8 1593 9 1654 20 1693 8 1765 9 1800 8 1857 20 1865 9 1953 8 2011 20 2111 9 2156 8 2225 9 2279 20 2325 8 2409 9 2432 20 2509 8 2597 9 2624 20 2697 20 3097 20 4097
1106 66 20 250 20 256 20 300 0 405 20 550 8 644 9 671 20 694 8 721 9 897 8 966 9 1016 8 1093 9 1142 8 1219 9 1273 8 1365 9 1419 20 1444 8 1476 9 1568 20 1576 8 1626 9 1637 8 1664 9 1721 20 1726 8 1829 9 1879 20 1929 8 1986 9 2047 20 2086 8 2147 9 2212 20 2247 8 2327 9 2388 20 2427 8 2496 9 2553 20 2596 8 2661 9 2711 8 2760 20 2761 9 2879 8 2941 20 3041 9 3063 8 3094 20 3194 9 3263 8 3374 9 3416 20 3474 8 3546 9 3608 20 3646 8 3650 20 3750 20 4150 9 4179 1 4399 0 4745 20 5150
1107 54 20 250 20 256 20 300 0 428 20 550 10 635 20 685 11 701 10 774 11 808 10 889 11 919 10 1004 11 1096 10 1134 11 1176 10 1257 11 1318 10 1399 20 1435 11 1456 10 1544 11 1606 20 1644 10 1698 11 1759 20 1798 10 1801 11 1836 10 1859 20 1901 11 1920 10 2020 11 2058 20 2120 10 2158 11 2223 20 2258 10 2323 11 2376 20 2423 10 2484 11 2549 20 2584 10 2591 20 2691 11 2921 10 3032 11 3070 20 3132 1 3490 20 3532 0 4046 20 4532
1108 20 20 250 20 256 20 300 0 385 20 550 10 755 11 767 10 839 11 924 10 1004 11 1039 10 1131 11 1219 20 1255 1 1523 0 2513 1 3637 0 4033 20 4255 20 5255
1109 14 20 250 20 256 20 300 0 378 20 550 8 889 9 946 8 1030 9 1065 20 1389 1 1763 0 2229 20 4389 20 5389
1110 50 20 250 16 400 20 450 20 456 0 470 20 500 20 550 20 800 10 990 11 1048 10 1121 11 1170 10 1243 11 1308 10 1351 11 1408 10 1469 11 1531 10 1596 11 1673 20 1740 10 1753 11 1814 20 1853 10 1883 11 1956 20 1983 10 2044 11 2090 20 2144 10 2175 11 2225 20 2275 10 2286 11 2374 20 2386 10 2466 11 2516 20 2566 10 2596 11 2688 20 2696 10 2784 11 2792 20 2884 1 3058 20 3284 0 3983 1 4229 20 4284
1111 74 20 250 20 256 20 300 20 350 0 383 10 598 20 600 11 632 10 713 11 740 20 763 10 812 11 924 10 927 11 970 10 1050 11 1096 10 1188 11 1238 10 1311 11 1430 10 1449 11 1510 20 1513 20 1913 10 2089 11 2154 20 2189 10 2250 20 2350 11 2411 10 2488 11 2545 20 2588 10 2641 11 2699 20 2741 10 2791 11 2852 20 2891 10 2948 11 3021 20 3048 10 3109 11 3174 20 3209 10 3262 11 3327 20 3362 10 3427 11 3481 20 3527 10 3588 11 3653 20 3688 10 3757 11 3818 20 3857 10 3902 11 3998 20 4002 10 4021 11 4098 20 4121 10 4167 11 4243 20 4267 10 4339 11 4416 20 4439 10 4516 11 4588 20 4616 20 5616
1112 54 20 250 20 256 20 300 0 393 20 550 10 627 20 677 11 765 10 773 11 807 10 876 11 926 10 995 11 1052 10 1133 11 1187 10 1263 11 1325 10 1413 20 1427 11 1474 10 1574 20 1674 11 1712 10 1719 11 1762 20 1819 10 1835 11 1911 20 1935 10 1996 11 2065 20 2096 10 2157 11 2222 20 2257 10 2329 11 2394 20 2429 10 2494 11 2563 20 2594 10 2697 11 2774 20 2797 10 2870 11 2962 20 2970 20 3370 1 3430 0 3472 1 3492 0 4114 20 4370
1113 45 20 250 16 401 20 451 20 457 0 485 20 501 20 551 20 801 10 880 11 911 10 930 20 930 11 1010 10 1087 11 1110 10 1332 11 1367 10 1463 11 1513 10 1605 11 1658 20 1680 10 1747 11 1800 20 1847 10 2034 11 2084 20 2134 10 2168 11 2222 20 2268 10 2298 11 2364 20 2398 10 2436 20 2536 11 2636 10 2712 20 2812 11 2896 10 2981 11 3004 20 3081 20 3481 20 4481
1114 14 20 250 20 256 20 300 0 390 20 550 10 821 11 878 10 955 11 1001 20 1321 1 1548 0 2826 20 4321 20 5321
1115 50 20 250 16 413 20 463 20 469 20 513 0 523 20 563 10 796 20 813 11 835 10 992 20 1042 11 1149 10 1352 11 1394 10 1490 11 1536 10 1628 11 1690 10 1770 20 1792 11 1831 10 1920 11 1973 20 2020 10 2061 11 2138 20 2161 10 2215 11 2315 20 2315 10 2361 11 2445 20 2461 10 2499 11 2575 20 2599 10 2644 11 2736 20 2744 10 2817 11 2901 20 2917 10 2989 11 3070 20 3089 1 3314 20 3489 0 3804 20 4489
1116 58 20 250 20 256 0 288 20 300 10 526 20 550 11 583 10 664 20 714 11 940 10 1021 11 1070 10 1147 11 1208 10 1293 11 1354 10 1450 20 1464 11 1523 10 1603 11 1672 20 1703 10 1772 11 1826 20 1872 10 1910 11 1987 20 2010 10 2067 11 2159 20 2167 10 2194 11 2286 20 2294 10 2328 11 2367 20 2428 10 2451 20 2551 11 2650 10 2738 11 2800 20 2838 10 2888 11 2953 20 2988 10 3045 11 3133 20 3145 10 3179 11 3214 20 3279 10 3314 11 3387 20 3414 1 3698 20 3814 20 4814
1117 95 0 89 10 332 11 416 10 486 11 555 10 627 11 700 1 902 20 1152 20 1158 20 1202 0 1305 20 1452 10 1544 20 1594 11 1728 10 1793 11 1847 10 1924 11 1985 10 2065 11 2123 10 2204 11 2273 20 2344 10 2361 11 2403 20 2461 10 2468 11 2568 20 2568 10 2618 11 2671 20 2718 10 2752 11 2821 20 2852 10 2882 11 2951 20 2982 10 3043 11 3097 20 3143 10 3185 20 3285 11 3292 10 3331 11 3369 20 3431 10 3454 11 3507 20 3554 10 3592 11 3661 20 3692 10 3756 11 3822 20 3856 10 3929 11 3987 20 4029 10 4079 11 4148 20 4179 10 4232 11 4301 20 4332 10 4385 11 4443 20 4485 10 4531 11 4600 20 4631 10 4684 11 4742 20 4784 10 4842 11 4895 20 4942 10 4995 11 5060 20 5095 10 5171 11 5244 20 5271 10 5352 11 5409 20 5452 10 5509 11 5586 20 5609 1 5819 0 5974 20 6009 20 7009
1118 28 20 250 20 256 20 300 0 388 20 550 10 622 11 683 10 756 11 817 10 890 11 951 10 1028 11 1101 20 1122 10 1178 11 1277 10 1342 11 1415 10 1488 11 1576 10 1668 11 1745 10 1829 11 1906 1 2371 0 3610 20 4122 20 5122
1119 69 20 250 20 256 20 300 0 410 20 550 10 690 20 740 11 748 10 840 11 878 10 947 11 978 10 1058 11 1116 10 1192 11 1250 10 1319 11 1380 10 1453 20 1490 11 1530 10 1618 11 1695 20 1718 10 1779 11 1848 20 1879 10 1933 11 2009 20 2033 10 2098 11 2167 20 2198 10 2259 11 2335 20 2359 10 2581 20 2681 11 2765 10 2826 11 2876 20 2926 10 2964 11 3014 20 3064 10 3102 11 3190 20 3202 10 3378 11 3401 20 3478 10 3524 11 3589 20 3624 10 3678 11 3735 20 3778 10 3800 11 3842 20 3900 10 3954 11 4038 20 4054 10 4188 11 4245 20 4288 1 4492 20 4688 20 5688
1120 55 20 250 20 256 20 300 0 395 20 550 10 616 11 665 20 666 10 685 11 777 10 842 11 880 10 953 11 1007 10 1083 11 1141 10 1218 11 1275 10 1344 20 1416 11 1436 10 1471 11 1536 20 1571 10 1613 11 1674 20 1713 10 1751 11 1816 20 1851 10 1893 20 1993 11 2000 10 2035 11 2081 20 2135 10 2161 11 2234 20 2261 10 2326 11 2410 20 2426 10 2506 11 2587 20 2606 10 2679 11 2744 20 2779 10 2855 11 2917 20 2955 1 3147 20 3355 0 3421 20 4355
1121 21 20 250 16 417 20 467 20 473 0 515 20 517 20 567 20 817 10 854 11 888 8 1337 20 1354 9 1367 8 1479 9 1536 8 1659 9 1720 1 1996 0 3068 20 4354 20 5354
1122 67 20 250 16 416 20 466 20 472 20 516 0 552 20 566 20 816 10 1163 11 1213 20 1663 8 1700 9 1746 8 1934 9 1976 8 2057 9 2110 8 2195 9 2252 8 2340 9 2402 8 2490 9 2555 8 2651 9 2709 8 2797 9 2866 8 2950 9 3023 8 3111 9 3184 8 3280 9 3349 8 3449 9 3514 8 3613 9 3679 8 3755 9 3840 8 3924 9 4035 8 4135 9 4227 8 4331 9 4407 8 4503 9 4587 20 4663 8 4683 9 4741 20 4783 8 4814 9 4909 20 4914 8 4986 20 5086 9 5113 8 5224 9 5304 20 5324 8 5408 20 5508 9 5511 8 5653 9 5745 20 5753 20 6753
1123 89 20 250 16 418 20 468 20 474 20 518 20 568 0 589 20 818 10 1001 20 1051 11 1070 10 1077 11 1307 10 1384 11 1434 10 1522 11 1576 10 1664 11 1729 20 1801 10 1821 11 1886 20 1921 10 1994 11 2051 20 2094 10 2143 11 2212 20 2243 10 2296 11 2373 20 2396 10 2454 11 2534 20 2554 10 2611 11 2703 20 2711 10 2791 11 2868 20 2891 10 2971 11 3040 20 3071 10 3128 20 3228 11 3251 10 3316 11 3378 20 3416 10 3462 11 3527 20 3562 10 3615 20 3715 11 3746 10 3780 20 3880 11 3888 10 3953 11 4006 20 4053 10 4095 20 4195 11 4206 10 4233 20 4333 11 4397 10 4432 11 4470 20 4532 10 4555 20 4655 11 4677 10 4704 20 4804 11 4815 10 4892 11 4988 20 4992 10 5068 20 5168 11 5344 10 5413 11 5509 20 5513 1 5846 20 5913 20 6913
1124 21 20 250 20 256 20 300 0 436 20 550 8 763 9 806 8 878 9 940 8 1016 9 1074 8 1151 9 1231 20 1263 8 1312 9 1415 8 1500 9 1599 1 3956 20 4263 20 5263
1125 57 20 250 20 256 20 300 0 434 20 550 8 859 9 909 20 909 8 982 9 1132 8 1208 9 1262 8 1343 9 1408 8 1492 9 1557 8 1642 20 1659 9 1757 8 1810 9 1891 20 1910 8 1933 9 2010 20 2033 8 2098 9 2179 20 2198 8 2278 9 2359 20 2378 8 2462 9 2528 20 2562 8 2650 9 2723 20 2750 8 2834 9 2903 20 2934 8 3026 9 3095 20 3126 8 3202 20 3302 9 3310 8 3363 20 3463 9 3494 8 3578 9 3639 20 3678 8 3758 9 3843 20 3858 20 4258 20 5258
1126 22 20 250 20 256 20 300 0 457 20 550 8 806 9 860 8 932 9 982 8 1059 9 1101 8 1174 9 1254 20 1306 8 1347 9 1465 8 1550 9 1630 1 2102 0 2964 20 4306 20 5306
1127 34 20 250 16 420 20 470 20 476 20 520 20 570 0 650 20 820 10 956 11 995 20 1006 10 1179 11 1202 10 1298 11 1347 10 1436 11 1493 10 1585 11 1643 10 1723 20 1756 11 1788 10 1873 11 1949 20 1973 10 2045 11 2141 20 2145 10 2260 11 2325 20 2360 20 2760 1 2874 20 3760
1128 51 20 250 20 256 20 300 0 453 20 550 10 730 20 780 11 784 10 830 11 899 10 972 11 1025 10 1106 11 1167 10 1251 11 1313 10 1397 11 1466 20 1530 10 1581 11 1635 20 1681 10 1738 11 1784 20 1838 10 1872 20 1972 11 1999 10 2033 11 2095 20 2133 10 2198 11 2279 20 2298 10 2375 11 2428 20 2475 10 2516 11 2570 20 2616 10 2677 11 2727 20 2777 10 2812 11 2888 20 2912 10 2984 11 3076 20 3084 20 3484 20 4484
1129 24 20 250 20 256 20 300 0 399 20 550 8 775 9 821 20 825 8 890 9 948 8 1013 9 1059 8 1144 9 1209 8 1308 9 1362 8 1420 9 1489 20 1575 8 1581 9 1676 20 1681 20 2081 20 3081
1130 115 20 250 16 398 20 448 20 454 20 498 0 514 20 548 10 750 11 766 20 798 10 854 11 869 20 904 10 934 11 984 10 1187 11 1222 10 1314 11 1360 10 1440 11 1490 10 1575 11 1613 20 1654 10 1701 11 1755 20 1801 10 1828 11 1877 20 1928 10 1950 11 2012 20 2050 10 2092 11 2153 20 2192 10 2230 11 2295 20 2330 10 2372 11 2441 20 2472 10 2541 11 2594 20 2641 10 2656 11 2725 20 2756 10 2924 11 2959 20 3024 10 3039 11 3112 20 3139 10 3196 11 3250 20 3296 10 3330 20 3430 11 3445 10 3568 11 3660 20 3668 10 3714 11 3790 20 3814 10 3848 11 3875 20 3948 10 3955 11 4036 20 4055 10 4086 11 4166 20 4186 10 4204 11 4235 20 4304 10 4312 20 4412 11 4415 10 4469 11 4557 20 4569 10 4630 11 4707 20 4730 10 4791 11 4864 20 4891 10 4948 11 5009 20 5048 10 5078 11 5155 20 5178 10 5243 11 5312 20 5343 10 5397 11 5466 20 5497 10 5535 11 5607 20 5635 10 5676 11 5761 20 5776 10 5845 11 5933 20 5945 1 6230 20 6345 0 6581 20 7345
1131 26 20 250 20 256 20 300 0 419 20 550 8 713 9 755 8 832 9 893 20 1213 10 1323 11 1395 10 1461 11 1503 10 1568 11 1606 1 1946 0 2758 1 2838 0 3256 1 3896 20 4213 0 4365 1 4855 0 4906 20 5213
1132 56 20 250 0 388 16 415 20 465 20 471 20 515 20 565 1 566 0 679 1 710 0 751 20 815 8 1308 9 1327 20 1358 8 1435 9 1465 8 1814 9 1868 8 1964 9 2006 8 2098 20 2108 9 2152 8 2278 9 2294 20 2378 8 2401 9 2474 20 2501 8 2566 9 2616 20 2666 8 2712 9 2777 20 2812 8 3187 9 3245 20 3287 8 3544 9 3594 20 3644 8 3659 9 3693 20 3759 8 3881 9 3943 20 3981 8 4046 9 4100 20 4146 8 4173 9 4199 20 4273 20 4673 20 5673
1133 16 20 250 20 256 0 264 20 300 20 550 10 565 11 580 10 657 11 691 1 1001 20 1065 0 1237 1 2045 0 2649 20 4065 20 5065
1134 24 0 12 1 2443 20 2693 20 2699 20 2743 0 2852 20 2993 10 3269 20 3319 11 3334 10 3434 11 3511 10 3588 11 3626 10 3691 11 3753 1 3925 20 4069 0 4432 20 4469 1 4710 0 5199 1 5321 20 5469
1135 11 20 250 16 412 0 456 20 462 20 468 20 512 10 611 11 630 10 653 11 665 20 811
1136 124 0 211 10 894 11 952 10 1017 11 1067 10 1116 11 1170 10 1795 11 1856 10 1933 11 1998 10 2060 11 2102 10 2163 11 2209 1 2446 20 2696 20 2702 20 2746 0 2913 20 2996 10 3114 20 3164 11 3386 10 3455 11 3505 10 3578 11 3628 10 3693 11 3743 10 3804 11 3858 20 3914 10 3923 11 3988 20 4023 10 4050 11 4111 20 4150 10 4176 11 4257 20 4276 10 4333 11 4391 20 4433 10 4468 11 4529 20 4568 10 4598 11 4659 20 4698 10 4740 11 4801 20 4840 10 4870 11 4935 20 4970 10 5008 11 5066 20 5108 10 5146 11 5200 20 5246 10 5276 11 5326 20 5376 10 5391 20 5491 11 5503 10 5530 11 5576 20 5630 10 5652 11 5694 20 5752 10 5763 11 5813 20 5863 10 5898 11 5936 20 5998 10 6005 11 6055 20 6105 10 6128 20 6228 11 6235 10 6258 11 6331 20 6358 10 6408 11 6473 20 6508 10 6561 11 6626 20 6661 10 6695 11 6764 20 6795 10 6837 11 6891 20 6937 10 6964 11 7040 20 7064 10 7117 11 7182 20 7217 10 7255 11 7339 20 7355 10 7428 11 7508 20 7528 10 7596 11 7677 20 7696 10 7761 11 7838 20 7861 20 8261 1 8281 0 8667 20 9261
1137 10 20 250 20 256 20 300 0 323 10 473 11 480 10 565 11 584 10 653 20 673
1138 28 20 250 20 256 20 300 0 457 20 550 10 736 11 808 10 877 11 927 10 989 11 1054 10 1119 11 1188 10 1249 11 1326 20 1486 1 1641 20 1886 0 2097 10 2526 11 2565 20 2626 10 2645 11 2703 20 2745 1 2979 0 3525 20 3745
1139 130 20 250 20 256 20 300 0 402 20 550 10 721 11 763 20 771 10 798 11 890 10 928 11 967 10 1039 11 1082 10 1158 11 1200 10 1273 11 1323 10 1396 11 1442 10 1511 20 1521 11 1588 10 1653 11 1691 20 1753 10 1756 11 1841 20 1856 10 1883 11 1941 20 1983 10 2021 11 2075 20 2121 10 2144 11 2232 20 2244 10 2282 11 2328 20 2382 10 2393 11 2443 20 2493 10 2508 11 2604 20 2608 10 2635 11 2730 20 2735 10 2753 11 2811 20 2853 10 2868 11 2918 20 2968 10 2995 11 3041 20 3095 10 3114 11 3183 20 3214 10 3248 11 3336 20 3348 10 3382 11 3428 20 3482 10 3516 11 3601 20 3616 10 3635 11 3720 20 3735 10 3762 11 3850 20 3862 10 3927 11 3988 20 4027 10 4069 11 4130 20 4169 10 4210 11 4264 20 4310 10 4352 11 4429 20 4452 10 4510 11 4586 20 4610 10 4667 11 4743 20 4767 10 4824 11 4882 20 4924 10 4962 11 5035 20 5062 10 5108 11 5200 20 5208 10 5284 11 5361 20 5384 10 5438 11 5522 20 5538 10 5618 11 5691 20 5718 10 5771 11 5840 20 5871 10 5921 11 6005 20 6021 10 6093 11 6174 20 6193 10 6262 11 6335 20 6362 10 6446 11 6499 20 6546 20 6946 20 7946
1140 11 20 250 16 414 0 458 20 464 20 470 20 514 10 694 11 732 10 801 11 851 20 894
1141 44 20 250 20 256 20 300 0 373 20 550 8 640 9 663 20 690 8 1388 9 1426 20 1440 8 1507 9 1549 20 1607 8 1622 9 1653 20 1722 8 1729 9 1768 20 1829 8 1833 9 1867 8 1929 20 1933 9 1994 8 2059 9 2144 20 2159 8 2213 9 2274 20 2313 8 2339 9 2408 20 2439 8 2485 9 2569 20 2585 8 2673 9 2700 20 2773 20 3173 1 3838 0 4074 20 4173
1142 70 20 250 20 256 20 300 0 336 20 550 10 570 11 620 10 696 11 742 1 932 0 949 20 1070 1 1539 0 1958 1 2236 0 2666 8 3799 9 3814 8 3902 9 3991 8 4010 9 4056 8 4186 9 4221 8 4282 9 4382 8 4551 9 4597 8 4673 9 4719 8 4777 9 4827 8 4911 9 4961 8 5015 9 5080 8 5199 9 5214 8 6848 9 6901 8 7201 9 7258 8 7423 9 7434 8 7461 9 7477 8 7492 9 7511 8 7569 9 7630 20 9070 8 10004 9 10084 20 10104 8 10119 9 10173 8 10192 20 10219 9 10238 8 10253 9 10299 20 10353 8 10522 20 10622 9 10687 8 11181 20 11281 9 11377 1 12212 20 12281
1143 23 20 250 20 256 20 300 0 392 20 550 10 771 11 813 20 821 10 886 11 936 10 994 11 1043 10 1109 11 1135 10 1189 11 1243 10 1339 11 1388 20 1571 1 1615 20 1971 0 1994 20 2971
1144 26 20 250 20 256 20 300 0 390 20 550 8 1061 9 1080 8 1161 9 1187 8 1418 9 1452 8 1525 20 1561 9 1575 8 1663 9 1728 1 6994 0 8479 8 9188 9 9222 8 9314 9 9357 20 9561 1 9817 0 10541 20 10561
1145 24 20 250 20 256 20 300 0 460 20 550 8 932 9 967 8 1047 9 1097 8 1182 9 1247 8 1312 9 1377 20 1432 10 3962 11 4016 10 4108 11 4146 1 4617 0 5727 1 7089 0 7679 20 9432 20 10432
1146 21 20 250 16 410 20 460 20 466 20 510 0 517 20 760 10 1150 11 1181 10 1292 11 1330 10 1418 11 1464 20 1650 1 3199 0 5078 1 6259 0 7844 20 9650 1 10220 20 10650
1147 21 20 250 0 291 16 422 1 424 0 451 20 472 20 478 20 522 20 772 10 1005 11 1028 20 1055 10 1143 11 1196 10 1308 11 1369 20 1805 20 2205 1 2261 0 2743 20 3205
1148 97 20 250 20 256 20 300 0 461 20 550 8 881 9 919 20 931 8 1007 9 1069 8 1111 9 1165 8 1237 9 1276 8 1375 9 1410 8 1498 9 1552 8 1598 20 1681 9 1690 8 1767 9 1828 20 1867 8 1920 9 1977 20 2020 8 2062 9 2119 20 2162 8 2204 9 2273 20 2304 8 2357 9 2415 20 2457 8 2487 9 2541 20 2587 8 2618 9 2687 20 2718 8 2767 9 2852 20 2867 8 2932 9 3001 20 3032 8 3082 9 3166 20 3182 8 3247 20 3347 9 3362 8 3400 9 3500 20 3500 8 3565 9 3665 20 3665 8 3703 20 3803 9 3810 8 3891 9 3956 20 3991 8 4033 20 4133 9 4136 8 4209 20 4309 9 4332 8 4416 20 4516 9 4524 8 4627 9 4681 20 4727 8 4761 9 4838 20 4861 8 4926 9 4992 20 5026 8 5076 9 5126 20 5176 8 5214 9 5294 20 5314 8 5436 9 5486 20 5536 20 5936 1 5945 0 6058 20 6936
1149 53 20 250 20 256 20 300 0 424 20 550 8 661 20 711 9 714 8 745 9 956 8 1017 9 1071 8 1152 9 1209 8 1290 9 1347 8 1432 20 1461 9 1504 8 1585 9 1669 20 1685 8 1750 9 1846 20 1850 8 1949 9 1980 20 2049 8 2072 9 2149 20 2172 8 2237 9 2329 20 2337 8 2417 9 2517 20 2517 8 2613 9 2693 20 2713 8 2789 9 2866 20 2889 8 2977 9 3054 20 3077 8 3172 9 3253 20 3272 1 3618 20 3672 0 3963 20 4672
1150 56 20 250 16 422 20 472 20 478 20 522 0 565 20 772 10 924 20 974 11 978 10 1020 11 1085 10 1154 11 1193 10 1269 11 1323 10 1411 11 1453 10 1568 11 1580 10 1672 20 1724 11 1729 10 1810 11 1867 20 1910 10 1944 11 2009 20 2044 10 2082 11 2159 20 2182 10 2243 20 2343 11 2489 10 2573 11 2665 20 2673 10 2742 11 2830 20 2842 10 2903 11 2999 20 3003 10 3095 11 3175 20 3195 10 3275 11 3348 20 3375 1 3590 0 3625 1 3726 20 3775 0 4326 20 4775
1151 27 20 250 20 256 20 300 0 414 20 550 8 676 9 722 8 795 9 849 8 918 9 990 8 1071 9 1167 20 1176 8 1278 9 1313 8 1420 9 1508 8 1585 9 1692 1 2519 0 3100 1 4437 0 7162 1 7408 20 9176 20 10176
1152 231 20 250 20 256 20 300 0 407 20 550 8 1201 9 1236 20 1251 8 1328 9 1355 8 1420 9 1458 8 1535 9 1585 8 1665 9 1719 8 1804 9 1865 8 1953 20 2001 9 2003 8 2084 9 2141 20 2184 8 2225 9 2283 20 2325 8 2375 9 2440 20 2475 8 2536 9 2590 20 2636 8 2682 9 2758 20 2782 8 2843 9 2935 20 2943 8 3023 9 3115 20 3123 8 3176 9 3226 20 3276 8 3307 20 3407 9 3445 8 3487 20 3587 9 3594 8 3652 9 3698 20 3752 8 3779 9 3836 20 3879 8 3905 20 4005 9 4028 8 4089 9 4131 20 4189 8 4216 9 4300 20 4316 8 4346 20 4446 9 4453 8 4500 20 4600 9 4634 8 4691 9 4764 20 4791 8 4818 20 4918 9 4944 8 4998 9 5075 20 5098 8 5128 20 5228 9 5259 8 5286 20 5386 9 5389 8 5447 9 5489 20 5547 8 5573 9 5646 20 5673 8 5715 20 5815 9 5834 8 5865 20 5965 9 5999 8 6041 9 6133 20 6141 8 6175 9 6244 20 6275 8 6306 20 6406 9 6417 8 6455 20 6555 9 6566 8 6612 9 6701 20 6712 8 6797 9 6877 20 6897 8 6961 9 7050 20 7061 8 7119 20 7219 9 7253 8 7276 20 7376 9 7399 8 7475 9 7537 20 7575 8 7617 9 7698 20 7717 8 7774 20 7874 9 7878 8 7916 20 8016 9 8024 8 8077 9 8158 20 8177 8 8238 9 8319 20 8338 8 8392 20 8492 9 8507 8 8526 20 8626 9 8645 8 8680 9 8737 20 8780 8 8810 9 8867 20 8910 8 8952 9 9005 20 9052 8 9090 9 9178 20 9190 8 9251 9 9328 20 9351 8 9412 9 9473 20 9512 8 9577 9 9604 20 9677 8 9700 9 9757 20 9800 8 9838 9 9907 20 9938 8 9980 9 10037 20 10080 8 10121 9 10198 20 10221 8 10279 9 10359 20 10379 8 10444 9 10524 20 10544 8 10616 9 10701 20 10716 8 10793 9 10877 20 10893 8 10973 9 11050 20 11073 8 11146 9 11207 20 11246 8 11303 9 11368 20 11403 8 11464 9 11537 20 11564 8 11629 9 11713 20 11729 8 11805 9 11882 20 11905 8 11985 9 12054 20 12085 8 12150 9 12200 20 12250 8 12304 9 12369 20 12404 8 12480 9 12572 20 12580 8 12672 20 12772 9 12775 20 13172 1 13758 20 14172
1153 55 20 250 20 256 20 300 0 384 20 550 10 782 11 820 20 832 10 904 11 958 10 1031 11 1069 10 1146 11 1204 10 1280 11 1338 10 1415 11 1476 10 1556 20 1582 11 1672 10 1729 11 1779 20 1829 10 1856 11 1944 20 1956 10 1998 11 2051 20 2098 10 2132 11 2208 20 2232 10 2281 11 2366 20 2381 10 2454 11 2538 20 2554 10 2623 11 2711 20 2723 10 2803 11 2883 20 2903 10 2983 11 3052 20 3083 10 3179 11 3255 20 3279 1 3578 20 3679 0 3819 20 4679
1154 128 20 250 16 422 20 472 20 478 20 522 0 544 20 772 10 801 20 851 11 859 10 920 11 959 10 1028 11 1066 10 1139 11 1196 10 1269 11 1327 10 1399 11 1468 10 1530 20 1601 11 1614 10 1691 11 1760 20 1791 10 1844 20 1944 11 1952 10 1998 11 2078 20 2098 10 2128 11 2216 20 2228 10 2285 11 2354 20 2385 10 2454 11 2507 20 2554 10 2588 20 2688 11 2691 10 2711 20 2811 11 2822 10 2883 11 2925 20 2983 10 2998 11 3075 20 3098 10 3136 20 3236 11 3267 10 3309 11 3405 20 3409 10 3451 11 3500 20 3551 10 3581 11 3642 20 3681 10 3715 11 3815 20 3815 10 3876 11 3918 20 3976 10 3999 11 4064 20 4099 10 4137 20 4237 11 4275 10 4302 11 4336 20 4402 10 4432 11 4470 20 4532 10 4543 11 4608 20 4643 10 4685 11 4731 20 4785 10 4831 11 4865 20 4931 10 4950 11 5011 20 5050 10 5092 11 5138 20 5192 10 5233 11 5295 20 5333 10 5375 11 5440 20 5475 10 5536 11 5624 20 5636 10 5709 11 5793 20 5809 10 5881 11 5927 20 5981 10 6012 11 6058 20 6112 10 6138 11 6234 20 6238 10 6318 11 6407 20 6418 10 6499 11 6587 20 6599 20 6999 1 7055 20 7999
1155 32 20 250 20 256 0 293 20 300 20 550 8 749 9 787 20 799 8 868 9 910 8 979 9 1033 8 1098 9 1148 8 1217 9 1278 8 1351 9 1470 8 1508 20 1549 9 1581 8 1673 9 1757 20 1773 8 1830 9 1926 20 1930 8 2037 9 2125 20 2137 20 2537 20 3537
1156 10 20 250 20 256 20 300 20 550 20 1550 0 2748 1 3641 0 5407 20 6550 20 6560
1157 59 20 250 20 256 20 300 0 401 20 550 8 738 9 780 20 788 8 864 9 922 8 987 9 1029 8 1106 9 1159 8 1232 9 1290 8 1366 9 1436 8 1516 20 1538 9 1585 8 1673 9 1742 20 1773 8 1850 9 1900 20 1950 8 2018 9 2057 20 2118 8 2172 9 2225 20 2272 8 2325 9 2394 20 2425 8 2486 9 2559 20 2586 8 2655 9 2728 20 2755 8 2835 9 2889 20 2935 8 2985 9 3073 20 3085 8 3161 9 3242 20 3261 8 3334 9 3426 20 3434 8 3560 9 3636 20 3660 20 4060 20 5060
1158 105 20 250 20 256 20 300 0 432 20 550 10 798 20 848 11 871 10 936 11 979 10 1048 11 1105 10 1178 11 1235 10 1312 11 1370 10 1446 11 1508 10 1584 20 1598 11 1692 10 1742 11 1841 20 1842 10 1906 11 1952 20 2006 10 2033 11 2091 20 2133 10 2148 11 2236 20 2248 10 2328 20 2428 11 2547 10 2712 20 2812 11 2815 10 2865 11 2938 20 2965 10 2992 11 3065 20 3092 10 3122 20 3222 11 3226 10 3272 11 3321 20 3372 10 3402 20 3502 11 3513 10 3571 11 3617 20 3671 10 3701 20 3801 11 3816 10 3885 11 3946 20 3985 10 4004 11 4088 20 4104 10 4142 20 4242 11 4246 10 4272 20 4372 11 4380 10 4453 11 4548 20 4553 10 4640 11 4694 20 4740 10 4790 11 4836 20 4890 10 4924 11 4986 20 5024 10 5070 11 5166 20 5170 10 5269 11 5361 20 5369 10 5465 11 5557 20 5565 10 5699 11 5760 20 5799 10 5841 11 5879 20 5941 1 6210 20 6341 0 6639 1 6768 0 7116 20 7341
1159 141 20 250 20 256 20 300 0 429 20 550 8 816 20 866 9 961 8 973 9 992 8 1073 9 1119 8 1199 9 1260 8 1345 9 1402 8 1483 9 1544 20 1616 8 1636 9 1701 20 1736 8 1797 20 1897 9 1905 8 1985 9 2081 20 2085 8 2161 9 2215 20 2261 8 2334 9 2368 20 2434 8 2480 9 2522 20 2580 8 2621 9 2679 20 2721 8 2782 9 2832 20 2882 8 2928 9 2990 20 3028 8 3093 9 3131 20 3193 8 3243 9 3281 20 3343 8 3377 9 3427 20 3477 8 3542 9 3584 20 3642 8 3687 9 3733 20 3787 8 3818 9 3875 20 3918 8 3967 9 4040 20 4067 8 4148 9 4190 20 4248 8 4278 9 4347 20 4378 8 4454 9 4489 20 4554 8 4581 9 4623 20 4681 8 4734 9 4773 20 4834 8 4872 9 4911 20 4972 8 4999 9 5052 20 5099 8 5413 9 5455 20 5513 8 5547 9 5612 20 5647 8 5701 9 5762 20 5801 8 5842 9 5923 20 5942 8 6007 9 6084 20 6107 8 6180 9 6245 20 6280 8 6333 9 6379 20 6433 8 6490 9 6563 20 6590 8 6659 9 6736 20 6759 8 6828 9 6924 20 6928 8 7020 9 7119 20 7120 8 7215 9 7292 20 7315 8 7388 9 7480 20 7488 8 7595 9 7668 20 7695 8 7771 20 7871 9 7875 8 8017 9 8078 20 8117 1 8418 20 8517 0 8778 1 9269 20 9517
1160 22 20 250 20 256 20 300 0 492 20 550 10 972 11 1022 10 1095 11 1156 10 1229 11 1275 10 1336 11 1405 20 1472 10 1486 11 1578 1 1952 0 5529 1 7049 20 9472 0 10222 20 10472
1161 18 20 250 20 256 20 300 0 439 20 550 8 762 9 816 8 889 9 958 8 1038 9 1104 8 1207 20 1262 9 1307 1 1582 0 1704 20 9262 20 10262
1162 44 20 250 16 412 20 462 20 468 0 482 20 512 20 762 8 1060 20 1110 9 1113 8 1182 9 1263 8 1278 9 1317 8 1386 9 1432 8 1505 9 1562 8 1635 9 1689 8 1750 9 1807 20 1860 8 1869 9 1938 20 1969 8 1999 9 2080 20 2099 8 2153 20 2253 9 2256 8 2344 9 2417 20 2444 8 2513 9 2574 20 2613 1 2805 20 3013 0 3170 1 3210 20 4013 0 4016
1163 188 20 250 20 256 20 300 0 387 20 550 10 584 11 619 20 634 10 818 11 852 10 925 11 960 10 1036 11 1079 10 1152 11 1190 10 1263 11 1305 10 1366 20 1384 11 1451 10 1516 11 1558 20 1616 10 1623 11 1673 20 1723 10 1738 11 1830 20 1838 10 1865 11 1930 20 1965 10 1984 11 2014 10 2083 20 2084 11 2183 10 2206 11 2302 20 2306 10 2363 11 2394 10 2459 20 2463 11 2528 10 2597 11 2655 20 2697 10 2731 11 2789 20 2831 10 2854 11 2954 20 2954 10 3019 11 3053 20 3119 10 3126 11 3203 20 3226 10 3253 11 3329 20 3353 10 3379 11 3414 20 3479 10 3490 11 3529 20 3590 10 3602 20 3702 11 3797 10 3862 11 3908 20 3962 10 3981 11 4046 20 4081 10 4108 20 4208 11 4230 10 4257 11 4288 20 4357 10 4365 20 4465 11 4495 10 4518 11 4560 20 4618 10 4629 11 4675 20 4729 10 4736 11 4817 20 4836 10 4855 11 4913 20 4955 10 5078 20 5178 11 5289 10 5319 11 5373 20 5419 10 5434 11 5496 20 5534 10 5553 20 5653 11 5657 10 5795 11 5894 20 5895 10 5940 11 5975 20 6040 10 6044 11 6105 20 6144 10 6171 11 6224 20 6271 10 6293 11 6358 20 6393 10 6416 11 6458 20 6516 10 6523 20 6623 11 6627 10 6658 11 6738 20 6758 10 6819 11 6872 20 6919 10 6941 11 6995 20 7041 10 7064 11 7118 20 7164 10 7179 11 7244 20 7279 10 7317 11 7363 20 7417 10 7436 11 7524 20 7536 10 7601 11 7674 20 7701 10 7750 11 7804 20 7850 10 7885 11 7958 20 7985 10 8030 11 8103 20 8130 10 8176 11 8249 20 8276 10 8326 11 8402 20 8426 10 8498 11 8563 20 8598 10 8640 11 8732 20 8740 10 8817 11 8889 20 8917 10 8989 11 9043 20 9089 1 9321 20 9489 0 9625 20 10489
1164 76 20 250 20 256 20 300 0 405 20 550 10 752 20 802 11 821 10 886 11 921 10 990 11 1078 10 1105 11 1154 10 1216 11 1273 10 1339 11 1427 10 1446 11 1538 20 1552 10 1599 11 1645 20 1699 10 1722 11 1776 20 1822 10 1841 11 1918 20 1941 10 1975 11 2017 20 2075 10 2090 11 2152 20 2190 10 2221 20 2321 11 2336 10 2401 11 2497 20 2501 10 2581 11 2623 20 2681 10 2704 11 2757 20 2804 10 2842 11 2903 20 2942 10 2980 11 3080 20 3080 10 3160 11 3237 20 3260 10 3313 11 3382 20 3413 10 3486 11 3547 20 3586 10 3643 11 3716 20 3743 10 3804 11 3881 20 3904 10 3969 11 4046 20 4069 1 4207 20 4469 0 4601 20 5469
1165 71 20 250 20 256 20 300 0 380 20 550 8 767 9 798 20 817 8 894 9 948 8 1032 9 1063 8 1139 9 1197 8 1266 9 1308 8 1396 9 1434 8 1515 9 1561 20 1567 8 1645 9 1676 20 1745 8 1868 9 1906 20 1968 8 2006 9 2082 20 2106 8 2163 9 2244 20 2263 8 2316 9 2408 20 2416 8 2493 9 2550 20 2593 8 2642 9 2704 20 2742 8 2792 9 2842 20 2892 8 2938 9 2991 20 3038 8 3083 9 3148 20 3183 8 3237 9 3309 20 3337 8 3409 9 3459 20 3509 8 3658 9 3716 20 3758 8 3800 9 3869 20 3900 8 3977 9 4042 20 4077 1 4310 0 4466 20 4477 1 4999 20 5477
1166 26 20 250 20 256 20 300 0 475 20 550 10 797 11 843 10 916 11 977 10 1065 11 1100 10 1180 11 1242 20 1297 10 1330 11 1410 10 1510 11 1583 10 1675 11 1759 1 2010 0 2401 1 4057 0 5654 20 9297 20 10297
1167 47 20 250 20 256 20 300 0 387 20 550 8 792 20 842 9 938 8 1007 9 1049 8 1122 9 1168 8 1194 20 1592 9 1881 8 1961 9 2046 20 2061 8 2126 9 2211 20 2226 8 2291 9 2379 20 2391 8 2464 9 2560 20 2564 8 2659 9 2725 20 2759 8 2809 9 2901 20 2909 8 2985 9 3081 20 3085 8 3185 9 3261 20 3285 8 3388 9 3430 20 3488 1 3624 20 3888 0 3920 1 4428 20 4888
1168 81 20 250 20 256 20 300 0 392 20 550 8 718 9 764 20 768 8 836 9 986 8 1063 9 1113 8 1185 9 1243 8 1320 9 1381 8 1465 20 1518 9 1531 8 1611 9 1676 20 1711 8 1757 9 1830 20 1857 8 1903 20 2003 9 2052 8 2079 9 2136 20 2179 8 2194 9 2294 20 2294 8 2343 9 2436 20 2443 8 2528 9 2554 20 2628 8 2646 9 2712 20 2746 8 2800 9 2869 20 2900 8 2961 9 3034 20 3061 8 3137 9 3202 20 3237 8 3295 9 3371 20 3395 8 3479 9 3567 20 3579 8 3667 9 3720 20 3767 8 3805 9 3877 20 3905 8 3966 9 4031 20 4066 8 4134 9 4230 20 4234 8 4307 9 4330 20 4407 8 4426 9 4441 20 4526 1 4627 20 4926 0 5040 1 5629 20 5926
1169 64 20 250 20 256 20 300 0 375 20 550 8 638 20 688 9 691 8 768 9 806 8 883 9 917 8 994 9 1048 8 1128 9 1182 8 1259 9 1324 20 1438 8 1519 9 1596 20 1619 8 1688 9 1738 20 1788 8 1822 9 1918 20 1922 8 2018 9 2071 20 2118 8 2190 9 2248 20 2290 8 2363 9 2443 20 2463 8 2528 9 2616 20 2628 8 2723 9 2785 20 2823 8 2915 9 2961 20 3015 8 3076 9 3149 20 3176 8 3206 9 3245 8 3268 20 3306 9 3337 8 3444 9 3502 20 3544 8 3617 9 3682 20 3717 1 4067 20 4117 0 4355 20 5117
1170 83 20 250 20 256 20 300 0 366 20 550 8 628 20 678 9 685 8 751 9 785 8 854 9 904 8 981 9 1031 8 1111 9 1172 8 1268 9 1314 8 1403 20 1428 9 1456 8 1548 9 1610 20 1648 8 1656 9 1675 8 1702 20 1756 9 1767 8 1867 9 1924 20 1967 8 2016 9 2078 20 2116 8 2173 9 2239 8 2273 20 2273 9 2327 8 2354 9 2411 20 2454 8 2522 9 2572 20 2622 8 2687 9 2752 20 2787 8 2860 9 2902 20 2960 8 3002 9 3059 20 3102 8 3167 9 3224 20 3267 8 3339 9 3401 20 3439 8 3516 9 3577 20 3616 8 3642 9 3681 8 3707 20 3742 9 3769 8 3895 9 3945 20 3995 8 4064 9 4114 20 4164 8 4390 9 4402 20 4490 1 4683 20 4890 0 5153 1 5668 20 5890
1171 43 20 250 20 256 20 300 0 352 20 550 8 657 20 707 9 796 8 907 9 953 8 1026 9 1079 8 1160 9 1210 8 1290 9 1355 8 1444 20 1457 9 1509 8 1586 9 1620 8 1624 9 1681 20 1686 8 1781 9 1839 20 1881 8 1934 9 2007 20 2034 8 2142 9 2180 20 2242 8 2322 9 2364 20 2422 8 2483 9 2529 8 2575 20 2583 9 2728 20 2983 20 3983
1172 15 20 250 20 256 20 300 0 373 20 550 8 738 9 742 8 745 9 788 20 788 8 803 9 895 20 1538 20 1938 20 2938
1173 18 20 250 20 256 20 300 0 470 20 550 1 685 0 1001 20 1550 1 1635 0 2239 1 2838 0 3250 1 3943 0 4541 1 5331 0 6211 20 6550 20 6560
1174 64 0 210 1 1315 20 1565 20 1571 20 1615 0 1731 20 1865 8 2068 9 2091 20 2118 8 2183 9 2229 8 2305 9 2340 8 2413 9 2463 8 2543 9 2593 8 2674 9 2735 8 2819 20 2868 9 2881 8 2973 9 3015 20 3073 8 3092 20 3192 9 3203 8 3253 20 3353 9 3402 8 3425 9 3494 20 3525 8 3544 9 3609 20 3644 8 3694 9 3794 20 3794 8 3859 9 3893 20 3959 8 3970 20 4070 9 4074 8 4143 9 4242 20 4243 8 4300 9 4365 20 4400 8 4465 9 4553 20 4565 8 4653 20 4753 9 4764 8 4986 9 5075 20 5086 20 5486 20 6486
1175 109 20 250 20 256 0 269 20 300 20 550 8 865 20 915 9 968 8 995 9 1033 8 1099 9 1145 8 1221 9 1275 8 1352 9 1405 8 1482 9 1555 8 1597 9 1616 8 1651 20 1665 9 1701 8 1785 9 1839 20 1885 8 1931 9 1985 20 2031 8 2073 9 2130 20 2173 8 2222 9 2280 20 2322 8 2372 9 2430 20 2472 8 2514 9 2587 20 2614 8 2625 9 2644 8 2690 20 2725 9 2736 8 2848 9 2878 20 2948 8 3135 9 3181 20 3235 8 3273 9 3327 20 3373 8 3423 9 3507 20 3523 8 3595 9 3688 20 3695 8 3780 9 3868 20 3880 8 3922 9 3925 8 3929 9 3987 20 4022 8 4056 20 4156 9 4217 8 4263 9 4274 20 4363 8 4366 9 4405 20 4466 8 4482 9 4562 20 4582 8 4654 9 4719 20 4754 8 4827 9 4880 20 4927 8 5003 9 5061 20 5103 8 5183 9 5195 20 5283 8 5310 9 5375 20 5410 8 5525 9 5578 20 5625 8 5747 9 5808 20 5847 8 6123 9 6173 20 6223 20 6623 1 6950 0 7250 20 7623
1176 11 20 250 16 415 0 465 20 465 20 471 20 515 10 695 11 748 10 818 11 875 20 895
1177 55 20 250 20 256 20 300 0 382 20 550 10 585 20 635 11 658 10 727 11 750 10 815 11 869 10 942 11 995 10 1064 11 1126 10 1199 11 1264 10 1333 20 1385 11 1394 10 1471 20 1571 11 1582 10 1624 11 1674 20 1724 10 1743 11 1808 20 1843 10 1885 11 1954 20 1985 10 2035 20 2135 11 2269 10 2338 11 2422 20 2438 10 2456 11 2541 20 2556 10 2602 11 2694 20 2702 10 2779 11 2851 20 2879 20 3279 8 3511 9 3569 20 3611 1 4254 0 4551 20 4611
1178 12 20 250 20 256 20 300 20 550 0 1289 20 1550 1 2066 0 3038 1 3566 0 5028 20 6550 20 6560
1179 85 20 250 20 256 20 300 0 370 20 550 8 708 20 758 9 762 8 827 9 858 8 927 9 962 8 1035 9 1088 8 1157 9 1215 8 1284 9 1341 8 1422 9 1483 20 1508 8 1560 9 1629 20 1660 8 1713 9 1779 20 1813 8 1863 9 1913 20 1963 8 1997 20 2097 9 2128 8 2158 9 2254 20 2258 8 2308 9 2392 20 2408 8 2442 20 2542 9 2553 8 2584 20 2684 9 2699 8 2783 9 2799 20 2883 8 2914 20 3014 9 3025 8 3075 20 3175 9 3179 8 3343 20 3443 9 3485 8 3547 9 3627 20 3647 8 3815 20 3915 9 3938 8 3988 20 4088 9 4107 8 4306 20 4406 9 4575 8 4678 9 4744 20 4778 8 4855 20 4955 9 4962 8 5043 20 5143 9 5192 8 5292 9 5369 20 5392 1 5698 20 5792 0 5991 20 6792
1180 73 20 250 20 256 20 300 0 394 20 550 8 676 20 726 9 737 8 814 9 841 8 910 9 960 8 1033 9 1086 8 1163 9 1217 8 1293 9 1355 8 1435 20 1476 9 1485 8 1566 9 1635 20 1666 8 1719 9 1815 20 1819 8 1895 9 1987 20 1995 8 2079 9 2179 20 2179 8 2229 9 2317 20 2329 8 2375 9 2425 20 2475 8 2505 9 2593 20 2605 8 2674 9 2770 20 2774 8 2854 20 2954 9 2958 8 3046 9 3100 20 3146 8 3203 9 3265 20 3303 8 3372 9 3433 20 3472 8 3572 9 3595 20 3672 8 3779 9 3821 20 3879 8 3967 9 3993 20 4067 8 4446 9 4492 20 4546 20 4946 1 5029 0 5235 20 5946
1181 29 20 250 16 422 20 472 20 478 20 522 0 594 20 772 10 1074 11 1104 10 1196 11 1258 20 1574 1 2545 0 3748 8 4364 9 4410 8 4479 9 4529 8 4747 9 4801 1 5408 0 5756 10 6101 11 6151 1 7258 0 7826 1 9501 20 9574 20 10574
1182 20 20 250 20 256 20 300 0 349 20 550 10 764 11 810 10 902 11 963 10 1051 11 1105 10 1189 20 1264 11 1274 1 2612 0 2955 1 4611 0 5667 20 9264 20 10264
1183 97 20 250 16 416 20 466 20 472 20 516 0 616 20 766 10 1305 20 1355 11 1382 10 1554 11 1581 10 1666 11 1712 10 1788 11 1846 10 1919 11 1984 10 2057 20 2105 11 2118 10 2191 11 2275 20 2291 10 2356 11 2436 20 2456 10 2517 11 2609 20 2617 10 2689 11 2785 20 2789 10 2851 11 2943 20 2951 10 2996 11 3061 20 3096 10 3142 11 3211 20 3242 10 3253 20 3353 11 3380 10 3437 11 3479 20 3537 10 3560 11 3625 20 3660 10 3698 11 3771 20 3798 10 3848 11 3936 20 3948 10 4009 11 4104 20 4109 10 4181 11 4239 20 4281 10 4323 11 4388 20 4423 10 4469 11 4545 20 4569 10 4622 11 4703 20 4722 10 4779 11 4875 20 4879 10 4990 11 5056 20 5090 10 5144 11 5243 20 5244 10 5301 11 5355 20 5401 10 5443 11 5539 20 5543 10 5650 11 5730 20 5750 10 5830 11 5903 20 5930 20 6330 1 6993 0 7307 20 7330
1184 77 20 250 20 256 20 300 0 411 20 550 8 697 9 746 20 747 8 827 9 988 8 1061 9 1118 8 1191 9 1253 8 1329 9 1395 8 1479 20 1497 9 1540 8 1617 9 1686 20 1717 8 1778 9 1824 20 1878 8 1908 9 1985 20 2008 8 2062 9 2119 20 2162 8 2211 9 2250 20 2311 8 2326 9 2392 20 2426 8 2464 9 2549 20 2564 8 2629 9 2706 20 2729 8 2764 9 2806 20 2864 8 2886 9 2963 20 2986 8 3032 9 3128 20 3132 8 3212 9 3297 20 3312 8 3385 9 3465 20 3485 8 3550 9 3634 20 3650 8 3711 9 3784 20 3811 8 3853 9 3949 20 3953 8 4037 9 4114 20 4137 8 4209 9 4298 20 4309 1 4639 20 4709 0 5150 20 5709
1185 35 20 250 16 434 20 484 20 490 20 534 0 585 20 784 10 921 11 955 20 971 10 1020 11 1078 10 1139 11 1185 10 1254 11 1312 10 1377 11 1450 10 1519 11 1607 10 1688 20 1721 11 1776 20 2121 8 2550 9 2600 20 2650 8 2665 9 2727 20 2765 8 2830 9 2872 20 2930 1 3179 20 3930
1186 117 20 250 20 256 20 300 0 432 20 550 10 682 11 717 20 732 10 794 11 843 10 913 11 962 10 1028 11 1085 10 1158 11 1215 10 1288 11 1350 10 1426 20 1482 11 1488 10 1557 11 1618 20 1657 10 1691 11 1760 20 1791 10 1841 11 1917 20 1941 10 2002 11 2067 20 2102 10 2151 11 2216 20 2251 10 2293 11 2389 20 2393 10 2473 20 2573 11 2596 10 2653 11 2692 20 2753 10 2769 11 2845 20 2869 10 2910 20 3010 11 3037 10 3094 11 3148 20 3194 10 3229 20 3329 11 3344 10 3386 11 3432 20 3486 10 3509 11 3582 20 3609 10 3670 11 3754 20 3770 10 3804 20 3904 11 3915 10 3976 11 4030 20 4076 10 4107 11 4180 20 4207 10 4230 11 4322 20 4330 10 4360 11 4448 20 4460 10 4506 11 4552 20 4606 10 4628 20 4728 11 4743 10 4801 11 4843 20 4901 10 4912 20 5012 11 5031 10 5065 11 5150 20 5165 10 5211 11 5276 20 5311 10 5364 11 5445 20 5464 10 5529 11 5621 20 5629 10 5717 11 5802 20 5817 10 5898 11 5978 20 5998 1 6313 20 6398 0 6458 1 6940 0 7215 20 7398
1187 76 0 187 1 238 20 488 20 494 20 538 0 652 20 788 10 896 11 934 20 946 10 1011 11 1065 10 1134 11 1172 10 1249 11 1303 10 1383 11 1444 10 1525 11 1582 10 1663 20 1696 11 1724 10 1797 11 1866 20 1897 10 1939 11 2020 20 2039 10 2096 11 2169 20 2196 10 2242 11 2292 20 2342 10 2365 11 2453 20 2465 10 2526 11 2614 20 2626 10 2695 11 2768 20 2795 10 2848 11 2925 20 2948 10 2998 11 3086 20 3098 10 3170 11 3262 20 3270 10 3358 11 3443 20 3458 10 3535 11 3623 20 3635 10 3730 11 3822 20 3830 20 4230 1 4355 0 4739 8 5026 9 5080 20 5126 8 5145 9 5207 20 5245 8 5329 9 5402 20 5429 1 5901 20 6429
1188 18 20 250 20 256 20 300 0 384 20 550 8 640 9 678 8 747 9 805 8 874 9 931 8 1058 9 1065 20 1140 1 2646 0 3360 20 9140 20 10140
1189 68 20 250 16 415 20 465 20 471 20 515 0 584 20 765 10 848 11 898 20 898 10 948 11 1028 10 1090 11 1132 10 1208 11 1254 10 1335 11 1389 10 1477 11 1531 10 1619 20 1648 11 1680 10 1761 11 1826 20 1861 10 1899 11 1968 20 1999 10 2040 11 2117 20 2140 10 2194 11 2267 20 2294 10 2347 11 2447 20 2447 10 2489 11 2547 20 2589 10 2619 20 2719 11 2731 10 2769 11 2850 20 2869 10 2907 11 2972 20 3007 10 3049 11 3126 20 3149 10 3198 20 3298 11 3337 10 3375 11 3432 20 3475 10 3521 11 3609 20 3621 10 3689 11 3781 20 3789 20 4189 1 4285 20 5189
1190 18 20 250 20 256 20 300 0 426 20 550 8 706 9 741 8 817 9 875 8 955 9 1013 20 1206 10 1672 11 1738 10 2447 11 2470 20 9206 20 10206
1191 9 20 250 20 2250 20 2300 20 2306 20 2350 20 2600 20 3600 20 8600 20 8610
1192 13 20 250 16 416 20 466 20 472 20 516 20 766 20 1766 1 5609 0 6082 1 6151 0 6348 20 6766 20 6776
1193 36 0 10 1 20 0 128 1 910 20 1160 20 1166 20 1210 0 1293 20 1460 10 1573 11 1623 10 1699 11 1764 10 1876 11 1918 20 2073 1 2672 0 3234 1 4898 0 5404 8 5775 9 5821 8 5894 9 5947 1 6189 0 6591 1 8615 0 9094 8 9659 9 9701 8 9774 9 9828 20 10073 1 10129 0 10947 20 11073
1194 99 20 250 20 256 20 300 0 427 20 550 10 809 20 859 11 862 10 935 11 977 10 1046 11 1088 10 1165 11 1211 10 1296 11 1342 10 1411 11 1464 10 1533 11 1591 20 1609 10 1660 11 1721 20 1760 10 1794 11 1852 20 1894 10 1928 11 2009 20 2028 10 2089 11 2131 20 2189 10 2200 20 2300 11 2304 10 2342 11 2434 20 2442 10 2519 11 2580 20 2619 10 2653 11 2703 20 2753 10 2775 20 2875 11 2898 10 2959 11 2979 10 3059 20 3059 11 3155 10 3182 11 3274 20 3282 10 3370 11 3404 20 3470 10 3492 11 3573 20 3592 10 3661 11 3692 20 3761 10 3791 11 3822 20 3891 10 3929 11 4025 20 4029 10 4098 11 4156 20 4198 10 4252 11 4328 20 4352 10 4428 11 4505 20 4528 10 4593 11 4677 20 4693 10 4777 11 4850 20 4877 10 4965 11 5034 20 5065 10 5149 11 5229 20 5249 20 5649 10 5935 20 6035 11 6038 1 6246 0 6643 20 7035
1195 20 20 250 0 310 16 438 20 488 20 494 20 538 20 788 10 971 11 1032 20 1471 8 1738 9 1788 1 2694 0 4369 1 4753 0 5657 1 7160 0 9212 20 9471 20 10471
1196 14 20 250 20 256 20 300 0 458 20 550 8 772 9 806 8 879 9 933 8 1006 9 1063 20 1272 20 9272 20 10272
1197 16 20 250 16 424 20 474 20 480 20 524 0 590 20 774 10 911 11 949 20 1411 1 1618 0 2226 1 2663 0 2776 20 9411 20 10411
1198 42 20 250 16 417 20 467 20 473 20 517 0 574 20 767 10 1444 11 1494 20 1494 10 1582 11 1640 10 1713 11 1766 10 1831 11 1885 10 1943 11 1996 10 2050 11 2111 10 2180 11 2238 20 2244 10 2307 11 2349 20 2407 10 2410 11 2475 10 2487 20 2510 11 2521 10 2552 11 2606 20 2652 10 2660 11 2702 20 2760 10 2767 11 2855 20 2867 20 3267 20 4267
1199 32 20 250 16 424 20 474 20 480 20 524 0 582 20 774 8 934 9 964 8 1045 9 1095 20 1434 10 2897 11 2977 10 2992 11 3054 10 3211 11 3234 10 3276 11 3387 10 3433 11 3575 10 3840 11 3882 10 3982 11 4020 10 4066 11 4120 20 9434 1 9819 0 10321 20 10434
1200 17 20 250 16 423 0 466 20 473 20 479 20 523 20 773 1 917 0 1283 20 1773 8 1884 9 1903 20 2634 1 2852 20 3034 0 4001 20 4034
1201 35 20 250 20 256 20 300 0 436 20 550 8 1324 9 1350 20 1374 8 1454 9 1473 8 1630 9 1688 8 1757 9 1861 8 1895 9 1949 8 2018 20 2124 9 2140 8 2163 20 2263 9 2282 8 2348 20 2448 9 2470 8 2555 9 2647 20 2655 8 2746 9 2812 20 2846 20 3246 1 3379 0 3925 20 4246
1202 28 20 250 20 256 20 300 0 449 20 550 10 741 11 791 20 791 10 867 11 932 10 998 11 1090 10 1132 11 1224 10 1262 11 1377 10 1408 11 1531 20 1541 10 1596 11 1665 20 1696 10 1742 20 1842 11 1910 20 2242 1 2274 20 3242
1203 81 20 250 20 256 20 300 0 437 20 550 10 751 11 763 20 801 10 1000 11 1062 10 1142 11 1169 10 1246 11 1296 10 1368 11 1426 10 1495 20 1551 11 1572 10 1637 11 1694 20 1737 10 1775 11 1832 20 1875 10 1921 11 1974 20 2021 10 2059 11 2120 20 2159 10 2193 20 2293 11 2312 10 2338 11 2377 20 2438 10 2454 11 2549 20 2554 10 2611 11 2653 20 2711 10 2730 11 2818 20 2830 10 2879 11 2937 20 2979 10 3025 11 3086 20 3125 10 3171 11 3255 20 3271 10 3355 11 3420 20 3455 10 3516 11 3589 20 3616 10 3688 11 3761 20 3788 10 3872 11 3945 20 3972 10 4053 11 4129 20 4153 10 4260 11 4325 20 4360 10 4647 11 4697 20 4747 10 5015 11 5046 20 5115 20 5515 20 6515
1204 185 20 250 20 256 20 300 0 483 20 550 10 646 11 657 10 665 11 676 10 695 20 696 11 818 10 1048 11 1090 10 1171 11 1194 10 1259 11 1294 20 1446 10 1662 11 1681 20 1762 10 1919 11 1953 20 2019 10 2022 11 2072 20 2122 10 2133 11 2179 20 2233 10 2248 11 2294 20 2348 10 2360 11 2425 20 2460 10 2502 11 2578 20 2602 10 2651 11 2689 20 2751 10 2762 20 2862 11 2874 10 2908 11 2973 20 3008 10 3027 11 3077 20 3127 10 3150 11 3199 20 3250 10 3280 11 3357 20 3380 10 3399 11 3483 20 3499 10 3533 11 3568 20 3633 10 3640 11 3721 20 3740 10 3779 11 3813 20 3879 10 3890 11 3940 20 3990 10 4028 11 4085 20 4128 10 4150 11 4239 20 4250 10 4300 11 4327 20 4400 10 4404 11 4446 20 4504 10 4526 11 4576 20 4626 10 4649 11 4707 20 4749 10 4791 11 4856 20 4891 10 4933 11 5009 20 5033 10 5094 11 5155 20 5194 10 5240 11 5316 20 5340 10 5397 11 5462 20 5497 10 5554 11 5604 20 5654 10 5692 11 5753 20 5792 10 5834 11 5895 20 5934 10 5979 11 6010 20 6079 10 6095 11 6152 20 6195 10 6236 11 6321 20 6336 10 6405 11 6486 20 6505 10 6574 11 6647 20 6674 10 6735 11 6808 20 6835 10 6904 11 6965 20 7004 10 7053 11 7107 20 7153 10 7463 11 7521 20 7563 10 7598 11 7628 20 7698 10 7728 11 7786 20 7828 10 7881 11 7947 20 7981 10 8050 11 8100 20 8150 10 8188 11 8242 20 8288 10 8345 11 8407 20 8445 10 8514 11 8572 20 8614 10 8618 20 8718 11 8744 10 8809 11 8821 10 8859 11 8909 20 8909 10 9039 11 9086 20 9139 10 9212 11 9277 20 9312 10 9381 11 9446 20 9481 10 9550 11 9626 20 9650 20 10050 20 11050
1205 114 20 250 20 256 20 300 0 505 20 550 10 868 20 918 11 1037 10 1106 11 1179 10 1233 11 1283 10 1355 11 1413 10 1490 11 1566 10 1639 20 1668 11 1689 10 1697 20 1797 11 1831 10 1912 11 1961 20 2012 10 2034 11 2096 20 2134 10 2165 11 2234 20 2265 10 2303 11 2379 20 2403 10 2460 11 2487 20 2560 10 2583 11 2633 20 2683 10 2721 11 2782 20 2821 10 2867 11 2936 20 2967 10 3028 11 3070 20 3128 10 3166 11 3196 20 3266 10 3292 11 3315 20 3392 10 3534 11 3545 20 3634 10 3653 11 3706 20 3753 10 3798 11 3871 20 3898 10 3925 11 3956 20 4025 10 4040 11 4109 20 4140 10 4205 11 4270 20 4305 10 4366 11 4439 20 4466 10 4527 11 4535 10 4539 11 4604 20 4627 10 4711 11 4773 20 4811 10 4872 11 4941 20 4972 10 5045 11 5095 20 5145 10 5214 11 5233 20 5314 10 5352 11 5409 20 5452 10 5543 11 5574 20 5643 10 5704 11 5762 20 5804 10 5885 11 5938 20 5985 10 6119 11 6134 20 6219 20 6619 1 6899 0 7150 1 7182 0 7258 20 7619
1206 74 20 250 20 256 20 300 0 377 20 550 1 664 0 864 8 1249 20 1299 9 1406 8 1483 9 1529 8 1602 9 1656 8 1732 9 1786 8 1867 9 1932 8 2020 20 2049 9 2078 8 2139 20 2239 9 2319 8 2334 9 2388 20 2434 8 2476 9 2526 20 2576 8 2611 9 2680 20 2711 8 2776 9 2837 20 2876 8 2933 9 3009 20 3033 8 3101 9 3171 20 3201 8 3278 9 3343 20 3378 8 3458 9 3512 20 3558 8 3627 9 3700 20 3727 8 3819 9 3880 20 3919 8 3999 9 4053 20 4099 8 4183 9 4221 20 4283 8 4371 9 4398 20 4471 8 4555 9 4586 20 4655 8 4724 9 4777 20 4824 1 5208 20 5224 0 5353 1 6035 20 6224
1207 157 20 250 20 256 20 300 0 415 20 550 8 815 20 865 9 980 8 1049 9 1102 8 1175 9 1225 8 1302 9 1363 8 1440 9 1509 8 1593 20 1615 9 1639 8 1724 9 1762 20 1824 8 1854 9 1912 20 1954 8 1984 9 2057 20 2084 8 2138 9 2218 20 2238 8 2299 20 2399 9 2402 8 2468 20 2568 9 2587 8 2633 9 2682 20 2733 8 2763 9 2851 20 2863 8 2913 9 2985 20 3013 8 3074 9 3143 20 3174 8 3265 9 3319 20 3365 8 3423 9 3495 20 3523 8 3595 9 3676 20 3695 8 3772 9 3844 20 3872 8 3929 9 4013 20 4029 8 4094 20 4194 9 4293 8 4439 9 4485 20 4539 8 4650 9 4692 20 4750 8 4772 9 4811 20 4872 8 4891 9 4937 20 4991 8 5022 9 5091 20 5122 8 5175 9 5240 20 5275 8 5332 9 5382 20 5432 8 5478 9 5535 20 5578 8 5624 9 5708 20 5724 8 5812 9 5877 20 5912 8 5996 9 6049 20 6096 8 6160 9 6207 20 6260 8 6325 9 6371 20 6425 8 6479 9 6540 20 6579 8 6636 9 6728 20 6736 8 6805 9 6893 20 6905 8 6981 9 7035 20 7081 8 7138 9 7188 20 7238 8 7299 9 7365 20 7399 8 7468 9 7541 20 7568 8 7660 9 7729 20 7760 8 7809 9 7832 8 7840 9 7894 20 7909 8 7990 9 8059 20 8090 8 8166 9 8216 20 8266 8 8316 9 8412 20 8416 8 8523 9 8584 20 8623 8 8707 20 8807 20 9207 9 9251 8 9263 9 9317 20 9363 1 9698 0 9843 20 10363
1208 35 20 250 20 256 20 300 0 442 20 550 10 718 20 768 11 883 10 952 11 1005 10 1082 11 1136 10 1220 11 1270 10 1366 11 1420 10 1504 20 1518 11 1573 10 1665 11 1734 20 1765 10 1834 11 1884 20 1934 10 1999 11 2052 20 2099 10 2175 11 2225 10 2267 20 2275 20 2675 11 3648 20 3675
1209 130 0 246 1 796 20 1046 20 1052 20 1096 0 1194 20 1346 10 1477 11 1515 20 1527 10 1604 11 1657 10 1738 11 1757 10 1849 11 1891 10 1972 11 2025 10 2075 11 2087 10 2117 11 2167 10 2263 20 2277 11 2317 10 2401 11 2459 20 2501 10 2547 11 2597 20 2647 10 2704 11 2758 10 2804 20 2804 11 2842 10 2854 11 2919 20 2954 10 3019 11 3080 20 3119 10 3287 11 3302 10 3310 11 3364 20 3387 10 3448 11 3498 20 3548 10 3582 11 3621 20 3682 10 3713 11 3797 20 3813 10 3882 11 3924 20 3982 10 4012 11 4085 20 4112 10 4173 11 4211 20 4273 10 4300 11 4346 20 4400 10 4434 11 4487 20 4534 10 4572 11 4622 20 4672 10 4725 11 4756 20 4825 10 4848 11 4905 20 4948 10 5013 11 5078 20 5113 10 5182 11 5243 20 5282 10 5350 11 5419 20 5450 10 5534 11 5580 20 5634 10 5707 11 5780 20 5807 10 5895 11 5952 20 5995 10 6037 11 6098 20 6137 10 6194 11 6263 20 6294 10 6382 11 6432 20 6482 10 6485 11 6508 10 6554 20 6585 11 6616 10 6666 11 6681 10 6739 20 6766 11 6808 10 6915 11 6972 20 7015 10 7087 11 7168 20 7187 10 7283 11 7340 20 7383 20 7783 1 8390 0 8600 20 8783
1210 111 20 250 20 256 20 300 0 337 20 550 10 565 20 615 11 630 10 688 11 738 10 807 11 853 10 918 11 972 10 1041 11 1102 10 1186 11 1244 10 1332 20 1365 11 1386 10 1466 11 1516 20 1566 10 1597 11 1689 20 1697 10 1735 11 1815 20 1835 10 1877 11 1938 20 1977 10 2030 11 2091 20 2130 10 2180 11 2249 20 2280 10 2337 11 2398 20 2437 10 2490 11 2556 20 2590 10 2655 11 2701 20 2755 10 2805 11 2847 20 2905 10 2958 11 3008 20 3058 10 3108 11 3173 20 3208 10 3280 11 3342 20 3380 10 3461 11 3514 20 3561 10 3629 11 3687 20 3729 10 3790 11 3844 20 3890 10 3932 11 4024 20 4032 10 4040 20 4140 20 4540 11 4573 10 4615 20 4715 11 5025 10 5060 11 5110 20 5160 10 5209 11 5286 20 5309 10 5378 11 5439 20 5478 10 5551 11 5597 10 5647 20 5651 11 5815 10 5827 20 5927 11 6295 10 6314 11 6329 20 6414 10 6467 11 6529 20 6567 10 6644 11 6678 20 6744 10 6809 11 6874 20 6909 10 6924 20 7024 20 8024
1211 9 20 250 20 256 20 300 0 422 10 540 11 563 10 632 11 686 20 740
1212 20 20 250 20 256 20 300 0 420 20 550 10 722 11 780 10 845 11 914 10 987 11 1040 10 1090 11 1190 20 1222 1 1490 0 1597 1 1628 0 1655 20 9222 20 10222
1213 11 20 250 16 424 20 474 20 480 0 492 20 524 10 727 11 780 10 842 11 903 20 927
1214 72 20 250 20 256 20 300 0 384 20 550 8 800 20 850 9 1068 8 1133 9 1187 8 1260 9 1321 8 1398 9 1451 8 1524 9 1589 20 1600 8 1670 9 1735 20 1770 8 1808 9 1869 20 1908 8 1942 9 2027 20 2042 8 2103 9 2191 20 2203 8 2264 9 2353 20 2364 8 2425 9 2521 20 2525 8 2571 9 2663 20 2671 8 2721 9 2805 20 2821 8 2855 20 2955 9 2959 8 3047 9 3112 20 3147 8 3189 9 3258 20 3289 8 3338 9 3426 20 3438 8 3507 9 3588 20 3607 8 3672 9 3749 20 3772 8 3837 9 3925 20 3937 8 4029 9 4036 8 4044 9 4109 20 4129 1 4379 0 4456 20 4529 1 5076 20 5529
1215 9 20 250 20 256 20 300 0 385 8 544 9 555 8 682 9 713 20 744
1216 63 20 250 20 256 20 300 0 434 20 550 8 749 9 753 8 757 9 784 20 799 8 811 9 906 8 979 9 1025 8 1098 9 1148 8 1228 9 1278 8 1355 9 1420 8 1508 20 1549 9 1558 8 1646 9 1727 20 1746 8 1800 9 1880 20 1900 8 1961 9 2041 20 2061 8 2122 9 2210 20 2222 8 2275 9 2344 20 2375 8 2452 9 2498 20 2552 8 2613 9 2659 20 2713 8 2762 9 2839 20 2862 8 2954 9 3015 20 3054 8 3142 9 3203 20 3242 8 3364 9 3395 20 3464 8 3602 9 3614 20 3702 1 3994 0 4090 20 4102 20 5102
1217 79 20 250 16 418 20 468 20 474 20 518 0 540 20 768 8 982 9 989 8 1024 20 1032 9 1074 8 1277 9 1323 8 1377 9 1415 8 1469 9 1515 8 1572 9 1622 8 1683 9 1737 20 1782 8 1802 9 1852 20 1902 8 1921 9 1983 20 2021 8 2055 9 2121 20 2155 8 2190 9 2243 20 2290 8 2309 9 2378 20 2409 8 2439 9 2512 20 2539 8 2569 9 2661 20 2669 8 2727 9 2822 20 2827 8 2895 9 2987 20 2995 8 3033 9 3079 20 3133 8 3145 9 3210 20 3245 8 3283 9 3340 20 3383 8 3402 9 3490 20 3502 8 3540 9 3613 20 3640 8 3689 9 3770 20 3789 8 3843 9 3919 20 3943 8 3988 9 4080 20 4088 8 4161 9 4237 20 4261 20 4661 20 5661
1218 80 0 97 1 159 20 409 20 415 20 459 0 625 20 709 8 918 9 934 20 968 8 1083 9 1118 8 1191 9 1229 8 1290 9 1340 8 1409 9 1463 8 1532 9 1590 8 1670 20 1718 9 1724 8 1800 9 1862 20 1900 8 1939 9 2000 20 2039 8 2077 9 2142 20 2177 8 2222 9 2284 20 2322 8 2364 9 2433 20 2464 8 2518 9 2568 20 2618 8 2644 9 2710 20 2744 8 2782 9 2851 20 2882 8 2920 9 3016 20 3020 8 3089 9 3170 20 3189 8 3254 9 3327 20 3354 8 3423 9 3492 20 3523 8 3580 9 3649 20 3680 8 3749 9 3818 20 3849 8 3906 9 3971 20 4006 8 4056 9 4132 20 4156 8 4228 9 4297 20 4328 8 4420 9 4474 20 4520 20 4920 1 5484 20 5920
1219 28 20 250 20 256 20 300 0 430 20 550 8 801 9 836 8 905 9 962 8 1035 9 1089 8 1158 9 1227 20 1301 8 1311 9 1372 8 1453 9 1553 1 1838 0 2136 1 3543 0 4388 1 5099 0 8028 1 8647 20 9301 20 10301 0 10306
1220 103 20 250 20 256 20 300 0 428 20 550 8 661 9 669 8 699 20 711 9 765 8 860 9 887 8 979 9 1002 8 1083 9 1129 8 1202 9 1255 8 1332 9 1390 20 1461 8 1470 9 1531 20 1570 8 1620 9 1681 20 1720 8 1781 9 1842 20 1881 8 1930 9 2007 20 2030 8 2099 9 2145 20 2199 8 2245 9 2314 20 2345 8 2402 9 2475 20 2502 8 2571 9 2628 20 2671 8 2747 9 2808 20 2847 8 2920 9 3004 20 3020 8 3065 20 3165 9 3188 8 3280 9 3357 20 3380 8 3453 9 3533 20 3553 8 3629 9 3717 20 3729 8 3794 9 3809 8 3825 9 3882 20 3894 8 3986 9 4074 20 4086 8 4181 9 4239 20 4281 8 4342 9 4404 20 4442 8 4492 9 4553 20 4592 8 4664 9 4726 20 4764 8 4825 9 4894 20 4925 8 5017 9 5098 20 5117 8 5121 9 5151 20 5221 8 5412 9 5427 20 5512 8 5527 9 5558 20 5627 1 5789 20 6027 0 6028 1 6991 20 7027
1221 19 20 250 20 256 20 300 0 404 20 550 8 778 9 812 8 897 9 962 8 1065 9 1088 20 1278 1 3373 0 4462 20 9278 1 9460 0 9683 1 9840 20 10278
1222 206 20 250 20 256 20 300 0 385 20 550 8 796 20 846 9 850 8 915 9 958 8 1027 9 1073 8 1145 9 1195 8 1268 9 1322 8 1399 9 1452 8 1533 9 1594 20 1596 8 1675 9 1751 20 1775 8 1840 9 1889 20 1940 8 1962 9 2027 20 2062 8 2100 9 2192 20 2200 8 2265 20 2365 9 2376 8 2426 9 2507 20 2526 8 2572 9 2630 20 2672 8 2706 20 2806 9 2863 8 2894 9 2959 20 2994 8 3032 9 3113 20 3132 8 3174 20 3274 9 3278 8 3328 20 3428 9 3527 8 3696 9 3780 20 3796 8 3834 9 3914 20 3934 8 3976 9 4014 20 4076 8 4098 9 4198 20 4198 8 4248 9 4294 20 4348 8 4374 20 4474 9 4486 8 4532 9 4605 20 4632 8 4670 20 4770 9 4792 8 4842 9 4904 20 4942 8 4988 20 5088 9 5092 8 5145 9 5214 20 5245 8 5310 9 5341 20 5410 8 5448 20 5548 9 5575 8 5613 9 5705 20 5713 8 5774 9 5816 20 5874 8 5908 20 6008 9 6020 8 6070 9 6146 20 6170 8 6242 9 6334 20 6342 8 6441 9 6514 20 6541 8 6637 9 6710 20 6737 8 6852 9 6917 20 6952 8 7036 9 7113 20 7136 8 7224 9 7301 20 7324 8 7396 9 7458 20 7496 8 7550 9 7603 20 7650 8 7680 20 7780 9 7872 8 7926 9 7975 20 8026 8 8037 9 8136 20 8137 8 8186 9 8267 20 8286 8 8332 9 8413 20 8432 8 8462 20 8562 9 8581 8 8742 20 8842 9 8850 8 9026 20 9126 9 9141 8 9218 9 9268 20 9318 8 9368 9 9429 20 9468 8 9559 9 9609 20 9659 8 9713 9 9743 20 9813 8 9847 9 9931 20 9947 8 9997 20 10097 9 10204 8 10300 9 10376 20 10400 8 10484 9 10541 20 10584 8 10652 9 10714 20 10752 8 10810 9 10879 20 10910 8 10967 9 11040 20 11067 8 11147 9 11208 20 11247 8 11331 9 11385 20 11431 8 11500 9 11550 20 11600 8 11653 9 11715 20 11753 8 11845 9 11903 20 11945 20 12345 20 13345
1223 12 20 250 20 256 20 300 0 409 20 550 8 845 9 910 8 979 9 1060 20 1345 20 9345 20 10345
1224 49 20 250 16 419 20 469 20 475 20 519 0 573 20 769 8 810 9 848 20 860 8 933 9 982 8 1051 9 1086 8 1155 9 1205 8 1282 9 1335 8 1408 9 1462 8 1538 9 1596 20 1610 8 1673 9 1738 20 1773 8 1807 9 1883 20 1907 8 1960 9 2052 20 2060 8 2148 9 2186 20 2248 8 2252 9 2294 20 2352 8 2374 9 2436 20 2474 8 2524 9 2604 20 2624 20 3024 1 3454 0 3643 1 3999 20 4024
1225 18 20 250 20 256 20 300 0 367 20 550 8 672 9 706 8 768 9 829 8 902 9 975 8 1044 9 1124 20 1172 8 1197 9 1278 20 9172 20 10172
1226 108 20 250 0 320 16 422 20 472 20 478 20 522 20 772 10 882 20 932 11 939 10 1012 11 1054 10 1127 11 1162 10 1235 11 1281 10 1357 11 1407 10 1488 11 1545 10 1610 11 1672 20 1682 10 1737 11 1810 20 1837 10 1867 20 1967 11 1982 10 2025 11 2074 20 2125 10 2147 11 2232 20 2247 10 2270 20 2370 11 2489 10 2535 11 2588 20 2635 10 2657 11 2749 20 2757 10 2788 11 2864 20 2888 10 2918 11 2983 20 3018 10 3052 20 3152 11 3275 10 3336 11 3386 20 3436 10 3470 11 3528 20 3570 10 3593 11 3650 20 3693 10 3719 20 3819 11 3838 10 3865 11 3946 20 3965 10 4007 11 4080 20 4107 10 4157 11 4233 20 4257 10 4302 11 4371 20 4402 10 4444 11 4536 20 4544 10 4613 11 4697 20 4713 10 4770 11 4839 20 4870 10 4904 11 4981 20 5004 10 5061 11 5138 20 5161 10 5219 11 5307 20 5319 10 5407 11 5495 20 5507 10 5610 11 5698 20 5710 10 5813 11 5848 20 5913 1 6146 20 6313 0 6371 20 7313
1227 22 20 250 16 438 20 488 20 494 20 538 0 626 20 788 8 1009 9 1074 8 1147 9 1209 20 1509 1 2913 0 3133 1 3275 0 3869 1 5079 0 6486 1 7040 0 8574 20 9509 20 10509
1228 67 20 250 20 256 20 300 0 427 20 550 8 715 9 742 20 765 8 773 9 869 8 938 9 984 8 1053 9 1110 8 1187 9 1249 8 1329 9 1390 8 1459 9 1513 20 1515 8 1594 9 1655 20 1694 8 1736 9 1793 20 1836 8 1874 9 1943 20 1974 8 2012 20 2112 9 2115 8 2157 20 2257 9 2276 8 2303 20 2403 9 2430 8 2491 9 2568 20 2591 8 2664 9 2729 20 2764 8 2825 9 2905 20 2925 8 2982 20 3082 9 3224 8 3304 9 3400 20 3404 8 3496 9 3580 20 3596 8 3718 9 3776 20 3818 8 4144 9 4159 20 4244 20 4644 1 4813 0 5308 20 5644
1229 46 20 250 20 256 20 300 0 435 20 550 10 856 20 906 11 909 10 1009 11 1044 10 1113 11 1162 10 1239 11 1293 10 1370 11 1427 10 1500 11 1577 10 1653 20 1656 11 1780 10 1822 11 1864 20 1922 10 1937 11 2037 20 2037 10 2094 11 2144 20 2194 10 2233 11 2305 20 2333 10 2390 11 2489 20 2490 10 2601 11 2689 20 2701 10 2854 11 2881 20 2954 20 3354 1 3500 0 4134 20 4354
1230 81 20 250 20 256 20 300 0 384 20 550 10 633 11 679 20 683 10 764 11 806 10 879 11 917 10 990 11 1044 10 1120 11 1166 10 1239 11 1293 10 1370 20 1433 11 1435 10 1523 11 1577 20 1623 10 1661 11 1715 20 1761 10 1792 11 1845 20 1892 10 1922 11 1999 20 2022 10 2075 11 2160 20 2175 10 2236 11 2294 20 2336 10 2382 11 2444 20 2482 10 2532 11 2601 20 2632 10 2693 11 2762 20 2793 10 2862 11 2919 20 2962 10 3023 11 3092 20 3123 10 3199 11 3260 20 3299 10 3353 11 3360 10 3364 11 3429 20 3453 10 3540 11 3606 20 3640 10 3698 11 3774 20 3798 10 3882 11 3962 20 3982 10 4085 11 4139 20 4185 10 4235 11 4304 20 4335 20 4735 1 4751 0 4779 20 5735
1231 22 20 250 20 256 20 300 0 338 20 550 10 581 11 634 10 700 11 772 1 939 20 1081 0 1327 1 1835 0 2176 1 4350 0 4758 1 5260 0 6195 1 6863 0 8417 20 9081 20 10081
1232 14 0 17 1 53 0 76 1 700 20 950 20 956 20 1000 20 1250 0 1462 1 1483 0 1537 20 2250 20 7250 20 7260
1233 14 20 250 16 438 20 488 20 494 20 538 0 600 20 788 10 1266 11 1289 10 1373 11 1442 20 1766 20 9766 20 10766
1234 42 20 250 16 553 20 603 20 609 0 648 20 653 20 903 10 971 11 1021 20 1021 10 1055 11 1136 10 1197 11 1239 10 1308 11 1358 10 1423 11 1477 10 1546 11 1603 10 1672 11 1722 20 1771 10 1787 11 1849 20 1887 10 1910 11 1968 20 2010 10 2029 11 2102 20 2129 10 2167 11 2240 20 2267 10 2320 11 2385 20 2420 20 2820 1 2987 0 3381 20 3820
1235 16 20 250 20 256 20 300 0 332 20 550 8 621 9 651 8 716 9 755 8 824 9 881 8 958 9 1015 20 1121 20 9121 20 10121
1236 11 20 250 0 262 16 546 20 596 20 602 20 646 8 810 9 845 8 933 9 971 20 1010
1237 129 20 250 20 256 20 300 0 346 20 550 10 582 20 632 11 644 10 713 11 740 10 801 11 839 10 908 11 958 10 1027 11 1077 10 1138 11 1192 10 1257 11 1311 20 1382 10 1384 11 1441 20 1484 10 1514 11 1568 20 1614 10 1644 11 1690 20 1744 10 1767 11 1832 20 1867 10 1890 11 1951 20 1990 10 2020 11 2089 20 2120 10 2158 11 2223 20 2258 10 2300 11 2361 20 2400 10 2438 11 2500 20 2538 10 2572 11 2630 20 2672 10 2699 11 2756 20 2799 10 2818 11 2906 20 2918 10 2967 11 3013 20 3067 10 3082 11 3167 20 3182 10 3220 11 3259 10 3316 20 3320 11 3393 10 3450 11 3485 20 3550 10 3562 11 3634 20 3662 10 3700 11 3776 20 3800 10 3838 11 3903 20 3938 10 3968 11 4052 20 4068 10 4121 11 4187 20 4221 10 4248 11 4294 20 4348 10 4367 11 4417 10 4463 20 4467 11 4470 10 4478 11 4543 20 4578 10 4612 11 4693 20 4712 10 4758 11 4816 20 4858 10 4892 11 4957 20 4992 10 5030 11 5111 20 5130 10 5180 11 5264 20 5280 10 5345 11 5425 20 5445 10 5502 11 5590 20 5602 10 5671 11 5755 20 5771 10 5851 11 5924 20 5951 10 6050 11 6089 20 6150 20 6550 20 7550
1238 185 20 250 20 256 20 300 0 395 20 550 8 742 9 792 20 792 8 864 9 910 8 976 9 1022 8 1087 9 1137 8 1206 9 1259 8 1332 9 1382 8 1451 9 1501 20 1542 8 1570 9 1631 20 1670 8 1696 20 1796 9 1804 8 1831 9 1907 20 1931 8 1953 9 2011 20 2053 8 2072 9 2153 20 2172 8 2202 9 2264 20 2302 8 2333 9 2409 20 2433 8 2467 9 2536 20 2567 8 2609 9 2663 20 2709 8 2720 9 2816 20 2820 8 2858 9 2939 20 2958 8 2989 9 3031 8 3088 20 3089 9 3192 8 3238 9 3291 20 3338 8 3360 9 3414 20 3460 8 3479 9 3568 20 3579 8 3640 9 3679 20 3740 8 3744 9 3840 20 3844 8 3886 9 3974 20 3986 8 4039 9 4127 20 4139 8 4192 20 4292 9 4407 8 4446 9 4488 20 4546 8 4553 20 4653 9 4768 8 4817 9 4867 20 4917 8 4929 9 5024 20 5029 8 5067 9 5113 20 5167 8 5189 9 5285 20 5289 8 5324 9 5416 20 5424 8 5458 9 5496 20 5558 8 5561 20 5661 9 5669 8 5707 9 5765 20 5807 8 5830 9 5868 8 5929 20 5930 9 6025 8 6067 9 6113 20 6167 8 6182 20 6282 9 6301 8 6336 9 6397 20 6436 8 6462 9 6524 20 6562 8 6581 20 6681 9 6689 8 6719 9 6800 20 6819 8 6873 9 6957 20 6973 8 7030 9 7099 20 7130 8 7179 9 7229 20 7279 8 7306 9 7367 20 7406 8 7448 9 7509 20 7548 8 7593 9 7674 20 7693 8 7762 9 7827 20 7862 8 7919 9 7992 20 8019 8 8077 9 8138 20 8177 8 8218 9 8280 20 8318 8 8380 9 8441 20 8480 8 8529 9 8598 20 8629 8 8690 9 8759 20 8790 8 8855 9 8920 20 8955 8 9043 9 9077 20 9143 1 9419 20 9543 0 9544 20 10543
1239 24 20 250 20 256 20 300 0 411 20 550 8 599 9 622 8 733 9 783 8 844 9 902 8 986 9 1055 20 1099 1 2013 0 2419 1 4381 0 4766 8 5308 9 5350 1 6703 0 7007 20 9099 20 10099
1240 78 20 250 0 370 16 554 20 604 20 610 20 654 20 904 8 1232 9 1271 8 1390 9 1432 20 1732 10 1919 11 1976 10 2060 11 2118 10 2191 11 2233 10 2298 11 2363 1 2784 0 3140 1 3529 0 3906 1 5789 0 5832 1 5988 0 6049 1 6236 0 6518 10 6849 11 6899 10 6964 11 7022 10 7083 11 7125 10 7179 11 7244 1 7484 0 7849 8 8302 9 8352 8 8421 9 8471 1 9385 0 9498 20 9732 8 9824 9 9874 20 9924 8 9928 9 9982 20 10028 1 10161 0 10564 8 10856 9 10913 20 10956 8 10967 9 11017 20 11067 10 11396 11 11408 10 11481 20 11496 11 11534 10 11607 11 11657 20 11707 10 11734 11 11768 10 11803 20 11834 11 11849 10 11895 11 11941 20 11995 20 12995
1241 14 20 250 0 299 16 575 10 579 11 605 20 625 20 631 20 675 10 839 11 878 10 939 11 985 20 1039 10 1043
1242 91 20 250 20 256 20 300 0 370 20 550 10 613 11 652 20 663 10 728 11 786 10 847 11 874 10 939 11 981 10 1050 11 1100 10 1261 20 1413 11 1430 10 1503 11 1553 20 1603 10 1622 11 1668 20 1722 10 1997 11 2032 20 2097 10 2101 11 2151 20 2201 10 2220 11 2289 20 2320 10 2358 11 2408 20 2458 10 2481 11 2538 20 2581 10 2603 11 2661 20 2703 10 2714 20 2814 11 2829 10 2860 11 2898 20 2960 10 2964 11 3021 20 3064 10 3079 11 3167 20 3179 10 3244 11 3305 20 3344 10 3359 20 3459 11 3466 10 3493 11 3558 20 3593 10 3600 11 3700 20 3700 10 3727 11 3807 20 3827 10 3857 11 3937 20 3957 10 4003 11 4095 20 4103 10 4137 11 4225 20 4237 10 4298 11 4371 20 4398 10 4570 11 4601 20 4670 20 5070 1 5583 0 5600 1 5622 0 5687 20 6070
1243 104 20 250 20 256 20 300 0 368 20 550 8 677 9 727 20 727 8 803 9 842 8 907 9 953 8 1022 9 1068 8 1133 9 1187 8 1252 9 1309 8 1390 9 1428 20 1477 8 1501 9 1555 20 1601 8 1620 9 1704 20 1720 8 1754 9 1850 20 1854 8 1904 9 1942 20 2004 8 2007 20 2107 9 2111 8 2141 9 2210 20 2241 8 2279 9 2329 20 2379 8 2406 9 2475 20 2506 8 2544 9 2597 20 2644 8 2663 20 2763 9 2785 8 2824 9 2873 20 2924 8 2954 9 2985 20 3054 8 3057 9 3149 20 3157 8 3192 9 3268 20 3292 8 3326 9 3372 20 3426 8 3437 9 3521 20 3537 8 3564 9 3621 20 3664 8 3698 9 3755 20 3798 8 3828 9 3889 20 3928 8 3962 9 4031 20 4062 8 4108 9 4185 20 4208 8 4261 9 4342 20 4361 8 4426 9 4484 20 4526 8 4564 9 4645 20 4664 8 4725 9 4794 20 4825 8 4894 9 4947 20 4994 1 5213 0 5296 20 5394 1 6362 20 6394
1244 26 20 250 20 256 20 300 0 377 20 550 8 761 9 811 8 873 9 919 8 984 9 1072 8 1141 9 1225 20 1261 8 1306 9 1367 1 1561 0 1920 1 6112 0 6489 8 6930 9 6976 1 7227 0 7571 20 9261 20 10261
1245 101 20 250 16 856 20 906 20 912 20 956 0 1074 20 1206 10 1339 20 1389 11 1404 10 1458 11 1496 10 1550 11 1596 10 1657 11 1711 10 1772 11 1826 10 1887 11 1945 10 2006 11 2067 10 2129 20 2139 11 2190 10 2263 11 2309 20 2363 10 2382 11 2439 20 2482 10 2516 11 2570 20 2616 10 2646 11 2700 20 2746 10 2773 11 2842 20 2873 10 2907 11 2942 20 3007 10 3011 11 3076 20 3111 10 3152 11 3237 20 3252 10 3264 20 3364 11 3375 10 3421 11 3467 20 3521 10 3532 11 3601 20 3632 10 3655 20 3755 11 3843 10 3923 11 3992 20 4023 10 4065 11 4126 20 4165 10 4211 20 4311 11 4322 10 4395 11 4448 20 4495 10 4525 11 4613 20 4625 10 4694 11 4774 20 4794 10 4862 11 4931 20 4962 10 5008 11 5081 20 5108 10 5154 11 5234 20 5254 10 5311 11 5384 20 5411 10 5484 11 5553 20 5584 1 5864 20 5984 0 6111 1 6358 0 6577 1 6940 20 6984
1246 62 20 250 20 256 20 300 0 377 20 550 8 734 20 784 9 788 8 857 9 891 8 956 9 1002 8 1067 9 1113 8 1182 9 1232 8 1305 9 1355 8 1432 9 1497 20 1534 8 1562 9 1612 20 1662 8 1677 9 1735 20 1777 8 1804 9 1900 20 1904 8 1930 9 1972 20 2030 8 2057 9 2091 20 2157 8 2172 9 2233 20 2272 8 2294 9 2360 20 2394 8 2436 9 2498 20 2536 8 2582 9 2632 20 2682 8 2724 9 2747 20 2824 8 2831 9 2893 20 2931 8 2977 9 3027 20 3077 8 3096 20 3196 9 3207 20 3596 20 4596
1247 106 0 84 1 220 20 470 20 476 20 520 0 544 20 770 8 921 9 971 20 971 8 1051 9 1071 8 1143 9 1186 8 1259 9 1305 8 1389 9 1435 8 1512 9 1565 8 1642 9 1696 20 1721 8 1776 9 1841 20 1876 8 2025 9 2079 20 2125 8 2148 20 2248 9 2252 8 2332 9 2405 20 2432 8 2482 9 2547 20 2582 8 2631 9 2685 20 2731 8 2758 9 2823 20 2858 8 2892 9 2930 20 2992 8 3007 9 3095 20 3107 8 3179 20 3279 9 3283 8 3367 9 3433 20 3467 8 3521 9 3582 20 3621 8 3674 9 3732 20 3774 8 3820 9 3881 20 3920 8 3981 9 4038 20 4081 8 4130 9 4184 20 4230 8 4272 9 4314 20 4372 8 4418 9 4468 20 4518 8 4564 9 4621 20 4664 8 4717 9 4782 20 4817 8 4886 9 4951 20 4986 8 5043 9 5100 20 5143 8 5192 9 5250 20 5292 8 5350 9 5411 20 5450 8 5511 9 5564 20 5611 8 5660 9 5718 20 5760 1 6126 20 6160 0 6233 1 6855 20 7160
1248 107 20 250 20 256 20 300 0 330 20 550 10 589 20 639 11 658 10 727 11 754 10 819 11 869 10 938 11 992 10 1068 11 1118 10 1199 11 1245 10 1329 11 1379 20 1389 10 1456 11 1525 20 1556 10 1609 11 1667 20 1709 10 1739 11 1820 20 1839 10 1870 20 1970 11 1973 10 2035 11 2104 20 2135 10 2180 11 2242 20 2280 10 2318 11 2384 20 2418 10 2460 11 2522 20 2560 10 2598 11 2648 20 2698 10 2740 11 2801 20 2840 10 2874 20 2974 11 2986 10 3024 11 3085 20 3124 10 3139 11 3181 20 3239 10 3254 20 3354 11 3377 10 3407 11 3480 20 3507 10 3630 11 3726 20 3730 10 3775 11 3856 20 3875 10 4036 11 4113 20 4136 10 4186 11 4278 20 4286 10 4343 11 4400 20 4443 10 4485 11 4565 20 4585 10 4650 11 4722 20 4750 10 4791 11 4876 20 4891 10 4964 11 5033 20 5064 10 5117 11 5186 20 5217 10 5267 11 5336 20 5367 10 5535 11 5558 20 5635 1 5743 0 5883 20 6035 1 6664 20 7035
1249 95 20 250 20 256 20 300 0 354 20 550 8 635 9 685 20 685 8 754 9 796 8 861 9 900 8 972 9 1018 8 1091 9 1149 8 1229 9 1279 8 1356 9 1406 20 1435 8 1486 9 1548 20 1586 8 1632 9 1674 20 1732 8 1758 9 1816 20 1858 8 1893 9 1977 20 1993 8 2050 9 2107 20 2150 8 2176 9 2257 20 2276 8 2345 9 2422 20 2445 8 2498 9 2571 20 2598 8 2663 9 2717 20 2763 8 2817 9 2882 20 2917 8 2962 9 3043 20 3062 8 3143 9 3204 20 3243 8 3296 9 3357 20 3396 8 3449 9 3514 20 3549 8 3610 9 3672 20 3710 8 3760 9 3768 8 3771 9 3840 20 3860 8 3925 9 4001 20 4025 8 4090 9 4166 20 4190 8 4255 9 4331 20 4355 8 4427 9 4508 20 4527 8 4596 9 4657 20 4696 8 4761 9 4837 20 4861 1 5181 0 5189 20 5261 1 5741 0 6129 20 6261
1250 192 20 250 20 256 20 300 0 383 20 550 8 632 20 682 9 789 8 855 9 905 8 970 9 1023 8 1096 9 1150 8 1223 9 1276 8 1353 9 1414 20 1432 8 1491 9 1560 20 1591 8 1648 9 1698 20 1748 8 1775 9 1840 20 1875 8 1905 20 2005 9 2024 8 2074 9 2155 20 2174 8 2189 20 2289 9 2312 8 2362 9 2404 20 2462 8 2477 20 2577 9 2611 8 2645 9 2688 20 2745 8 2772 9 2849 20 2872 8 2918 9 3017 20 3018 8 3071 9 3144 20 3171 8 3232 9 3297 20 3332 8 3385 9 3451 20 3485 8 3527 9 3596 20 3627 8 3669 9 3738 20 3769 8 3822 9 3884 20 3922 8 3960 9 4022 20 4060 8 4102 9 4171 20 4202 8 4252 9 4317 20 4352 8 4409 9 4463 20 4509 8 4547 9 4581 20 4647 8 4658 9 4700 20 4758 8 4777 9 4834 20 4877 8 4903 9 5003 20 5003 8 5030 9 5103 20 5130 8 5156 9 5183 8 5245 20 5256 9 5367 8 5390 9 5452 20 5490 8 5528 9 5540 8 5624 20 5628 9 5732 8 5774 9 5866 20 5874 8 5923 9 5981 20 6023 8 6054 9 6107 20 6154 8 6192 9 6226 8 6284 20 6292 9 6502 8 6544 9 6583 20 6644 8 6656 9 6725 20 6756 8 6782 9 6863 20 6882 8 6932 9 7005 20 7032 8 7077 9 7146 20 7177 8 7231 9 7273 20 7331 8 7346 9 7411 20 7446 8 7491 9 7553 20 7591 8 7637 9 7699 20 7737 8 7775 9 7852 20 7875 8 7936 9 8013 20 8036 8 8093 9 8162 20 8193 8 8235 9 8239 8 8243 9 8331 20 8335 8 8412 9 8477 20 8512 8 8565 9 8642 20 8665 8 8734 9 8803 20 8834 8 8906 9 8956 20 9006 8 9048 9 9102 20 9148 8 9232 9 9278 20 9332 8 9393 9 9443 20 9493 1 9707 0 9847 20 9893 1 10342 0 10702 20 10893
1251 110 20 250 20 256 20 300 0 380 20 550 8 586 20 636 9 639 8 708 9 751 8 808 9 854 8 919 9 969 8 1038 9 1096 8 1168 9 1226 8 1299 9 1360 20 1386 8 1445 9 1494 20 1545 8 1567 20 1667 9 1679 8 1736 9 1805 20 1836 8 1859 9 1920 20 1959 8 1978 20 2078 9 2104 8 2139 9 2185 20 2239 8 2265 20 2365 9 2488 8 2537 9 2633 20 2637 8 2664 9 2760 20 2764 8 2844 9 2906 20 2944 8 2990 9 3055 20 3090 8 3139 9 3201 20 3239 8 3281 9 3347 20 3381 8 3427 9 3511 20 3527 8 3592 20 3692 9 3703 8 3715 9 3772 20 3815 8 3841 9 3910 20 3941 8 3987 9 4067 20 4087 8 4144 9 4232 20 4244 8 4309 9 4382 20 4409 8 4470 9 4570 20 4570 8 4673 9 4727 20 4773 8 4807 9 4876 20 4907 8 4965 9 5034 20 5065 8 5114 9 5202 20 5214 8 5287 9 5352 20 5387 8 5448 9 5505 20 5548 8 5651 9 5686 20 5751 20 6151 1 6413 0 6693 1 7067 20 7151
1252 94 20 250 20 256 20 300 0 375 20 550 8 578 9 628 20 628 8 705 9 731 8 804 9 869 8 923 9 965 8 1034 9 1084 8 1161 9 1218 8 1295 9 1356 20 1378 8 1437 9 1494 20 1537 8 1583 9 1640 20 1683 8 1717 9 1782 20 1817 8 1851 20 1951 9 1981 8 2031 9 2123 20 2131 8 2181 9 2238 20 2281 8 2330 9 2392 20 2430 8 2484 9 2545 20 2584 8 2626 9 2699 20 2726 8 2787 9 2852 20 2887 8 2940 9 3013 20 3040 8 3109 9 3170 20 3209 8 3251 9 3255 8 3262 9 3350 20 3351 8 3458 9 3519 20 3558 8 3619 9 3684 20 3719 8 3765 9 3837 20 3865 8 3926 9 3991 20 4026 8 4098 9 4148 20 4198 8 4240 9 4320 20 4340 8 4424 9 4485 20 4524 8 4531 20 4631 9 4662 8 4769 9 4819 20 4869 20 5269 1 5488 0 5752 1 6149 20 6269
1253 105 20 250 20 256 20 300 0 374 20 550 8 607 9 657 20 657 8 726 9 761 8 826 9 872 8 937 9 987 8 1060 9 1113 8 1186 9 1255 8 1340 9 1386 20 1407 8 1455 9 1524 20 1555 8 1597 9 1658 20 1697 8 1727 9 1804 20 1827 8 1884 9 1949 20 1984 8 2034 9 2110 20 2134 8 2210 9 2248 20 2310 8 2333 9 2398 20 2433 8 2463 9 2536 20 2563 8 2620 9 2685 20 2720 8 2778 9 2847 20 2878 8 2927 9 3011 20 3027 8 3107 9 3134 20 3207 8 3544 9 3594 20 3644 8 3702 9 3755 20 3802 8 3832 9 3909 20 3932 8 3993 9 4066 20 4093 8 4158 9 4219 20 4258 8 4315 9 4388 20 4415 8 4495 9 4557 20 4595 8 4645 9 4702 20 4745 8 4791 9 4856 20 4891 8 4948 9 5002 20 5048 8 5074 9 5132 20 5174 8 5212 9 5282 20 5312 8 5374 9 5443 20 5474 8 5538 9 5607 20 5638 1 5840 0 5944 20 6038 1 6355 0 6666 20 7038
1254 136 20 250 20 256 20 300 0 374 20 550 8 590 20 640 9 644 8 709 9 751 8 809 9 851 8 916 9 970 8 1042 9 1088 8 1161 9 1215 8 1288 9 1353 20 1390 8 1434 9 1487 20 1534 8 1552 20 1652 9 1683 8 1706 9 1771 20 1806 8 1832 9 1882 20 1932 8 1951 9 2036 20 2051 8 2070 20 2170 9 2189 8 2266 9 2323 20 2366 8 2404 9 2469 20 2504 8 2546 9 2615 20 2646 8 2699 9 2753 20 2799 8 2833 9 2894 20 2933 8 2975 20 3075 9 3082 8 3109 9 3182 20 3209 8 3243 9 3270 8 3332 20 3343 9 3435 8 3481 9 3527 20 3581 8 3596 9 3661 20 3696 8 3730 20 3830 9 3845 8 3884 9 3983 20 3984 8 4026 9 4060 20 4126 8 4137 20 4237 9 4248 8 4267 9 4367 20 4367 8 4421 9 4490 20 4521 8 4574 9 4639 20 4674 8 4720 9 4812 20 4820 8 4896 9 4961 20 4996 8 5030 9 5084 20 5130 8 5157 9 5210 20 5257 8 5287 9 5360 20 5387 8 5441 9 5517 20 5541 8 5594 9 5671 20 5694 8 5763 9 5843 20 5863 8 5928 9 5993 20 6028 8 6073 9 6150 20 6173 8 6231 9 6311 20 6331 8 6395 9 6464 20 6495 8 6579 9 6637 20 6679 1 6921 20 7079 0 7351 1 7847 20 8079
1255 68 20 250 20 256 20 300 0 445 20 550 10 708 20 758 11 765 10 838 11 857 10 930 11 980 10 1053 11 1103 10 1176 11 1225 10 1298 11 1360 10 1440 11 1502 20 1508 10 1594 11 1640 20 1694 10 1720 11 1782 20 1820 10 1851 11 1908 20 1951 10 1981 11 2046 20 2081 10 2119 11 2203 20 2219 10 2280 11 2349 20 2380 10 2433 11 2510 20 2533 10 2587 11 2671 20 2687 10 2767 11 2828 20 2867 10 2913 11 2978 20 3013 10 3059 11 3135 20 3159 10 3223 11 3312 20 3323 10 3400 11 3484 20 3500 10 3569 11 3638 20 3669 1 3936 0 3980 20 4069 1 4782 20 5069
1256 22 20 250 20 256 20 300 0 487 20 550 10 747 11 789 10 858 11 923 1 1123 20 1497 0 1546 20 1897 8 2108 9 2158 20 2208 8 2273 9 2323 20 2373 1 2659 0 2945 20 3373
1257 103 20 250 20 256 20 300 0 417 20 550 10 603 20 653 11 661 10 741 11 784 10 853 11 899 10 968 11 1018 10 1098 11 1148 10 1217 11 1278 10 1336 20 1403 11 1439 10 1489 11 1524 10 1589 20 1589 11 1654 10 1731 11 1800 20 1831 10 1850 11 1888 20 1950 10 1957 11 2049 20 2057 10 2107 11 2137 20 2207 10 2214 11 2268 20 2314 10 2348 11 2429 20 2448 10 2490 11 2544 20 2590 10 2605 11 2697 20 2705 10 2736 11 2831 20 2836 10 2877 11 2950 20 2977 10 3023 11 3119 20 3123 10 3196 11 3269 20 3296 10 3349 11 3437 20 3449 10 3518 11 3602 20 3618 10 3687 11 3767 20 3787 10 3859 11 3944 20 3959 10 4043 11 4139 20 4143 10 4216 11 4308 20 4316 10 4408 11 4484 20 4508 10 4572 11 4664 20 4672 10 4749 11 4841 20 4849 10 4925 11 5010 20 5025 10 5098 11 5174 20 5198 10 5320 11 5347 20 5420 20 5820 1 6289 0 6592 1 6773 20 6820
1258 24 20 250 20 256 20 300 0 396 20 550 8 686 9 736 8 797 9 858 8 931 9 996 8 1085 9 1157 20 1186 8 1230 9 1292 8 1372 9 1453 8 1572 9 1644 8 1759 9 1840 20 9186 20 10186
1259 18 20 250 16 570 20 620 20 626 20 670 0 755 20 920 8 1064 9 1106 8 1175 9 1225 8 1302 9 1367 20 1564 1 2099 0 2743 20 9564 20 10564
1260 124 20 250 0 482 16 566 20 616 20 622 20 666 20 916 10 1252 11 1294 20 1302 10 1386 11 1409 10 1474 11 1505 10 1589 11 1624 10 1708 11 1750 10 1839 11 1888 10 1973 11 2030 20 2052 10 2103 11 2161 20 2203 10 2233 11 2295 20 2333 10 2368 11 2448 20 2468 10 2513 11 2586 20 2613 10 2667 11 2728 20 2767 10 2805 11 2866 20 2905 10 2943 11 3019 20 3043 10 3092 20 3192 11 3211 10 3253 11 3303 20 3353 10 3376 11 3445 20 3476 10 3521 20 3621 11 3744 10 3840 11 3905 20 3940 10 3974 11 4070 20 4074 10 4127 11 4192 20 4227 10 4265 11 4330 20 4365 10 4403 11 4484 20 4503 10 4533 20 4633 11 4740 10 4806 11 4867 20 4906 10 4940 11 5009 20 5040 10 5074 20 5174 11 5177 10 5231 20 5331 11 5369 10 5400 11 5446 20 5500 10 5515 11 5614 20 5615 10 5649 11 5725 20 5749 10 5802 11 5894 20 5902 10 5986 11 6070 20 6086 10 6147 11 6232 20 6247 10 6308 11 6404 20 6408 10 6488 11 6576 20 6588 10 6661 11 6745 20 6761 10 6829 11 6921 20 6929 10 7006 11 7094 20 7106 10 7194 11 7282 20 7294 20 7694 20 8694
1261 30 0 66 10 722 11 780 10 849 11 903 10 964 11 1025 10 1102 11 1167 1 1370 20 1620 20 1626 20 1670 0 1743 20 1920 8 2083 9 2137 8 2206 9 2267 8 2340 9 2409 8 2478 9 2551 20 2583 10 3057 11 3130 1 3642 0 4697 20 10583 20 11583
1262 18 20 250 16 576 20 626 20 632 20 676 0 697 20 926 10 1423 11 1480 10 1549 11 1607 10 1680 11 1749 20 1923 1 2053 0 3487 20 9923 20 10923
1263 70 20 250 0 487 16 563 20 613 20 619 20 663 20 913 8 1027 20 1077 9 1096 8 1099 9 1188 8 1249 9 1295 8 1368 9 1425 8 1498 9 1556 8 1632 9 1697 8 1770 20 1827 9 1832 8 1904 9 1973 20 2004 8 2050 9 2111 20 2150 8 2180 9 2269 20 2280 8 2337 9 2429 20 2437 8 2506 9 2606 20 2606 8 2682 9 2778 20 2782 8 2851 9 2943 20 2951 8 3035 9 3108 20 3135 8 3219 9 3296 20 3319 8 3426 9 3484 20 3526 8 3583 9 3648 20 3683 8 3744 9 3832 20 3844 8 3901 9 3989 20 4001 8 4070 9 4170 20 4170 8 4499 9 4541 20 4599 20 4999 20 5999
1264 63 20 250 0 326 16 576 20 626 20 632 20 676 20 926 8 944 20 994 9 998 8 1070 9 1128 8 1178 9 1205 8 1281 9 1319 8 1396 9 1438 8 1507 9 1557 8 1626 9 1672 20 1744 8 1745 9 1803 20 1845 8 1872 9 1929 20 1972 8 2002 9 2063 20 2102 8 2136 9 2194 20 2236 8 2263 9 2316 20 2363 8 2378 9 2443 20 2478 8 2516 9 2562 20 2616 8 2634 9 2677 20 2734 8 2738 9 2803 20 2838 8 2868 9 2945 20 2968 8 3014 9 3094 20 3114 8 3175 9 3244 20 3275 1 3523 20 3675 0 3721 20 4675
1265 26 20 250 20 256 20 300 0 332 20 550 10 822 11 875 20 1322 8 1354 9 1397 8 1466 9 1512 1 1718 0 2236 8 2439 9 2474 8 2569 9 2619 8 2776 9 2788 1 2985 0 3285 1 5895 0 7093 20 9322 20 10322
1266 22 20 250 20 256 20 300 0 388 20 550 10 716 11 762 20 766 10 827 11 881 10 908 11 1100 10 1161 11 1211 10 1264 11 1349 10 1410 11 1491 20 1516 20 1916 1 2470 20 2916
1267 21 20 250 20 256 20 300 0 393 20 550 10 918 11 964 20 968 10 1041 11 1102 10 1179 11 1252 10 1325 11 1397 10 1451 11 1459 1 1679 20 1718 0 2042 20 2118 20 3118
1268 16 20 250 0 419 16 641 20 691 20 697 20 741 20 991 8 1204 9 1250 8 1323 9 1381 20 1704 1 2216 0 2722 20 9704 20 10704
1269 25 20 250 16 566 20 616 20 622 20 666 0 699 20 916 8 1076 9 1114 20 1126 8 1202 9 1244 8 1321 9 1363 8 1432 9 1482 8 1547 9 1628 8 1693 9 1770 8 1846 20 1876 9 1919 20 2276 20 3276
1270 25 20 250 20 256 20 300 0 393 20 550 8 662 9 704 20 712 8 777 9 834 8 903 9 961 8 1026 9 1095 8 1157 9 1222 20 1462 1 1562 0 1765 20 1862 1 1961 0 1971 1 2038 0 2093 20 2862
1271 54 20 250 20 256 20 300 0 316 20 550 10 643 20 693 11 697 10 762 11 816 10 877 11 912 10 981 11 1027 10 1096 11 1146 10 1215 11 1268 10 1299 11 1330 10 1333 11 1383 20 1443 10 1445 11 1498 20 1545 10 1564 11 1606 20 1664 10 1671 11 1744 20 1771 10 1782 11 1851 20 1882 10 1912 11 1955 10 2012 20 2012 11 2077 10 2142 11 2231 20 2242 10 2307 11 2384 20 2407 10 2461 11 2533 20 2561 10 2656 11 2714 20 2756 20 3156 20 4156
1272 11 20 250 16 723 20 773 20 779 20 823 0 850 8 968 9 991 8 1118 9 1148 20 1168
1273 227 20 250 20 256 20 300 0 390 20 550 8 685 20 735 9 739 8 804 9 938 8 1003 9 1049 8 1114 9 1164 8 1233 9 1283 8 1348 9 1406 8 1475 20 1485 9 1528 8 1597 9 1651 20 1697 8 1732 9 1781 20 1832 8 1850 9 1912 20 1950 8 1981 9 2038 20 2081 8 2111 9 2165 20 2211 8 2241 9 2291 20 2341 8 2364 9 2418 20 2464 8 2487 9 2559 20 2587 8 2621 9 2682 20 2721 8 2743 9 2801 20 2843 8 2874 9 2916 20 2974 8 2981 9 3031 20 3081 8 3096 9 3150 20 3196 8 3226 9 3276 20 3326 8 3345 9 3399 20 3445 8 3460 9 3518 20 3560 8 3598 9 3644 20 3698 8 3709 9 3763 20 3809 8 3836 9 3870 20 3936 8 3947 9 4024 20 4047 8 4070 9 4131 20 4170 8 4223 9 4242 8 4315 20 4323 9 4357 8 4446 9 4492 20 4546 8 4564 9 4614 20 4664 8 4683 9 4733 20 4783 8 4794 9 4852 20 4894 8 4921 9 5009 20 5021 8 5074 9 5132 20 5174 8 5212 9 5262 20 5312 8 5327 9 5415 20 5427 8 5477 9 5546 20 5577 8 5619 9 5695 20 5719 8 5741 9 5799 20 5841 8 5853 9 5887 8 5952 20 5953 9 5998 8 6060 9 6121 20 6160 8 6194 9 6255 20 6294 8 6324 9 6370 20 6424 8 6439 9 6493 20 6539 8 6569 9 6638 20 6669 8 6704 20 6804 9 6819 8 6884 9 6937 20 6984 8 7010 9 7098 20 7110 8 7137 9 7167 8 7229 20 7237 9 7282 8 7355 9 7417 20 7455 8 7478 9 7524 20 7578 8 7585 9 7673 20 7685 8 7708 20 7808 9 7854 8 7919 20 8019 9 8022 8 8095 9 8160 20 8195 8 8229 9 8283 20 8329 8 8371 9 8398 8 8471 20 8471 9 8544 8 8609 9 8674 20 8709 8 8747 9 8816 20 8847 8 8889 9 8958 20 8989 8 9023 9 9096 20 9123 8 9165 9 9245 20 9265 8 9314 9 9406 20 9414 8 9487 9 9571 20 9587 8 9644 9 9717 20 9744 8 9797 9 9870 20 9897 8 9947 9 10020 20 10047 8 10104 9 10169 20 10204 1 10488 20 10604 0 10828 8 11151 9 11212 20 11251 8 11273 9 11342 20 11373 1 11585 0 12172 20 12373
1274 16 20 250 20 256 20 300 0 329 20 550 8 591 9 606 8 760 9 809 8 878 9 936 20 1091 1 1113 0 1560 20 9091 20 10091
1275 16 20 250 20 256 20 300 0 379 20 550 8 870 9 901 8 993 9 1058 8 1158 9 1211 8 1341 9 1361 20 1370 20 9370 20 10370
1276 11 20 250 0 347 16 701 20 751 20 757 20 801 10 816 11 866 10 958 11 1011 20 1016
1277 69 20 250 20 256 20 300 0 377 20 550 8 567 9 586 20 617 8 659 9 712 8 785 9 816 8 881 9 931 8 988 9 1034 8 1096 9 1142 8 1207 9 1260 8 1329 20 1367 9 1391 8 1452 9 1525 20 1552 8 1586 9 1659 20 1686 8 1721 9 1801 20 1821 8 1855 9 1912 20 1955 8 1981 9 2031 20 2081 8 2096 9 2165 20 2196 8 2230 9 2307 20 2330 8 2372 9 2453 20 2472 8 2522 9 2579 20 2622 8 2656 9 2737 20 2756 8 2809 9 2890 20 2909 8 2951 20 3051 9 3082 8 3166 9 3254 20 3266 8 3331 9 3407 20 3431 1 3706 20 3831 0 3945 20 4831
1278 125 20 250 20 256 20 300 0 342 20 550 10 979 11 1005 20 1029 10 1094 11 1140 10 1212 11 1247 10 1316 11 1366 10 1427 11 1477 10 1538 11 1592 10 1661 11 1711 10 1776 20 1779 11 1826 10 1891 11 1945 20 1991 10 2014 11 2071 20 2114 10 2144 11 2198 20 2244 10 2263 11 2340 20 2363 10 2390 11 2447 20 2490 10 2516 11 2562 20 2616 10 2624 20 2724 11 2727 10 2788 11 2827 20 2888 10 2896 11 2950 20 2996 10 3015 11 3095 20 3115 10 3153 11 3210 20 3253 10 3287 11 3352 20 3387 10 3413 11 3509 20 3513 10 3563 11 3605 20 3663 10 3674 11 3739 20 3774 10 3808 11 3904 20 3908 10 3943 11 3985 10 4042 20 4043 11 4142 10 4184 20 4284 11 4292 10 4349 11 4422 20 4449 10 4476 11 4560 20 4576 10 4633 11 4702 20 4733 10 4775 11 4832 20 4875 10 4897 11 4970 20 4997 10 5043 11 5120 20 5143 10 5204 11 5269 20 5304 10 5342 11 5419 20 5442 10 5492 11 5572 20 5592 10 5664 11 5733 20 5764 10 5806 11 5883 20 5906 10 5963 11 6048 20 6063 10 6136 11 6201 20 6236 10 6285 11 6354 20 6385 1 6773 20 6785 0 6989 20 7785
1279 105 20 250 20 256 20 300 0 378 20 550 8 719 9 731 20 769 8 773 9 984 8 1053 9 1087 8 1160 9 1214 8 1287 9 1329 8 1398 9 1448 20 1519 8 1524 9 1574 20 1624 8 1643 9 1693 20 1743 8 1762 9 1824 20 1862 8 1889 9 1958 20 1989 8 2023 9 2096 20 2123 8 2169 9 2241 20 2269 8 2310 9 2387 20 2410 8 2456 9 2537 20 2556 8 2610 9 2690 20 2710 8 2767 9 2832 20 2867 8 2916 9 2981 20 3016 8 3058 9 3131 20 3158 8 3212 9 3288 20 3312 8 3369 9 3438 20 3469 8 3507 9 3580 20 3607 8 3660 9 3737 20 3760 8 3814 9 3883 20 3914 8 3978 9 4044 20 4078 8 4132 9 4197 20 4232 8 4270 9 4324 20 4370 8 4412 9 4473 20 4512 8 4569 9 4619 20 4669 8 4707 9 4765 20 4807 8 4853 9 4926 20 4953 8 5014 9 5075 20 5114 8 5171 9 5232 20 5271 8 5351 9 5393 20 5451 1 5705 0 5778 20 5851 1 6785 20 6851
1280 14 20 250 20 256 20 300 0 374 20 550 8 713 9 755 8 832 9 889 8 993 9 1054 20 1213 20 9213 20 10213
1281 61 20 250 20 256 20 300 0 336 20 550 8 767 20 817 9 1024 8 1093 9 1534 20 1567 8 1607 9 1668 20 1707 8 1741 9 1795 20 1841 8 1860 9 1925 20 1960 8 1998 9 2063 20 2098 8 2144 9 2190 20 2244 8 2266 9 2320 20 2366 8 2401 9 2454 20 2501 8 2523 9 2592 20 2623 8 2661 9 2723 20 2761 8 2807 9 2838 20 2907 8 2918 9 2976 20 3018 8 3052 9 3121 20 3152 8 3210 9 3252 20 3310 8 3328 9 3420 20 3428 8 3505 9 3562 20 3605 8 3643 9 3723 20 3743 20 4143 20 5143
1282 28 20 250 20 256 20 300 0 329 20 550 10 642 11 696 10 765 11 823 10 884 11 934 10 984 11 1049 10 1114 20 1142 11 1198 10 1263 11 1325 10 1394 11 1490 1 1699 0 2162 1 3277 0 3672 1 3800 0 4517 20 9142 20 10142
1283 181 20 250 20 256 20 300 0 323 20 550 10 705 20 755 11 771 10 790 11 1089 10 1154 11 1212 10 1281 11 1353 10 1419 11 1491 20 1505 10 1568 11 1618 20 1668 10 1695 11 1745 20 1795 10 1825 11 1890 20 1925 10 1959 11 2051 20 2059 10 2101 11 2143 20 2201 10 2216 11 2270 20 2316 10 2335 11 2435 20 2435 10 2492 11 2542 20 2592 10 2619 11 2695 20 2719 10 2753 20 2853 11 2872 10 2922 11 2952 10 3021 20 3022 11 3136 10 3175 11 3209 10 3274 20 3275 11 3374 10 3424 11 3501 20 3524 10 3554 20 3654 11 3662 10 3708 11 3754 20 3808 10 3819 11 3873 20 3919 10 3945 11 4034 20 4045 10 4080 20 4180 11 4202 10 4233 11 4321 20 4333 10 4367 11 4409 20 4467 10 4471 11 4521 20 4571 10 4593 11 4659 20 4693 10 4724 11 4812 20 4824 10 4850 11 4919 20 4950 10 4977 11 5042 20 5077 10 5096 11 5161 20 5196 10 5238 11 5318 20 5338 10 5406 11 5445 20 5506 10 5537 11 5617 20 5637 10 5694 11 5778 20 5794 10 5874 11 5943 20 5974 10 6031 11 6104 20 6131 10 6192 11 6261 20 6292 10 6338 11 6415 20 6438 10 6488 11 6568 20 6588 10 6649 11 6741 20 6749 10 6829 11 6906 20 6929 10 6952 11 6975 10 7009 11 7051 20 7052 10 7143 11 7208 20 7243 10 7301 11 7358 20 7401 10 7404 20 7504 11 7588 10 7603 11 7669 20 7703 10 7753 11 7807 20 7853 10 7899 11 7972 20 7999 10 8056 11 8121 20 8156 10 8194 20 8294 11 8374 10 8416 11 8462 20 8516 10 8562 11 8631 20 8662 10 8727 11 8796 20 8827 10 8911 11 8961 10 8980 11 8992 20 9011 20 9411 1 9423 0 9686 1 9899 0 10153 20 10411
1284 28 20 250 20 256 20 300 0 356 20 550 8 647 9 696 8 758 9 815 8 900 9 946 20 1147 1 2069 0 2663 10 2943 11 3001 10 3074 11 3127 10 3192 11 3231 10 3304 11 3350 10 3468 11 3488 1 7487 0 7918 20 9147 20 10147
1285 24 20 250 0 324 1 567 16 735 20 785 20 791 20 835 0 853 20 1085 10 1287 11 1333 10 1402 11 1455 10 1517 11 1567 10 1632 11 1682 10 1758 20 1787 11 1827 1 2055 0 2671 20 9787 20 10787
1286 9 20 250 20 2250 20 2300 20 2306 20 2350 20 2600 20 3600 20 8600 20 8610
1287 146 20 250 16 430 20 480 20 486 20 530 0 537 20 780 10 924 20 974 11 982 10 1062 11 1116 10 1181 11 1223 10 1304 11 1346 10 1415 11 1469 10 1538 11 1595 10 1660 20 1724 11 1733 10 1806 11 1871 20 1906 10 1936 11 1994 20 2036 10 2063 11 2143 20 2163 10 2212 11 2277 20 2312 10 2346 11 2423 20 2446 10 2503 11 2580 20 2603 10 2653 11 2737 20 2753 10 2822 11 2891 20 2922 10 2971 11 3025 20 3071 10 3094 20 3194 11 3201 10 3236 11 3316 20 3336 10 3370 11 3423 20 3470 10 3488 11 3577 20 3588 10 3626 11 3688 20 3726 10 3749 11 3830 20 3849 10 3902 11 3979 20 4002 10 4044 11 4125 20 4144 10 4194 11 4278 20 4294 10 4335 11 4385 20 4435 10 4450 20 4550 11 4554 10 4581 11 4657 20 4681 10 4711 11 4769 20 4811 10 4834 11 4895 20 4934 10 4956 11 5045 20 5056 10 5117 11 5202 20 5217 10 5282 11 5367 20 5382 10 5443 11 5520 20 5543 10 5601 11 5670 20 5701 10 5742 11 5827 20 5842 10 5903 11 5988 20 6003 10 6068 11 6149 20 6168 10 6229 11 6314 20 6329 10 6402 11 6486 20 6502 10 6574 11 6666 20 6674 10 6751 11 6823 20 6851 10 6900 11 6988 20 7000 10 7122 11 7168 20 7222 10 7272 11 7345 20 7372 10 7421 11 7502 20 7521 10 7628 11 7671 20 7728 20 8128 1 8784 20 9128
1288 111 20 250 20 256 20 300 0 359 20 550 8 613 9 663 20 663 8 744 9 809 8 882 9 932 8 1001 9 1058 8 1123 9 1181 8 1250 9 1307 8 1372 20 1413 9 1441 8 1514 9 1556 20 1614 8 1622 9 1721 20 1722 8 1760 9 1840 20 1860 8 1894 9 1932 20 1994 8 2005 9 2105 20 2105 8 2151 9 2239 20 2251 8 2312 9 2392 20 2412 8 2442 9 2538 20 2542 8 2599 9 2680 20 2699 8 2768 9 2833 20 2868 8 2921 9 2986 20 3021 8 3067 9 3121 20 3167 8 3186 9 3270 20 3286 8 3320 9 3404 20 3420 8 3435 20 3535 9 3554 8 3585 9 3654 20 3685 8 3711 9 3757 20 3811 8 3815 20 3915 9 3926 8 3968 9 4022 20 4068 8 4102 9 4175 20 4202 8 4259 9 4332 20 4359 8 4420 9 4501 20 4520 8 4581 9 4673 20 4681 8 4761 9 4823 20 4861 8 4919 9 4988 20 5019 8 5068 9 5156 20 5168 8 5256 9 5329 20 5356 8 5428 9 5509 20 5528 8 5605 9 5674 20 5705 20 6105 1 6913 20 7105
1289 67 20 250 20 256 20 300 0 334 20 550 8 683 9 686 8 702 9 725 20 733 8 736 9 859 8 939 9 978 8 1051 9 1104 8 1177 9 1231 8 1307 9 1361 8 1445 20 1483 9 1511 8 1599 9 1652 20 1699 8 1748 9 1802 20 1848 8 1917 9 1959 20 2017 8 2067 9 2120 20 2167 8 2208 9 2274 20 2308 8 2366 9 2431 20 2466 8 2527 9 2584 20 2627 8 2691 9 2741 20 2791 8 2841 9 2895 20 2941 8 2987 9 3059 20 3087 8 3155 9 3217 20 3255 8 3332 9 3389 20 3432 8 3508 9 3550 20 3608 20 4008 1 4225 0 4246 1 4914 20 5008
1290 88 20 250 20 256 0 281 20 300 20 550 8 610 9 656 20 660 8 729 9 783 8 852 9 894 8 967 9 1016 8 1089 9 1147 8 1223 9 1281 8 1358 20 1410 9 1415 8 1507 9 1565 20 1607 8 1653 9 1710 20 1753 8 1810 9 1867 20 1910 8 1986 9 2025 20 2086 8 2143 9 2189 20 2243 8 2281 9 2343 20 2381 8 2442 9 2492 20 2542 8 2592 9 2653 20 2692 8 2741 9 2795 20 2841 8 2876 9 2945 20 2976 8 3033 9 3098 20 3133 8 3186 9 3259 20 3286 8 3359 9 3416 20 3459 8 3520 9 3581 20 3620 8 3673 9 3734 20 3773 8 3830 9 3895 20 3930 8 3995 9 4060 20 4095 8 4167 9 4225 20 4267 8 4371 9 4401 20 4471 8 4528 9 4585 20 4628 8 4861 9 4923 20 4961 20 5361 1 5871 0 6131 20 6361
1291 8 20 250 20 256 20 300 0 368 8 500 9 515 8 688 20 700
1292 94 20 250 20 256 20 300 0 324 20 550 10 607 20 657 11 665 10 745 11 803 10 868 11 910 10 979 11 1033 10 1110 11 1159 10 1232 11 1290 10 1370 20 1407 11 1428 10 1505 11 1574 20 1605 10 1646 11 1719 20 1746 10 1804 11 1865 20 1904 10 1953 11 2018 20 2053 10 2099 11 2141 20 2199 10 2218 11 2287 20 2318 10 2356 11 2421 20 2456 10 2494 11 2563 20 2594 10 2636 11 2705 20 2736 10 2770 20 2870 11 2892 10 2962 11 3027 20 3062 10 3092 11 3169 20 3192 10 3253 11 3341 20 3353 10 3422 11 3510 20 3522 10 3590 11 3667 20 3690 10 3744 11 3824 20 3844 10 3916 11 3997 20 4016 10 4077 11 4162 20 4177 10 4246 11 4330 20 4346 10 4430 11 4507 20 4530 10 4591 20 4691 11 4695 10 4783 11 4856 20 4883 10 4959 11 5020 20 5059 1 5429 20 5459 0 5513 20 6459
1293 86 20 250 20 256 20 300 0 333 20 550 8 633 20 683 9 710 8 729 9 798 8 863 9 913 8 982 9 1039 8 1124 9 1177 8 1254 9 1308 8 1388 20 1433 9 1446 8 1545 9 1607 20 1645 8 1695 9 1760 20 1795 8 1863 9 1917 20 1963 8 2032 9 2086 20 2132 8 2182 9 2235 20 2282 8 2312 9 2366 20 2412 8 2442 9 2485 20 2542 8 2554 9 2634 20 2654 8 2699 9 2749 20 2799 8 2833 9 2864 8 2933 20 2933 9 3002 8 3071 9 3125 20 3171 8 3209 9 3259 20 3309 8 3328 9 3401 20 3428 8 3478 9 3539 20 3578 8 3635 9 3704 20 3735 8 3784 9 3853 20 3884 8 3930 9 4018 20 4030 8 4102 9 4183 20 4202 8 4271 9 4340 20 4371 8 4428 9 4509 20 4528 20 4928 1 5816 20 5928
1294 100 20 250 20 256 20 300 0 329 20 550 10 725 20 775 11 790 10 859 11 905 10 967 11 1016 10 1085 11 1139 10 1212 11 1262 10 1338 11 1396 10 1477 20 1525 11 1530 10 1599 11 1672 20 1699 10 1741 11 1802 20 1841 10 1875 11 1952 20 1975 10 2029 11 2090 20 2129 10 2182 11 2240 20 2282 10 2320 11 2389 20 2420 10 2466 11 2543 20 2566 10 2619 11 2688 20 2719 10 2776 11 2849 20 2876 10 2941 11 2987 20 3041 10 3072 11 3145 20 3172 10 3221 11 3306 20 3321 10 3390 11 3455 20 3490 10 3570 11 3624 20 3670 10 3739 11 3804 20 3839 10 3907 11 3977 20 4007 10 4072 11 4157 20 4172 10 4237 11 4310 20 4337 10 4425 11 4483 20 4525 10 4640 11 4678 20 4740 10 4786 11 4851 20 4886 10 4939 11 4947 10 4950 11 5023 20 5039 10 5111 11 5180 20 5211 10 5295 11 5338 20 5395 1 5749 20 5795 0 5895 1 6787 20 6795
1295 142 20 250 20 256 20 300 0 379 20 550 10 601 20 651 11 663 10 739 11 785 10 855 11 904 10 973 11 1031 10 1108 11 1154 10 1238 11 1296 10 1380 20 1401 11 1434 10 1510 11 1560 20 1610 10 1633 11 1698 20 1733 10 1763 11 1852 20 1863 10 1894 11 1982 20 1994 10 2063 11 2132 20 2163 10 2216 11 2293 20 2316 10 2377 11 2438 20 2477 10 2527 11 2588 20 2627 10 2668 11 2738 20 2768 10 2814 11 2868 20 2914 10 2925 11 2998 20 3025 10 3063 11 3121 20 3163 10 3186 11 3274 20 3286 10 3324 11 3374 20 3424 10 3451 11 3505 20 3551 10 3581 11 3677 20 3681 10 3731 11 3781 20 3831 10 3838 11 3938 20 3938 10 3980 11 4026 20 4080 10 4103 11 4180 20 4203 10 4260 11 4344 20 4360 10 4387 11 4433 20 4487 10 4506 11 4567 20 4606 10 4647 11 4713 20 4747 10 4801 11 4874 20 4901 10 4947 11 5019 20 5047 10 5088 11 5169 20 5188 10 5253 11 5334 20 5353 10 5407 11 5480 20 5507 10 5564 11 5637 20 5664 10 5752 11 5802 20 5852 10 5917 11 5978 20 6017 10 6055 11 6151 20 6155 10 6228 11 6312 20 6328 10 6392 11 6465 20 6492 10 6588 11 6638 20 6688 10 6776 11 6833 20 6876 10 6937 11 7021 20 7037 10 7125 11 7202 20 7225 1 7616 0 7622 20 7625 20 8625
1296 16 20 250 20 256 20 300 0 325 20 550 8 837 9 910 8 990 9 1067 1 1336 20 1337 0 1355 1 2806 0 3511 20 9337 20 10337
1297 18 20 250 16 430 20 480 20 486 20 530 0 557 20 780 10 848 11 878 10 951 11 1005 20 1348 8 1772 9 1829 8 1902 9 1956 20 9348 20 10348
1298 79 20 250 0 299 16 423 20 473 20 479 20 523 20 773 10 1151 11 1186 20 1201 10 1297 11 1339 10 1412 11 1450 10 1519 11 1565 10 1631 11 1684 10 1749 11 1792 10 1853 11 1907 20 1951 10 1972 11 2041 20 2072 10 2110 11 2160 20 2210 10 2233 11 2305 20 2333 10 2371 11 2436 20 2471 10 2497 11 2581 20 2597 10 2654 11 2723 20 2754 10 2796 11 2858 20 2896 10 2930 11 2984 20 3030 10 3053 11 3122 20 3153 10 3191 11 3272 20 3291 10 3345 11 3429 20 3445 10 3506 11 3578 20 3606 10 3663 11 3720 20 3763 10 3793 11 3874 20 3893 10 3950 11 4035 20 4050 10 4115 11 4176 20 4215 10 4272 11 4360 20 4372 10 4456 11 4533 20 4556 20 4956 20 5956
1299 20 20 250 20 256 0 267 20 300 20 550 8 698 9 740 8 809 9 862 8 928 9 989 8 1066 9 1081 20 1198 10 1564 11 1633 1 2247 0 2607 20 9198 20 10198
1300 16 20 250 16 419 20 469 20 475 20 519 0 556 20 769 8 806 9 837 8 917 9 963 20 1306 10 1427 11 1473 20 9306 20 10306
1301 16 20 250 0 278 16 431 20 481 20 487 20 531 20 781 10 1021 11 1063 10 1132 11 1186 20 1521 1 3658 0 4085 20 9521 20 10521
1302 9 20 250 0 410 16 429 20 479 20 485 20 529 10 632 11 670 20 832
1303 158 20 250 20 256 20 300 0 399 20 550 8 943 9 981 20 993 8 1046 9 1200 8 1265 9 1307 8 1372 9 1422 8 1487 9 1541 8 1610 9 1667 8 1736 20 1743 9 1794 8 1863 9 1917 20 1963 8 1982 9 2047 20 2082 8 2120 9 2185 20 2220 8 2404 9 2453 20 2504 8 2522 9 2591 20 2622 8 2653 9 2729 20 2753 8 2798 9 2879 20 2898 8 2948 9 3021 20 3048 8 3094 9 3178 20 3194 8 3266 9 3331 20 3366 8 3397 9 3489 20 3497 8 3538 9 3631 20 3638 8 3700 9 3776 20 3800 8 3818 9 3880 20 3918 8 3933 20 4033 9 4048 8 4075 9 4133 20 4175 8 4190 9 4252 20 4290 8 4321 9 4374 8 4390 9 4405 20 4421 8 4455 9 4512 20 4555 8 4574 9 4624 20 4674 8 4681 9 4777 20 4781 8 4823 9 4880 20 4923 8 4938 9 4969 8 5038 20 5038 9 5126 8 5176 9 5222 20 5276 8 5279 9 5364 20 5379 8 5410 9 5486 20 5510 8 5544 9 5640 20 5644 8 5682 9 5724 20 5782 8 5785 20 5885 9 5897 8 5931 9 6031 20 6031 8 6073 9 6150 20 6173 8 6215 9 6307 20 6315 8 6384 9 6456 20 6484 8 6533 9 6598 20 6633 8 6664 9 6736 20 6764 8 6802 9 6874 20 6902 8 6955 9 7028 20 7055 8 7112 9 7189 20 7212 8 7262 9 7346 20 7362 8 7427 9 7507 20 7527 8 7592 9 7672 20 7692 8 7745 9 7822 20 7845 8 7929 9 7979 20 8029 1 8224 0 8330 20 8429 20 9429
1304 72 20 250 20 256 20 300 0 354 20 550 8 562 20 612 9 615 8 673 9 719 8 780 9 826 8 895 9 945 8 1010 9 1068 8 1137 9 1187 8 1256 9 1313 20 1362 8 1375 9 1428 20 1475 8 1493 9 1547 20 1593 8 1620 9 1674 20 1720 8 1735 20 1835 9 1950 8 1996 9 2042 20 2096 8 2103 20 2203 9 2233 8 2249 9 2322 20 2349 8 2368 9 2421 20 2468 8 2483 20 2583 9 2590 8 2628 9 2663 8 2728 20 2728 9 2832 8 2878 9 2924 20 2978 8 2985 9 3077 20 3085 8 3123 20 3223 9 3257 8 3388 9 3476 20 3488 8 3518 9 3533 8 3606 20 3618 9 3660 20 4018 20 5018
1305 93 0 110 1 118 20 368 20 374 20 418 0 473 20 668 8 827 9 877 20 877 8 942 9 980 8 1049 9 1091 8 1164 9 1203 8 1279 9 1329 8 1406 9 1490 8 1551 9 1620 20 1627 8 1690 9 1774 20 1790 8 1851 9 1912 20 1951 8 2000 9 2050 20 2100 8 2130 9 2180 20 2230 8 2249 9 2349 20 2349 8 2441 9 2491 20 2541 8 2579 9 2633 20 2679 8 2713 9 2798 20 2813 8 2878 9 2947 20 2978 8 3035 9 3085 20 3135 8 3173 9 3227 20 3273 8 3308 9 3369 20 3408 8 3449 9 3515 20 3549 8 3618 9 3672 20 3718 8 3760 9 3818 20 3860 8 3902 9 3959 20 4002 8 4048 9 4105 20 4148 8 4190 9 4259 20 4290 8 4354 9 4412 20 4454 8 4527 9 4573 20 4627 8 4688 9 4746 20 4788 1 5006 0 5116 1 5134 0 5173 20 5188 1 5997 20 6188
1306 18 20 250 20 256 20 300 0 350 20 550 8 637 9 679 8 740 9 798 8 878 9 936 20 1137 1 6600 0 6883 1 7403 0 7862 20 9137 20 10137
1307 14 20 250 20 256 20 300 0 311 20 550 8 778 9 828 8 897 9 950 1 1395 20 1528 0 1699 20 1928 20 2928
1308 124 20 250 16 441 20 491 20 497 0 506 20 541 20 791 10 847 20 897 11 908 10 966 11 1008 10 1066 11 1108 10 1173 11 1219 10 1288 11 1330 10 1395 11 1441 10 1514 11 1564 10 1625 20 1647 11 1675 10 1737 11 1798 20 1837 10 1859 11 1921 20 1959 10 1997 11 2024 10 2097 20 2097 11 2139 10 2208 11 2285 20 2308 10 2331 11 2369 20 2431 10 2434 11 2484 20 2534 10 2549 20 2649 11 2676 10 2691 11 2733 20 2791 10 2883 11 2952 20 2983 10 3140 11 3174 10 3232 20 3240 11 3328 10 3496 11 3538 20 3596 10 3615 11 3699 20 3715 10 3753 11 3795 20 3853 10 3876 11 3922 20 3976 10 3995 11 4083 20 4095 10 4133 11 4167 20 4233 10 4244 11 4301 20 4344 10 4370 11 4416 20 4470 10 4504 11 4547 20 4604 10 4616 11 4700 20 4716 10 4754 11 4769 20 4854 10 4861 11 4930 20 4961 10 4965 11 5049 20 5065 10 5095 11 5191 20 5195 10 5237 11 5325 20 5337 10 5402 11 5474 20 5502 10 5574 11 5647 20 5674 10 5720 11 5793 20 5820 10 6000 11 6011 10 6038 11 6069 10 6096 20 6100 11 6157 20 6500 1 7217 0 7385 20 7500
1309 159 20 250 20 256 0 268 20 300 20 550 10 724 11 774 20 774 10 781 11 1073 10 1134 11 1184 10 1241 11 1311 10 1368 11 1426 10 1491 20 1524 11 1575 10 1617 11 1652 10 1717 20 1717 11 1786 10 1844 11 1905 20 1944 10 1970 11 2035 20 2070 10 2097 11 2192 20 2197 10 2238 11 2281 10 2338 20 2338 11 2426 10 2469 11 2507 20 2569 10 2572 11 2614 20 2672 10 2695 11 2748 20 2795 10 2817 11 2917 20 2917 10 2959 11 3002 20 3059 10 3067 20 3167 11 3170 10 3209 11 3274 20 3309 10 3324 11 3416 20 3424 10 3450 11 3531 20 3550 10 3565 11 3615 20 3665 10 3669 11 3738 20 3769 10 3803 11 3880 20 3903 10 3949 11 4010 20 4049 10 4075 11 4156 20 4175 10 4225 11 4294 10 4317 20 4325 11 4374 10 4416 11 4462 20 4516 10 4520 11 4566 20 4620 10 4627 11 4669 10 4727 20 4727 11 4911 10 4953 11 5003 10 5049 20 5053 11 5141 10 5183 11 5225 20 5283 10 5290 11 5356 20 5390 10 5402 11 5478 20 5502 10 5520 11 5570 20 5620 10 5636 11 5697 20 5736 10 5758 11 5816 20 5858 10 5892 11 5954 20 5992 10 6015 11 6053 20 6115 10 6226 11 6295 20 6326 10 6364 11 6433 20 6464 10 6517 11 6540 10 6609 20 6617 11 6709 10 6751 11 6816 20 6851 10 6885 11 6924 20 6985 10 6993 11 7065 20 7093 10 7123 11 7203 20 7223 10 7280 11 7357 20 7380 10 7422 11 7503 20 7522 10 7572 11 7648 20 7672 20 8072 20 9072
1310 24 20 250 20 256 0 281 20 300 20 550 8 608 9 658 8 723 9 769 1 966 20 1108 0 1261 1 4277 0 4662 1 5564 0 6001 1 7868 0 8154 8 8354 9 8373 1 8832 0 8926 20 9108 20 10108
1311 11 20 250 0 633 16 679 20 729 20 735 20 779 10 947 11 989 10 1062 11 1108 20 1147
1312 40 20 250 20 256 20 300 0 398 20 550 10 587 20 637 11 656 10 705 11 840 10 901 11 947 10 1008 11 1062 10 1116 11 1192 10 1227 11 1277 10 1346 20 1387 11 1411 10 1472 11 1537 20 1572 10 1599 11 1683 20 1699 10 1756 11 1828 20 1856 10 1890 11 1986 20 1990 10 2082 11 2158 20 2182 20 2582 1 2844 0 3397 20 3582
1313 120 20 250 20 256 20 300 0 334 20 550 8 798 9 840 20 848 8 863 9 943 8 1005 9 1043 8 1108 9 1154 8 1219 9 1277 8 1338 9 1396 8 1465 9 1518 8 1591 20 1598 9 1645 8 1718 9 1771 20 1818 8 1844 9 1898 20 1944 8 1975 9 2021 20 2075 8 2090 9 2139 20 2190 8 2205 9 2274 20 2305 8 2343 9 2438 20 2443 8 2481 9 2519 20 2581 8 2588 9 2653 8 2672 20 2688 9 2695 8 2726 9 2826 20 2826 8 2864 9 2925 20 2964 8 3002 20 3102 9 3221 8 3278 9 3320 20 3378 8 3397 9 3493 20 3497 8 3531 20 3631 9 3638 8 3684 9 3742 20 3784 8 3811 20 3911 9 3922 8 3949 9 4045 20 4049 8 4099 9 4171 20 4199 8 4237 20 4337 9 4348 8 4394 9 4440 20 4494 8 4513 9 4605 20 4613 8 4662 9 4758 20 4762 8 4839 9 4908 20 4939 8 4973 9 5069 20 5073 8 5138 9 5203 20 5238 8 5291 9 5364 20 5391 8 5429 9 5494 20 5529 8 5575 9 5663 20 5675 8 5743 9 5809 20 5843 8 5912 9 5966 20 6012 1 6194 20 6412 0 6420 1 7287 20 7412
1314 10 20 250 20 256 20 300 0 306 8 491 9 498 8 552 9 590 8 651 20 691
1315 114 0 235 1 715 20 965 20 971 20 1015 0 1083 20 1265 8 1380 9 1415 20 1430 8 1438 9 1526 8 1591 9 1633 8 1698 9 1744 8 1814 9 1867 8 1936 9 1990 8 2059 9 2116 20 2180 8 2182 9 2243 20 2282 8 2304 9 2392 20 2404 8 2442 9 2477 8 2542 20 2542 9 2630 8 2661 9 2745 20 2761 8 2795 9 2887 20 2895 8 2929 20 3029 9 3037 8 3083 9 3163 20 3183 8 3232 9 3313 20 3332 8 3389 9 3481 20 3489 8 3543 9 3593 20 3643 8 3658 20 3758 9 3773 8 3823 9 3853 20 3923 8 3934 9 3984 20 4034 8 4072 20 4172 9 4179 8 4233 9 4279 20 4333 8 4355 9 4436 20 4455 8 4505 9 4578 20 4605 8 4670 9 4724 20 4770 8 4827 9 4865 20 4927 8 4965 9 5034 20 5065 8 5130 9 5218 20 5230 8 5306 9 5379 20 5406 8 5464 9 5556 20 5564 8 5655 9 5720 20 5755 8 5801 9 5881 20 5901 8 5989 9 6058 20 6089 8 6165 9 6238 20 6265 8 6342 20 6442 9 6468 1 6636 0 6802 20 6842 1 7701 20 7842
1316 9 20 250 20 256 0 293 20 300 8 536 9 552 8 659 9 717 20 736
1317 9 20 250 20 256 20 300 0 312 10 526 11 584 10 649 11 718 20 726
1318 16 20 250 20 256 20 300 0 390 20 550 10 662 11 739 10 796 11 869 10 950 11 1019 1 1262 20 1412 20 1812 0 2146 20 2812
1319 41 20 250 20 256 20 300 0 354 20 550 8 618 9 664 20 668 8 726 9 791 8 864 9 887 8 964 9 1017 8 1082 9 1209 8 1236 9 1316 8 1370 20 1418 9 1454 8 1504 9 1585 20 1604 8 1658 20 1758 9 1784 8 1830 9 1922 20 1930 8 1972 20 2072 9 2095 8 2148 9 2229 20 2248 8 2317 9 2386 20 2417 20 2817 20 3817
1320 19 20 250 20 256 20 300 0 350 20 550 8 597 9 623 8 700 9 758 8 811 9 873 8 938 9 1022 20 1097 1 3058 0 8354 20 9097 1 9440 20 10097
1321 24 20 250 16 684 20 734 20 740 0 777 20 784 20 1034 10 1270 11 1297 10 1370 11 1428 20 1770 8 3068 9 3122 8 3210 9 3271 8 3432 9 3440 8 3444 9 3463 8 3566 9 3639 20 9770 20 10770
1322 9 20 250 16 487 20 537 20 543 20 587 20 837 20 1837 20 6837 20 6847
