1774969627 1 5 1 0 1000 100 0 0 1.00 1.00 0 0 0 2 1 0 0 0 0 0 0 255 11 0 0 18 50 19 153 15 203 3 209 4 253 13 353 1 603 5 853 8 10853 2 10863
1774970659 2 5 2 1 1000 100 0 0 1.00 1.00 0 1 100 2 1 0 0 0 0 0 0 255 14 0 0 23 250 24 353 20 403 3 409 4 453 1 553 16 803 5 1803 6 3255 7 3355 14 4105 22 4505 2 5505
1774975319 3 5 2 4 1000 100 0 0 1.00 -1.00 1 2 49 2 1 0 0 0 0 0 0 255 18 0 0 23 250 24 360 20 410 3 416 4 460 1 560 16 810 7 1115 14 1865 15 2054 14 2154 15 2191 14 2291 15 2329 14 2429 22 2829 2 3829
1774977844 4 5 1 1 1000 100 0 0 -1.00 -1.00 0 3 66 2 1 0 0 0 0 0 0 255 13 0 0 23 250 24 362 20 412 3 418 4 462 1 562 16 812 6 917 7 1017 14 1767 22 2167 2 3167
1774977857 5 5 1 1 1000 100 0 0 -1.00 -1.00 0 4 75 2 1 0 0 0 0 0 0 255 40 0 0 25 130 0 677 20 927 3 933 1 977 16 1227 6 1262 7 1362 14 2112 15 2181 14 2281 15 2319 14 2419 15 2446 14 2546 15 2580 14 2680 15 2710 14 2810 15 2841 14 2941 15 2963 14 3063 15 3101 14 3201 15 3262 14 3362 15 3404 14 3504 15 3557 14 3657 15 3730 14 3830 15 3879 14 3979 15 4036 14 4136 22 4536 2 5536
1774977867 6 5 1 1 1000 100 0 0 -1.00 -1.00 0 5 80 2 1 0 0 0 0 0 0 255 96 0 0 20 250 3 256 1 300 16 550 6 765 7 865 14 1615 15 1715 14 1815 15 1838 14 1938 15 1983 14 2083 15 2113 14 2213 15 2236 14 2336 15 2374 14 2474 15 2504 14 2604 15 2627 14 2727 15 2753 14 2853 15 2884 14 2984 15 3002 14 3102 15 3133 14 3233 15 3263 14 3363 15 3401 14 3501 15 3543 14 3643 15 3658 14 3758 15 3784 14 3884 15 3911 14 4011 15 4156 14 4256 15 4286 14 4386 15 4424 14 4524 15 4539 14 4639 15 4654 14 4754 15 4769 14 4869 15 5033 14 5133 15 5190 14 5290 15 5328 14 5428 15 5466 14 5566 15 5647 14 5747 15 5792 14 5892 15 5930 14 6030 15 6053 14 6153 15 6175 14 6275 15 6298 14 6398 15 6451 14 6551 15 6589 14 6689 15 6727 14 6827 15 6854 14 6954 15 6980 14 7080 15 7122 14 7222 15 7260 14 7360 15 7409 14 7509 15 7570 14 7670 22 8070 2 9070
1774977872 7 5 2 2 1000 100 0 0 1.00 -1.00 0 6 66 2 1 0 0 0 0 0 0 255 9 0 0 20 250 3 256 1 300 16 550 9 597 13 1097 22 4097 2 5097
1774977881 8 5 1 1 1000 100 0 0 -1.00 -1.00 0 7 71 2 1 0 0 0 0 0 0 255 76 0 0 20 250 3 256 1 300 16 550 6 640 7 740 14 1490 15 1552 14 1652 15 1675 14 1775 15 1801 14 1901 15 1928 14 2028 15 2062 14 2162 15 2192 14 2292 15 2315 14 2415 15 2445 14 2545 15 2618 14 2718 15 2783 14 2883 15 2917 14 3017 15 3047 14 3147 15 3196 14 3296 15 3308 14 3408 15 3453 14 3553 15 3595 14 3695 15 3764 14 3864 15 3905 14 4005 15 4055 14 4155 15 4197 14 4297 15 4327 14 4427 15 4473 14 4573 15 4630 14 4730 15 4752 14 4852 15 4894 14 4994 15 5028 14 5128 15 5170 14 5270 15 5343 14 5443 15 5481 14 5581 15 5638 14 5738 15 5791 14 5891 15 5964 14 6064 15 6140 14 6240 22 6640 2 7640
1774977917 9 5 1 1 1000 100 0 0 -1.00 -1.00 0 8 75 2 1 0 0 0 0 0 0 255 35 0 0 23 250 24 359 20 409 3 415 4 459 1 559 16 809 6 811 7 911 14 1661 15 1708 14 1808 15 1834 14 1934 15 1969 14 2069 15 2099 14 2199 15 2237 14 2337 15 2379 14 2479 15 2509 14 2609 15 2666 14 2766 15 2827 14 2927 15 2954 14 3054 15 3122 14 3222 22 3622 2 4622
1774977924 10 5 2 2 1000 100 0 0 1.00 -1.00 0 9 66 2 1 0 0 0 0 0 0 255 11 0 0 25 233 0 410 20 660 3 666 1 710 16 960 9 967 13 1467 22 4467 2 5467
1774979033 11 5 1 4 1000 100 0 0 -1.00 -1.00 1 10 59 2 1 0 0 0 0 0 0 255 32 0 0 23 250 24 350 20 400 3 406 4 450 1 550 16 800 7 1208 14 1958 15 2028 14 2128 15 2155 14 2255 15 2292 14 2392 15 2438 14 2538 15 2580 14 2680 15 2710 14 2810 15 2848 14 2948 15 3013 14 3113 22 3513 12 4151 22 4251 12 4361 22 4461 2 5461
1774979041 12 5 1 4 1000 100 0 0 -1.00 -1.00 1 11 54 2 1 0 0 0 0 0 0 255 29 0 0 20 250 3 256 4 300 1 400 16 650 5 1650 7 2546 14 3296 15 3359 14 3459 15 3481 14 3581 15 3608 14 3708 15 3754 14 3854 15 3876 14 3976 15 3999 14 4099 15 4118 14 4218 15 4279 14 4379 15 4447 14 4547 22 4947 2 5947
1774979051 13 5 2 1 1000 100 0 0 1.00 1.00 0 12 58 2 1 0 0 0 0 0 0 255 47 0 0 20 250 3 256 4 300 1 400 16 650 6 738 7 838 14 1588 15 1673 14 1773 15 1818 14 1918 15 1945 14 2045 15 2087 14 2187 15 2221 14 2321 15 2351 14 2451 15 2489 14 2589 15 2623 14 2723 15 2742 14 2842 15 2884 14 2984 15 3029 14 3129 15 3378 14 3478 15 3508 14 3608 15 3650 14 3750 15 3807 14 3907 15 3953 14 4053 15 4117 14 4217 15 4282 14 4382 22 4782 2 5782
1774979057 14 5 2 2 1000 100 0 0 1.00 -1.00 0 13 53 2 1 0 0 0 0 0 0 255 9 0 0 20 250 3 256 1 300 16 550 9 784 13 1284 22 4284 2 5284
1774979063 15 5 2 2 1000 100 0 0 1.00 1.00 0 14 49 2 1 0 0 0 0 0 0 255 9 0 0 20 250 3 256 1 300 16 550 9 1070 13 1570 22 4570 2 5570
1774979070 16 5 2 2 1000 100 0 0 1.00 -1.00 0 15 46 2 1 0 0 0 0 0 0 255 9 0 0 20 250 3 256 1 300 16 550 9 746 13 1246 22 4246 2 5246
1774983666 17 5 2 2 1000 100 0 0 1.00 -1.00 0 16 43 2 1 0 0 0 0 0 0 255 32 0 0 23 250 24 351 20 401 3 407 4 451 1 551 16 801 9 972 13 1472 22 4472 12 4550 22 4650 12 4680 22 4780 12 4822 22 4922 12 4976 22 5076 12 5110 22 5210 12 5248 22 5348 12 5401 22 5501 12 5554 22 5654 12 5746 22 5846 12 5895 22 5995 2 6995
1774983677 18 5 2 1 1000 100 0 0 1.00 1.00 0 17 46 2 1 0 0 0 0 0 0 255 75 0 0 25 248 0 2170 20 2420 3 2426 4 2470 1 2570 16 2820 6 2856 7 2956 14 3706 15 3760 14 3860 15 3891 14 3991 15 4017 14 4117 15 4151 14 4251 15 4285 14 4385 15 4412 14 4512 15 4550 14 4650 15 4672 14 4772 15 4822 14 4922 15 5240 14 5340 15 5385 14 5485 15 5527 14 5627 15 5665 14 5765 15 5807 14 5907 15 5933 14 6033 15 6228 14 6328 15 6370 14 6470 15 6527 14 6627 15 6680 14 6780 15 6837 14 6937 15 6995 14 7095 15 7148 14 7248 15 7297 14 7397 15 7431 14 7531 15 7562 14 7662 15 7700 14 7800 15 7853 14 7953 15 8010 14 8110 15 8178 14 8278 15 8355 14 8455 15 8562 14 8662 22 9062 2 10062
1774983683 19 5 2 2 1000 100 0 0 1.00 -1.00 0 18 44 2 1 0 0 0 0 0 0 255 9 0 0 20 250 3 256 1 300 16 550 9 950 13 1450 22 4450 2 5450
1774983689 20 5 2 2 1000 100 0 0 1.00 1.00 0 19 41 2 1 0 0 0 0 0 0 255 11 0 0 25 242 0 337 20 587 3 593 1 637 16 887 9 1277 13 1777 22 4777 2 5777
1774983719 21 5 2 2 1000 100 0 0 1.00 1.00 0 20 39 2 1 0 0 0 0 0 0 255 11 0 0 25 122 0 888 20 1138 3 1144 1 1188 16 1438 9 1569 13 2069 22 5069 2 6069
1774983725 22 5 2 2 1000 100 0 0 1.00 -1.00 0 21 37 2 1 0 0 0 0 0 0 255 9 0 0 20 250 3 256 1 300 16 550 9 856 13 1356 22 4356 2 5356
1774994016 23 5 2 2 1000 100 0 0 1.00 -1.00 0 22 36 2 1 0 0 0 0 0 0 255 40 0 0 23 250 24 353 20 403 3 409 4 453 1 553 16 803 9 866 13 1366 22 4366 12 4471 22 4571 12 4613 22 4713 12 4782 22 4882 12 4923 22 5023 12 5054 22 5154 12 5203 22 5303 12 5360 22 5460 12 5513 22 5613 12 5693 22 5793 12 5877 22 5977 12 6046 22 6146 12 6207 22 6307 12 6391 22 6491 12 6552 22 6652 2 7652
1774994040 24 5 2 1 1000 100 0 0 1.00 1.00 0 23 38 2 1 0 0 0 0 0 0 255 95 0 0 20 250 3 256 4 300 1 400 16 650 6 704 7 804 14 1554 15 1651 14 1751 15 1770 14 1870 15 1907 14 2007 15 2045 14 2145 15 2183 14 2283 15 2317 14 2417 15 2448 14 2548 15 2585 14 2685 15 2712 14 2812 15 2842 14 2942 15 2980 14 3080 15 3126 14 3226 15 3244 14 3344 15 3367 14 3467 15 3501 14 3601 15 3624 14 3724 15 3762 14 3862 15 3930 14 4030 15 4068 14 4168 15 4221 14 4321 15 4336 14 4436 15 4470 14 4570 15 4631 14 4731 15 4808 14 4908 15 4965 14 5065 15 5122 14 5222 15 5252 14 5352 15 5424 14 5524 15 5604 14 5704 15 5796 14 5896 15 5976 14 6076 15 6156 14 6256 15 6329 14 6429 15 6501 14 6601 15 6639 14 6739 15 6804 14 6904 15 6988 14 7088 15 7125 14 7225 15 7286 14 7386 15 7463 14 7563 15 7639 14 7739 15 7773 14 7873 22 8273 2 9273
1774994045 25 5 1 1 1000 100 0 0 -1.00 1.00 0 24 41 2 1 0 0 0 0 0 0 255 14 0 0 25 170 0 341 20 591 3 597 1 641 16 891 6 1178 7 1278 14 2028 15 2098 14 2198 22 2598 2 3598
1774994053 26 5 2 2 1000 100 0 0 1.00 1.00 0 25 39 2 1 0 0 0 0 0 0 255 9 0 0 20 250 3 256 1 300 16 550 9 1062 13 1562 22 4562 2 5562
1774994060 27 5 2 2 1000 100 0 0 1.00 1.00 0 26 38 2 1 0 0 0 0 0 0 255 9 0 0 20 250 3 256 1 300 16 550 9 1154 13 1654 22 4654 2 5654
1775006409 28 5 2 1 1000 100 0 0 1.00 -1.00 0 27 40 2 1 0 0 0 0 0 0 255 95 0 0 23 250 24 351 20 401 3 407 4 451 1 551 16 801 6 1010 7 1110 14 1860 15 1865 14 1965 15 1995 14 2095 15 2114 14 2214 15 2244 14 2344 15 2370 14 2470 15 2501 14 2601 15 2631 14 2731 15 2765 14 2865 15 2903 14 3003 15 3026 14 3126 15 3148 14 3248 15 3275 14 3375 15 3405 14 3505 15 3531 14 3631 15 3673 14 3773 15 3826 14 3926 15 3953 14 4053 15 4075 14 4175 15 4194 14 4294 15 4347 14 4447 15 4485 14 4585 15 4665 14 4765 15 4777 14 4877 15 4922 14 5022 15 5056 14 5156 15 5198 14 5298 15 5340 14 5440 15 5512 14 5612 15 5666 14 5766 15 5811 14 5911 15 6003 14 6103 15 6110 14 6210 15 6236 14 6336 15 6386 14 6486 15 6543 14 6643 15 6704 14 6804 15 6880 14 6980 15 7045 14 7145 15 7210 14 7310 15 7405 14 7505 15 7612 14 7712 22 8112 2 9112
1775006417 29 5 2 2 1000 100 0 0 1.00 -1.00 0 28 39 2 1 0 0 0 0 0 0 255 9 0 0 20 250 3 256 1 300 16 550 9 1347 13 1847 22 4847 2 5847
1775006426 30 5 2 0 1000 100 0 0 1.00 -1.00 1 28 39 2 1 0 0 0 0 0 0 255 8 0 0 20 250 3 256 1 300 16 550 5 1550 8 6550 2 6560
1775007906 31 5 1 2 1000 100 0 0 -1.00 -1.00 0 29 37 2 1 0 0 0 0 0 0 255 48 0 0 23 250 24 351 20 401 3 407 4 451 1 551 16 801 9 891 13 1391 22 4391 12 4516 22 4616 12 4635 22 4735 12 4750 22 4850 12 4880 22 4980 12 5010 22 5110 12 5125 22 5225 12 5286 22 5386 12 5463 22 5563 12 5585 22 5685 12 5742 22 5842 12 5892 22 5992 12 6057 22 6157 12 6210 22 6310 12 6647 22 6747 12 6766 22 6866 12 6903 22 7003 12 7064 22 7164 12 7214 22 7314 2 8314
1775007919 32 5 2 1 1000 100 0 0 1.00 1.00 0 30 39 2 1 0 0 0 0 0 0 255 113 0 0 20 250 3 256 4 300 1 400 16 650 6 660 7 760 14 1510 15 1622 14 1722 15 1748 14 1848 15 1882 14 1982 15 2013 14 2113 15 2154 14 2254 15 2288 14 2388 15 2419 14 2519 15 2561 14 2661 15 2710 14 2810 15 2836 14 2936 15 2963 14 3063 15 3082 14 3182 15 3212 14 3312 15 3319 14 3419 15 3442 14 3542 15 3557 14 3657 15 3722 14 3822 15 3848 14 3948 15 3963 14 4063 15 4093 14 4193 15 4224 14 4324 15 4350 14 4450 15 4500 14 4600 15 4618 14 4718 15 4760 14 4860 15 4898 14 4998 15 5040 14 5140 15 5159 14 5259 15 5304 14 5404 15 5457 14 5557 15 5595 14 5695 15 5706 14 5806 15 5821 14 5921 15 5940 14 6040 15 6074 14 6174 15 6201 14 6301 15 6339 14 6439 15 6477 14 6577 15 6611 14 6711 15 6795 14 6895 15 6948 14 7048 15 7116 14 7216 15 7251 14 7351 15 7400 14 7500 15 7569 14 7669 15 7730 14 7830 15 7883 14 7983 15 8297 14 8397 15 8438 14 8538 15 8618 14 8718 15 8822 14 8922 22 9322 2 10322
1775007925 33 5 2 2 1000 100 0 0 1.00 1.00 0 31 38 2 1 0 0 0 0 0 0 255 9 0 0 20 250 3 256 1 300 16 550 9 899 13 1399 22 4399 2 5399
1775007935 34 5 2 1 1000 100 0 0 1.00 -1.00 0 32 40 2 1 0 0 0 0 0 0 255 86 0 0 20 250 3 256 1 300 16 550 6 1147 7 1247 14 1997 15 2021 14 2121 15 2170 14 2270 15 2285 14 2385 15 2404 14 2504 15 2584 14 2684 15 2707 14 2807 15 2856 14 2956 15 2998 14 3098 15 3140 14 3240 15 3301 14 3401 15 3450 14 3550 15 3596 14 3696 15 3753 14 3853 15 3906 14 4006 15 4059 14 4159 15 4209 14 4309 15 4424 14 4524 15 4554 14 4654 15 4722 14 4822 15 4903 14 5003 15 5056 14 5156 15 5213 14 5313 15 5366 14 5466 15 5512 14 5612 15 5696 14 5796 15 5899 14 5999 15 6091 14 6191 15 6236 14 6336 15 6416 14 6516 15 6585 14 6685 15 6708 14 6808 15 6827 14 6927 15 6988 14 7088 15 7145 14 7245 15 7329 14 7429 15 7490 14 7590 15 7647 14 7747 15 7819 14 7919 22 8319 2 9319
1775007943 35 5 1 1 1000 100 0 0 -1.00 1.00 0 33 42 2 1 0 0 0 0 0 0 255 74 0 0 20 250 3 256 1 300 16 550 6 681 7 781 14 1531 15 1547 14 1647 15 1731 14 1831 15 1858 14 1958 15 2007 14 2107 15 2153 14 2253 15 2298 14 2398 15 2455 14 2555 15 2609 14 2709 15 2766 14 2866 15 2927 14 3027 15 3046 14 3146 15 3187 14 3287 15 3333 14 3433 15 3452 14 3552 15 3598 14 3698 15 3724 14 3824 15 3854 14 3954 15 3981 14 4081 15 4084 14 4184 15 4261 14 4361 15 4402 14 4502 15 4559 14 4659 15 4709 14 4809 15 4858 14 4958 15 5023 14 5123 15 5177 14 5277 15 5341 14 5441 15 5502 14 5602 15 5644 14 5744 15 5793 14 5893 15 5962 14 6062 15 6135 14 6235 22 6635 2 7635
1775007950 36 5 2 2 1000 100 0 0 1.00 -1.00 0 34 41 2 1 0 0 0 0 0 0 255 9 0 0 20 250 3 256 1 300 16 550 9 1139 13 1639 22 4639 2 5639
1775007957 37 5 2 2 1000 100 0 0 1.00 -1.00 0 35 39 2 1 0 0 0 0 0 0 255 9 0 0 20 250 3 256 1 300 16 550 9 1266 13 1766 22 4766 2 5766
1775007969 38 5 1 1 1000 100 0 0 -1.00 1.00 0 36 41 2 1 0 0 0 0 0 0 255 120 0 0 20 250 3 256 1 300 16 550 6 872 7 972 14 1722 15 1842 14 1942 15 1976 14 2076 15 2133 14 2233 15 2260 14 2360 15 2547 14 2647 15 2681 14 2781 15 2827 14 2927 15 2957 14 3057 15 3084 14 3184 15 3245 14 3345 15 3387 14 3487 15 3552 14 3652 15 3678 14 3778 15 3808 14 3908 15 3950 14 4050 15 4126 14 4226 15 4284 14 4384 15 4429 14 4529 15 4560 14 4660 15 4682 14 4782 15 4866 14 4966 15 5012 14 5112 15 5150 14 5250 15 5288 14 5388 15 5414 14 5514 15 5613 14 5713 15 5748 14 5848 15 5886 14 5986 15 6031 14 6131 15 6165 14 6265 15 6323 14 6423 15 6480 14 6580 15 6641 14 6741 15 6798 14 6898 15 6974 14 7074 15 7135 14 7235 15 7273 14 7373 15 7430 14 7530 15 7599 14 7699 15 7748 14 7848 15 7906 14 8006 15 8074 14 8174 15 8262 14 8362 15 8415 14 8515 15 8611 14 8711 15 9094 14 9194 15 9212 14 9312 15 9339 14 9439 15 9492 14 9592 15 9649 14 9749 15 9837 14 9937 15 10002 14 10102 15 10151 14 10251 15 10301 14 10401 15 10493 14 10593 22 10993 2 11993
1775007974 39 5 2 2 1000 100 0 0 1.00 -1.00 0 37 40 2 1 0 0 0 0 0 0 255 9 0 0 20 250 3 256 1 300 16 550 9 769 13 1269 22 4269 2 5269
1775007987 40 5 2 2 1000 100 0 0 1.00 -1.00 0 38 39 2 1 0 0 0 0 0 0 255 9 0 0 20 250 3 256 1 300 16 550 9 1095 13 1595 22 4595 2 5595
1775007995 41 5 2 2 1000 100 0 0 1.00 1.00 0 39 38 2 1 0 0 0 0 0 0 255 9 0 0 20 250 3 256 1 300 16 550 9 1140 13 1640 22 4640 2 5640
1775008003 42 5 2 2 1000 100 0 0 1.00 1.00 0 40 37 2 1 0 0 0 0 0 0 255 9 0 0 20 250 3 256 1 300 16 550 9 1372 13 1872 22 4872 2 5872
1775008016 43 5 2 2 1000 100 0 0 1.00 -1.00 0 41 36 2 1 0 0 0 0 0 0 255 10 0 0 20 250 3 256 1 300 16 550 5 1550 9 1667 13 2167 22 5167 2 6167
1775008028 44 5 2 1 1000 100 0 0 1.00 1.00 0 42 37 2 1 0 0 0 0 0 0 255 96 0 0 20 250 3 256 1 300 16 550 6 877 7 977 14 1727 15 1774 14 1874 15 1900 14 2000 15 2027 14 2127 15 2165 14 2265 15 2295 14 2395 15 2421 14 2521 15 2536 14 2636 15 2690 14 2790 15 2832 14 2932 15 2962 14 3062 15 3123 14 3223 15 3276 14 3376 15 3403 14 3503 15 3552 14 3652 15 3709 14 3809 15 3859 14 3959 15 4012 14 4112 15 4131 14 4231 15 4296 14 4396 15 4453 14 4553 15 4614 14 4714 15 4767 14 4867 15 4932 14 5032 15 5093 14 5193 15 5239 14 5339 15 5365 14 5465 15 5507 14 5607 15 5668 14 5768 15 5852 14 5952 15 6017 14 6117 15 6189 14 6289 15 6362 14 6462 15 6538 14 6638 15 6699 14 6799 15 6860 14 6960 15 7032 14 7132 15 7193 14 7293 15 7377 14 7477 15 7584 14 7684 15 7761 14 7861 15 7929 14 8029 15 8113 14 8213 15 8332 14 8432 22 8832 2 9832
1775008036 45 5 1 1 1000 100 0 0 -1.00 -1.00 0 43 39 2 1 0 0 0 0 0 0 255 76 0 0 20 250 3 256 1 300 16 550 6 674 7 774 14 1524 15 1766 14 1866 15 1912 14 2012 15 2038 14 2138 15 2165 14 2265 15 2314 14 2414 15 2471 14 2571 15 2602 14 2702 15 2743 14 2843 15 2881 14 2981 15 3023 14 3123 15 3173 14 3273 15 3291 14 3391 15 3449 14 3549 15 3602 14 3702 15 3767 14 3867 15 3912 14 4012 15 4054 14 4154 15 4207 14 4307 15 4368 14 4468 15 4533 14 4633 15 4694 14 4794 15 4821 14 4921 15 4982 14 5082 15 5124 14 5224 15 5304 14 5404 15 5453 14 5553 15 5595 14 5695 15 5760 14 5860 15 5925 14 6025 15 6170 14 6270 15 6293 14 6393 15 6461 14 6561 15 6634 14 6734 22 7134 2 8134
1775008044 46 5 1 1 1000 100 0 0 -1.00 -1.00 0 44 40 2 1 0 0 0 0 0 0 255 68 0 0 20 250 3 256 1 300 16 550 6 662 7 762 14 1512 15 1643 14 1743 15 1781 14 1881 15 1946 14 2046 15 2084 14 2184 15 2237 14 2337 15 2379 14 2479 15 2532 14 2632 15 2686 14 2786 15 2835 14 2935 15 2973 14 3073 15 3100 14 3200 15 3245 14 3345 15 3402 14 3502 15 3552 14 3652 15 3728 14 3828 15 3897 14 3997 15 4046 14 4146 15 4230 14 4330 15 4384 14 4484 15 4537 14 4637 15 4706 14 4806 15 4851 14 4951 15 5008 14 5108 15 5169 14 5269 15 5307 14 5407 15 5457 14 5557 15 5637 14 5737 15 5817 14 5917 15 6012 14 6112 22 6512 2 7512
1775008054 47 5 1 1 1000 100 0 0 -1.00 -1.00 0 45 42 2 1 0 0 0 0 0 0 255 70 0 0 20 250 3 256 1 300 16 550 6 605 7 705 14 1455 15 1575 14 1675 15 1717 14 1817 15 1855 14 1955 15 2000 14 2100 15 2150 14 2250 15 2303 14 2403 15 2433 14 2533 15 2709 14 2809 15 2859 14 2959 15 3005 14 3105 15 3173 14 3273 15 3315 14 3415 15 3449 14 3549 15 3622 14 3722 15 3779 14 3879 15 3925 14 4025 15 4063 14 4163 15 4185 14 4285 15 4350 14 4450 15 4496 14 4596 15 4642 14 4742 15 4799 14 4899 15 4952 14 5052 15 5101 14 5201 15 5270 14 5370 15 5427 14 5527 15 5569 14 5669 15 5753 14 5853 15 5906 14 6006 15 6083 14 6183 22 6583 2 7583
1775008060 48 5 1 1 1000 100 0 0 -1.00 -1.00 0 46 43 2 1 0 0 0 0 0 0 255 52 0 0 20 250 3 256 1 300 16 550 6 637 7 737 14 1487 15 1626 14 1726 15 1764 14 1864 15 1921 14 2021 15 2078 14 2178 15 2224 14 2324 15 2362 14 2462 15 2504 14 2604 15 2653 14 2753 15 2806 14 2906 15 2963 14 3063 15 3121 14 3221 15 3274 14 3374 15 3431 14 3531 15 3607 14 3707 15 3749 14 3849 15 3910 14 4010 15 4071 14 4171 15 4240 14 4340 15 4389 14 4489 15 4558 14 4658 15 4734 14 4834 22 5234 2 6234
1775008068 49 5 1 1 1000 100 0 0 -1.00 -1.00 0 47 44 2 1 0 0 0 0 0 0 255 64 0 0 20 250 3 256 1 300 16 550 6 667 7 767 14 1517 15 1533 14 1633 15 1671 14 1771 15 1801 14 1901 15 1958 14 2058 15 2089 14 2189 15 2253 14 2353 15 2384 14 2484 15 2541 14 2641 15 2683 14 2783 15 2832 14 2932 15 2970 14 3070 15 3089 14 3189 15 3227 14 3327 15 3388 14 3488 15 3537 14 3637 15 3702 14 3802 15 4039 14 4139 15 4200 14 4300 15 4357 14 4457 15 4514 14 4614 15 4679 14 4779 15 4844 14 4944 15 4986 14 5086 15 5147 14 5247 15 5319 14 5419 15 5515 14 5615 15 5618 14 5718 22 6118 2 7118
1775008074 50 5 2 2 1000 100 0 0 1.00 -1.00 0 48 43 2 1 0 0 0 0 0 0 255 9 0 0 20 250 3 256 1 300 16 550 9 943 13 1443 22 4443 2 5443
1775008408 51 5 1 2 1000 100 0 0 -1.00 -1.00 0 49 42 2 1 0 0 0 0 0 0 255 34 0 0 23 250 24 361 20 411 3 417 4 461 1 561 16 811 9 901 13 1401 22 4401 12 4522 22 4622 12 4679 22 4779 12 4821 22 4921 12 4951 22 5051 12 5124 22 5224 12 5292 22 5392 12 5430 22 5530 12 5557 22 5657 12 5714 22 5814 12 5867 22 5967 12 5982 22 6082 2 7082
1775008421 52 5 2 1 1000 100 0 0 1.00 -1.00 0 50 44 2 1 0 0 0 0 0 0 255 85 0 0 20 250 3 256 4 300 1 400 16 650 6 983 7 1083 14 1833 15 1857 14 1957 15 1998 14 2098 15 2136 14 2236 15 2274 14 2374 15 2427 14 2527 15 2581 14 2681 15 2730 14 2830 15 2883 14 2983 15 3044 14 3144 15 3194 14 3294 15 3355 14 3455 15 3508 14 3608 15 3623 14 3723 15 3914 14 4014 15 4052 14 4152 15 4194 14 4294 15 4366 14 4466 15 4504 14 4604 15 4635 14 4735 15 4792 14 4892 15 4941 14 5041 15 5083 14 5183 15 5225 14 5325 15 5367 14 5467 15 5524 14 5624 15 5662 14 5762 15 5803 14 5903 15 5953 14 6053 15 6137 14 6237 15 6313 14 6413 15 6478 14 6578 15 6646 14 6746 15 6857 14 6957 15 7033 14 7133 15 7206 14 7306 15 7612 14 7712 15 7773 14 7873 22 8273 2 9273
1775008428 53 5 2 2 1000 100 0 0 1.00 -1.00 0 51 43 2 1 0 0 0 0 0 0 255 10 0 0 20 250 3 256 1 300 16 550 5 1550 9 1738 13 2238 22 5238 2 6238
1775008568 54 5 2 1 1000 100 0 0 1.00 1.00 0 52 44 2 1 0 0 0 0 0 0 255 149 0 0 23 250 24 364 20 414 3 420 4 464 1 564 16 814 6 1103 7 1203 14 1953 15 1989 14 2089 15 2123 14 2223 15 2268 14 2368 15 2410 14 2510 15 2556 14 2656 15 2705 14 2805 15 2859 14 2959 15 2993 14 3093 15 3150 14 3250 15 3315 14 3415 15 3468 14 3568 15 3617 14 3717 15 3774 14 3874 15 3924 14 4024 15 4096 14 4196 15 4277 14 4377 15 4457 14 4557 15 4648 14 4748 15 4809 14 4909 15 4963 14 5063 15 5108 14 5208 15 5285 14 5385 15 5442 14 5542 15 5584 14 5684 15 5718 14 5818 15 5863 14 5963 15 6009 14 6109 15 6185 14 6285 15 6319 14 6419 15 6450 14 6550 15 6641 14 6741 15 6795 14 6895 15 6929 14 7029 15 7082 14 7182 15 7254 14 7354 15 7385 14 7485 15 7550 14 7650 15 7722 14 7822 15 7921 14 8021 15 8067 14 8167 15 8236 14 8336 15 8374 14 8474 15 8508 14 8608 15 8665 14 8765 15 8841 14 8941 15 8998 14 9098 15 9132 14 9232 15 9274 14 9374 15 9427 14 9527 15 9619 14 9719 15 9791 14 9891 15 9910 14 10010 15 10060 14 10160 15 10217 14 10317 15 10397 14 10497 15 10546 14 10646 15 10723 14 10823 15 10903 14 11003 15 11083 14 11183 15 11209 14 11309 15 11355 14 11455 15 11508 14 11608 15 11708 14 11808 15 11876 14 11976 15 12049 14 12149 15 12202 14 12302 15 12374 14 12474 15 12574 14 12674 22 13074 2 14074
1775008578 55 5 1 1 1000 100 0 0 -1.00 1.00 0 53 45 2 1 0 0 0 0 0 0 255 58 0 0 20 250 3 256 1 300 16 550 6 1122 7 1222 14 1972 15 1988 14 2088 15 2115 14 2215 15 2249 14 2349 15 2387 14 2487 15 2579 14 2679 15 2716 14 2816 15 2866 14 2966 15 3019 14 3119 15 3169 14 3269 15 3334 14 3434 15 3472 14 3572 15 3640 14 3740 15 3813 14 3913 15 4004 14 4104 15 4131 14 4231 15 4276 14 4376 15 4457 14 4557 15 4621 14 4721 15 4786 14 4886 15 4959 14 5059 15 5127 14 5227 15 5285 14 5385 15 5457 14 5557 15 5637 14 5737 22 6137 2 7137
1775008586 56 5 2 2 1000 100 0 0 1.00 -1.00 0 54 44 2 1 0 0 0 0 0 0 255 9 0 0 20 250 3 256 1 300 16 550 9 1406 13 1906 22 4906 2 5906
1775008789 57 5 1 1 1000 100 0 0 -1.00 -1.00 0 55 45 2 1 0 0 0 0 0 0 255 61 0 0 23 250 24 352 20 402 3 408 4 452 1 552 16 802 6 850 7 950 14 1700 15 1704 14 1804 15 1846 14 1946 15 1976 14 2076 15 2111 14 2211 15 2256 14 2356 15 2398 14 2498 15 2536 14 2636 15 2681 14 2781 15 2816 14 2916 15 2950 14 3050 15 3091 14 3191 15 3249 14 3349 15 3390 14 3490 15 3547 14 3647 15 3693 14 3793 15 3839 14 3939 15 3973 14 4073 15 4118 14 4218 15 4302 14 4402 15 4482 14 4582 15 4666 14 4766 15 4835 14 4935 15 5003 14 5103 15 5180 14 5280 22 5680 2 6680
1775008806 58 5 1 1 1000 100 0 0 -1.00 -1.00 0 56 46 2 1 0 0 0 0 0 0 255 124 0 0 20 250 3 256 1 300 16 550 6 876 7 976 14 1726 15 1857 14 1957 15 2006 14 2106 15 2140 14 2240 15 2286 14 2386 15 2439 14 2539 15 2596 14 2696 15 2753 14 2853 15 2903 14 3003 15 3045 14 3145 15 3182 14 3282 15 3340 14 3440 15 3501 14 3601 15 3646 14 3746 15 3807 14 3907 15 3930 14 4030 15 4087 14 4187 15 4244 14 4344 15 4397 14 4497 15 4539 14 4639 15 4681 14 4781 15 4853 14 4953 15 5011 14 5111 15 5141 14 5241 15 5279 14 5379 15 5444 14 5544 15 5612 14 5712 15 5750 14 5850 15 5892 14 5992 15 6053 14 6153 15 6225 14 6325 15 6375 14 6475 15 6521 14 6621 15 6674 14 6774 15 6835 14 6935 15 6984 14 7084 15 7118 14 7218 15 7283 14 7383 15 7421 14 7521 15 7544 14 7644 15 7705 14 7805 15 7866 14 7966 15 8011 14 8111 15 8145 14 8245 15 8310 14 8410 15 8464 14 8564 15 8609 14 8709 15 8763 14 8863 15 8881 14 8981 15 9023 14 9123 15 9169 14 9269 15 9337 14 9437 15 9475 14 9575 15 9632 14 9732 15 9793 14 9893 15 9958 14 10058 15 10146 14 10246 15 10319 14 10419 22 10819 2 11819
1775008813 59 5 2 2 1000 100 0 0 1.00 1.00 0 57 45 2 1 0 0 0 0 0 0 255 9 0 0 20 250 3 256 1 300 16 550 9 1276 13 1776 22 4776 2 5776
1775008831 60 5 2 2 1000 100 0 0 1.00 -1.00 0 58 44 2 1 0 0 0 0 0 0 255 12 0 0 25 57 0 169 20 419 3 425 1 469 16 719 5 1719 9 1825 13 2325 22 5325 2 6325
1775011431 61 5 2 1 1000 100 0 0 1.00 1.00 0 59 45 2 1 0 0 0 0 0 0 255 53 0 0 23 250 24 358 20 408 3 414 4 458 1 558 16 808 6 883 7 983 14 1733 15 1783 14 1883 15 1925 14 2025 15 2052 14 2152 15 2174 14 2274 15 2305 14 2405 15 2573 14 2673 15 2692 14 2792 15 2879 14 2979 15 3006 14 3106 15 3159 14 3259 15 3282 14 3382 15 3573 14 3673 15 3696 14 3796 15 3830 14 3930 22 4330 12 4336 22 4436 12 4451 22 4551 12 4577 22 4677 12 4708 22 4808 12 4903 22 5003 12 5156 22 5256 2 6256
1775011439 62 5 2 2 1000 100 0 0 1.00 1.00 0 60 45 2 1 0 0 0 0 0 0 255 9 0 0 20 250 3 256 1 300 16 550 9 959 13 1459 22 4459 2 5459
1775011447 63 5 2 2 1000 100 0 0 1.00 -1.00 0 61 44 2 1 0 0 0 0 0 0 255 9 0 0 20 250 3 256 1 300 16 550 9 890 13 1390 22 4390 2 5390
1775011456 64 5 2 2 1000 100 0 0 1.00 1.00 0 62 43 2 1 0 0 0 0 0 0 255 9 0 0 20 250 3 256 1 300 16 550 9 1013 13 1513 22 4513 2 5513
1775011463 65 5 2 2 1000 100 0 0 1.00 -1.00 0 63 42 2 1 0 0 0 0 0 0 255 9 0 0 20 250 3 256 1 300 16 550 9 1423 13 1923 22 4923 2 5923
1775011864 66 5 1 1 1000 100 0 0 -1.00 1.00 0 64 43 2 1 0 0 0 0 0 0 255 81 0 0 23 250 24 370 20 420 3 426 4 470 1 570 16 820 6 1033 7 1133 14 1883 15 1964 14 2064 15 2106 14 2206 15 2240 14 2340 15 2378 14 2478 15 2516 14 2616 15 2650 14 2750 15 2792 14 2892 15 2934 14 3034 15 3072 14 3172 15 3202 14 3302 15 3348 14 3448 15 3482 14 3582 15 3620 14 3720 15 3739 14 3839 15 3881 14 3981 15 4038 14 4138 15 4179 14 4279 15 4344 14 4444 15 4490 14 4590 15 4624 14 4724 15 4762 14 4862 15 4904 14 5004 15 5057 14 5157 15 5180 14 5280 15 5341 14 5441 15 5517 14 5617 15 5678 14 5778 15 5839 14 5939 15 6019 14 6119 15 6176 14 6276 15 6357 14 6457 15 6533 14 6633 15 6686 14 6786 15 6943 14 7043 22 7443 2 8443
1775011888 67 5 2 2 1000 100 0 0 1.00 1.00 0 65 43 2 1 0 0 0 0 0 0 255 9 0 0 20 250 3 256 1 300 16 550 9 1005 13 1505 22 4505 2 5505
1775011899 68 5 2 1 1000 100 0 0 1.00 1.00 0 66 43 2 1 0 0 0 0 0 0 255 98 0 0 20 250 3 256 1 300 16 550 6 857 7 957 14 1707 15 1781 14 1881 15 1892 14 1992 15 2026 14 2126 15 2161 14 2261 15 2299 14 2399 15 2437 14 2537 15 2559 14 2659 15 2713 14 2813 15 2858 14 2958 15 2992 14 3092 15 3130 14 3230 15 3276 14 3376 15 3422 14 3522 15 3552 14 3652 15 3682 14 3782 15 3828 14 3928 15 3981 14 4081 15 4119 14 4219 15 4273 14 4373 15 4403 14 4503 15 4533 14 4633 15 4710 14 4810 15 4855 14 4955 15 4993 14 5093 15 5154 14 5254 15 5292 14 5392 15 5469 14 5569 15 5607 14 5707 15 5760 14 5860 15 5909 14 6009 15 6067 14 6167 15 6212 14 6312 15 6377 14 6477 15 6561 14 6661 15 6714 14 6814 15 6852 14 6952 15 7017 14 7117 15 7220 14 7320 15 7393 14 7493 15 7516 14 7616 15 7669 14 7769 15 7857 14 7957 15 8029 14 8129 15 8259 14 8359 22 8759 2 9759
1775011905 69 5 2 2 1000 100 0 0 1.00 1.00 0 67 43 2 1 0 0 0 0 0 0 255 9 0 0 20 250 3 256 1 300 16 550 9 1198 13 1698 22 4698 2 5698
1775011917 70 5 2 2 1000 100 0 0 1.00 1.00 0 68 42 2 1 0 0 0 0 0 0 255 9 0 0 20 250 3 256 1 300 16 550 9 1070 13 1570 22 4570 2 5570
1775012154 71 5 2 1 1000 100 0 0 1.00 1.00 0 69 43 2 1 0 0 0 0 0 0 255 97 0 0 23 250 24 352 20 402 3 408 4 452 1 552 16 802 6 904 7 1004 14 1754 15 1762 14 1862 15 1904 14 2004 15 2027 14 2127 15 2180 14 2280 15 2318 14 2418 15 2475 14 2575 15 2625 14 2725 15 2782 14 2882 15 2935 14 3035 15 3088 14 3188 15 3234 14 3334 15 3364 14 3464 15 3514 14 3614 15 3648 14 3748 15 3798 14 3898 15 3939 14 4039 15 4096 14 4196 15 4242 14 4342 15 4399 14 4499 15 4568 14 4668 15 4691 14 4791 15 4836 14 4936 15 4997 14 5097 15 5258 14 5358 15 5442 14 5542 15 5580 14 5680 15 5706 14 5806 15 5844 14 5944 15 6001 14 6101 15 6185 14 6285 15 6369 14 6469 15 6511 14 6611 15 6680 14 6780 15 6979 14 7079 15 7163 14 7263 22 7663 12 7895 22 7995 12 8018 22 8118 12 8144 22 8244 12 8286 22 8386 12 8416 22 8516 12 8547 22 8647 12 8727 22 8827 2 9827
1775012161 72 5 2 0 1000 100 0 0 1.00 1.00 0 69 43 2 1 0 0 0 0 0 0 255 8 0 0 20 250 3 256 1 300 16 550 5 1550 8 6550 2 6560
1775013289 73 5 2 1 1000 100 0 0 1.00 1.00 0 70 44 2 1 0 0 0 0 0 0 255 53 0 0 23 250 24 369 20 419 3 425 4 469 1 569 16 819 6 1074 7 1174 14 1924 15 1967 14 2067 15 2178 14 2278 15 2335 14 2435 15 2492 14 2592 15 2657 14 2757 15 2822 14 2922 15 2994 14 3094 15 3174 14 3274 15 3378 14 3478 15 3569 14 3669 15 3776 14 3876 15 3945 14 4045 15 4113 14 4213 15 4313 14 4413 15 4589 14 4689 15 4723 14 4823 15 4865 14 4965 15 5030 14 5130 15 5229 14 5329 15 5505 14 5605 22 6005 2 7005
1775013295 74 5 2 2 1000 100 0 0 1.00 1.00 0 71 43 2 1 0 0 0 0 0 0 255 9 0 0 20 250 3 256 1 300 16 550 9 1179 13 1679 22 4679 2 5679
1775013311 75 5 2 0 1000 100 0 0 1.00 1.00 0 71 43 2 1 0 0 0 0 0 0 255 8 0 0 20 250 3 256 1 300 16 550 5 1550 8 6550 2 6560
1775014185 76 5 1 1 1000 100 0 0 -1.00 1.00 0 72 44 2 1 0 0 0 0 0 0 255 139 0 0 23 250 24 376 20 426 3 432 4 476 1 576 16 826 6 1269 7 1369 14 2119 15 2323 14 2423 15 2472 14 2572 15 2622 14 2722 15 2771 14 2871 15 2936 14 3036 15 3097 14 3197 15 3250 14 3350 15 3411 14 3511 15 3576 14 3676 15 3745 14 3845 15 3925 14 4025 15 4090 14 4190 15 4258 14 4358 15 4439 14 4539 15 4592 14 4692 15 4791 14 4891 15 4994 14 5094 15 5174 14 5274 15 5362 14 5462 15 5581 14 5681 15 5784 14 5884 15 5949 14 6049 15 6125 14 6225 15 6278 14 6378 15 6451 14 6551 15 6612 14 6712 15 6777 14 6877 15 6949 14 7049 15 7167 14 7267 15 7313 14 7413 15 7462 14 7562 15 7635 14 7735 15 7815 14 7915 15 7984 14 8084 15 8156 14 8256 15 8352 14 8452 15 8562 14 8662 15 8727 14 8827 15 8873 14 8973 15 9061 14 9161 15 9390 14 9490 15 9528 14 9628 15 9658 14 9758 15 9816 14 9916 15 10095 14 10195 15 10302 14 10402 15 10421 14 10521 15 10555 14 10655 15 10716 14 10816 15 10900 14 11000 15 11027 14 11127 15 11176 14 11276 15 11349 14 11449 15 11667 14 11767 15 11828 14 11928 15 12004 14 12104 15 12176 14 12276 15 12311 14 12411 15 12483 14 12583 15 12652 14 12752 15 12836 14 12936 15 13008 14 13108 15 13207 14 13307 22 13707 2 14707
1775014193 77 5 1 1 1000 100 0 0 -1.00 -1.00 0 73 45 2 1 0 0 0 0 0 0 255 48 0 0 25 40 0 93 20 343 3 349 1 393 16 643 6 1005 7 1105 14 1855 15 1994 14 2094 15 2124 14 2224 15 2277 14 2377 15 2484 14 2584 15 2637 14 2737 15 2806 14 2906 15 3009 14 3109 15 3185 14 3285 15 3369 14 3469 15 3534 14 3634 15 3707 14 3807 15 3879 14 3979 15 4036 14 4136 15 4205 14 4305 15 4377 14 4477 15 4588 14 4688 15 4765 14 4865 15 4968 14 5068 22 5468 2 6468
1775014561 78 5 2 1 1000 100 0 0 1.00 -1.00 0 74 46 2 1 0 0 0 0 0 0 255 111 0 0 23 250 24 375 20 425 3 431 4 475 1 575 16 825 6 1030 7 1130 14 1880 15 1965 14 2065 15 2115 14 2215 15 2280 14 2380 15 2418 14 2518 15 2575 14 2675 15 2743 14 2843 15 2908 14 3008 15 3073 14 3173 15 3257 14 3357 15 3556 14 3656 15 3686 14 3786 15 3847 14 3947 15 4001 14 4101 15 4143 14 4243 15 4346 14 4446 15 4518 14 4618 15 4687 14 4787 15 4844 14 4944 15 4990 14 5090 15 5193 14 5293 15 5365 14 5465 15 5530 14 5630 15 5680 14 5780 15 5848 14 5948 15 5998 14 6098 15 6147 14 6247 15 6301 14 6401 15 6458 14 6558 15 6619 14 6719 15 6768 14 6868 15 6937 14 7037 15 7090 14 7190 15 7255 14 7355 15 7408 14 7508 15 7612 14 7712 15 7792 14 7892 15 7960 14 8060 15 8148 14 8248 15 8317 14 8417 15 8482 14 8582 15 8700 14 8800 15 8895 14 8995 15 9091 14 9191 15 9290 14 9390 15 9417 14 9517 15 9562 14 9662 15 9746 14 9846 15 9953 14 10053 15 10103 14 10203 22 10603 2 11603
1775014573 79 5 2 1 1000 100 0 0 1.00 1.00 0 75 46 2 1 0 0 0 0 0 0 255 10 0 0 20 250 3 256 1 300 16 550 6 749 7 849 14 1599 22 1999 2 2999
1775014590 80 5 1 1 1000 100 0 0 -1.00 1.00 0 76 47 2 1 0 0 0 0 0 0 255 36 0 0 25 239 0 369 25 462 0 1406 20 1656 3 1662 1 1706 16 1956 6 2464 7 2564 14 3314 15 3469 14 3569 15 3633 14 3733 15 3817 14 3917 15 3990 14 4090 15 4151 14 4251 15 4312 14 4412 15 4488 14 4588 15 4695 14 4795 15 4860 14 4960 15 5036 14 5136 15 5220 14 5320 22 5720 2 6720
1775014850 81 5 2 1 1000 100 0 0 1.00 -1.00 0 77 48 2 1 0 0 0 0 0 0 255 77 0 0 23 250 24 373 20 423 3 429 4 473 1 573 16 823 6 1239 7 1339 14 2089 15 2193 14 2293 15 2354 14 2454 15 2515 14 2615 15 2665 14 2765 15 2826 14 2926 15 2994 14 3094 15 3167 14 3267 15 3343 14 3443 15 3516 14 3616 15 3711 14 3811 15 3876 14 3976 15 4056 14 4156 15 4225 14 4325 15 4370 14 4470 15 4535 14 4635 15 4730 14 4830 15 4884 14 4984 15 5026 14 5126 15 5167 14 5267 15 5485 14 5585 15 5650 14 5750 15 5834 14 5934 15 6007 14 6107 15 6175 14 6275 15 6363 14 6463 15 6539 14 6639 15 6869 14 6969 15 7015 14 7115 15 7203 14 7303 15 7402 14 7502 15 7574 14 7674 15 7747 14 7847 22 8247 2 9247
1775014858 82 5 1 1 1000 100 0 0 -1.00 -1.00 0 78 49 2 1 0 0 0 0 0 0 255 28 0 0 20 250 3 256 1 300 16 550 6 820 7 920 14 1670 15 1775 14 1875 15 1932 14 2032 15 2104 14 2204 15 2288 14 2388 15 2484 14 2584 15 2637 14 2737 15 2825 14 2925 15 3001 14 3101 15 3185 14 3285 22 3685 2 4685
1775015380 83 5 2 1 1000 100 0 0 1.00 1.00 0 79 49 2 1 0 0 0 0 0 0 255 41 0 0 23 250 24 372 20 422 3 428 4 472 1 572 16 822 6 1046 7 1146 14 1896 15 2012 14 2112 15 2169 14 2269 15 2322 14 2422 15 2483 14 2583 15 2663 14 2763 15 2851 14 2951 15 3039 14 3139 15 3200 14 3300 15 3353 14 3453 15 3522 14 3622 15 3679 14 3779 15 3871 14 3971 15 4058 14 4158 15 4273 14 4373 22 4773 2 5773
1775016625 84 5 1 1 1000 100 0 0 -1.00 1.00 0 80 50 2 1 0 0 0 0 0 0 255 21 0 0 23 250 24 373 20 423 3 429 4 473 1 573 16 823 6 955 7 1055 14 1805 15 1929 14 2029 15 2090 14 2190 15 2251 14 2351 15 2443 14 2543 22 2943 2 3943
1775016670 85 5 2 1 1000 100 0 0 1.00 1.00 0 81 51 2 1 0 0 0 0 0 0 255 47 0 0 23 250 24 365 20 415 3 421 4 465 1 565 16 815 6 886 7 986 14 1736 15 1921 14 2021 15 2070 14 2170 15 2224 14 2324 15 2385 14 2485 15 2553 14 2653 15 2726 14 2826 15 2898 14 2998 15 3090 14 3190 15 3270 14 3370 15 3462 14 3562 15 3657 14 3757 15 3861 14 3961 15 4087 14 4187 15 4271 14 4371 15 4466 14 4566 15 4677 14 4777 15 4869 14 4969 22 5369 2 6369
1775019250 86 5 2 1 1000 100 0 0 1.00 -1.00 0 82 51 2 1 0 0 0 0 0 0 255 87 0 0 23 250 24 366 20 416 3 422 4 466 1 566 16 816 6 1075 7 1175 14 1925 15 2037 14 2137 15 2168 14 2268 15 2313 14 2413 15 2436 14 2536 15 2586 14 2686 15 2731 14 2831 15 2869 14 2969 15 3015 14 3115 15 3153 14 3253 15 3295 14 3395 15 3448 14 3548 15 3559 14 3659 15 3686 14 3786 15 3824 14 3924 15 3958 14 4058 15 4085 14 4185 15 4219 14 4319 15 4380 14 4480 15 4526 14 4626 15 4675 14 4775 15 4821 14 4921 15 4997 14 5097 15 5135 14 5235 15 5269 14 5369 15 5407 14 5507 15 5545 14 5645 15 5810 14 5910 15 5956 14 6056 15 6086 14 6186 15 6235 14 6335 15 6396 14 6496 15 6531 14 6631 15 6695 14 6795 15 6868 14 6968 15 7033 14 7133 15 7228 14 7328 15 7436 14 7536 22 7936 2 8936
1775019257 87 5 2 2 1000 100 0 0 1.00 -1.00 0 83 51 2 1 0 0 0 0 0 0 255 9 0 0 20 250 3 256 1 300 16 550 9 1169 13 1669 22 4669 2 5669
1775019640 88 5 2 1 1000 100 0 0 1.00 1.00 0 84 51 2 1 0 0 0 0 0 0 255 13 0 0 23 250 24 391 20 441 3 447 4 491 1 591 16 841 6 935 7 1035 14 1785 22 2185 2 3185
1775019651 89 5 1 1 1000 100 0 0 -1.00 -1.00 0 85 52 2 1 0 0 0 0 0 0 255 70 0 0 20 250 3 256 1 300 16 550 6 658 7 758 14 1508 15 1521 14 1621 15 1628 14 1728 15 1747 14 1847 15 1893 14 1993 15 2065 14 2165 15 2184 14 2284 15 2338 14 2438 15 2479 14 2579 15 2625 14 2725 15 2790 14 2890 15 3070 14 3170 15 3231 14 3331 15 3350 14 3450 15 3492 14 3592 15 3806 14 3906 15 3940 14 4040 15 4078 14 4178 15 4235 14 4335 15 4385 14 4485 15 4527 14 4627 15 4676 14 4776 15 4830 14 4930 15 4960 14 5060 15 5106 14 5206 15 5278 14 5378 15 5436 14 5536 15 5593 14 5693 15 5738 14 5838 15 5896 14 5996 15 6091 14 6191 22 6591 2 7591
1775019658 90 5 2 2 1000 100 0 0 1.00 1.00 0 86 51 2 1 0 0 0 0 0 0 255 9 0 0 20 250 3 256 1 300 16 550 9 994 13 1494 22 4494 2 5494
1775020197 91 5 2 1 1000 100 0 0 1.00 -1.00 0 87 52 2 1 0 0 0 0 0 0 255 65 0 0 23 250 24 375 20 425 3 431 4 475 1 575 16 825 6 931 7 1031 14 1781 15 1901 14 2001 15 2035 14 2135 15 2177 14 2277 15 2311 14 2411 15 2437 14 2537 15 2575 14 2675 15 2721 14 2821 15 2855 14 2955 15 3005 14 3105 15 3135 14 3235 15 3285 14 3385 15 3427 14 3527 15 3572 14 3672 15 3733 14 3833 15 3864 14 3964 15 4002 14 4102 15 4140 14 4240 15 4285 14 4385 15 4412 14 4512 15 4565 14 4665 15 4703 14 4803 15 4968 14 5068 15 5129 14 5229 15 5309 14 5409 15 5485 14 5585 15 5692 14 5792 22 6192 2 7192
1775020206 92 5 2 1 1000 100 0 0 1.00 1.00 0 88 52 2 1 0 0 0 0 0 0 255 80 0 0 25 43 0 58 20 308 3 314 1 358 16 608 6 684 7 784 14 1534 15 1639 14 1739 15 1769 14 1869 15 1918 14 2018 15 2041 14 2141 15 2179 14 2279 15 2317 14 2417 15 2448 14 2548 15 2578 14 2678 15 2701 14 2801 15 2846 14 2946 15 2984 14 3084 15 3122 14 3222 15 3260 14 3360 15 3406 14 3506 15 3556 14 3656 15 3713 14 3813 15 3843 14 3943 15 4146 14 4246 15 4292 14 4392 15 4415 14 4515 15 4537 14 4637 15 4679 14 4779 15 4955 14 5055 15 5101 14 5201 15 5220 14 5320 15 5358 14 5458 15 5519 14 5619 15 5691 14 5791 15 5856 14 5956 15 6040 14 6140 15 6209 14 6309 15 6362 14 6462 15 6519 14 6619 15 6680 14 6780 22 7180 2 8180
1775020231 93 5 2 4 1000 100 0 0 1.00 -1.00 0 89 52 2 1 0 0 0 0 0 0 255 4 0 0 25 40 22 5040 2 6040
1775020241 94 5 2 4 1000 100 0 0 1.00 -1.00 0 90 51 2 1 0 0 0 0 0 0 255 8 0 0 25 32 0 101 25 151 0 202 25 262 22 5262 2 6262
1775020247 95 5 2 1 1000 100 0 0 1.00 1.00 0 91 52 2 1 0 0 0 0 0 0 255 36 0 0 25 105 0 128 20 378 3 384 1 428 16 678 6 767 7 867 14 1617 15 1680 14 1780 15 1803 14 1903 15 1937 14 2037 15 2071 14 2171 15 2229 14 2329 15 2371 14 2471 15 2512 14 2612 15 2647 14 2747 15 2819 14 2919 15 2946 14 3046 15 3099 14 3199 15 3260 14 3360 22 3760 2 4760
1775020257 96 5 1 1 1000 100 0 0 -1.00 1.00 0 92 52 2 1 0 0 0 0 0 0 255 68 0 0 25 178 0 603 20 853 3 859 1 903 16 1153 6 1295 7 1395 14 2145 15 2230 14 2330 15 2484 14 2584 15 2629 14 2729 15 2975 14 3075 15 3120 14 3220 15 3262 14 3362 15 3408 14 3508 15 3546 14 3646 15 3692 14 3792 15 3845 14 3945 15 3983 14 4083 15 4117 14 4217 15 4267 14 4367 15 4443 14 4543 15 4589 14 4689 15 4750 14 4850 15 4900 14 5000 15 5045 14 5145 15 5206 14 5306 15 5348 14 5448 15 5513 14 5613 15 5670 14 5770 15 5805 14 5905 15 5954 14 6054 15 6123 14 6223 15 6269 14 6369 15 6433 14 6533 15 6598 14 6698 22 7098 2 8098
1775020273 97 5 1 1 1000 100 0 0 -1.00 1.00 0 93 53 2 1 0 0 0 0 0 0 255 54 0 0 20 250 3 256 1 300 16 550 6 888 7 988 14 1738 15 1793 14 1893 15 1931 14 2031 15 2080 14 2180 15 2218 14 2318 15 2379 14 2479 15 2525 14 2625 15 2682 14 2782 15 2832 14 2932 15 2974 14 3074 15 3120 14 3220 15 3261 14 3361 15 3403 14 3503 15 3568 14 3668 15 3702 14 3802 15 3856 14 3956 15 4005 14 4105 15 4163 14 4263 15 4308 14 4408 15 4485 14 4585 15 4634 14 4734 15 4799 14 4899 15 4995 14 5095 22 5495 2 6495
1775020847 98 5 1 1 1000 100 0 0 -1.00 1.00 0 94 53 2 1 0 0 0 0 0 0 255 31 0 0 23 250 24 369 20 419 3 425 4 469 1 569 16 819 6 1239 7 1339 14 2089 15 2106 14 2206 15 2228 14 2328 15 2366 14 2466 15 2512 14 2612 15 2681 14 2781 15 2819 14 2919 15 2957 14 3057 15 3106 14 3206 15 3494 14 3594 22 3994 2 4994
1775020855 99 5 1 1 1000 100 0 0 -1.00 -1.00 0 95 54 2 1 0 0 0 0 0 0 255 32 0 0 20 250 3 256 1 300 16 550 6 606 7 706 14 1456 15 1557 14 1657 22 2057 12 2347 22 2447 12 2477 22 2577 12 2600 22 2700 12 2742 22 2842 12 2880 22 2980 12 3048 22 3148 12 3255 22 3355 12 3911 22 4011 12 4026 22 4126 12 4199 22 4299 2 5299
1775020870 100 5 1 1 1000 100 0 0 -1.00 -1.00 0 96 54 2 1 0 0 0 0 0 0 255 48 0 0 20 250 3 256 1 300 16 550 6 748 7 848 14 1598 15 1860 14 1960 15 2002 14 2102 15 2144 14 2244 15 2294 14 2394 15 2428 14 2528 15 2570 14 2670 15 2712 14 2812 15 2969 14 3069 15 3099 14 3199 15 3260 14 3360 15 3398 14 3498 15 3548 14 3648 15 3693 14 3793 15 3855 14 3955 15 4000 14 4100 15 4169 14 4269 15 4296 14 4396 15 4437 14 4537 15 4610 14 4710 22 5110 2 6110
1775020877 101 5 1 1 1000 100 0 0 -1.00 -1.00 0 97 55 2 1 0 0 0 0 0 0 255 40 0 0 20 250 3 256 1 300 16 550 6 710 7 810 14 1560 15 1710 14 1810 15 1848 14 1948 15 1994 14 2094 15 2155 14 2255 15 2312 14 2412 15 2454 14 2554 15 2634 14 2734 15 2788 14 2888 15 2964 14 3064 15 3095 14 3195 15 3259 14 3359 15 3413 14 3513 15 3570 14 3670 15 3750 14 3850 15 3926 14 4026 22 4426 2 5426
1775020888 102 5 2 1 1000 100 0 0 1.00 1.00 0 98 55 2 1 0 0 0 0 0 0 255 58 0 0 20 250 3 256 1 300 16 550 6 855 7 955 14 1705 15 1711 14 1811 15 1868 14 1968 15 2033 14 2133 15 2182 14 2282 15 2343 14 2443 15 2634 14 2734 15 2742 14 2842 15 2865 14 2965 15 2991 14 3091 15 3137 14 3237 15 3275 14 3375 15 3417 14 3517 15 3562 14 3662 15 3704 14 3804 15 3858 14 3958 15 4011 14 4111 15 4176 14 4276 15 4310 14 4410 15 4448 14 4548 15 4590 14 4690 15 4732 14 4832 15 4885 14 4985 15 5042 14 5142 15 5203 14 5303 22 5703 2 6703
1775026160 103 5 2 1 1000 100 0 0 1.00 -1.00 0 99 56 2 1 0 0 0 0 0 0 255 63 0 0 23 250 24 403 20 453 3 459 4 503 1 603 16 853 6 1097 7 1197 14 1947 15 2052 14 2152 15 2178 14 2278 15 2316 14 2416 15 2458 14 2558 15 2600 14 2700 15 2750 14 2850 15 2888 14 2988 15 3030 14 3130 15 3179 14 3279 15 3340 14 3440 15 3478 14 3578 15 3616 14 3716 15 3750 14 3850 15 3889 14 3989 15 4004 14 4104 15 4287 14 4387 15 4418 14 4518 15 4563 14 4663 15 4713 14 4813 15 4839 14 4939 15 4974 14 5074 15 5108 14 5208 15 5288 14 5388 15 5445 14 5545 15 5591 14 5691 22 6091 2 7091
1775026172 104 5 2 1 1000 100 0 0 1.00 1.00 0 100 56 2 1 0 0 0 0 0 0 255 60 0 0 20 250 3 256 1 300 16 550 6 755 7 855 14 1605 15 1725 14 1825 15 1856 14 1956 15 1994 14 2094 15 2097 14 2197 15 2232 14 2332 15 2366 14 2466 15 2500 14 2600 15 2646 14 2746 15 2776 14 2876 15 2914 14 3014 15 3056 14 3156 15 3187 14 3287 15 3432 14 3532 15 3555 14 3655 15 3681 14 3781 15 3835 14 3935 15 3984 14 4084 15 4168 14 4268 15 4322 14 4422 15 4494 14 4594 15 4659 14 4759 15 4763 14 4863 15 4882 14 4982 15 5023 14 5123 15 5188 14 5288 22 5688 2 6688
1775026180 105 5 1 1 1000 100 0 0 -1.00 1.00 0 101 57 2 1 0 0 0 0 0 0 255 52 0 0 20 250 3 256 1 300 16 550 6 725 7 825 14 1575 15 1611 14 1711 15 1807 14 1907 15 1918 14 2018 15 2044 14 2144 15 2179 14 2279 15 2309 14 2409 15 2439 14 2539 15 2554 14 2654 15 2685 14 2785 15 2819 14 2919 15 2953 14 3053 15 3084 14 3184 15 3214 14 3314 15 3363 14 3463 15 3502 14 3602 15 3640 14 3740 15 3778 14 3878 15 3916 14 4016 15 4058 14 4158 15 4230 14 4330 15 4395 14 4495 22 4895 2 5895
1775026191 106 5 1 1 1000 100 0 0 -1.00 1.00 0 102 57 2 1 0 0 0 0 0 0 255 32 0 0 20 250 3 256 1 300 16 550 6 753 7 853 14 1603 15 1642 14 1742 15 1765 14 1865 15 1926 14 2026 15 2056 14 2156 15 2194 14 2294 15 2348 14 2448 15 2490 14 2590 15 2647 14 2747 15 2804 14 2904 15 2965 14 3065 15 3157 14 3257 22 3657 2 4657
1775026199 107 5 2 2 1000 100 0 0 1.00 -1.00 0 103 57 2 1 0 0 0 0 0 0 255 9 0 0 20 250 3 256 1 300 16 550 9 723 13 1223 22 4223 2 5223
1775026897 108 5 1 2 1000 100 0 0 -1.00 1.00 0 104 56 2 1 0 0 0 0 0 0 255 20 0 0 23 250 24 2250 20 2300 3 2306 4 2350 1 2450 16 2700 9 2729 13 3229 22 6229 12 6238 22 6338 12 6392 22 6492 12 6549 22 6649 12 6722 22 6822 2 7822
1775026906 109 5 1 1 1000 100 0 0 -1.00 -1.00 0 105 57 2 1 0 0 0 0 0 0 255 71 0 0 20 250 3 256 4 300 1 400 16 650 6 877 7 977 14 1727 15 1767 14 1867 15 1908 14 2008 15 2062 14 2162 15 2219 14 2319 15 2373 14 2473 15 2526 14 2626 15 2672 14 2772 15 2840 14 2940 15 3021 14 3121 15 3166 14 3266 15 3316 14 3416 15 3469 14 3569 15 3646 14 3746 15 3795 14 3895 15 3949 14 4049 15 4114 14 4214 15 4278 14 4378 15 4539 14 4639 15 4685 14 4785 15 4846 14 4946 15 4988 14 5088 15 5134 14 5234 15 5291 14 5391 15 5448 14 5548 15 5609 14 5709 15 5770 14 5870 15 5924 14 6024 15 6092 14 6192 15 6253 14 6353 15 6438 14 6538 22 6938 2 7938
1775026914 110 5 2 1 1000 100 0 0 1.00 1.00 0 106 57 2 1 0 0 0 0 0 0 255 68 0 0 20 250 3 256 1 300 16 550 6 734 7 834 14 1584 15 1600 14 1700 15 1735 14 1835 15 1888 14 1988 15 2026 14 2126 15 2187 14 2287 15 2348 14 2448 15 2498 14 2598 15 2651 14 2751 15 2793 14 2893 15 2905 14 3005 15 3062 14 3162 15 3231 14 3331 15 3376 14 3476 15 3522 14 3622 15 3679 14 3779 15 3829 14 3929 15 3971 14 4071 15 4090 14 4190 15 4228 14 4328 15 4358 14 4458 15 4539 14 4639 15 4692 14 4792 15 4861 14 4961 15 5014 14 5114 15 5206 14 5306 15 5406 14 5506 15 5594 14 5694 15 5778 14 5878 15 5939 14 6039 22 6439 2 7439
1775026917 111 5 1 1 1000 100 0 0 -1.00 1.00 0 107 57 2 1 0 0 0 0 0 0 255 10 0 0 20 250 3 256 1 300 16 550 6 924 7 1024 14 1774 22 2174 2 3174
1775026923 112 5 1 1 1000 100 0 0 -1.00 -1.00 0 108 58 2 1 0 0 0 0 0 0 255 10 0 0 20 250 3 256 1 300 16 550 6 801 7 901 14 1651 22 2051 2 3051
1775026929 113 5 1 1 1000 100 0 0 -1.00 1.00 0 109 58 2 1 0 0 0 0 0 0 255 10 0 0 20 250 3 256 1 300 16 550 6 889 7 989 14 1739 22 2139 2 3139
1775026939 114 5 2 1 1000 100 0 0 1.00 1.00 0 110 59 2 1 0 0 0 0 0 0 255 48 0 0 25 135 0 153 20 403 3 409 1 453 16 703 6 1121 7 1221 14 1971 15 2107 14 2207 15 2257 14 2357 15 2422 14 2522 15 2567 14 2667 15 2721 14 2821 15 2878 14 2978 15 3032 14 3132 15 3177 14 3277 15 3331 14 3431 15 3523 14 3623 15 3688 14 3788 15 3883 14 3983 15 4056 14 4156 15 4221 14 4321 15 4386 14 4486 15 4547 14 4647 15 4739 14 4839 15 4908 14 5008 22 5408 2 6408
1775026945 115 5 2 2 1000 100 0 0 1.00 -1.00 0 111 58 2 1 0 0 0 0 0 0 255 9 0 0 20 250 3 256 1 300 16 550 9 801 13 1301 22 4301 2 5301
1775027113 116 5 2 1 1000 100 0 0 1.00 1.00 0 112 59 2 1 0 0 0 0 0 0 255 13 0 0 23 250 24 2250 20 2300 3 2306 4 2350 1 2450 16 2700 6 2806 7 2906 14 3656 22 4056 2 5056
1775029381 117 5 2 0 1000 100 0 0 1.00 1.00 0 112 59 2 1 0 0 0 0 0 0 255 11 0 0 23 250 24 2250 20 2300 3 2306 4 2350 1 2450 16 2700 5 3700 8 8700 2 8710
1775029614 118 5 2 0 1000 100 0 0 1.00 1.00 0 112 59 2 1 0 0 0 0 0 0 255 11 0 0 23 250 24 2250 20 2300 3 2306 4 2350 1 2450 16 2700 5 3700 8 8700 2 8710
1775029813 119 5 2 1 1000 100 0 0 1.00 1.00 0 113 59 2 1 0 0 0 0 0 0 255 59 0 0 23 250 24 2250 20 2300 3 2306 4 2350 1 2450 16 2700 6 2959 7 3059 14 3809 15 3837 14 3937 15 3971 14 4071 15 4113 14 4213 15 4259 14 4359 15 4409 14 4509 15 4573 14 4673 15 4715 14 4815 15 4865 14 4965 15 4988 14 5088 15 5126 14 5226 15 5279 14 5379 15 5429 14 5529 15 5586 14 5686 15 5739 14 5839 15 5885 14 5985 15 5992 14 6092 15 6138 14 6238 15 6291 14 6391 15 6406 14 6506 15 6556 14 6656 15 6725 14 6825 15 6889 14 6989 15 7070 14 7170 22 7570 2 8570
1775029823 120 5 1 1 1000 100 0 0 -1.00 1.00 0 114 59 2 1 0 0 0 0 0 0 255 36 0 0 20 250 3 256 1 300 16 550 6 1054 7 1154 14 1904 15 2040 14 2140 15 2178 14 2278 15 2332 14 2432 15 2481 14 2581 15 2631 14 2731 15 2799 14 2899 15 2949 14 3049 15 3095 14 3195 15 3221 14 3321 15 3379 14 3479 15 3555 14 3655 15 3720 14 3820 15 3908 14 4008 22 4408 2 5408
1775030210 121 5 2 1 1000 100 0 0 1.00 -1.00 0 115 60 2 1 0 0 0 0 0 0 255 45 0 0 23 250 24 381 20 431 3 437 4 481 1 581 16 831 6 895 7 995 14 1745 15 1765 14 1865 15 1911 14 2011 15 2030 14 2130 15 2153 14 2253 15 2279 14 2379 15 2421 14 2521 15 2555 14 2655 15 2705 14 2805 15 2839 14 2939 15 2974 14 3074 15 3096 14 3196 15 3219 14 3319 15 3365 14 3465 15 3480 14 3580 15 3614 14 3714 15 3764 14 3864 22 4264 2 5264
1775030255 122 5 2 1 1000 100 0 0 1.00 1.00 0 116 60 2 1 0 0 0 0 0 0 255 21 0 0 23 250 24 372 20 422 3 428 4 472 1 572 16 822 6 1116 7 1216 14 1966 15 2055 14 2155 15 2224 14 2324 15 2393 14 2493 22 2893 12 2899 22 2999 2 3999
1775030319 123 5 2 1 1000 100 0 0 1.00 -1.00 0 117 60 2 1 0 0 0 0 0 0 255 68 0 0 23 250 24 389 20 439 3 445 4 489 1 589 16 839 5 1839 6 1854 7 1954 14 2704 15 2748 14 2848 15 2878 14 2978 15 3013 14 3113 15 3166 14 3266 15 3297 14 3397 15 3442 14 3542 15 3592 14 3692 15 3722 14 3822 15 3845 14 3945 15 3987 14 4087 15 4137 14 4237 15 4290 14 4390 15 4444 14 4544 15 4601 14 4701 15 4739 14 4839 15 4873 14 4973 15 5030 14 5130 15 5169 14 5269 15 5299 14 5399 15 5464 14 5564 15 5614 14 5714 15 5782 14 5882 15 5959 14 6059 15 6097 14 6197 15 6250 14 6350 15 6415 14 6515 15 6569 14 6669 22 7069 2 8069
1775030328 124 5 2 4 1000 100 0 0 1.00 -1.00 0 118 60 2 1 0 0 0 0 0 0 255 6 0 0 25 63 0 340 25 409 22 5409 2 6409
1775030370 125 5 1 1 1000 100 0 0 -1.00 -1.00 0 119 60 2 1 0 0 0 0 0 0 255 39 0 0 23 250 24 391 20 441 3 447 4 491 1 591 16 841 6 1208 7 1308 14 2058 15 2201 14 2301 15 2332 14 2432 15 2466 14 2566 15 2635 14 2735 15 2807 14 2907 15 2965 14 3065 15 3122 14 3222 15 3264 14 3364 15 3421 14 3521 15 3613 14 3713 15 3778 14 3878 15 3947 14 4047 15 4112 14 4212 22 4612 2 5612
1775030378 126 5 1 1 1000 100 0 0 -1.00 -1.00 0 120 61 2 1 0 0 0 0 0 0 255 38 0 0 20 250 3 256 1 300 16 550 6 731 7 831 14 1581 15 1583 14 1683 15 1725 14 1825 15 1882 14 1982 15 2043 14 2143 15 2181 14 2281 15 2323 14 2423 15 2461 14 2561 15 2615 14 2715 15 2768 14 2868 15 2941 14 3041 15 3125 14 3225 15 3309 14 3409 15 3466 14 3566 15 3658 14 3758 22 4158 2 5158
1775030384 127 5 2 2 1000 100 0 0 1.00 1.00 0 121 60 2 1 0 0 0 0 0 0 255 9 0 0 20 250 3 256 1 300 16 550 9 1114 13 1614 22 4614 2 5614
1775036046 128 5 2 1 1000 100 0 0 1.00 -1.00 0 122 60 2 1 0 0 0 0 0 0 255 49 0 0 23 250 24 420 20 470 3 476 4 520 1 570 16 820 6 853 7 903 14 1653 15 1701 14 1801 15 1820 14 1920 15 1965 14 2065 15 2099 14 2199 15 2234 14 2334 15 2376 14 2476 15 2514 14 2614 15 2636 14 2736 15 2782 14 2882 15 2943 14 3043 15 3081 14 3181 15 3219 14 3319 15 3354 14 3454 15 3492 14 3592 15 3795 14 3895 15 3929 14 4029 15 4067 14 4167 15 4228 14 4328 22 4728 2 5728
1775036052 129 5 2 1 1000 100 0 0 1.00 -1.00 0 123 61 2 1 0 0 0 0 0 0 255 38 0 0 25 10 0 45 20 295 3 301 1 345 16 595 6 637 7 687 14 1437 15 1630 14 1730 15 1776 14 1876 15 1914 14 2014 15 2048 14 2148 15 2217 14 2317 15 2355 14 2455 15 2627 14 2727 15 2754 14 2854 15 2896 14 2996 15 3153 14 3253 15 3291 14 3391 15 3705 14 3805 15 3878 14 3978 22 4378 2 5378
1775036058 130 5 2 1 1000 100 0 0 1.00 1.00 0 124 61 2 1 0 0 0 0 0 0 255 44 0 0 20 250 3 256 1 300 16 550 6 753 7 803 14 1553 15 1566 14 1666 15 1696 14 1796 15 1811 14 1911 15 2133 14 2233 15 2268 14 2368 15 2410 14 2510 15 2701 14 2801 15 2851 14 2951 15 3000 14 3100 15 3146 14 3246 15 3410 14 3510 15 3549 14 3649 15 3706 14 3806 15 3844 14 3944 15 4001 14 4101 15 4166 14 4266 15 4346 14 4446 22 4846 2 5846
1775036514 131 5 1 2 1000 100 0 0 -1.00 -1.00 0 125 61 2 1 0 0 0 0 0 0 255 12 0 0 23 250 24 391 20 441 3 447 4 491 1 541 16 791 9 809 13 1309 22 4309 2 5309
1775036521 132 5 2 1 1000 100 0 0 1.00 -1.00 0 126 61 2 1 0 0 0 0 0 0 255 59 0 0 20 250 3 256 4 300 1 350 16 600 6 776 7 826 14 1576 15 1615 14 1715 15 1746 14 1846 15 1880 14 1980 15 2010 14 2110 15 2149 14 2249 15 2290 14 2390 15 2432 14 2532 15 2570 14 2670 15 2777 14 2877 15 2950 14 3050 15 3084 14 3184 15 3199 14 3299 15 3376 14 3476 15 3537 14 3637 15 3694 14 3794 15 3859 14 3959 15 4020 14 4120 15 4166 14 4266 15 4304 14 4404 15 4446 14 4546 15 4592 14 4692 15 4749 14 4849 15 4921 14 5021 15 5117 14 5217 22 5617 2 6617
1775036532 133 5 1 1 1000 100 0 0 -1.00 -1.00 0 127 61 2 1 0 0 0 0 0 0 255 58 0 0 20 250 3 256 1 300 16 550 6 643 7 693 14 1443 15 1479 14 1579 15 1613 14 1713 15 1740 14 1840 15 1878 14 1978 15 1993 14 2093 15 2116 14 2216 15 2261 14 2361 15 2419 14 2519 15 2561 14 2661 15 2687 14 2787 15 2821 14 2921 15 2975 14 3075 15 3136 14 3236 15 3270 14 3370 15 3412 14 3512 15 3554 14 3654 15 3845 14 3945 15 3980 14 4080 15 4144 14 4244 15 4325 14 4425 15 4513 14 4613 15 4655 14 4755 15 4800 14 4900 22 5300 12 5625 22 5725 2 6725
1775036538 134 5 2 2 1000 100 0 0 1.00 1.00 0 128 61 2 1 0 0 0 0 0 0 255 9 0 0 20 250 3 256 1 300 16 550 9 1001 13 1501 22 4501 2 5501
1775036562 135 5 1 1 1000 100 0 0 -1.00 1.00 0 129 61 2 1 0 0 0 0 0 0 255 22 0 0 25 92 0 764 25 796 0 1292 20 1542 3 1548 1 1592 16 1842 6 2071 7 2121 14 2871 15 2972 14 3072 15 3129 14 3229 15 3294 14 3394 15 3455 14 3555 22 3955 2 4955
1775036570 136 5 1 1 1000 100 0 0 -1.00 -1.00 0 130 61 2 1 0 0 0 0 0 0 255 52 0 0 20 250 3 256 1 300 16 550 6 688 7 738 14 1488 15 1551 14 1651 15 1686 14 1786 15 1820 14 1920 15 1977 14 2077 15 2104 14 2204 15 2265 14 2365 15 2410 14 2510 15 2568 14 2668 15 2698 14 2798 15 2828 14 2928 15 2974 14 3074 15 3116 14 3216 15 3246 14 3346 15 3404 14 3504 15 3561 14 3661 15 3699 14 3799 15 3856 14 3956 15 4025 14 4125 15 4186 14 4286 15 4336 14 4436 15 4497 14 4597 22 4997 2 5997
1775036577 137 5 1 1 1000 100 0 0 -1.00 1.00 0 131 62 2 1 0 0 0 0 0 0 255 46 0 0 20 250 3 256 1 300 16 550 6 756 7 806 14 1556 15 1596 14 1696 15 1746 14 1846 15 1900 14 2000 15 2053 14 2153 15 2199 14 2299 15 2333 14 2433 15 2517 14 2617 15 2686 14 2786 15 2828 14 2928 15 2978 14 3078 15 3119 14 3219 15 3300 14 3400 15 3453 14 3553 15 3614 14 3714 15 3795 14 3895 15 3952 14 4052 15 4121 14 4221 15 4320 14 4420 22 4820 2 5820
1775039999 138 5 2 1 1000 100 0 0 1.00 -1.00 0 132 62 2 1 0 0 0 0 0 0 255 55 0 0 23 250 24 378 20 428 3 434 4 478 1 528 16 778 6 884 7 934 14 1684 15 1770 14 1870 15 1919 14 2019 15 2050 14 2150 15 2191 14 2291 15 2326 14 2426 15 2471 14 2571 15 2629 14 2729 15 2770 14 2870 15 2912 14 3012 15 3054 14 3154 15 3177 14 3277 15 3338 14 3438 15 3510 14 3610 15 3645 14 3745 15 3775 14 3875 15 4093 14 4193 15 4254 14 4354 15 4423 14 4523 15 4534 14 4634 15 4730 14 4830 15 4940 14 5040 22 5440 2 6440
1775040008 139 5 1 2 1000 100 0 0 -1.00 -1.00 0 133 62 2 1 0 0 0 0 0 0 255 11 0 0 25 218 0 1791 20 2041 3 2047 1 2091 16 2341 9 2635 13 3135 22 6135 2 7135
1775040014 140 5 2 2 1000 100 0 0 1.00 -1.00 0 134 61 2 1 0 0 0 0 0 0 255 9 0 0 20 250 3 256 1 300 16 550 9 671 13 1171 22 4171 2 5171
1775040578 141 5 2 1 1000 100 0 0 1.00 -1.00 0 135 61 2 1 0 0 0 0 0 0 255 89 0 0 23 250 24 367 20 417 3 423 4 467 1 517 16 767 6 781 7 831 14 1581 15 1690 14 1790 15 1832 14 1932 15 1954 14 2054 15 2089 14 2189 15 2219 14 2319 15 2346 14 2446 15 2480 14 2580 15 2606 14 2706 15 2725 14 2825 15 2856 14 2956 15 2994 14 3094 15 3128 14 3228 15 3258 14 3358 15 3408 14 3508 15 3538 14 3638 15 3676 14 3776 15 3810 14 3910 15 3948 14 4048 15 4064 14 4164 15 4217 14 4317 15 4355 14 4455 15 4485 14 4585 15 4604 14 4704 15 4773 14 4873 15 4980 14 5080 15 5168 14 5268 15 5344 14 5444 15 5459 14 5559 15 5578 14 5678 15 5709 14 5809 15 5854 14 5954 15 6015 14 6115 15 6150 14 6250 15 6276 14 6376 15 6418 14 6518 15 6571 14 6671 15 6725 14 6825 15 6894 14 6994 22 7394 2 8394
1775040584 142 5 2 1 1000 100 0 0 1.00 1.00 0 136 62 2 1 0 0 0 0 0 0 255 38 0 0 20 250 3 256 1 300 16 550 6 823 7 873 14 1623 15 1717 14 1817 15 1824 14 1924 15 2077 14 2177 15 2208 14 2308 15 2323 14 2423 15 2434 14 2534 15 2702 14 2802 15 2848 14 2948 15 2971 14 3071 15 3101 14 3201 15 3255 14 3355 15 3408 14 3508 15 3538 14 3638 15 3719 14 3819 22 4219 2 5219
1775040590 143 5 2 2 1000 100 0 0 1.00 -1.00 0 137 61 2 1 0 0 0 0 0 0 255 11 0 0 25 62 0 84 20 334 3 340 1 384 16 634 9 723 13 1223 22 4223 2 5223
1775040595 144 5 2 1 1000 100 0 0 1.00 1.00 0 138 61 2 1 0 0 0 0 0 0 255 36 0 0 20 250 3 256 1 300 16 550 6 835 7 885 14 1635 15 1644 14 1744 15 1760 14 1860 15 1890 14 1990 15 1997 14 2097 15 2124 14 2224 15 2250 14 2350 15 2377 14 2477 15 2527 14 2627 15 2680 14 2780 15 2810 14 2910 15 2960 14 3060 15 3117 14 3217 15 3274 14 3374 22 3774 2 4774
1775040843 145 5 1 2 1000 100 0 0 -1.00 1.00 0 139 61 2 1 0 0 0 0 0 0 255 42 0 0 23 250 24 393 20 443 3 449 4 493 1 543 16 793 9 799 13 1299 22 4299 12 4415 22 4515 12 4542 22 4642 12 4676 22 4776 12 4803 22 4903 12 4941 22 5041 12 5098 22 5198 12 5240 22 5340 12 5374 22 5474 12 5527 22 5627 12 5635 22 5735 12 5807 22 5907 12 5949 22 6049 12 6076 22 6176 12 6198 22 6298 12 6317 22 6417 2 7417
1775040850 146 5 1 2 1000 100 0 0 -1.00 1.00 0 140 60 2 1 0 0 0 0 0 0 255 10 0 0 20 250 3 256 4 300 1 350 16 600 9 685 13 1185 22 4185 2 5185
1775040855 147 5 2 1 1000 100 0 0 1.00 -1.00 0 141 61 2 1 0 0 0 0 0 0 255 11 0 0 20 250 3 256 4 300 1 350 16 600 6 789 7 839 14 1589 22 1989 2 2989
1775040868 148 5 2 2 1000 100 0 0 1.00 -1.00 0 142 60 2 1 0 0 0 0 0 0 255 9 0 0 20 250 3 256 1 300 16 550 9 994 13 1494 22 4494 2 5494
1775040875 149 5 1 1 1000 100 0 0 -1.00 -1.00 0 143 61 2 1 0 0 0 0 0 0 255 56 0 0 20 250 3 256 1 300 16 550 6 662 7 712 14 1462 15 1491 14 1591 15 1617 14 1717 15 1744 14 1844 15 1890 14 1990 15 2200 14 2300 15 2338 14 2438 15 2453 14 2553 15 2580 14 2680 15 2741 14 2841 15 2887 14 2987 15 3033 14 3133 15 3190 14 3290 15 3351 14 3451 15 3500 14 3600 15 3635 14 3735 15 3819 14 3919 15 3965 14 4065 15 4080 14 4180 15 4198 14 4298 15 4352 14 4452 15 4501 14 4601 15 4666 14 4766 15 4847 14 4947 22 5347 2 6347
1775040883 150 5 1 1 1000 100 0 0 -1.00 1.00 0 144 61 2 1 0 0 0 0 0 0 255 54 0 0 20 250 3 256 1 300 16 550 6 913 7 963 14 1713 15 1783 14 1883 15 1906 14 2006 15 2082 14 2182 15 2224 14 2324 15 2366 14 2466 15 2489 14 2589 15 2635 14 2735 15 2780 14 2880 15 2945 14 3045 15 3080 14 3180 15 3218 14 3318 15 3379 14 3479 15 3547 14 3647 15 3693 14 3793 15 3847 14 3947 15 4008 14 4108 15 4161 14 4261 15 4330 14 4430 15 4491 14 4591 15 4663 14 4763 15 4832 14 4932 15 4997 14 5097 22 5497 2 6497
1775040889 151 5 2 1 1000 100 0 0 1.00 1.00 0 145 61 2 1 0 0 0 0 0 0 255 44 0 0 20 250 3 256 1 300 16 550 6 773 7 823 14 1573 15 1613 14 1713 15 1747 14 1847 15 1885 14 1985 15 2020 14 2120 15 2142 14 2242 15 2307 14 2407 15 2434 14 2534 15 2572 14 2672 15 2702 14 2802 15 2863 14 2963 15 2994 14 3094 15 3232 14 3332 15 3393 14 3493 15 3573 14 3673 15 3722 14 3822 15 3884 14 3984 15 4064 14 4164 22 4564 2 5564
1775040898 152 5 2 1 1000 100 0 0 1.00 1.00 0 146 62 2 1 0 0 0 0 0 0 255 68 0 0 20 250 3 256 1 300 16 550 6 797 7 847 14 1597 15 1617 14 1717 15 1782 14 1882 15 1913 14 2013 15 2043 14 2143 15 2200 14 2300 15 2484 14 2584 15 2968 14 3068 15 3086 14 3186 15 3217 14 3317 15 3355 14 3455 15 3489 14 3589 15 3635 14 3735 15 3796 14 3896 15 3957 14 4057 15 4130 14 4230 15 4287 14 4387 15 4452 14 4552 15 4636 14 4736 15 4870 14 4970 15 4993 14 5093 15 5138 14 5238 15 5284 14 5384 15 5579 14 5679 15 5733 14 5833 15 5898 14 5998 15 6093 14 6193 15 6220 14 6320 15 6400 14 6500 15 6588 14 6688 22 7088 2 8088
1775040905 153 5 2 1 1000 100 0 0 1.00 1.00 0 147 62 2 1 0 0 0 0 0 0 255 56 0 0 20 250 3 256 1 300 16 550 6 781 7 831 14 1581 15 1686 14 1786 15 1832 14 1932 15 1989 14 2089 15 2123 14 2223 15 2326 14 2426 15 2476 14 2576 15 2622 14 2722 15 2779 14 2879 15 2913 14 3013 15 3067 14 3167 15 3335 14 3435 15 3458 14 3558 15 3715 14 3815 15 3888 14 3988 15 4045 14 4145 15 4202 14 4302 15 4348 14 4448 15 4509 14 4609 15 4678 14 4778 15 4843 14 4943 15 5034 14 5134 15 5230 14 5330 15 5426 14 5526 22 5926 2 6926
1775040967 154 5 1 2 1000 100 0 0 -1.00 1.00 0 148 61 2 1 0 0 0 0 0 0 255 12 0 0 23 250 24 382 20 432 3 438 4 482 1 532 16 782 9 807 13 1307 22 4307 2 5307
1775040979 155 5 2 1 1000 100 0 0 1.00 -1.00 0 149 62 2 1 0 0 0 0 0 0 255 127 0 0 20 250 3 256 4 300 1 350 16 600 6 616 7 666 14 1416 15 1490 14 1590 15 1624 14 1724 15 1758 14 1858 15 1900 14 2000 15 2057 14 2157 15 2203 14 2303 15 2372 14 2472 15 2510 14 2610 15 2633 14 2733 15 2786 14 2886 15 2947 14 3047 15 3093 14 3193 15 3242 14 3342 15 3388 14 3488 15 3553 14 3653 15 3695 14 3795 15 3979 14 4079 15 4120 14 4220 15 4262 14 4362 15 4423 14 4523 15 4581 14 4681 15 4730 14 4830 15 5022 14 5122 15 5152 14 5252 15 5301 14 5401 15 5436 14 5536 15 5574 14 5674 15 5719 14 5819 15 5842 14 5942 15 5992 14 6092 15 6145 14 6245 15 6287 14 6387 15 6437 14 6537 15 6594 14 6694 15 6739 14 6839 15 6912 14 7012 15 7065 14 7165 15 7203 14 7303 15 7361 14 7461 15 7629 14 7729 15 7756 14 7856 15 7882 14 7982 15 8020 14 8120 15 8151 14 8251 15 8300 14 8400 15 8434 14 8534 15 8584 14 8684 15 8764 14 8864 15 8925 14 9025 15 9090 14 9190 15 9236 14 9336 15 9374 14 9474 15 9627 14 9727 15 9780 14 9880 15 9934 14 10034 15 10060 14 10160 15 10237 14 10337 15 10475 14 10575 22 10975 2 11975
1775040988 156 5 2 1 1000 100 0 0 1.00 -1.00 0 150 62 2 1 0 0 0 0 0 0 255 62 0 0 20 250 3 256 1 300 16 550 6 812 7 862 14 1612 15 1694 14 1794 15 1832 14 1932 15 1978 14 2078 15 2139 14 2239 15 2296 14 2396 15 2400 14 2500 15 2549 14 2649 15 2699 14 2799 15 2860 14 2960 15 2998 14 3098 15 3167 14 3267 15 3328 14 3428 15 3501 14 3601 15 3658 14 3758 15 3830 14 3930 15 4030 14 4130 15 4187 14 4287 15 4367 14 4467 15 4509 14 4609 15 4685 14 4785 15 4862 14 4962 15 5027 14 5127 15 5437 14 5537 15 5629 14 5729 15 5832 14 5932 15 6008 14 6108 22 6508 2 7508
1775040995 157 5 1 1 1000 100 0 0 -1.00 1.00 0 151 62 2 1 0 0 0 0 0 0 255 36 0 0 20 250 3 256 1 300 16 550 6 728 7 778 14 1528 15 1629 14 1729 15 1794 14 1894 15 1932 14 2032 15 2101 14 2201 15 2254 14 2354 15 2423 14 2523 15 2684 14 2784 15 2887 14 2987 15 3048 14 3148 15 3228 14 3328 15 3393 14 3493 15 3570 14 3670 15 3754 14 3854 22 4254 2 5254
1775041000 158 5 1 1 1000 100 0 0 -1.00 1.00 0 152 62 2 1 0 0 0 0 0 0 255 36 0 0 20 250 3 256 1 300 16 550 6 852 7 902 14 1652 15 1760 14 1860 15 1906 14 2006 15 2079 14 2179 15 2221 14 2321 15 2401 14 2501 15 2735 14 2835 15 2888 14 2988 15 3072 14 3172 15 3245 14 3345 15 3459 14 3559 15 3640 14 3740 15 3831 14 3931 15 4050 14 4150 22 4550 2 5550
1775041007 159 5 2 2 1000 100 0 0 1.00 -1.00 0 153 62 2 1 0 0 0 0 0 0 255 9 0 0 20 250 3 256 1 300 16 550 9 1026 13 1526 22 4526 2 5526
1775041013 160 5 2 1 1000 100 0 0 1.00 -1.00 0 154 62 2 1 0 0 0 0 0 0 255 52 0 0 25 39 0 61 20 311 3 317 1 361 16 611 6 818 7 868 14 1618 15 1692 14 1792 15 1853 14 1953 15 2041 14 2141 15 2252 14 2352 15 2390 14 2490 15 2509 14 2609 15 2643 14 2743 15 2827 14 2927 15 2965 14 3065 15 3103 14 3203 15 3272 14 3372 15 3418 14 3518 15 3598 14 3698 15 3790 14 3890 15 3962 14 4062 15 4143 14 4243 15 4315 14 4415 15 4484 14 4584 15 4610 14 4710 15 4752 14 4852 22 5252 2 6252
1775041023 161 5 2 1 1000 100 0 0 1.00 1.00 0 155 63 2 1 0 0 0 0 0 0 255 82 0 0 20 250 3 256 1 300 16 550 6 715 7 765 14 1515 15 1593 14 1693 15 1735 14 1835 15 1885 14 1985 15 2168 14 2268 15 2295 14 2395 15 2441 14 2541 15 2602 14 2702 15 2767 14 2867 15 2935 14 3035 15 3089 14 3189 15 3235 14 3335 15 3469 14 3569 15 3626 14 3726 15 3837 14 3937 15 4148 14 4248 15 4316 14 4416 15 4466 14 4566 15 4577 14 4677 15 4700 14 4800 15 4850 14 4950 15 5003 14 5103 15 5172 14 5272 15 5363 14 5463 15 5509 14 5609 15 5632 14 5732 15 5801 14 5901 15 5954 14 6054 15 6092 14 6192 15 6234 14 6334 15 6388 14 6488 15 6572 14 6672 15 6737 14 6837 15 6921 14 7021 15 7070 14 7170 15 7262 14 7362 15 7446 14 7546 22 7946 2 8946
1775041029 162 5 2 2 1000 100 0 0 1.00 -1.00 0 156 62 2 1 0 0 0 0 0 0 255 9 0 0 20 250 3 256 1 300 16 550 9 1321 13 1821 22 4821 2 5821
1775041329 163 5 2 1 1000 100 0 0 1.00 1.00 0 157 62 2 1 0 0 0 0 0 0 255 71 0 0 23 250 24 385 20 435 3 441 4 485 1 535 16 785 6 830 7 880 14 1630 15 1662 14 1762 15 1788 14 1888 15 1899 14 1999 15 2026 14 2126 15 2156 14 2256 15 2287 14 2387 15 2425 14 2525 15 2544 14 2644 15 2670 14 2770 15 2808 14 2908 15 2950 14 3050 15 3069 14 3169 15 3211 14 3311 15 3337 14 3437 15 3456 14 3556 15 3583 14 3683 15 3721 14 3821 15 3840 14 3940 15 3970 14 4070 15 4101 14 4201 15 4231 14 4331 15 4384 14 4484 15 4530 14 4630 15 4695 14 4795 15 4844 14 4944 15 4990 14 5090 15 5143 14 5243 15 5324 14 5424 15 5512 14 5612 22 6012 2 7012
1775041335 164 5 1 2 1000 100 0 0 -1.00 -1.00 0 158 62 2 1 0 0 0 0 0 0 255 9 0 0 20 250 3 256 1 300 16 550 9 654 13 1154 22 4154 2 5154
1775041344 165 5 2 1 1000 100 0 0 1.00 1.00 0 159 62 2 1 0 0 0 0 0 0 255 80 0 0 20 250 3 256 1 300 16 550 6 731 7 781 14 1531 15 1582 14 1682 15 1712 14 1812 15 1846 14 1946 15 1981 14 2081 15 2115 14 2215 15 2249 14 2349 15 2383 14 2483 15 2648 14 2748 15 2774 14 2874 15 2909 14 3009 15 3066 14 3166 15 3208 14 3308 15 3361 14 3461 15 3518 14 3618 15 3653 14 3753 15 3775 14 3875 15 3902 14 4002 15 4051 14 4151 15 4189 14 4289 15 4385 14 4485 15 4515 14 4615 15 4630 14 4730 15 4772 14 4872 15 4903 14 5003 15 5056 14 5156 15 5190 14 5290 15 5332 14 5432 15 5478 14 5578 15 5631 14 5731 15 5785 14 5885 15 5969 14 6069 15 6122 14 6222 15 6275 14 6375 15 6471 14 6571 15 6647 14 6747 22 7147 2 8147
1775041369 166 5 1 2 1000 100 0 0 -1.00 1.00 0 160 62 2 1 0 0 0 0 0 0 255 11 0 0 25 92 0 4194 20 4444 3 4450 1 4494 16 4744 9 4779 13 5279 22 8279 2 9279
1775042407 167 5 2 4 1000 100 0 0 1.00 1.00 1 161 61 2 1 0 0 0 0 0 0 255 62 0 0 23 250 24 384 20 434 3 440 4 484 1 534 16 784 7 986 14 1736 15 1749 14 1849 15 1879 14 1979 15 2013 14 2113 15 2147 14 2247 15 2282 14 2382 15 2423 14 2523 15 2569 14 2669 15 2699 14 2799 15 2822 14 2922 15 2972 14 3072 15 3102 14 3202 15 3240 14 3340 15 3386 14 3486 15 3512 14 3612 15 3666 14 3766 15 3815 14 3915 15 3969 14 4069 15 4095 14 4195 15 4225 14 4325 15 4367 14 4467 15 4471 14 4571 15 4597 14 4697 15 4758 14 4858 15 4916 14 5016 15 5077 14 5177 22 5577 2 6577
1775042420 168 5 2 1 1000 100 0 0 1.00 1.00 0 162 62 2 1 0 0 0 0 0 0 255 105 0 0 25 161 0 1815 20 2065 3 2071 4 2115 1 2165 16 2415 6 2681 7 2731 14 3481 15 3551 14 3651 15 3666 14 3766 15 3785 14 3885 15 3908 14 4008 15 4046 14 4146 15 4184 14 4284 15 4314 14 4414 15 4452 14 4552 15 4598 14 4698 15 4709 14 4809 15 4840 14 4940 15 4985 14 5085 15 5112 14 5212 15 5254 14 5354 15 5396 14 5496 15 5518 14 5618 15 5668 14 5768 15 5810 14 5910 15 5955 14 6055 15 6086 14 6186 15 6231 14 6331 15 6366 14 6466 15 6527 14 6627 15 6657 14 6757 15 6864 14 6964 15 6983 14 7083 15 7117 14 7217 15 7236 14 7336 15 7378 14 7478 15 7516 14 7616 15 7654 14 7754 15 7792 14 7892 15 7938 14 8038 15 8099 14 8199 15 8245 14 8345 15 8390 14 8490 15 8551 14 8651 15 8685 14 8785 15 8866 14 8966 15 9042 14 9142 15 9207 14 9307 15 9356 14 9456 15 9537 14 9637 15 9724 14 9824 15 9886 14 9986 15 10073 14 10173 22 10573 2 11573
1775042427 169 5 2 1 1000 100 0 0 1.00 -1.00 0 163 62 2 1 0 0 0 0 0 0 255 52 0 0 20 250 3 256 1 300 16 550 6 755 7 805 14 1555 15 1629 14 1729 15 1756 14 1856 15 1867 14 1967 15 1986 14 2086 15 2147 14 2247 15 2304 14 2404 15 2469 14 2569 15 2622 14 2722 15 2787 14 2887 15 2952 14 3052 15 3117 14 3217 15 3251 14 3351 15 3382 14 3482 15 3493 14 3593 15 3619 14 3719 15 3761 14 3861 15 3880 14 3980 15 4041 14 4141 15 4202 14 4302 15 4379 14 4479 15 4563 14 4663 22 5063 2 6063
1775042432 170 5 2 1 1000 100 0 0 1.00 1.00 0 164 62 2 1 0 0 0 0 0 0 255 36 0 0 20 250 3 256 1 300 16 550 6 801 7 851 14 1601 15 1683 14 1783 15 1814 14 1914 15 1936 14 2036 15 2055 14 2155 15 2186 14 2286 15 2347 14 2447 15 2500 14 2600 15 2661 14 2761 15 2818 14 2918 15 2995 14 3095 15 3152 14 3252 15 3317 14 3417 15 3474 14 3574 22 3974 2 4974
1775042437 171 5 2 1 1000 100 0 0 1.00 -1.00 0 165 62 2 1 0 0 0 0 0 0 255 30 0 0 20 250 3 256 1 300 16 550 6 776 7 826 14 1576 15 1665 14 1765 15 1803 14 1903 15 1965 14 2065 15 2126 14 2226 15 2310 14 2410 15 2459 14 2559 15 2632 14 2732 15 2785 14 2885 15 2950 14 3050 15 3119 14 3219 22 3619 2 4619
1775042445 172 5 1 1 1000 100 0 0 -1.00 -1.00 0 166 63 2 1 0 0 0 0 0 0 255 42 0 0 20 250 3 256 1 300 16 550 6 869 7 919 14 1669 15 1736 14 1836 15 1878 14 1978 15 2031 14 2131 15 2177 14 2277 15 2334 14 2434 15 2476 14 2576 15 2637 14 2737 15 2810 14 2910 15 2974 14 3074 15 3128 14 3228 15 3285 14 3385 15 3442 14 3542 15 3584 14 3684 15 3753 14 3853 15 3891 14 3991 15 4098 14 4198 22 4598 2 5598
1775042451 173 5 1 1 1000 100 0 0 -1.00 1.00 0 167 63 2 1 0 0 0 0 0 0 255 34 0 0 20 250 3 256 1 300 16 550 6 1295 7 1345 14 2095 15 2131 14 2231 15 2272 14 2372 15 2411 14 2511 15 2572 14 2672 15 2717 14 2817 15 2821 14 2921 15 2993 14 3093 15 3208 14 3308 15 3362 14 3462 15 3507 14 3607 15 3630 14 3730 15 3914 14 4014 22 4414 2 5414
1775042458 174 5 2 1 1000 100 0 0 1.00 1.00 0 168 63 2 1 0 0 0 0 0 0 255 56 0 0 20 250 3 256 1 300 16 550 6 1019 7 1069 14 1819 15 1863 14 1963 15 2001 14 2101 15 2143 14 2243 15 2285 14 2385 15 2427 14 2527 15 2591 14 2691 15 2722 14 2822 15 2860 14 2960 15 3036 14 3136 15 3171 14 3271 15 3335 14 3435 15 3500 14 3600 15 3654 14 3754 15 3815 14 3915 15 3957 14 4057 15 4083 14 4183 15 4210 14 4310 15 4344 14 4444 15 4474 14 4574 15 4674 14 4774 15 4869 14 4969 15 5042 14 5142 15 5268 14 5368 22 5768 2 6768
1775042681 175 5 2 1 1000 100 0 0 1.00 -1.00 0 169 63 2 1 0 0 0 0 0 0 255 119 0 0 23 250 24 382 20 432 3 438 4 482 1 532 16 782 6 865 7 915 14 1665 15 1774 14 1874 15 1916 14 2016 15 2061 14 2161 15 2207 14 2307 15 2341 14 2441 15 2491 14 2591 15 2644 14 2744 15 2794 14 2894 15 2947 14 3047 15 3116 14 3216 15 3266 14 3366 15 3415 14 3515 15 3569 14 3669 15 3707 14 3807 15 3872 14 3972 15 4010 14 4110 15 4163 14 4263 15 4320 14 4420 15 4466 14 4566 15 4627 14 4727 15 4769 14 4869 15 4926 14 5026 15 5226 14 5326 15 5364 14 5464 15 5552 14 5652 15 5713 14 5813 15 5897 14 5997 15 6050 14 6150 15 6219 14 6319 15 6391 14 6491 15 6541 14 6641 15 6698 14 6798 15 6882 14 6982 15 7032 14 7132 15 7170 14 7270 15 7316 14 7416 15 7454 14 7554 15 7607 14 7707 15 7757 14 7857 15 7933 14 8033 15 8209 14 8309 15 8336 14 8436 15 8489 14 8589 15 8624 14 8724 15 8758 14 8858 15 8881 14 8981 15 9053 14 9153 15 9226 14 9326 15 9364 14 9464 15 9536 14 9636 15 9716 14 9816 15 9908 14 10008 15 10108 14 10208 22 10608 2 11608
1775042690 176 5 2 4 1000 100 0 0 1.00 -1.00 1 170 63 2 1 0 0 0 0 0 0 255 10 0 0 20 250 3 256 1 300 16 550 5 1550 7 5002 14 5752 22 6152 2 7152
1775042696 177 5 2 1 1000 100 0 0 1.00 1.00 0 171 63 2 1 0 0 0 0 0 0 255 22 0 0 25 80 0 135 20 385 3 391 1 435 16 685 6 933 7 983 14 1733 15 1880 14 1980 15 2045 14 2145 15 2202 14 2302 15 2336 14 2436 15 2547 14 2647 22 3047 2 4047
1775043176 178 5 2 1 1000 100 0 0 1.00 -1.00 0 172 63 2 1 0 0 0 0 0 0 255 109 0 0 23 250 24 384 20 434 3 440 4 484 1 534 16 784 6 817 7 867 14 1617 15 1722 14 1822 15 1864 14 1964 15 2010 14 2110 15 2159 14 2259 15 2313 14 2413 15 2451 14 2551 15 2616 14 2716 15 2792 14 2892 15 2949 14 3049 15 3107 14 3207 15 3283 14 3383 15 3417 14 3517 15 3582 14 3682 15 3743 14 3843 15 3904 14 4004 15 4077 14 4177 15 4249 14 4349 15 4422 14 4522 15 4583 14 4683 15 4740 14 4840 15 4882 14 4982 15 5039 14 5139 15 5200 14 5300 15 5365 14 5465 15 5542 14 5642 15 5699 14 5799 15 5852 14 5952 15 5994 14 6094 15 6144 14 6244 15 6305 14 6405 15 6454 14 6554 15 6611 14 6711 15 6757 14 6857 15 6926 14 7026 15 7068 14 7168 15 7217 14 7317 15 7394 14 7494 15 7543 14 7643 15 7693 14 7793 15 7842 14 7942 15 7988 14 8088 15 8157 14 8257 15 8364 14 8464 15 8544 14 8644 15 8713 14 8813 15 8862 14 8962 15 9016 14 9116 15 9219 14 9319 22 9719 2 10719
1775047046 179 5 1 1 1000 100 0 0 -1.00 -1.00 0 173 64 2 1 0 0 0 0 0 0 255 27 0 0 23 250 24 387 20 437 3 443 4 487 1 537 16 787 6 1265 7 1315 14 2065 15 2100 14 2200 15 2235 14 2335 15 2380 14 2480 15 2518 14 2618 15 2660 14 2760 15 2798 14 2898 15 2936 14 3036 22 3436 2 4436
1775047514 180 5 1 1 1000 100 0 0 -1.00 1.00 0 174 64 2 1 0 0 0 0 0 0 255 31 0 0 23 250 24 380 20 430 3 436 4 480 1 530 16 780 6 1024 7 1074 14 1824 15 1844 14 1944 15 1986 14 2086 15 2135 14 2235 22 2635 12 2837 22 2937 12 2975 22 3075 12 3098 22 3198 12 3266 22 3366 12 3416 22 3516 12 3581 22 3681 2 4681
1775047519 181 5 2 1 1000 100 0 0 1.00 1.00 0 175 64 2 1 0 0 0 0 0 0 255 20 0 0 20 250 3 256 1 300 16 550 6 699 7 749 14 1499 15 1604 14 1704 15 1753 14 1853 15 1880 14 1980 15 2110 14 2210 15 2236 14 2336 22 2736 2 3736
1775047526 182 5 2 0 1000 100 0 0 1.00 1.00 1 175 64 2 1 0 0 0 0 0 0 255 8 0 0 20 250 3 256 1 300 16 550 5 1550 8 6550 2 6560
1775047531 183 5 1 1 1000 100 0 0 -1.00 1.00 0 176 64 2 1 0 0 0 0 0 0 255 34 0 0 20 250 3 256 1 300 16 550 6 728 7 778 14 1528 15 1533 14 1633 15 1663 14 1763 15 1790 14 1890 15 1916 14 2016 15 2046 14 2146 15 2196 14 2296 15 2315 14 2415 15 2445 14 2545 15 2591 14 2691 15 2771 14 2871 15 2917 14 3017 15 3074 14 3174 22 3574 2 4574
1775047539 184 5 1 1 1000 100 0 0 -1.00 -1.00 0 177 65 2 1 0 0 0 0 0 0 255 58 0 0 20 250 3 256 1 300 16 550 6 740 7 790 14 1540 15 1556 14 1656 15 1691 14 1791 15 1829 14 1929 15 1940 14 2040 15 2074 14 2174 15 2208 14 2308 15 2366 14 2466 15 2496 14 2596 15 2630 14 2730 15 2768 14 2868 15 3060 14 3160 15 3186 14 3286 15 3328 14 3428 15 3593 14 3693 15 3758 14 3858 15 3896 14 3996 15 4011 14 4111 15 4172 14 4272 15 4322 14 4422 15 4444 14 4544 15 4724 14 4824 15 4866 14 4966 15 5016 14 5116 15 5196 14 5296 22 5696 2 6696
1775047546 185 5 2 0 1000 100 0 0 1.00 1.00 1 177 65 2 1 0 0 0 0 0 0 255 8 0 0 20 250 3 256 1 300 16 550 5 1550 8 6550 2 6560
1775047555 186 5 1 1 1000 100 0 0 -1.00 -1.00 0 178 65 2 1 0 0 0 0 0 0 255 66 0 0 20 250 3 256 1 300 16 550 6 736 7 786 14 1536 15 1645 14 1745 15 1772 14 1872 15 1887 14 1987 15 2151 14 2251 15 2289 14 2389 15 2408 14 2508 15 2872 14 2972 15 3003 14 3103 15 3141 14 3241 15 3432 14 3532 15 3562 14 3662 15 3700 14 3800 15 3835 14 3935 15 4134 14 4234 15 4291 14 4391 15 4421 14 4521 15 4552 14 4652 15 4678 14 4778 15 4832 14 4932 15 4985 14 5085 15 5135 14 5235 15 5257 14 5357 15 5549 14 5649 15 5687 14 5787 15 5840 14 5940 15 6013 14 6113 15 6201 14 6301 15 6346 14 6446 22 6846 2 7846
1775047591 187 5 1 1 1000 100 0 0 -1.00 1.00 0 179 65 2 1 0 0 0 0 0 0 255 62 0 0 20 250 3 256 1 300 16 550 6 689 7 739 14 1489 15 1494 14 1594 15 1624 14 1724 15 1762 14 1862 15 1893 14 1993 15 2015 14 2115 15 2169 14 2269 15 2288 14 2388 15 2418 14 2518 15 2545 14 2645 15 2675 14 2775 15 2986 14 3086 15 3101 14 3201 15 3231 14 3331 15 3369 14 3469 15 3530 14 3630 15 3672 14 3772 15 3795 14 3895 15 3925 14 4025 15 4090 14 4190 15 4209 14 4309 15 4339 14 4439 15 4504 14 4604 15 4615 14 4715 15 4761 14 4861 15 4899 14 4999 15 5267 14 5367 22 5767 2 6767
1775047601 188 5 1 1 1000 100 0 0 -1.00 1.00 0 180 65 2 1 0 0 0 0 0 0 255 58 0 0 20 250 3 256 1 300 16 550 6 938 7 988 14 1738 15 1877 14 1977 15 2000 14 2100 15 2134 14 2234 15 2303 14 2403 15 2445 14 2545 15 2598 14 2698 15 2736 14 2836 15 2874 14 2974 15 3009 14 3109 15 3147 14 3247 15 3277 14 3377 15 3423 14 3523 15 3565 14 3665 15 3676 14 3776 15 3814 14 3914 15 4124 14 4224 15 4278 14 4378 15 4416 14 4516 15 4565 14 4665 15 4734 14 4834 15 4910 14 5010 15 5137 14 5237 15 5294 14 5394 15 5489 14 5589 22 5989 2 6989
1775047608 189 5 2 1 1000 100 0 0 1.00 1.00 0 181 66 2 1 0 0 0 0 0 0 255 56 0 0 20 250 3 256 1 300 16 550 6 690 7 740 14 1490 15 1510 14 1610 15 1649 14 1749 15 1783 14 1883 15 1921 14 2021 15 2063 14 2163 15 2189 14 2289 15 2316 14 2416 15 2461 14 2561 15 2611 14 2711 15 2726 14 2826 15 2876 14 2976 15 3017 14 3117 15 3155 14 3255 15 3305 14 3405 15 3432 14 3532 15 3543 14 3643 15 3673 14 3773 15 3823 14 3923 15 3999 14 4099 15 4141 14 4241 15 4271 14 4371 15 4455 14 4555 15 4639 14 4739 22 5139 2 6139
1775047680 190 5 1 1 1000 100 0 0 -1.00 -1.00 0 182 66 2 1 0 0 0 0 0 0 255 31 0 0 23 250 24 388 20 438 3 444 4 488 1 538 16 788 6 1001 7 1051 14 1801 15 1925 14 2025 15 2052 14 2152 15 2198 14 2298 15 2347 14 2447 15 2474 14 2574 15 2616 14 2716 15 2780 14 2880 15 2938 14 3038 15 3225 14 3325 22 3725 2 4725
1775047687 191 5 2 1 1000 100 0 0 1.00 1.00 0 183 66 2 1 0 0 0 0 0 0 255 60 0 0 20 250 3 256 1 300 16 550 6 624 7 674 14 1424 15 1490 14 1590 15 1628 14 1728 15 1755 14 1855 15 1896 14 1996 15 2142 14 2242 15 2253 14 2353 15 2372 14 2472 15 2495 14 2595 15 2663 14 2763 15 2805 14 2905 15 2936 14 3036 15 3074 14 3174 15 3315 14 3415 15 3576 14 3676 15 3702 14 3802 15 3840 14 3940 15 3978 14 4078 15 4101 14 4201 15 4358 14 4458 15 4596 14 4696 15 4749 14 4849 15 4895 14 4995 15 5056 14 5156 15 5205 14 5305 15 5378 14 5478 22 5878 2 6878
1775047694 192 5 2 2 1000 100 0 0 1.00 -1.00 0 184 66 2 1 0 0 0 0 0 0 255 11 0 0 20 250 3 256 1 300 16 550 9 1165 13 1665 22 4665 12 5133 22 5233 2 6233
1775047907 193 5 1 2 1000 100 0 0 -1.00 1.00 0 185 65 2 1 0 0 0 0 0 0 255 12 0 0 23 250 24 380 20 430 3 436 4 480 1 530 16 780 9 809 13 1309 22 4309 2 5309
1775047915 194 5 1 1 1000 100 0 0 -1.00 -1.00 0 186 65 2 1 0 0 0 0 0 0 255 77 0 0 25 111 0 122 20 372 3 378 4 422 1 472 16 722 6 791 7 841 14 1591 15 1596 14 1696 15 1727 14 1827 15 1857 14 1957 15 1995 14 2095 15 2125 14 2225 15 2259 14 2359 15 2386 14 2486 15 2532 14 2632 15 2666 14 2766 15 2804 14 2904 15 2961 14 3061 15 3110 14 3210 15 3256 14 3356 15 3375 14 3475 15 3528 14 3628 15 3659 14 3759 15 3778 14 3878 15 3900 14 4000 15 4027 14 4127 15 4150 14 4250 15 4280 14 4380 15 4429 14 4529 15 4560 14 4660 15 4698 14 4798 15 5024 14 5124 15 5162 14 5262 15 5315 14 5415 15 5472 14 5572 15 5610 14 5710 15 5756 14 5856 15 5928 14 6028 15 6082 14 6182 22 6582 2 7582
1775047920 195 5 2 2 1000 100 0 0 1.00 -1.00 0 187 65 2 1 0 0 0 0 0 0 255 9 0 0 20 250 3 256 1 300 16 550 9 687 13 1187 22 4187 2 5187
1775047927 196 5 2 2 1000 100 0 0 1.00 -1.00 0 188 65 2 1 0 0 0 0 0 0 255 9 0 0 20 250 3 256 1 300 16 550 9 987 13 1487 22 4487 2 5487
1775047956 197 5 1 1 1000 100 0 0 -1.00 1.00 0 189 65 2 1 0 0 0 0 0 0 255 80 0 0 20 250 3 256 1 300 16 550 6 607 7 657 14 1407 15 1455 14 1555 15 1585 14 1685 15 1720 14 1820 15 1854 14 1954 15 1976 14 2076 15 2114 14 2214 15 2241 14 2341 15 2364 14 2464 15 2490 14 2590 15 2621 14 2721 15 2931 14 3031 15 3058 14 3158 15 3192 14 3292 15 3357 14 3457 15 3480 14 3580 15 3625 14 3725 15 3756 14 3856 15 3901 14 4001 15 4047 14 4147 15 4212 14 4312 15 4365 14 4465 15 4507 14 4607 15 4634 14 4734 15 4948 14 5048 15 5075 14 5175 15 5209 14 5309 15 5335 14 5435 15 5470 14 5570 15 5623 14 5723 15 5811 14 5911 15 5968 14 6068 15 6118 14 6218 15 6279 14 6379 15 6451 14 6551 15 6632 14 6732 22 7132 2 8132
1775047963 198 5 1 1 1000 100 0 0 -1.00 1.00 0 190 65 2 1 0 0 0 0 0 0 255 58 0 0 20 250 3 256 1 300 16 550 6 607 7 657 14 1407 15 1455 14 1555 15 1570 14 1670 15 1715 14 1815 15 1853 14 1953 15 1961 14 2061 15 2118 14 2218 15 2271 14 2371 15 2413 14 2513 15 2551 14 2651 15 2674 14 2774 15 2992 14 3092 15 3127 14 3227 15 3261 14 3361 15 3403 14 3503 15 3525 14 3625 15 3663 14 3763 15 3821 14 3921 15 3959 14 4059 15 4120 14 4220 15 4269 14 4369 15 4415 14 4515 15 4588 14 4688 15 4737 14 4837 15 4921 14 5021 22 5421 2 6421
1775047968 199 5 1 1 1000 100 0 0 -1.00 -1.00 0 191 65 2 1 0 0 0 0 0 0 255 44 0 0 20 250 3 256 1 300 16 550 6 574 7 624 14 1374 15 1403 14 1503 15 1556 14 1656 15 1679 14 1779 15 1955 14 2055 15 2105 14 2205 15 2246 14 2346 15 2384 14 2484 15 2530 14 2630 15 2680 14 2780 15 2829 14 2929 15 3098 14 3198 15 3259 14 3359 15 3401 14 3501 15 3558 14 3658 15 3723 14 3823 15 3876 14 3976 15 4041 14 4141 22 4541 2 5541
1775047976 200 5 1 1 1000 100 0 0 -1.00 1.00 0 192 65 2 1 0 0 0 0 0 0 255 38 0 0 20 250 3 256 1 300 16 550 6 867 7 917 14 1667 15 1803 14 1903 15 1941 14 2041 15 2071 14 2171 15 2217 14 2317 15 2351 14 2451 15 2482 14 2582 15 2784 14 2884 15 2930 14 3030 15 3068 14 3168 15 3233 14 3333 15 3390 14 3490 15 3551 14 3651 15 3697 14 3797 15 3869 14 3969 22 4369 2 5369
1775047982 201 5 2 2 1000 100 0 0 1.00 1.00 0 193 65 2 1 0 0 0 0 0 0 255 9 0 0 20 250 3 256 1 300 16 550 9 940 13 1440 22 4440 2 5440
1775048029 202 5 2 1 1000 100 0 0 1.00 -1.00 0 194 65 2 1 0 0 0 0 0 0 255 45 0 0 23 250 24 384 20 434 3 440 4 484 1 534 16 784 6 836 7 886 14 1636 15 1653 14 1753 15 1768 14 1868 15 1902 14 2002 15 2044 14 2144 15 2190 14 2290 15 2317 14 2417 15 2581 14 2681 15 2727 14 2827 15 2884 14 2984 15 3037 14 3137 15 3187 14 3287 15 3340 14 3440 15 3486 14 3586 15 3609 14 3709 15 3770 14 3870 15 3915 14 4015 22 4415 2 5415
1775048118 203 5 1 1 1000 100 0 0 -1.00 -1.00 0 195 65 2 1 0 0 0 0 0 0 255 15 0 0 23 250 24 383 20 433 3 439 4 483 1 533 16 783 6 900 7 950 14 1700 22 2100 12 2300 22 2400 2 3400
1775048130 204 5 1 1 1000 100 0 0 -1.00 -1.00 0 196 66 2 1 0 0 0 0 0 0 255 60 0 0 25 240 0 695 20 945 3 951 1 995 16 1245 6 1281 7 1331 14 2081 15 2144 14 2244 15 2274 14 2374 15 2408 14 2508 15 2550 14 2650 15 2699 14 2799 15 2841 14 2941 15 2979 14 3079 15 3106 14 3206 15 3578 14 3678 15 3696 14 3796 15 3850 14 3950 15 3980 14 4080 15 4118 14 4218 15 4317 14 4417 15 4482 14 4582 15 4666 14 4766 15 4785 14 4885 15 4927 14 5027 15 5081 14 5181 15 5242 14 5342 15 5387 14 5487 15 5518 14 5618 15 5671 14 5771 15 5855 14 5955 22 6355 2 7355
1775048135 205 5 2 1 1000 100 0 0 1.00 1.00 0 197 66 2 1 0 0 0 0 0 0 255 26 0 0 20 250 3 256 1 300 16 550 6 863 7 913 14 1663 15 1725 14 1825 15 1882 14 1982 15 2020 14 2120 15 2162 14 2262 15 2300 14 2400 15 2477 14 2577 15 2661 14 2761 15 2833 14 2933 22 3333 2 4333
1775048366 206 5 2 1 1000 100 0 0 1.00 -1.00 0 198 66 2 1 0 0 0 0 0 0 255 31 0 0 23 250 24 396 20 446 3 452 4 496 1 546 16 796 6 890 7 940 14 1690 15 1703 14 1803 15 1810 14 1910 15 1937 14 2037 15 2071 14 2171 15 2186 14 2286 15 2316 14 2416 15 2454 14 2554 15 2627 14 2727 15 2822 14 2922 22 3322 2 4322
1775048372 207 5 1 1 1000 100 0 0 -1.00 -1.00 0 199 66 2 1 0 0 0 0 0 0 255 38 0 0 20 250 3 256 1 300 16 550 6 736 7 786 14 1536 15 1606 14 1706 15 1748 14 1848 15 1882 14 1982 15 2039 14 2139 15 2188 14 2288 15 2319 14 2419 15 2480 14 2580 15 2645 14 2745 15 2806 14 2906 15 2963 14 3063 15 3085 14 3185 15 3246 14 3346 15 3396 14 3496 15 3588 14 3688 22 4088 2 5088
1775048378 208 5 2 2 1000 100 0 0 1.00 -1.00 0 200 66 2 1 0 0 0 0 0 0 255 9 0 0 20 250 3 256 1 300 16 550 9 1004 13 1504 22 4504 2 5504
1775048385 209 5 2 2 1000 100 0 0 1.00 1.00 0 201 65 2 1 0 0 0 0 0 0 255 9 0 0 20 250 3 256 1 300 16 550 9 732 13 1232 22 4232 2 5232
1775048939 210 5 2 1 1000 100 0 0 1.00 1.00 0 202 66 2 1 0 0 0 0 0 0 255 77 0 0 23 250 24 394 20 444 3 450 4 494 1 544 16 794 6 900 7 950 14 1700 15 1716 14 1816 15 1839 14 1939 15 1977 14 2077 15 2111 14 2211 15 2234 14 2334 15 2368 14 2468 15 2498 14 2598 15 2632 14 2732 15 2767 14 2867 15 2901 14 3001 15 3047 14 3147 15 3177 14 3277 15 3319 14 3419 15 3461 14 3561 15 3568 14 3668 15 3737 14 3837 15 3875 14 3975 15 4013 14 4113 15 4139 14 4239 15 4273 14 4373 15 4392 14 4492 15 4511 14 4611 15 4641 14 4741 15 4783 14 4883 15 4921 14 5021 15 5048 14 5148 15 5174 14 5274 15 5312 14 5412 15 5420 14 5520 15 5584 14 5684 15 5738 14 5838 15 5903 14 6003 22 6403 2 7403
1775048945 211 5 2 2 1000 100 0 0 1.00 -1.00 0 203 65 2 1 0 0 0 0 0 0 255 9 0 0 20 250 3 256 1 300 16 550 9 635 13 1135 22 4135 2 5135
1775049388 212 5 2 1 1000 100 0 0 1.00 -1.00 0 204 65 2 1 0 0 0 0 0 0 255 83 0 0 23 250 24 381 20 431 3 437 4 481 1 531 16 781 6 845 7 895 14 1645 15 1669 14 1769 15 1799 14 1899 15 1941 14 2041 15 2068 14 2168 15 2194 14 2294 15 2302 14 2402 15 2443 14 2543 15 2574 14 2674 15 2704 14 2804 15 2835 14 2935 15 2969 14 3069 15 3095 14 3195 15 3226 14 3326 15 3571 14 3671 15 3709 14 3809 15 3839 14 3939 15 3977 14 4077 15 4123 14 4223 15 4276 14 4376 15 4422 14 4522 15 4556 14 4656 15 4682 14 4782 15 4836 14 4936 15 4966 14 5066 15 5096 14 5196 15 5238 14 5338 15 5345 14 5445 15 5499 14 5599 15 5648 14 5748 15 5786 14 5886 15 5955 14 6055 15 6124 14 6224 15 6292 14 6392 15 6469 14 6569 15 6653 14 6753 22 7153 2 8153
1775049393 213 5 1 1 1000 100 0 0 -1.00 -1.00 0 205 66 2 1 0 0 0 0 0 0 255 34 0 0 20 250 3 256 1 300 16 550 6 568 7 618 14 1368 15 1449 14 1549 15 1614 14 1714 15 1745 14 1845 15 1886 14 1986 15 2044 14 2144 15 2193 14 2293 15 2320 14 2420 15 2492 14 2592 15 2646 14 2746 15 2795 14 2895 15 2952 14 3052 15 3140 14 3240 22 3640 2 4640
1775049402 214 5 1 1 1000 100 0 0 -1.00 -1.00 0 206 66 2 1 0 0 0 0 0 0 255 82 0 0 20 250 3 256 1 300 16 550 6 744 7 794 14 1544 15 1623 14 1723 15 1738 14 1838 15 1883 14 1983 15 2044 14 2144 15 2317 14 2417 15 2447 14 2547 15 2585 14 2685 15 2738 14 2838 15 2880 14 2980 15 3037 14 3137 15 3191 14 3291 15 3352 14 3452 15 3486 14 3586 15 3624 14 3724 15 3731 14 3831 15 3858 14 3958 15 4007 14 4107 15 4134 14 4234 15 4276 14 4376 15 4398 14 4498 15 4540 14 4640 15 4736 14 4836 15 4889 14 4989 15 5046 14 5146 15 5203 14 5303 15 5495 14 5595 15 5694 14 5794 15 5905 14 6005 15 6020 14 6120 15 6192 14 6292 15 6376 14 6476 15 6537 14 6637 15 6714 14 6814 15 6852 14 6952 15 7032 14 7132 15 7193 14 7293 22 7693 2 8693
1775049411 215 5 1 1 1000 100 0 0 -1.00 -1.00 0 207 66 2 1 0 0 0 0 0 0 255 76 0 0 20 250 3 256 1 300 16 550 6 695 7 745 14 1495 15 1534 14 1634 15 1680 14 1780 15 1822 14 1922 15 1983 14 2083 15 2113 14 2213 15 2259 14 2359 15 2404 14 2504 15 2539 14 2639 15 2723 14 2823 15 2849 14 2949 15 2991 14 3091 15 3156 14 3256 15 3286 14 3386 15 3416 14 3516 15 3558 14 3658 15 3727 14 3827 15 3876 14 3976 15 4049 14 4149 15 4179 14 4279 15 4302 14 4402 15 4501 14 4601 15 4666 14 4766 15 4831 14 4931 15 4980 14 5080 15 5164 14 5264 15 5318 14 5418 15 5805 14 5905 22 6305 12 6472 22 6572 12 6656 22 6756 12 6809 22 6909 12 7105 22 7205 12 7335 22 7435 12 7576 22 7676 2 8676
1775049419 216 5 2 1 1000 100 0 0 1.00 1.00 0 208 66 2 1 0 0 0 0 0 0 255 54 0 0 20 250 3 256 1 300 16 550 6 797 7 847 14 1597 15 1640 14 1740 15 1771 14 1871 15 1909 14 2009 15 2043 14 2143 15 2212 14 2312 15 2342 14 2442 15 2484 14 2584 15 2622 14 2722 15 2745 14 2845 15 2886 14 2986 15 3155 14 3255 15 3285 14 3385 15 3435 14 3535 15 3619 14 3719 15 3787 14 3887 15 3968 14 4068 15 4148 14 4248 15 4320 14 4420 15 4493 14 4593 15 4658 14 4758 15 4853 14 4953 15 5045 14 5145 22 5545 2 6545
1775049666 217 5 1 1 1000 100 0 0 -1.00 -1.00 0 209 66 2 1 0 0 0 0 0 0 255 69 0 0 23 250 24 393 20 443 3 449 4 493 1 543 16 793 6 1163 7 1213 14 1963 15 2011 14 2111 15 2149 14 2249 15 2290 14 2390 15 2428 14 2528 15 2574 14 2674 15 2708 14 2808 15 2854 14 2954 15 3007 14 3107 15 3153 14 3253 15 3299 14 3399 15 3467 14 3567 15 3636 14 3736 15 3797 14 3897 15 3958 14 4058 15 4146 14 4246 15 4295 14 4395 15 4452 14 4552 15 4629 14 4729 15 4794 14 4894 15 4974 14 5074 15 5135 14 5235 15 5296 14 5396 15 5461 14 5561 15 5630 14 5730 15 5787 14 5887 15 5944 14 6044 15 6139 14 6239 15 6308 14 6408 22 6808 2 7808
1775049673 218 5 2 2 1000 100 0 0 1.00 -1.00 0 210 66 2 1 0 0 0 0 0 0 255 11 0 0 25 67 0 114 20 364 3 370 1 414 16 664 9 1211 13 1711 22 4711 2 5711
1775049685 219 5 2 0 1000 100 0 0 1.00 -1.00 0 210 66 2 1 0 0 0 0 0 0 255 8 0 0 20 250 3 256 1 300 16 550 5 1550 8 6550 2 6560
1775049698 220 5 2 1 1000 100 0 0 1.00 1.00 0 211 66 2 1 0 0 0 0 0 0 255 86 0 0 20 250 3 256 1 300 16 550 6 862 7 912 14 1662 15 1713 14 1813 15 1867 14 1967 15 2016 14 2116 15 2150 14 2250 15 2327 14 2427 15 2488 14 2588 15 2649 14 2749 15 2925 14 3025 15 3051 14 3151 15 3178 14 3278 15 3327 14 3427 15 3496 14 3596 15 3672 14 3772 15 3822 14 3922 15 3948 14 4048 15 4113 14 4213 15 4374 14 4474 15 4497 14 4597 15 4642 14 4742 15 4780 14 4880 15 4918 14 5018 15 5056 14 5156 15 5214 14 5314 15 5356 14 5456 15 5497 14 5597 15 5647 14 5747 15 5789 14 5889 15 5961 14 6061 15 6103 14 6203 15 6249 14 6349 15 6391 14 6491 15 6540 14 6640 15 6717 14 6817 15 6920 14 7020 15 7069 14 7169 15 7242 14 7342 15 7418 14 7518 22 7918 12 8714 22 8814 2 9814
1775049937 221 5 1 0 1000 100 0 0 -1.00 -1.00 0 211 66 2 1 0 0 0 0 0 0 255 11 0 0 23 250 24 391 20 441 3 447 4 491 1 541 16 791 5 1791 8 6791 2 6801
1775050442 222 5 1 1 1000 100 0 0 -1.00 -1.00 0 212 66 2 1 0 0 0 0 0 0 255 33 0 0 23 250 24 404 20 454 3 460 4 504 1 554 16 804 6 952 7 1002 14 1752 15 1803 14 1903 15 1926 14 2026 15 2068 14 2168 15 2202 14 2302 15 2332 14 2432 15 2463 14 2563 15 2585 14 2685 15 2723 14 2823 15 2858 14 2958 15 3042 14 3142 22 3542 2 4542
1775050448 223 5 2 2 1000 100 0 0 1.00 -1.00 0 213 66 2 1 0 0 0 0 0 0 255 9 0 0 20 250 3 256 1 300 16 550 9 891 13 1391 22 4391 2 5391
1775050454 224 5 1 1 1000 100 0 0 -1.00 -1.00 0 214 66 2 1 0 0 0 0 0 0 255 36 0 0 20 250 3 256 1 300 16 550 6 650 7 700 14 1450 15 1493 14 1593 15 1624 14 1724 15 1742 14 1842 15 1881 14 1981 15 2022 14 2122 15 2157 14 2257 15 2295 14 2395 15 2436 14 2536 15 2713 14 2813 15 2854 14 2954 15 2996 14 3096 15 3157 14 3257 15 3299 14 3399 22 3799 2 4799
1775050460 225 5 1 2 1000 100 0 0 -1.00 1.00 0 215 66 2 1 0 0 0 0 0 0 255 9 0 0 20 250 3 256 1 300 16 550 9 731 13 1231 22 4231 2 5231
1775050475 226 5 2 0 1000 100 0 0 1.00 1.00 0 215 66 2 1 0 0 0 0 0 0 255 8 0 0 20 250 3 256 1 300 16 550 5 1550 8 6550 2 6560
1775050490 227 5 1 1 1000 100 0 0 -1.00 1.00 0 216 66 2 1 0 0 0 0 0 0 255 32 0 0 25 197 0 1145 20 1395 3 1401 1 1445 16 1695 6 1993 7 2043 14 2793 15 2845 14 2945 15 2979 14 3079 15 3117 14 3217 15 3251 14 3351 15 3374 14 3474 15 3512 14 3612 15 3638 14 3738 15 3788 14 3888 15 3953 14 4053 15 4106 14 4206 22 4606 2 5606
1775050607 228 5 2 1 1000 100 0 0 1.00 1.00 0 217 66 2 1 0 0 0 0 0 0 255 39 0 0 23 250 24 384 20 434 3 440 4 484 1 534 16 784 6 832 7 882 14 1632 15 1664 14 1764 15 1772 14 1872 15 1894 14 1994 15 2021 14 2121 15 2128 14 2228 15 2270 14 2370 15 2408 14 2508 15 2646 14 2746 15 2776 14 2876 15 3071 14 3171 15 3205 14 3305 15 3336 14 3436 15 3466 14 3566 22 3966 2 4966
1775050612 229 5 1 1 1000 100 0 0 -1.00 1.00 0 218 66 2 1 0 0 0 0 0 0 255 28 0 0 25 50 0 116 20 366 3 372 1 416 16 666 6 933 7 983 14 1733 15 1781 14 1881 15 1926 14 2026 15 2072 14 2172 15 2195 14 2295 15 2375 14 2475 15 2513 14 2613 15 2678 14 2778 15 2869 14 2969 22 3369 2 4369
1775050619 230 5 2 1 1000 100 0 0 1.00 1.00 0 219 67 2 1 0 0 0 0 0 0 255 40 0 0 20 250 3 256 1 300 16 550 6 635 7 685 14 1435 15 1482 14 1582 15 1616 14 1716 15 1743 14 1843 15 1904 14 2004 15 2023 14 2123 15 2134 14 2234 15 2268 14 2368 15 2425 14 2525 15 2552 14 2652 15 2667 14 2767 15 2805 14 2905 15 2962 14 3062 15 3131 14 3231 15 3269 14 3369 15 3426 14 3526 22 3926 2 4926
1775051045 231 5 1 4 1000 100 0 0 -1.00 -1.00 1 220 66 2 1 0 0 0 0 0 0 255 68 0 0 23 250 24 382 20 432 3 438 4 482 1 532 16 782 7 1156 14 1906 15 1973 14 2073 15 2099 14 2199 15 2229 14 2329 15 2360 14 2460 15 2490 14 2590 15 2620 14 2720 15 2743 14 2843 15 2854 14 2954 15 2969 14 3069 15 3107 14 3207 15 3272 14 3372 15 3414 14 3514 15 3544 14 3644 15 3671 14 3771 15 3793 14 3893 15 3908 14 4008 15 4043 14 4143 15 4204 14 4304 15 4372 14 4472 15 4499 14 4599 15 4633 14 4733 15 4779 14 4879 15 4940 14 5040 15 5081 14 5181 15 5265 14 5365 15 5423 14 5523 15 5572 14 5672 15 5744 14 5844 22 6244 2 7244
1775051055 232 5 2 1 1000 100 0 0 1.00 -1.00 0 221 66 2 1 0 0 0 0 0 0 255 61 0 0 25 224 0 1015 20 1265 3 1271 4 1315 1 1365 16 1615 6 1820 7 1870 14 2620 15 2740 14 2840 15 2870 14 2970 15 3000 14 3100 15 3135 14 3235 15 3265 14 3365 15 3388 14 3488 15 3503 14 3603 15 3633 14 3733 15 3759 14 3859 15 3886 14 3986 15 4032 14 4132 15 4162 14 4262 15 4415 14 4515 15 4595 14 4695 15 4749 14 4849 15 4864 14 4964 15 4986 14 5086 15 5136 14 5236 15 5297 14 5397 15 5454 14 5554 15 5592 14 5692 15 5715 14 5815 15 5860 14 5960 15 6064 14 6164 22 6564 2 7564
1775051062 233 5 1 1 1000 100 0 0 -1.00 -1.00 0 222 67 2 1 0 0 0 0 0 0 255 36 0 0 20 250 3 256 1 300 16 550 6 638 7 688 14 1438 15 1446 14 1546 15 1565 14 1665 15 1688 14 1788 15 1853 14 1953 15 1968 14 2068 15 2098 14 2198 15 2213 14 2313 15 2359 14 2459 15 2470 14 2570 15 2631 14 2731 15 2796 14 2896 15 2934 14 3034 15 3126 14 3226 22 3626 2 4626
1775051071 234 5 1 1 1000 100 0 0 -1.00 -1.00 0 223 67 2 1 0 0 0 0 0 0 255 76 0 0 20 250 3 256 1 300 16 550 6 599 7 649 14 1399 15 1439 14 1539 15 1565 14 1665 15 1680 14 1780 15 1849 14 1949 15 1991 14 2091 15 2136 14 2236 15 2270 14 2370 15 2412 14 2512 15 2535 14 2635 15 2704 14 2804 15 2857 14 2957 15 3010 14 3110 15 3144 14 3244 15 3286 14 3386 15 3455 14 3555 15 3574 14 3674 15 3708 14 3808 15 3869 14 3969 15 4022 14 4122 15 4141 14 4241 15 4310 14 4410 15 4475 14 4575 15 4609 14 4709 15 4762 14 4862 15 4908 14 5008 15 5042 14 5142 15 5184 14 5284 15 5337 14 5437 15 5483 14 5583 15 5671 14 5771 15 5874 14 5974 15 6027 14 6127 15 6188 14 6288 22 6688 2 7688
1775051083 235 5 1 1 1000 100 0 0 -1.00 -1.00 0 224 67 2 1 0 0 0 0 0 0 255 62 0 0 20 250 3 256 1 300 16 550 6 650 7 700 14 1450 15 1493 14 1593 15 1612 14 1712 15 1738 14 1838 15 1899 14 1999 15 2045 14 2145 15 2233 14 2333 15 2390 14 2490 15 2544 14 2644 15 2670 14 2770 15 2919 14 3019 15 3080 14 3180 15 3203 14 3303 15 3353 14 3453 15 3529 14 3629 15 3652 14 3752 15 3767 14 3867 15 3932 14 4032 15 4077 14 4177 15 4238 14 4338 15 4407 14 4507 15 4553 14 4653 15 4721 14 4821 15 4867 14 4967 15 5032 14 5132 15 5239 14 5339 15 5457 14 5557 22 5957 2 6957
1775051090 236 5 1 1 1000 100 0 0 -1.00 1.00 0 225 67 2 1 0 0 0 0 0 0 255 60 0 0 20 250 3 256 1 300 16 550 6 709 7 759 14 1509 15 1641 14 1741 15 1936 14 2036 15 2097 14 2197 15 2243 14 2343 15 2373 14 2473 15 2561 14 2661 15 2741 14 2841 15 2933 14 3033 15 3078 14 3178 15 3220 14 3320 15 3358 14 3458 15 3592 14 3692 15 3711 14 3811 15 3822 14 3922 15 3968 14 4068 15 4114 14 4214 15 4248 14 4348 15 4401 14 4501 15 4585 14 4685 15 4697 14 4797 15 4839 14 4939 15 4988 14 5088 15 5157 14 5257 15 5310 14 5410 15 5498 14 5598 22 5998 2 6998
1775051097 237 5 1 1 1000 100 0 0 -1.00 -1.00 0 226 67 2 1 0 0 0 0 0 0 255 48 0 0 20 250 3 256 1 300 16 550 6 646 7 696 14 1446 15 1497 14 1597 15 1658 14 1758 15 1784 14 1884 15 1903 14 2003 15 2068 14 2168 15 2210 14 2310 15 2340 14 2440 15 2486 14 2586 15 2670 14 2770 15 2816 14 2916 15 2988 14 3088 15 3142 14 3242 15 3264 14 3364 15 3444 14 3544 15 3617 14 3717 15 3889 14 3989 15 4043 14 4143 15 4215 14 4315 15 4476 14 4576 22 4976 2 5976
1775051134 238 5 1 1 1000 100 0 0 -1.00 -1.00 0 227 68 2 1 0 0 0 0 0 0 255 63 0 0 23 250 24 401 20 451 3 457 4 501 1 551 16 801 6 846 7 896 14 1646 15 1662 14 1762 15 1800 14 1900 15 1946 14 2046 15 2088 14 2188 15 2234 14 2334 15 2391 14 2491 15 2510 14 2610 15 2671 14 2771 15 2843 14 2943 15 2970 14 3070 15 3104 14 3204 15 3269 14 3369 15 3414 14 3514 15 3556 14 3656 15 3721 14 3821 15 3901 14 4001 15 4059 14 4159 15 4220 14 4320 15 4377 14 4477 15 4664 14 4764 15 4787 14 4887 15 4956 14 5056 15 5113 14 5213 15 5312 14 5412 15 5493 14 5593 22 5993 2 6993
1775051140 239 5 2 2 1000 100 0 0 1.00 -1.00 0 228 67 2 1 0 0 0 0 0 0 255 9 0 0 20 250 3 256 1 300 16 550 9 614 13 1114 22 4114 2 5114
1775051144 240 5 2 1 1000 100 0 0 1.00 1.00 0 229 67 2 1 0 0 0 0 0 0 255 26 0 0 20 250 3 256 1 300 16 550 6 677 7 727 14 1477 15 1509 14 1609 15 1658 14 1758 15 1785 14 1885 15 1911 14 2011 15 2188 14 2288 15 2303 14 2403 15 2456 14 2556 15 2648 14 2748 22 3148 2 4148
1775051150 241 5 2 2 1000 100 0 0 1.00 -1.00 0 230 67 2 1 0 0 0 0 0 0 255 9 0 0 20 250 3 256 1 300 16 550 9 658 13 1158 22 4158 2 5158
1775051208 242 5 1 1 1000 100 0 0 -1.00 -1.00 0 231 67 2 1 0 0 0 0 0 0 255 59 0 0 23 250 24 406 20 456 3 462 4 506 1 556 16 806 6 896 7 946 14 1696 15 1740 14 1840 15 1863 14 1963 15 1993 14 2093 15 2150 14 2250 15 2277 14 2377 15 2438 14 2538 15 2606 14 2706 15 2744 14 2844 15 2886 14 2986 15 3020 14 3120 15 3151 14 3251 15 3293 14 3393 15 3431 14 3531 15 3572 14 3672 15 3741 14 3841 15 3891 14 3991 15 4086 14 4186 15 4285 14 4385 15 4446 14 4546 15 4596 14 4696 15 4757 14 4857 15 4926 14 5026 15 5090 14 5190 22 5590 2 6590
1775051214 243 5 2 1 1000 100 0 0 1.00 1.00 0 232 67 2 1 0 0 0 0 0 0 255 44 0 0 20 250 3 256 1 300 16 550 6 774 7 824 14 1574 15 1629 14 1729 15 1752 14 1852 15 1905 14 2005 15 2047 14 2147 15 2177 14 2277 15 2300 14 2400 15 2465 14 2565 15 2603 14 2703 15 2722 14 2822 15 2863 14 2963 15 2998 14 3098 15 3151 14 3251 15 3335 14 3435 15 3492 14 3592 15 3645 14 3745 15 3810 14 3910 15 3983 14 4083 22 4483 2 5483
1775051222 244 5 2 1 1000 100 0 0 1.00 1.00 0 233 67 2 1 0 0 0 0 0 0 255 42 0 0 20 250 3 256 1 300 16 550 6 725 7 775 14 1525 15 1534 14 1634 15 1664 14 1764 15 1794 14 1894 15 1948 14 2048 15 2093 14 2193 15 2227 14 2327 15 2388 14 2488 15 2515 14 2615 15 2641 14 2741 15 2806 14 2906 15 2967 14 3067 15 3120 14 3220 15 3285 14 3385 15 3458 14 3558 15 3615 14 3715 15 3822 14 3922 22 4322 2 5322
1775051232 245 5 2 1 1000 100 0 0 1.00 1.00 0 234 68 2 1 0 0 0 0 0 0 255 76 0 0 20 250 3 256 1 300 16 550 6 828 7 878 14 1628 15 1702 14 1802 15 1844 14 1944 15 2132 14 2232 15 2247 14 2347 15 2381 14 2481 15 2534 14 2634 15 2668 14 2768 15 2802 14 2902 15 2963 14 3063 15 3086 14 3186 15 3220 14 3320 15 3366 14 3466 15 3500 14 3600 15 3646 14 3746 15 3822 14 3922 15 3995 14 4095 15 4163 14 4263 15 4317 14 4417 15 4474 14 4574 15 4639 14 4739 15 4861 14 4961 15 4991 14 5091 15 5110 14 5210 15 5217 14 5317 15 5371 14 5471 15 5635 14 5735 15 5946 14 6046 15 6103 14 6203 15 6287 14 6387 15 6463 14 6563 15 6647 14 6747 15 6831 14 6931 15 7031 14 7131 22 7531 2 8531
1775051456 246 5 2 1 1000 100 0 0 1.00 1.00 0 235 68 2 1 0 0 0 0 0 0 255 49 0 0 23 250 24 397 20 447 3 453 4 497 1 547 16 797 6 872 7 922 14 1672 15 1788 14 1888 15 1915 14 2015 15 2037 14 2137 15 2172 14 2272 15 2298 14 2398 15 2428 14 2528 15 2555 14 2655 15 2689 14 2789 15 2831 14 2931 15 2980 14 3080 15 3111 14 3211 15 3245 14 3345 15 3379 14 3479 15 3536 14 3636 15 3686 14 3786 15 3824 14 3924 15 3973 14 4073 15 4088 14 4188 22 4588 2 5588
1775051466 247 5 2 1 1000 100 0 0 1.00 1.00 0 236 68 2 1 0 0 0 0 0 0 255 98 0 0 20 250 3 256 1 300 16 550 6 748 7 798 14 1548 15 1592 14 1692 15 1730 14 1830 15 1868 14 1968 15 2021 14 2121 15 2163 14 2263 15 2286 14 2386 15 2404 14 2504 15 2519 14 2619 15 2688 14 2788 15 2834 14 2934 15 2957 14 3057 15 3083 14 3183 15 3210 14 3310 15 3371 14 3471 15 3497 14 3597 15 3628 14 3728 15 3739 14 3839 15 3869 14 3969 15 3992 14 4092 15 4122 14 4222 15 4237 14 4337 15 4364 14 4464 15 4479 14 4579 15 4609 14 4709 15 4736 14 4836 15 4851 14 4951 15 4977 14 5077 15 5096 14 5196 15 5219 14 5319 15 5334 14 5434 15 5472 14 5572 15 5614 14 5714 15 5767 14 5867 15 5928 14 6028 15 6093 14 6193 15 6250 14 6350 15 6407 14 6507 15 6565 14 6665 15 6714 14 6814 15 6864 14 6964 15 6979 14 7079 15 7128 14 7228 15 7293 14 7393 15 7527 14 7627 22 8027 2 9027
1775051476 248 5 1 1 1000 100 0 0 -1.00 -1.00 0 237 68 2 1 0 0 0 0 0 0 255 32 0 0 25 177 0 206 20 456 3 462 1 506 16 756 6 845 7 895 14 1645 15 1681 14 1781 15 1831 14 1931 15 1938 14 2038 15 2072 14 2172 15 2214 14 2314 15 2356 14 2456 15 2505 14 2605 15 2655 14 2755 15 2835 14 2935 15 3042 14 3142 22 3542 2 4542
1775051488 249 5 2 1 1000 100 0 0 1.00 1.00 0 238 68 2 1 0 0 0 0 0 0 255 86 0 0 25 78 0 148 25 172 0 218 20 468 3 474 1 518 16 768 6 1128 7 1178 14 1928 15 1960 14 2060 15 2091 14 2191 15 2213 14 2313 15 2336 14 2436 15 2459 14 2559 15 2581 14 2681 15 2708 14 2808 15 2846 14 2946 15 2992 14 3092 15 3287 14 3387 15 3440 14 3540 15 3578 14 3678 15 3701 14 3801 15 3981 14 4081 15 4100 14 4200 15 4222 14 4322 15 4391 14 4491 15 4498 14 4598 15 4633 14 4733 15 4767 14 4867 15 4901 14 5001 15 5020 14 5120 15 5143 14 5243 15 5277 14 5377 15 5449 14 5549 15 5568 14 5668 15 5691 14 5791 15 5825 14 5925 15 5959 14 6059 15 6101 14 6201 15 6254 14 6354 15 6404 14 6504 15 6561 14 6661 15 6738 14 6838 15 6906 14 7006 15 7071 14 7171 22 7571 2 8571
1775051498 250 5 2 1 1000 100 0 0 1.00 1.00 0 239 68 2 1 0 0 0 0 0 0 255 52 0 0 20 250 3 256 1 300 16 550 6 799 7 849 14 1599 15 1631 14 1731 15 1765 14 1865 15 1907 14 2007 15 2037 14 2137 15 2187 14 2287 15 2329 14 2429 15 2455 14 2555 15 2670 14 2770 15 2793 14 2893 15 2912 14 3012 15 3034 14 3134 15 3153 14 3253 15 3307 14 3407 15 3498 14 3598 15 3678 14 3778 15 3801 14 3901 15 3931 14 4031 15 4066 14 4166 15 4208 14 4308 15 4388 14 4488 15 4614 14 4714 22 5114 2 6114
1775051506 251 5 1 1 1000 100 0 0 -1.00 -1.00 0 240 69 2 1 0 0 0 0 0 0 255 46 0 0 20 250 3 256 1 300 16 550 6 678 7 728 14 1478 15 1503 14 1603 15 1641 14 1741 15 1763 14 1863 15 1917 14 2017 15 2055 14 2155 15 2216 14 2316 15 2377 14 2477 15 2684 14 2784 15 2822 14 2922 15 2968 14 3068 15 3121 14 3221 15 3301 14 3401 15 3439 14 3539 15 3600 14 3700 15 3757 14 3857 15 3930 14 4030 15 4122 14 4222 15 4329 14 4429 22 4829 2 5829
1775051518 252 5 2 1 1000 100 0 0 1.00 1.00 0 241 69 2 1 0 0 0 0 0 0 255 40 0 0 20 250 3 256 1 300 16 550 6 612 7 662 14 1412 15 1421 14 1521 15 1559 14 1659 15 1705 14 1805 15 1827 14 1927 15 1950 14 2050 15 2130 14 2230 15 2364 14 2464 15 2491 14 2591 15 2652 14 2752 15 2793 14 2893 15 2924 14 3024 15 3062 14 3162 15 3204 14 3304 15 3326 14 3426 15 3503 14 3603 22 4003 2 5003
1775051527 253 5 1 1 1000 100 0 0 -1.00 -1.00 0 242 69 2 1 0 0 0 0 0 0 255 64 0 0 25 40 0 508 20 758 3 764 1 808 16 1058 6 1148 7 1198 14 1948 15 2045 14 2145 15 2187 14 2287 15 2337 14 2437 15 2525 14 2625 15 2682 14 2782 15 2870 14 2970 15 3015 14 3115 15 3169 14 3269 15 3295 14 3395 15 3468 14 3568 15 3640 14 3740 15 3752 14 3852 15 3905 14 4005 15 4093 14 4193 15 4273 14 4373 15 4449 14 4549 15 4591 14 4691 15 4756 14 4856 15 4921 14 5021 15 5094 14 5194 15 5262 14 5362 15 5458 14 5558 15 5607 14 5707 15 5768 14 5868 15 5937 14 6037 15 6125 14 6225 22 6625 2 7625
1775051533 254 5 2 2 1000 100 0 0 1.00 -1.00 0 243 69 2 1 0 0 0 0 0 0 255 9 0 0 20 250 3 256 1 300 16 550 9 767 13 1267 22 4267 2 5267
1775051541 255 5 1 1 1000 100 0 0 -1.00 -1.00 0 244 69 2 1 0 0 0 0 0 0 255 30 0 0 20 250 3 256 1 300 16 550 6 745 7 795 14 1545 15 1600 14 1700 15 1857 14 1957 15 1995 14 2095 15 2141 14 2241 15 2332 14 2432 15 2505 14 2605 15 2658 14 2758 15 2819 14 2919 15 3030 14 3130 15 3234 14 3334 22 3734 2 4734
1775051561 256 5 2 1 1000 100 0 0 1.00 -1.00 0 245 69 2 1 0 0 0 0 0 0 255 98 0 0 25 76 0 1497 20 1747 3 1753 1 1797 16 2047 6 2305 7 2355 14 3105 15 3248 14 3348 15 3405 14 3505 15 3785 14 3885 15 3919 14 4019 15 4065 14 4165 15 4210 14 4310 15 4360 14 4460 15 4544 14 4644 15 4697 14 4797 15 4847 14 4947 15 5016 14 5116 15 5184 14 5284 15 5326 14 5426 15 5503 14 5603 15 5656 14 5756 15 5794 14 5894 15 6193 14 6293 15 6350 14 6450 15 6523 14 6623 15 6672 14 6772 15 6841 14 6941 15 7002 14 7102 15 7171 14 7271 15 7351 14 7451 15 7516 14 7616 15 7707 14 7807 15 7884 14 7984 15 8045 14 8145 15 8229 14 8329 15 8424 14 8524 15 8589 14 8689 15 8777 14 8877 15 8965 14 9065 15 9299 14 9399 15 9441 14 9541 15 9586 14 9686 15 9720 14 9820 15 10000 14 10100 15 10146 14 10246 15 10292 14 10392 15 10457 14 10557 15 10671 14 10771 15 10909 14 11009 22 11409 2 12409
1775051572 257 5 2 0 1000 100 0 0 1.00 1.00 1 245 69 2 1 0 0 0 0 0 0 255 8 0 0 20 250 3 256 1 300 16 550 5 1550 8 6550 2 6560
1775051586 258 5 2 1 1000 100 0 0 1.00 -1.00 0 246 69 2 1 0 0 0 0 0 0 255 68 0 0 20 250 3 256 1 300 16 550 6 927 7 977 14 1727 15 1805 14 1905 15 1947 14 2047 15 2104 14 2204 15 2304 14 2404 15 2442 14 2542 15 2791 14 2891 15 2956 14 3056 15 3140 14 3240 15 3335 14 3435 15 3515 14 3615 15 3715 14 3815 15 3864 14 3964 15 4029 14 4129 15 4221 14 4321 15 4401 14 4501 15 4574 14 4674 15 4735 14 4835 15 5045 14 5145 15 5206 14 5306 15 5394 14 5494 15 5586 14 5686 15 5762 14 5862 15 5962 14 6062 15 6146 14 6246 15 6349 14 6449 15 6575 14 6675 15 6690 14 6790 15 6855 14 6955 15 7047 14 7147 22 7547 2 8547
1775051593 259 5 1 0 1000 100 0 0 -1.00 -1.00 1 246 69 2 1 0 0 0 0 0 0 255 8 0 0 20 250 3 256 1 300 16 550 5 1550 8 6550 2 6560
1775051665 260 5 2 1 1000 100 0 0 1.00 -1.00 0 247 69 2 1 0 0 0 0 0 0 255 51 0 0 23 250 24 408 20 458 3 464 4 508 1 558 16 808 6 833 7 883 14 1633 15 1665 14 1765 15 1815 14 1915 15 1957 14 2057 15 2087 14 2187 15 2233 14 2333 15 2378 14 2478 15 2547 14 2647 15 2689 14 2789 15 2839 14 2939 15 2988 14 3088 15 3149 14 3249 15 3322 14 3422 15 3498 14 3598 15 3659 14 3759 15 3831 14 3931 15 4016 14 4116 15 4173 14 4273 15 4338 14 4438 15 4502 14 4602 22 5002 2 6002
1775051672 261 5 2 1 1000 100 0 0 1.00 1.00 0 248 69 2 1 0 0 0 0 0 0 255 28 0 0 20 250 3 256 1 300 16 550 6 635 7 685 14 1435 15 1701 14 1801 15 1961 14 2061 15 2146 14 2246 15 2307 14 2407 15 2483 14 2583 15 2648 14 2748 15 2824 14 2924 15 3024 14 3124 22 3524 12 4101 22 4201 2 5201
1775051679 262 5 1 1 1000 100 0 0 -1.00 -1.00 0 249 70 2 1 0 0 0 0 0 0 255 32 0 0 20 250 3 256 1 300 16 550 6 825 7 875 14 1625 15 1676 14 1776 15 1826 14 1926 15 1979 14 2079 15 2117 14 2217 15 2282 14 2382 15 2451 14 2551 15 2589 14 2689 15 2800 14 2900 15 2992 14 3092 15 3160 14 3260 15 3341 14 3441 22 3841 2 4841
1775051688 263 5 1 1 1000 100 0 0 -1.00 1.00 0 250 70 2 1 0 0 0 0 0 0 255 28 0 0 20 250 3 256 1 300 16 550 6 977 7 1027 14 1777 15 1840 14 1940 15 1993 14 2093 15 2173 14 2273 15 2334 14 2434 15 2496 14 2596 15 2676 14 2776 15 2848 14 2948 15 3048 14 3148 15 3236 14 3336 22 3736 2 4736
1775053161 264 6 1 3 1000 100 1 0 -1.00 -0.50 0 0 0 2 1 1 0 0 0 0 0 255 8 0 0 23 250 24 422 20 472 3 478 1 522 11 694 2 894
1775053169 265 6 1 1 1000 100 0 0 -1.00 -1.00 0 1 100 2 1 1 0 0 0 0 0 255 34 0 0 20 250 3 256 1 300 16 550 6 892 7 942 14 1692 15 1743 14 1843 15 1877 14 1977 15 2015 14 2115 15 2165 14 2265 15 2303 14 2403 15 2429 14 2529 15 2602 14 2702 15 2743 14 2843 15 2908 14 3008 15 3050 14 3150 15 3196 14 3296 15 3338 14 3438 22 3838 2 4838
1775053178 266 6 2 1 1000 100 0 0 1.00 -1.00 0 2 99 2 1 1 0 0 0 0 0 255 16 0 0 20 250 3 256 1 300 16 550 6 640 7 690 14 1440 15 1511 14 1611 15 1656 14 1756 15 1817 14 1917 22 2317 2 3317
1775054497 267 6 2 3 1000 100 1 0 1.00 -1.00 0 2 99 2 1 1 0 0 0 0 0 255 8 0 0 23 250 24 399 20 449 3 455 1 499 11 682 2 882
1775054510 268 6 2 1 1000 100 0 0 1.00 1.00 0 3 100 2 1 1 0 0 0 0 0 255 62 0 0 20 250 3 256 1 300 16 550 6 633 7 683 14 1433 15 1522 14 1622 15 1645 14 1745 15 1806 14 1906 15 1936 14 2036 15 2062 14 2162 15 2189 14 2289 15 2323 14 2423 15 2453 14 2553 15 2599 14 2699 15 2729 14 2829 15 2864 14 2964 15 2998 14 3098 15 3136 14 3236 15 3278 14 3378 15 3408 14 3508 15 3550 14 3650 15 3676 14 3776 15 3806 14 3906 15 3960 14 4060 15 4067 14 4167 15 4201 14 4301 15 4339 14 4439 15 4485 14 4585 15 4627 14 4727 15 4765 14 4865 15 4926 14 5026 22 5426 2 6426
1775054517 269 6 1 1 1000 100 0 0 -1.00 0.00 0 4 100 2 1 1 0 0 0 0 0 255 48 0 0 20 250 3 256 1 300 16 550 6 562 7 612 14 1362 15 1375 14 1475 15 1498 14 1598 15 1624 14 1724 15 1762 14 1862 15 1897 14 1997 15 2042 14 2142 15 2173 14 2273 15 2314 14 2414 15 2445 14 2545 15 2583 14 2683 15 2717 14 2817 15 2847 14 2947 15 2970 14 3070 15 3116 14 3216 15 3261 14 3361 15 3411 14 3511 15 3568 14 3668 15 3748 14 3848 15 3917 14 4017 22 4417 2 5417
1775054522 270 6 2 1 1000 100 0 0 1.00 1.00 0 5 100 2 1 1 0 0 0 0 0 255 38 0 0 20 250 3 256 1 300 16 550 6 604 7 654 14 1404 15 1413 14 1513 15 1547 14 1647 15 1674 14 1774 15 1796 14 1896 15 1938 14 2038 15 2057 14 2157 15 2195 14 2295 15 2326 14 2426 15 2464 14 2564 15 2613 14 2713 15 2759 14 2859 15 2908 14 3008 15 3073 14 3173 15 3223 14 3323 22 3723 2 4723
1775054529 271 6 1 1 1000 100 0 0 -1.00 0.50 0 6 99 2 1 1 0 0 0 0 0 255 42 0 0 25 70 0 301 20 551 3 557 1 601 16 851 6 926 7 976 14 1726 15 1762 14 1862 15 1889 14 1989 15 2030 14 2130 15 2195 14 2295 15 2341 14 2441 15 2487 14 2587 15 2644 14 2744 15 2778 14 2878 15 2951 14 3051 15 3104 14 3204 15 3250 14 3350 15 3403 14 3503 15 3549 14 3649 15 3702 14 3802 15 3871 14 3971 22 4371 2 5371
1775054540 272 6 2 2 1000 100 0 0 1.00 -1.00 0 7 85 2 1 1 0 0 0 0 0 255 9 0 0 20 250 3 256 1 300 16 550 9 708 13 1208 22 9208 2 10208
1775054647 273 6 2 3 1000 100 1 0 1.00 1.00 0 7 85 2 1 1 0 0 0 0 0 255 8 0 0 23 250 24 403 20 453 3 459 1 503 11 606 2 806
1775054658 274 6 2 2 1000 100 0 0 1.00 0.00 0 8 74 2 1 1 0 0 0 0 0 255 9 0 0 20 250 3 256 1 300 16 550 9 626 13 1126 22 9126 2 10126
1775055797 275 6 1 1 1000 100 0 0 -1.00 -1.00 0 9 77 2 1 1 0 0 0 0 0 255 128 0 0 23 250 24 407 20 457 3 463 1 507 16 757 6 1043 7 1093 14 1843 15 1848 14 1948 15 1971 14 2071 15 2097 14 2197 15 2235 14 2335 15 2365 14 2465 15 2499 14 2599 15 2622 14 2722 15 2760 14 2860 15 2894 14 2994 15 3021 14 3121 15 3155 14 3255 15 3270 14 3370 15 3400 14 3500 15 3538 14 3638 15 3703 14 3803 15 3875 14 3975 15 4006 14 4106 15 4132 14 4232 15 4263 14 4363 15 4401 14 4501 15 4531 14 4631 15 4700 14 4800 15 4876 14 4976 15 5006 14 5106 15 5140 14 5240 15 5298 14 5398 15 5424 14 5524 15 5719 14 5819 15 5850 14 5950 15 5995 14 6095 15 6129 14 6229 15 6290 14 6390 15 6428 14 6528 15 6566 14 6666 15 6697 14 6797 15 6858 14 6958 15 7026 14 7126 15 7141 14 7241 15 7295 14 7395 15 7421 14 7521 15 7567 14 7667 15 7724 14 7824 15 7858 14 7958 15 8000 14 8100 15 8165 14 8265 15 8314 14 8414 15 8518 14 8618 15 8698 14 8798 15 8855 14 8955 15 8997 14 9097 15 9146 14 9246 15 9303 14 9403 15 9464 14 9564 15 9637 14 9737 15 9786 14 9886 15 9978 14 10078 15 10124 14 10224 15 10300 14 10400 22 10800 2 11800
1775055805 276 6 1 1 1000 100 0 0 -1.00 -1.00 0 10 79 2 1 1 0 0 0 0 0 255 48 0 0 25 230 0 1657 20 1907 3 1913 1 1957 16 2207 6 2356 7 2406 14 3156 22 3556 12 3640 22 3740 12 3759 22 3859 12 3989 22 4089 12 4116 22 4216 12 4269 22 4369 12 4380 22 4480 12 4511 22 4611 12 4622 22 4722 12 4767 22 4867 12 4936 22 5036 12 5074 22 5174 12 5227 22 5327 12 5373 22 5473 12 5542 22 5642 12 5699 22 5799 12 5860 22 5960 12 6044 22 6144 12 6293 22 6393 2 7393
1775055816 277 6 1 1 1000 100 0 0 -1.00 -1.00 0 11 81 2 1 1 0 0 0 0 0 255 94 0 0 20 250 3 256 1 300 16 550 6 615 7 665 14 1415 15 1634 14 1734 15 1761 14 1861 15 1914 14 2014 15 2068 14 2168 15 2221 14 2321 15 2363 14 2463 15 2501 14 2601 15 2666 14 2766 15 2811 14 2911 15 2976 14 3076 15 3118 14 3218 15 3279 14 3379 15 3417 14 3517 15 3547 14 3647 15 3716 14 3816 15 3877 14 3977 15 4030 14 4130 15 4325 14 4425 15 4448 14 4548 15 4609 14 4709 15 4808 14 4908 15 4954 14 5054 15 5104 14 5204 15 5284 14 5384 15 5445 14 5545 15 5652 14 5752 15 5840 14 5940 15 6177 14 6277 15 6323 14 6423 15 6499 14 6599 15 6641 14 6741 15 6802 14 6902 15 6974 14 7074 15 7124 14 7224 15 7266 14 7366 15 7434 14 7534 15 7561 14 7661 15 7733 14 7833 15 7891 14 7991 15 8063 14 8163 15 8232 14 8332 15 8424 14 8524 22 8924 2 9924
1775055821 278 6 1 1 1000 100 0 0 -1.00 1.00 0 12 83 2 1 1 0 0 0 0 0 255 34 0 0 20 250 3 256 1 300 16 550 6 779 7 829 14 1579 15 1645 14 1745 15 1806 14 1906 15 1956 14 2056 15 2101 14 2201 15 2262 14 2362 15 2446 14 2546 15 2611 14 2711 15 2776 14 2876 15 2941 14 3041 15 3321 14 3421 15 3512 14 3612 15 3673 14 3773 22 4173 2 5173
1775055832 279 6 2 2 1000 100 0 0 1.00 -1.00 0 13 76 2 1 1 0 0 0 0 0 255 9 0 0 20 250 3 256 1 300 16 550 9 636 13 1136 22 9136 2 10136
1775056050 280 6 2 1 1000 100 0 0 1.00 0.50 0 14 78 2 1 1 0 0 0 0 0 255 64 0 0 23 250 24 399 20 449 3 455 1 499 16 749 6 805 7 855 14 1605 15 1683 14 1783 15 1801 14 1901 15 1932 14 2032 15 2062 14 2162 15 2188 14 2288 15 2326 14 2426 15 2472 14 2572 15 2602 14 2702 15 2748 14 2848 15 2871 14 2971 15 3131 14 3231 15 3239 14 3339 15 3369 14 3469 15 3503 14 3603 15 3630 14 3730 15 3767 14 3867 15 3913 14 4013 15 4043 14 4143 15 4185 14 4285 15 4312 14 4412 15 4427 14 4527 15 4542 14 4642 15 4676 14 4776 15 4833 14 4933 15 5005 14 5105 15 5186 14 5286 22 5686 2 6686
1775056069 281 6 2 2 1000 100 0 0 1.00 0.00 0 15 73 2 1 1 0 0 0 0 0 255 9 0 0 20 250 3 256 1 300 16 550 9 878 13 1378 22 9378 2 10378
1775056740 282 6 2 1 1000 100 0 0 1.00 0.00 0 16 74 2 1 1 0 0 0 0 0 255 22 0 0 23 250 24 402 20 452 3 458 1 502 16 752 6 762 7 812 14 1562 15 1671 14 1771 15 1816 14 1916 15 1973 14 2073 15 2119 14 2219 15 2276 14 2376 22 2776 2 3776
1775056747 283 6 1 1 1000 100 0 0 -1.00 0.00 0 17 76 2 1 1 0 0 0 0 0 255 28 0 0 20 250 3 256 1 300 16 550 6 610 7 660 14 1410 15 1510 14 1610 15 1641 14 1741 15 1771 14 1871 15 1913 14 2013 15 2077 14 2177 15 2238 14 2338 15 2407 14 2507 15 2553 14 2653 15 2721 14 2821 22 3221 2 4221
1775056755 284 6 1 1 1000 100 0 0 -1.00 -1.00 0 18 77 2 1 1 0 0 0 0 0 255 76 0 0 20 250 3 256 1 300 16 550 6 696 7 746 14 1496 15 1505 14 1605 15 1631 14 1731 15 1765 14 1865 15 1896 14 1996 15 2030 14 2130 15 2149 14 2249 15 2314 14 2414 15 2432 14 2532 15 2555 14 2655 15 2693 14 2793 15 2831 14 2931 15 2961 14 3061 15 3107 14 3207 15 3256 14 3356 15 3371 14 3471 15 3486 14 3586 15 3605 14 3705 15 3782 14 3882 15 3920 14 4020 15 4054 14 4154 15 4199 14 4299 15 4326 14 4426 15 4452 14 4552 15 4640 14 4740 15 4778 14 4878 15 4928 14 5028 15 5092 14 5192 15 5242 14 5342 15 5414 14 5514 15 5610 14 5710 15 5763 14 5863 15 5951 14 6051 15 6101 14 6201 22 6601 2 7601
1775056766 285 6 1 2 1000 100 0 0 -1.00 1.00 0 19 73 2 1 1 0 0 0 0 0 255 9 0 0 20 250 3 256 1 300 16 550 9 833 13 1333 22 9333 2 10333
1775056778 286 6 2 2 1000 100 0 0 1.00 -1.00 0 20 69 2 1 1 0 0 0 0 0 255 9 0 0 20 250 3 256 1 300 16 550 9 889 13 1389 22 9389 2 10389
1775056818 287 6 2 2 1000 100 0 0 1.00 1.00 0 21 66 2 1 1 0 0 0 0 0 255 11 0 0 25 136 0 459 20 709 3 715 1 759 16 1009 9 1126 13 1626 22 9626 2 10626
1775057813 288 6 1 3 1000 100 1 0 -1.00 0.50 0 21 66 2 1 1 0 0 0 0 0 255 8 0 0 23 250 24 411 20 461 3 467 1 511 11 706 2 906
1775057820 289 6 1 1 1000 100 0 0 -1.00 0.50 0 22 67 2 1 1 0 0 0 0 0 255 52 0 0 20 250 3 256 1 300 16 550 6 869 7 919 14 1669 15 1686 14 1786 15 1808 14 1908 15 1935 14 2035 15 2065 14 2165 15 2203 14 2303 15 2345 14 2445 15 2483 14 2583 15 2617 14 2717 15 2759 14 2859 15 2912 14 3012 15 3031 14 3131 15 3204 14 3304 15 3319 14 3419 15 3506 14 3606 15 3641 14 3741 15 3763 14 3863 15 3916 14 4016 15 4097 14 4197 15 4265 14 4365 15 4430 14 4530 15 4595 14 4695 22 5095 2 6095
1775057931 290 6 2 1 1000 100 0 0 1.00 -0.50 0 23 69 2 1 1 0 0 0 0 0 255 16 0 0 23 250 24 408 20 458 3 464 1 508 16 758 6 895 7 945 14 1695 15 1834 14 1934 15 1995 14 2095 22 2495 2 3495
1775057942 291 6 2 1 1000 100 0 0 1.00 -1.00 0 24 70 2 1 1 0 0 0 0 0 255 78 0 0 20 250 3 256 1 300 16 550 6 646 7 696 14 1446 15 1513 14 1613 15 1662 14 1762 15 1796 14 1896 15 1927 14 2027 15 2057 14 2157 15 2206 14 2306 15 2348 14 2448 15 2494 14 2594 15 2643 14 2743 15 2808 14 2908 15 2954 14 3054 15 3107 14 3207 15 3253 14 3353 15 3418 14 3518 15 3579 14 3679 15 3736 14 3836 15 3882 14 3982 15 4039 14 4139 15 4208 14 4308 15 4349 14 4449 15 4660 14 4760 15 4813 14 4913 15 4970 14 5070 15 5139 14 5239 15 5281 14 5381 15 5453 14 5553 15 5618 14 5718 15 5787 14 5887 15 5960 14 6060 15 6128 14 6228 15 6278 14 6378 15 6450 14 6550 15 6638 14 6738 15 6826 14 6926 22 7326 2 8326
1775059248 292 6 1 1 1000 100 0 0 -1.00 -0.50 0 25 71 2 1 1 0 0 0 0 0 255 14 0 0 23 250 24 414 20 464 3 470 1 514 16 764 6 885 7 935 14 1685 15 1709 14 1809 22 2209 2 3209
1775059364 293 6 2 3 1000 100 1 0 1.00 -1.00 0 25 71 2 1 1 0 0 0 0 0 255 8 0 0 23 250 24 405 20 455 3 461 1 505 11 627 2 827
1775059372 294 6 2 0 1000 100 0 0 1.00 0.50 1 25 71 2 1 1 0 0 0 0 0 255 8 0 0 20 250 3 256 1 300 16 550 5 1550 8 6550 2 6560
1775059385 295 6 1 2 1000 100 0 0 -1.00 -1.00 0 26 69 2 1 1 0 0 0 0 0 255 11 0 0 25 136 0 179 20 429 3 435 1 479 16 729 9 1207 13 1707 22 9707 2 10707
1775059397 296 6 1 0 1000 100 0 0 -1.00 -0.50 1 26 69 2 1 1 0 0 0 0 0 255 8 0 0 20 250 3 256 1 300 16 550 5 1550 8 6550 2 6560
1775060396 297 6 2 2 1000 100 0 0 1.00 -0.50 0 27 66 2 1 1 0 0 0 0 0 255 11 0 0 23 250 24 404 20 454 3 460 1 504 16 754 9 1021 13 1521 22 9521 2 10521
1775060403 298 6 1 1 1000 100 0 0 -1.00 -1.00 0 28 67 2 1 1 0 0 0 0 0 255 56 0 0 20 250 3 256 1 300 16 550 6 636 7 686 14 1436 15 1506 14 1606 15 1624 14 1724 15 1751 14 1851 15 1870 14 1970 15 1989 14 2089 15 2115 14 2215 15 2234 14 2334 15 2360 14 2460 15 2475 14 2575 15 2606 14 2706 15 2713 14 2813 15 2843 14 2943 15 2962 14 3062 15 3065 14 3165 15 3207 14 3307 15 3341 14 3441 15 3456 14 3556 15 3590 14 3690 15 3728 14 3828 15 3878 14 3978 15 4020 14 4120 15 4181 14 4281 15 4326 14 4426 22 4826 2 5826
1775060415 299 6 1 2 1000 100 0 0 -1.00 1.00 0 29 65 2 1 1 0 0 0 0 0 255 9 0 0 20 250 3 256 1 300 16 550 9 758 13 1258 22 9258 2 10258
1775060484 300 6 1 2 1000 100 0 0 -1.00 1.00 0 30 63 2 1 1 0 0 0 0 0 255 11 0 0 23 250 24 424 20 474 3 480 1 524 16 774 9 826 13 1326 22 9326 2 10326
1775060814 301 6 2 3 1000 100 1 0 1.00 0.00 0 30 63 2 1 1 0 0 0 0 0 255 8 0 0 23 250 24 400 20 450 3 456 1 500 11 729 2 929
1775060824 302 6 2 2 1000 100 0 0 1.00 0.00 0 31 60 2 1 1 0 0 0 0 0 255 9 0 0 20 250 3 256 1 300 16 550 9 597 13 1097 22 9097 2 10097
1775060839 303 6 1 1 1000 100 0 0 -1.00 -0.50 0 32 62 2 1 1 0 0 0 0 0 255 92 0 0 20 250 3 256 1 300 16 550 6 587 7 637 14 1387 15 1404 14 1504 15 1530 14 1630 15 1668 14 1768 15 1791 14 1891 15 1910 14 2010 15 2028 14 2128 15 2147 14 2247 15 2281 14 2381 15 2412 14 2512 15 2557 14 2657 15 2669 14 2769 15 2787 14 2887 15 2929 14 3029 15 3060 14 3160 15 3175 14 3275 15 3320 14 3420 15 3431 14 3531 15 3558 14 3658 15 3711 14 3811 15 3838 14 3938 15 3957 14 4057 15 4087 14 4187 15 4198 14 4298 15 4375 14 4475 15 4536 14 4636 15 4700 14 4800 15 4861 14 4961 15 4995 14 5095 15 5126 14 5226 15 5252 14 5352 15 5394 14 5494 15 5536 14 5636 15 5670 14 5770 15 5816 14 5916 15 5954 14 6054 15 6084 14 6184 15 6234 14 6334 15 6395 14 6495 15 6567 14 6667 15 6697 14 6797 15 6839 14 6939 22 7339 2 8339
1775060840 304 6 2 3 1000 100 1 0 1.00 -1.00 0 32 62 2 1 1 0 0 0 0 0 255 6 0 0 20 250 3 256 1 300 11 514 2 714
1775060845 305 6 2 1 1000 100 0 0 1.00 1.00 0 33 63 2 1 1 0 0 0 0 0 255 30 0 0 20 250 3 256 1 300 16 550 6 569 7 619 14 1369 15 1370 14 1470 15 1481 14 1581 15 1604 14 1704 15 1765 14 1865 15 1895 14 1995 15 2014 14 2114 15 2156 14 2256 15 2290 14 2390 15 2405 14 2505 15 2554 14 2654 22 3054 2 4054
1775061320 306 6 1 3 1000 100 1 0 -1.00 0.50 0 33 63 2 1 1 0 0 0 0 0 255 8 0 0 23 250 24 417 20 467 3 473 1 517 11 731 2 931
1775061324 307 6 2 1 1000 100 0 0 1.00 -0.50 0 34 64 2 1 1 0 0 0 0 0 255 18 0 0 20 250 3 256 1 300 16 550 6 596 7 646 14 1396 15 1489 14 1589 15 1643 14 1743 15 1842 14 1942 15 1984 14 2084 22 2484 2 3484
1775061332 308 6 1 1 1000 100 0 0 -1.00 -0.50 0 35 65 2 1 1 0 0 0 0 0 255 60 0 0 20 250 3 256 1 300 16 550 6 626 7 676 14 1426 15 1516 14 1616 15 1630 14 1730 15 1745 14 1845 15 1872 14 1972 15 1991 14 2091 15 2121 14 2221 15 2244 14 2344 15 2359 14 2459 15 2481 14 2581 15 2611 14 2711 15 2730 14 2830 15 2861 14 2961 15 2975 14 3075 15 3098 14 3198 15 3221 14 3321 15 3378 14 3478 15 3500 14 3600 15 3631 14 3731 15 3761 14 3861 15 3918 14 4018 15 4060 14 4160 15 4213 14 4313 15 4370 14 4470 15 4516 14 4616 15 4677 14 4777 22 5177 2 6177
1775061336 309 6 2 3 1000 100 1 0 1.00 1.00 0 35 65 2 1 1 0 0 0 0 0 255 12 0 0 25 194 0 291 25 368 0 449 25 578 0 814 20 1064 3 1070 1 1114 11 1352 2 1552
1775061347 310 6 2 2 1000 100 0 0 1.00 -1.00 0 36 63 2 1 1 0 0 0 0 0 255 9 0 0 20 250 3 256 1 300 16 550 9 624 13 1124 22 9124 2 10124
1775061979 311 6 1 3 1000 100 1 0 -1.00 1.00 0 36 63 2 1 1 0 0 0 0 0 255 8 0 0 23 250 24 408 20 458 3 464 1 508 11 638 2 838
1775061985 312 6 1 1 1000 100 0 0 -1.00 0.50 0 37 64 2 1 1 0 0 0 0 0 255 34 0 0 20 250 3 256 1 300 16 550 6 784 7 834 14 1584 15 1689 14 1789 15 1819 14 1919 15 1941 14 2041 15 2056 14 2156 15 2194 14 2294 15 2325 14 2425 15 2440 14 2540 15 2562 14 2662 15 2708 14 2808 15 2877 14 2977 15 3018 14 3118 15 3168 14 3268 22 3668 2 4668
1775061996 313 6 2 2 1000 100 0 0 1.00 -0.50 0 38 62 2 1 1 0 0 0 0 0 255 9 0 0 20 250 3 256 1 300 16 550 9 770 13 1270 22 9270 2 10270
1775062000 314 6 1 1 1000 100 0 0 -1.00 -0.50 0 39 63 2 1 1 0 0 0 0 0 255 24 0 0 20 250 3 256 1 300 16 550 6 614 7 664 14 1414 15 1445 14 1545 15 1572 14 1672 15 1683 14 1783 15 1833 14 1933 15 2001 14 2101 15 2174 14 2274 15 2331 14 2431 22 2831 2 3831
1775062009 315 6 1 1 1000 100 0 0 -1.00 0.50 0 40 64 2 1 1 0 0 0 0 0 255 88 0 0 20 250 3 256 1 300 16 550 6 736 7 786 14 1536 15 1556 14 1656 15 1671 14 1771 15 1797 14 1897 15 1912 14 2012 15 2043 14 2143 15 2173 14 2273 15 2292 14 2392 15 2411 14 2511 15 2576 14 2676 15 2694 14 2794 15 2798 14 2898 15 3097 14 3197 15 3243 14 3343 15 3365 14 3465 15 3495 14 3595 15 3622 14 3722 15 3756 14 3856 15 3879 14 3979 15 4001 14 4101 15 4147 14 4247 15 4296 14 4396 15 4431 14 4531 15 4534 14 4634 15 4837 14 4937 15 4963 14 5063 15 5067 14 5167 15 5228 14 5328 15 5373 14 5473 15 5527 14 5627 15 5668 14 5768 15 5806 14 5906 15 5948 14 6048 15 6113 14 6213 15 6274 14 6374 15 6400 14 6500 15 6527 14 6627 15 6822 14 6922 15 6968 14 7068 15 7136 14 7236 22 7636 2 8636
1775062015 316 6 1 1 1000 100 0 0 -1.00 0.50 0 41 65 2 1 1 0 0 0 0 0 255 40 0 0 20 250 3 256 1 300 16 550 6 678 7 728 14 1478 15 1490 14 1590 15 1598 14 1698 15 1747 14 1847 15 1874 14 1974 15 1996 14 2096 15 2303 14 2403 15 2441 14 2541 15 2583 14 2683 15 2736 14 2836 15 2874 14 2974 15 3012 14 3112 15 3142 14 3242 15 3292 14 3392 15 3445 14 3545 15 3625 14 3725 22 4125 2 5125
1775062023 317 6 2 1 1000 100 0 0 1.00 0.50 0 42 66 2 1 1 0 0 0 0 0 255 78 0 0 20 250 3 256 1 300 16 550 6 826 7 876 14 1626 15 1662 14 1762 15 1784 14 1884 15 1911 14 2011 15 2072 14 2172 15 2206 14 2306 15 2321 14 2421 15 2444 14 2544 15 2570 14 2670 15 2681 14 2781 15 2812 14 2912 15 2919 14 3019 15 3061 14 3161 15 3183 14 3283 15 3306 14 3406 15 3429 14 3529 15 3548 14 3648 15 3674 14 3774 15 3935 14 4035 15 4050 14 4150 15 4172 14 4272 15 4295 14 4395 15 4418 14 4518 15 4552 14 4652 15 4675 14 4775 15 4843 14 4943 15 4997 14 5097 15 5150 14 5250 15 5303 14 5403 15 5453 14 5553 15 5614 14 5714 15 5763 14 5863 15 5905 14 6005 15 6062 14 6162 15 6227 14 6327 22 6727 2 7727
1775062029 318 6 1 1 1000 100 0 0 -1.00 1.00 0 43 67 2 1 1 0 0 0 0 0 255 54 0 0 20 250 3 256 1 300 16 550 6 686 7 736 14 1486 15 1521 14 1621 15 1659 14 1759 15 1809 14 1909 15 1947 14 2047 15 2081 14 2181 15 2215 14 2315 15 2349 14 2449 15 2483 14 2583 15 2629 14 2729 15 2767 14 2867 15 2920 14 3020 15 3031 14 3131 15 3169 14 3269 15 3319 14 3419 15 3472 14 3572 15 3606 14 3706 15 3756 14 3856 15 3909 14 4009 15 4062 14 4162 15 4216 14 4316 15 4369 14 4469 15 4530 14 4630 22 5030 2 6030
1775062039 319 6 2 2 1000 100 0 0 1.00 -1.00 0 44 65 2 1 1 0 0 0 0 0 255 9 0 0 20 250 3 256 1 300 16 550 9 721 13 1221 22 9221 2 10221
1775062047 320 6 1 1 1000 100 0 0 -1.00 -0.50 0 45 66 2 1 1 0 0 0 0 0 255 70 0 0 20 250 3 256 1 300 16 550 6 616 7 666 14 1416 15 1540 14 1640 15 1670 14 1770 15 1804 14 1904 15 1946 14 2046 15 2095 14 2195 15 2218 14 2318 15 2364 14 2464 15 2490 14 2590 15 2609 14 2709 15 2724 14 2824 15 2847 14 2947 15 3019 14 3119 15 3169 14 3269 15 3299 14 3399 15 3541 14 3641 15 3659 14 3759 15 3797 14 3897 15 3943 14 4043 15 4223 14 4323 15 4372 14 4472 15 4522 14 4622 15 4671 14 4771 15 4806 14 4906 15 4959 14 5059 15 5112 14 5212 15 5262 14 5362 15 5426 14 5526 15 5587 14 5687 15 5768 14 5868 15 5936 14 6036 22 6436 2 7436
1775062054 321 6 1 1 1000 100 0 0 -1.00 -0.50 0 46 67 2 1 1 0 0 0 0 0 255 52 0 0 20 250 3 256 1 300 16 550 6 610 7 660 14 1410 15 1427 14 1527 15 1553 14 1653 15 1680 14 1780 15 1802 14 1902 15 1936 14 2036 15 2097 14 2197 15 2220 14 2320 15 2347 14 2447 15 2496 14 2596 15 2623 14 2723 15 2749 14 2849 15 2895 14 2995 15 3060 14 3160 15 3209 14 3309 15 3347 14 3447 15 3489 14 3589 15 3646 14 3746 15 3803 14 3903 15 3945 14 4045 15 4129 14 4229 15 4290 14 4390 22 4790 2 5790
1775062060 322 6 2 1 1000 100 0 0 1.00 1.00 0 47 68 2 1 1 0 0 0 0 0 255 58 0 0 20 250 3 256 1 300 16 550 6 722 7 772 14 1522 15 1581 14 1681 15 1788 14 1888 15 2029 14 2129 15 2152 14 2252 15 2279 14 2379 15 2405 14 2505 15 2509 14 2609 15 2647 14 2747 15 2781 14 2881 15 2915 14 3015 15 3072 14 3172 15 3210 14 3310 15 3459 14 3559 15 3628 14 3728 15 3770 14 3870 15 3908 14 4008 15 4011 14 4111 15 4157 14 4257 15 4310 14 4410 15 4467 14 4567 15 4617 14 4717 15 4782 14 4882 15 4924 14 5024 15 5084 14 5184 22 5584 2 6584
1775062066 323 6 1 1 1000 100 0 0 -1.00 -0.50 0 48 68 2 1 1 0 0 0 0 0 255 40 0 0 20 250 3 256 1 300 16 550 6 658 7 708 14 1458 15 1467 14 1567 15 1601 14 1701 15 1732 14 1832 15 1877 14 1977 15 2012 14 2112 15 2161 14 2261 15 2299 14 2399 15 2433 14 2533 15 2583 14 2683 15 2736 14 2836 15 2885 14 2985 15 3023 14 3123 15 3192 14 3292 15 3334 14 3434 15 3491 14 3591 22 3991 2 4991
1775062072 324 6 2 1 1000 100 0 0 1.00 1.00 0 49 69 2 1 1 0 0 0 0 0 255 48 0 0 20 250 3 256 1 300 16 550 6 640 7 690 14 1440 15 1460 14 1560 15 1594 14 1694 15 1724 14 1824 15 1977 14 2077 15 2096 14 2196 15 2234 14 2334 15 2349 14 2449 15 2468 14 2568 15 2602 14 2702 15 2721 14 2821 15 2851 14 2951 15 3005 14 3105 15 3147 14 3247 15 3288 14 3388 15 3438 14 3538 15 3576 14 3676 15 3729 14 3829 15 3879 14 3979 15 4024 14 4124 22 4524 2 5524
1775062080 325 6 2 1 1000 100 0 0 1.00 1.00 0 50 70 2 1 1 0 0 0 0 0 255 68 0 0 20 250 3 256 1 300 16 550 6 695 7 745 14 1495 15 1615 14 1715 15 1734 14 1834 15 1864 14 1964 15 1994 14 2094 15 2125 14 2225 15 2290 14 2390 15 2416 14 2516 15 2543 14 2643 15 2677 14 2777 15 2819 14 2919 15 3075 14 3175 15 3202 14 3302 15 3317 14 3417 15 3462 14 3562 15 3593 14 3693 15 3696 14 3796 15 3842 14 3942 15 3976 14 4076 15 4118 14 4218 15 4264 14 4364 15 4398 14 4498 15 4589 14 4689 15 4720 14 4820 15 4865 14 4965 15 5022 14 5122 15 5183 14 5283 15 5348 14 5448 15 5505 14 5605 15 5678 14 5778 22 6178 2 7178
1775062085 326 6 1 1 1000 100 0 0 -1.00 -0.50 0 51 70 2 1 1 0 0 0 0 0 255 30 0 0 20 250 3 256 1 300 16 550 6 680 7 730 14 1480 15 1534 14 1634 15 1672 14 1772 15 1830 14 1930 15 1968 14 2068 15 2121 14 2221 15 2267 14 2367 15 2412 14 2512 15 2558 14 2658 15 2696 14 2796 15 2895 14 2995 22 3395 2 4395
1775062091 327 6 1 1 1000 100 0 0 -1.00 0.50 0 52 71 2 1 1 0 0 0 0 0 255 42 0 0 20 250 3 256 1 300 16 550 6 686 7 736 14 1486 15 1503 14 1603 15 1625 14 1725 15 1748 14 1848 15 1894 14 1994 15 2055 14 2155 15 2189 14 2289 15 2354 14 2454 15 2472 14 2572 15 2614 14 2714 15 2764 14 2864 15 2921 14 3021 15 3055 14 3155 15 3220 14 3320 15 3366 14 3466 15 3515 14 3615 15 3668 14 3768 22 4168 2 5168
1775062097 328 6 2 1 1000 100 0 0 1.00 0.50 0 53 71 2 1 1 0 0 0 0 0 255 58 0 0 20 250 3 256 1 300 16 550 6 675 7 725 14 1475 15 1511 14 1611 15 1652 14 1752 15 1779 14 1879 15 1894 14 1994 15 2017 14 2117 15 2143 14 2243 15 2273 14 2373 15 2408 14 2508 15 2542 14 2642 15 2687 14 2787 15 2818 14 2918 15 2940 14 3040 15 3124 14 3224 15 3274 14 3374 15 3423 14 3523 15 3573 14 3673 15 3753 14 3853 15 3918 14 4018 15 4063 14 4163 15 4217 14 4317 15 4389 14 4489 15 4550 14 4650 15 4711 14 4811 15 4861 14 4961 22 5361 2 6361
1775062102 329 6 1 1 1000 100 0 0 -1.00 0.00 0 54 72 2 1 1 0 0 0 0 0 255 36 0 0 20 250 3 256 1 300 16 550 6 590 7 640 14 1390 15 1407 14 1507 15 1545 14 1645 15 1679 14 1779 15 1813 14 1913 15 1962 14 2062 15 2089 14 2189 15 2227 14 2327 15 2384 14 2484 15 2541 14 2641 15 2691 14 2791 15 2863 14 2963 15 3005 14 3105 15 3174 14 3274 22 3674 2 4674
1775062110 330 6 2 1 1000 100 0 0 1.00 1.00 0 55 72 2 1 1 0 0 0 0 0 255 56 0 0 20 250 3 256 1 300 16 550 6 674 7 724 14 1474 15 1498 14 1598 15 1632 14 1732 15 1770 14 1870 15 1901 14 2001 15 2031 14 2131 15 2165 14 2265 15 2303 14 2403 15 2430 14 2530 15 2663 14 2763 15 2794 14 2894 15 2928 14 3028 15 3070 14 3170 15 3216 14 3316 15 3376 14 3476 15 3522 14 3622 15 3664 14 3764 15 3837 14 3937 15 4017 14 4117 15 4166 14 4266 15 4320 14 4420 15 4484 14 4584 15 4649 14 4749 15 4810 14 4910 22 5310 2 6310
1775062120 331 6 2 2 1000 100 0 0 1.00 -0.50 0 56 71 2 1 1 0 0 0 0 0 255 9 0 0 20 250 3 256 1 300 16 550 9 573 13 1073 22 9073 2 10073
1775062220 332 6 2 3 1000 100 1 0 1.00 0.00 0 56 71 2 1 1 0 0 0 0 0 255 8 0 0 23 250 24 406 20 456 3 462 1 506 11 670 2 870
1775062225 333 6 1 1 1000 100 0 0 -1.00 -0.50 0 57 72 2 1 1 0 0 0 0 0 255 42 0 0 20 250 3 256 1 300 16 550 6 587 7 637 14 1387 15 1480 14 1580 15 1599 14 1699 15 1717 14 1817 15 1844 14 1944 15 1978 14 2078 15 2101 14 2201 15 2227 14 2327 15 2358 14 2458 15 2499 14 2599 15 2637 14 2737 15 2779 14 2879 15 2921 14 3021 15 3055 14 3155 15 3189 14 3289 15 3347 14 3447 15 3500 14 3600 22 4000 2 5000
1775062227 334 6 2 3 1000 100 1 0 1.00 0.00 0 57 72 2 1 1 0 0 0 0 0 255 8 0 0 25 212 0 589 20 839 3 845 1 889 11 1106 2 1306
1775062234 335 6 2 1 1000 100 0 0 1.00 0.00 0 58 72 2 1 1 0 0 0 0 0 255 64 0 0 20 250 3 256 1 300 16 550 6 674 7 724 14 1474 15 1579 14 1679 15 1701 14 1801 15 1824 14 1924 15 1950 14 2050 15 2085 14 2185 15 2207 14 2307 15 2322 14 2422 15 2449 14 2549 15 2575 14 2675 15 2694 14 2794 15 2813 14 2913 15 2939 14 3039 15 3143 14 3243 15 3273 14 3373 15 3396 14 3496 15 3507 14 3607 15 3626 14 3726 15 3756 14 3856 15 3890 14 3990 15 4020 14 4120 15 4174 14 4274 15 4316 14 4416 15 4454 14 4554 15 4611 14 4711 15 4760 14 4860 15 4921 14 5021 15 5075 14 5175 22 5575 2 6575
1775062245 336 6 1 2 1000 100 0 0 -1.00 1.00 0 59 71 2 1 1 0 0 0 0 0 255 9 0 0 20 250 3 256 1 300 16 550 9 629 13 1129 22 9129 2 10129
1775062258 337 6 1 2 1000 100 0 0 -1.00 1.00 0 60 70 2 1 1 0 0 0 0 0 255 9 0 0 20 250 3 256 1 300 16 550 9 695 13 1195 22 9195 2 10195
1775062315 338 6 2 1 1000 100 0 0 1.00 1.00 0 61 70 2 1 1 0 0 0 0 0 255 64 0 0 23 250 24 402 20 452 3 458 1 502 16 752 6 785 7 835 14 1585 15 1674 14 1774 15 1782 14 1882 15 1904 14 2004 15 2027 14 2127 15 2150 14 2250 15 2272 14 2372 15 2399 14 2499 15 2548 14 2648 15 2675 14 2775 15 2790 14 2890 15 2939 14 3039 15 3062 14 3162 15 3173 14 3273 15 3292 14 3392 15 3403 14 3503 15 3806 14 3906 15 3944 14 4044 15 4085 14 4185 15 4231 14 4331 15 4369 14 4469 15 4526 14 4626 15 4672 14 4772 15 4818 14 4918 15 4975 14 5075 15 5120 14 5220 15 5301 14 5401 22 5801 2 6801
1775062323 339 6 1 1 1000 100 0 0 -1.00 0.00 0 62 71 2 1 1 0 0 0 0 0 255 76 0 0 20 250 3 256 1 300 16 550 6 607 7 657 14 1407 15 1500 14 1600 15 1623 14 1723 15 1749 14 1849 15 1899 14 1999 15 2033 14 2133 15 2155 14 2255 15 2278 14 2378 15 2397 14 2497 15 2573 14 2673 15 2727 14 2827 15 2876 14 2976 15 3014 14 3114 15 3137 14 3237 15 3282 14 3382 15 3401 14 3501 15 3512 14 3612 15 3631 14 3731 15 3765 14 3865 15 3915 14 4015 15 4064 14 4164 15 4218 14 4318 15 4360 14 4460 15 4498 14 4598 15 4651 14 4751 15 4801 14 4901 15 4939 14 5039 15 5069 14 5169 15 5218 14 5318 15 5364 14 5464 15 5529 14 5629 15 5682 14 5782 15 5859 14 5959 15 6035 14 6135 22 6535 2 7535
1775062325 340 6 1 3 1000 100 1 0 -1.00 -0.50 0 62 71 2 1 1 0 0 0 0 0 255 6 0 0 20 250 3 256 1 300 11 544 2 744
1775062326 341 6 2 3 1000 100 1 0 1.00 -1.00 0 62 71 2 1 1 0 0 0 0 0 255 6 0 0 20 250 3 256 1 300 11 533 2 733
1775062333 342 6 2 0 1000 100 0 0 1.00 1.00 1 62 71 2 1 1 0 0 0 0 0 255 8 0 0 20 250 3 256 1 300 16 550 5 1550 8 6550 2 6560
1775062344 343 6 2 2 1000 100 0 0 1.00 -1.00 0 63 69 2 1 1 0 0 0 0 0 255 9 0 0 20 250 3 256 1 300 16 550 9 825 13 1325 22 9325 2 10325
1775062397 344 6 1 3 1000 100 1 0 -1.00 -0.50 0 63 69 2 1 1 0 0 0 0 0 255 7 0 0 23 250 24 405 20 455 3 461 11 481 2 681
1775062408 345 6 2 2 1000 100 0 0 1.00 -0.50 0 64 68 2 1 1 0 0 0 0 0 255 9 0 0 20 250 3 256 1 300 16 550 9 626 13 1126 22 9126 2 10126
1775062415 346 6 1 0 1000 100 0 0 -1.00 -0.50 1 64 68 2 1 1 0 0 0 0 0 255 8 0 0 20 250 3 256 1 300 16 550 5 1550 8 6550 2 6560
1775062420 347 6 1 1 1000 100 0 0 -1.00 0.00 0 65 69 2 1 1 0 0 0 0 0 255 42 0 0 20 250 3 256 1 300 16 550 6 556 7 606 14 1356 15 1392 14 1492 15 1511 14 1611 15 1626 14 1726 15 1756 14 1856 15 1905 14 2005 15 2063 14 2163 15 2204 14 2304 15 2338 14 2438 15 2492 14 2592 15 2641 14 2741 15 2779 14 2879 15 2940 14 3040 15 3109 14 3209 15 3274 14 3374 15 3439 14 3539 15 3642 14 3742 22 4142 2 5142
1775062427 348 6 1 1 1000 100 0 0 -1.00 0.50 0 66 69 2 1 1 0 0 0 0 0 255 58 0 0 20 250 3 256 1 300 16 550 6 725 7 775 14 1525 15 1603 14 1703 15 1726 14 1826 15 1856 14 1956 15 2005 14 2105 15 2117 14 2217 15 2243 14 2343 15 2389 14 2489 15 2538 14 2638 15 2668 14 2768 15 2822 14 2922 15 2971 14 3071 15 3105 14 3205 15 3232 14 3332 15 3366 14 3466 15 3512 14 3612 15 3665 14 3765 15 3807 14 3907 15 3941 14 4041 15 4091 14 4191 15 4232 14 4332 15 4382 14 4482 15 4524 14 4624 15 4677 14 4777 15 4838 14 4938 22 5338 2 6338
1775062436 349 6 1 1 1000 100 0 0 -1.00 0.00 0 67 70 2 1 1 0 0 0 0 0 255 76 0 0 20 250 3 256 1 300 16 550 6 621 7 671 14 1421 15 1510 14 1610 15 1629 14 1729 15 1774 14 1874 15 1905 14 2005 15 2039 14 2139 15 2158 14 2258 15 2273 14 2373 15 2411 14 2511 15 2537 14 2637 15 2668 14 2768 15 2817 14 2917 15 3085 14 3185 15 3208 14 3308 15 3350 14 3450 15 3488 14 3588 15 3607 14 3707 15 3775 14 3875 15 3917 14 4017 15 4070 14 4170 15 4205 14 4305 15 4350 14 4450 15 4496 14 4596 15 4626 14 4726 15 4787 14 4887 15 4921 14 5021 15 5067 14 5167 15 5193 14 5293 15 5347 14 5447 15 5493 14 5593 15 5654 14 5754 15 5818 14 5918 15 5979 14 6079 15 6133 14 6233 22 6633 2 7633
1775062446 350 6 2 2 1000 100 0 0 1.00 0.00 0 68 69 2 1 1 0 0 0 0 0 255 9 0 0 20 250 3 256 1 300 16 550 9 619 13 1119 22 9119 2 10119
1775062546 351 6 1 3 1000 100 1 0 -1.00 -1.00 0 68 69 2 1 1 0 0 0 0 0 255 7 0 0 23 250 24 399 20 449 3 455 11 460 2 660
1775062560 352 6 2 2 1000 100 0 0 1.00 1.00 0 69 68 2 1 1 0 0 0 0 0 255 17 0 0 20 250 3 256 1 300 16 550 9 560 13 1060 22 9060 12 9362 22 9462 12 10321 22 10421 12 11409 22 11509 12 11677 22 11777 2 12777
1775062576 353 6 2 4 1000 100 0 0 1.00 0.50 0 70 66 2 1 1 0 0 0 0 0 255 14 0 0 25 117 0 619 25 764 0 2327 25 2358 0 2588 25 2666 0 4130 25 4211 0 8944 25 9068 22 14068 2 15068
1775062613 354 6 2 3 1000 100 1 0 1.00 0.50 0 70 66 2 1 1 0 0 0 0 0 255 8 0 0 23 250 24 397 20 447 3 453 1 497 11 677 2 877
1775062624 355 6 2 2 1000 100 0 0 1.00 -0.50 0 71 65 2 1 1 0 0 0 0 0 255 13 0 0 25 168 0 287 25 354 0 756 20 1006 3 1012 1 1056 16 1306 9 1374 13 1874 22 9874 2 10874
1775062843 356 6 2 3 1000 100 1 0 1.00 1.00 0 71 65 2 1 1 0 0 0 0 0 255 8 0 0 23 250 24 414 20 464 3 470 1 514 11 701 2 901
1775062855 357 6 1 2 1000 100 0 0 -1.00 0.50 0 72 64 2 1 1 0 0 0 0 0 255 9 0 0 20 250 3 256 1 300 16 550 9 599 13 1099 22 9099 2 10099
1775063480 358 6 1 2 1000 100 0 0 -1.00 -0.50 0 73 64 2 1 1 0 0 0 0 0 255 11 0 0 23 250 24 417 20 467 3 473 1 517 16 767 9 800 13 1300 22 9300 2 10300
1775063511 359 6 1 1 1000 100 0 0 -1.00 -0.50 0 74 64 2 1 1 0 0 0 0 0 255 80 0 0 20 250 3 256 1 300 16 550 6 588 7 638 14 1388 15 1469 14 1569 15 1592 14 1692 15 1715 14 1815 15 1841 14 1941 15 1964 14 2064 15 2083 14 2183 15 2205 14 2305 15 2324 14 2424 15 2477 14 2577 15 2596 14 2696 15 2723 14 2823 15 2841 14 2941 15 2960 14 3060 15 3079 14 3179 15 3209 14 3309 15 3355 14 3455 15 3493 14 3593 15 3608 14 3708 15 3746 14 3846 15 3895 14 3995 15 4072 14 4172 15 4198 14 4298 15 4374 14 4474 15 4543 14 4643 15 4708 14 4808 15 4869 14 4969 15 5033 14 5133 15 5164 14 5264 15 5309 14 5409 15 5467 14 5567 15 5597 14 5697 15 5746 14 5846 15 5888 14 5988 15 6064 14 6164 15 6210 14 6310 22 6710 2 7710
1775063521 360 6 2 2 1000 100 0 0 1.00 -1.00 0 75 63 2 1 1 0 0 0 0 0 255 9 0 0 20 250 3 256 1 300 16 550 9 570 13 1070 22 9070 2 10070
1775064033 361 6 2 3 1000 100 1 0 1.00 1.00 0 75 63 2 1 1 0 0 0 0 0 255 8 0 0 23 250 24 404 20 454 3 460 1 504 11 649 2 849
1775064037 362 6 1 1 1000 100 0 0 -1.00 -0.50 0 76 64 2 1 1 0 0 0 0 0 255 22 0 0 20 250 3 256 1 300 16 550 6 776 7 826 14 1576 15 1669 14 1769 15 1791 14 1891 15 1918 14 2018 15 2060 14 2160 15 2209 14 2309 15 2378 14 2478 22 2878 2 3878
1775064050 363 6 2 1 1000 100 0 0 1.00 -1.00 0 77 64 2 1 1 0 0 0 0 0 255 60 0 0 20 250 3 256 1 300 16 550 6 642 7 692 14 1442 15 1535 14 1635 15 1646 14 1746 15 1765 14 1865 15 1887 14 1987 15 2033 14 2133 15 2156 14 2256 15 2271 14 2371 15 2401 14 2501 15 2539 14 2639 15 2677 14 2777 15 2807 14 2907 15 2953 14 3053 15 3079 14 3179 15 3202 14 3302 15 3344 14 3444 15 3466 14 3566 15 3581 14 3681 15 3696 14 3796 15 3815 14 3915 15 3972 14 4072 15 4114 14 4214 15 4221 14 4321 15 4363 14 4463 15 4517 14 4617 15 4670 14 4770 22 5170 2 6170
1775064056 364 6 1 1 1000 100 0 0 -1.00 0.00 0 78 65 2 1 1 0 0 0 0 0 255 62 0 0 25 164 0 196 20 446 3 452 1 496 16 746 6 797 7 847 14 1597 15 1675 14 1775 15 1801 14 1901 15 1947 14 2047 15 2062 14 2162 15 2188 14 2288 15 2319 14 2419 15 2453 14 2553 15 2583 14 2683 15 2713 14 2813 15 2832 14 2932 15 2966 14 3066 15 3104 14 3204 15 3238 14 3338 15 3376 14 3476 15 3522 14 3622 15 3671 14 3771 15 3790 14 3890 15 3947 14 4047 15 4085 14 4185 15 4223 14 4323 15 4384 14 4484 15 4518 14 4618 15 4683 14 4783 15 4844 14 4944 15 4998 14 5098 22 5498 2 6498
1775064063 365 6 1 1 1000 100 0 0 -1.00 1.00 0 79 65 2 1 1 0 0 0 0 0 255 48 0 0 20 250 3 256 1 300 16 550 6 597 7 647 14 1397 15 1509 14 1609 15 1628 14 1728 15 1751 14 1851 15 1885 14 1985 15 2004 14 2104 15 2115 14 2215 15 2237 14 2337 15 2379 14 2479 15 2502 14 2602 15 2640 14 2740 15 2793 14 2893 15 2931 14 3031 15 3054 14 3154 15 3184 14 3284 15 3341 14 3441 15 3487 14 3587 15 3625 14 3725 15 3778 14 3878 15 3943 14 4043 22 4443 2 5443
1775064068 366 6 2 1 1000 100 0 0 1.00 0.50 0 80 66 2 1 1 0 0 0 0 0 255 42 0 0 20 250 3 256 1 300 16 550 6 647 7 697 14 1447 15 1563 14 1663 15 1678 14 1778 15 1796 14 1896 15 1923 14 2023 15 2061 14 2161 15 2210 14 2310 15 2360 14 2460 15 2502 14 2602 15 2651 14 2751 15 2797 14 2897 15 2950 14 3050 15 3096 14 3196 15 3234 14 3334 15 3399 14 3499 15 3544 14 3644 15 3705 14 3805 22 4205 2 5205
1775064079 367 6 2 2 1000 100 0 0 1.00 -0.50 0 81 65 2 1 1 0 0 0 0 0 255 9 0 0 20 250 3 256 1 300 16 550 9 617 13 1117 22 9117 2 10117
1775064088 368 6 1 0 1000 100 0 0 -1.00 0.00 1 81 65 2 1 1 0 0 0 0 0 255 8 0 0 20 250 3 256 1 300 16 550 5 1550 8 6550 2 6560
1775064129 369 6 2 3 1000 100 1 0 1.00 -1.00 0 81 65 2 1 1 0 0 0 0 0 255 8 0 0 23 250 24 424 20 474 3 480 1 524 11 600 2 800
1775064135 370 6 2 1 1000 100 0 0 1.00 0.50 0 82 65 2 1 1 0 0 0 0 0 255 52 0 0 20 250 3 256 1 300 16 550 6 666 7 716 14 1466 15 1540 14 1640 15 1659 14 1759 15 1770 14 1870 15 1881 14 1981 15 2008 14 2108 15 2142 14 2242 15 2272 14 2372 15 2395 14 2495 15 2517 14 2617 15 2629 14 2729 15 2751 14 2851 15 2866 14 2966 15 3023 14 3123 15 3169 14 3269 15 3311 14 3411 15 3468 14 3568 15 3613 14 3713 15 3751 14 3851 15 3935 14 4035 15 4069 14 4169 15 4211 14 4311 22 4711 2 5711
1775064145 371 6 2 2 1000 100 0 0 1.00 0.00 0 83 64 2 1 1 0 0 0 0 0 255 9 0 0 20 250 3 256 1 300 16 550 9 602 13 1102 22 9102 2 10102
1775064614 372 6 1 1 1000 100 0 0 -1.00 -1.00 0 84 65 2 1 1 0 0 0 0 0 255 54 0 0 23 250 24 417 20 467 3 473 1 517 16 767 6 873 7 923 14 1673 15 1770 14 1870 15 1908 14 2008 15 2122 14 2222 15 2291 14 2391 15 2418 14 2518 15 2544 14 2644 15 2667 14 2767 15 2797 14 2897 15 2916 14 3016 15 3038 14 3138 15 3199 14 3299 15 3357 14 3457 15 3483 14 3583 15 3629 14 3729 15 3820 14 3920 15 3970 14 4070 15 4119 14 4219 15 4250 14 4350 15 4391 14 4491 15 4541 14 4641 15 4702 14 4802 22 5202 2 6202
1775064620 373 6 1 1 1000 100 0 0 -1.00 0.50 0 85 65 2 1 1 0 0 0 0 0 255 40 0 0 20 250 3 256 1 300 16 550 6 628 7 678 14 1428 15 1517 14 1617 15 1674 14 1774 15 1816 14 1916 15 1977 14 2077 15 2131 14 2231 15 2265 14 2365 15 2410 14 2510 15 2552 14 2652 15 2736 14 2836 15 2859 14 2959 15 2993 14 3093 15 3158 14 3258 15 3296 14 3396 15 3460 14 3560 15 3610 14 3710 22 4110 2 5110
1775064630 374 6 2 2 1000 100 0 0 1.00 0.00 0 86 64 2 1 1 0 0 0 0 0 255 9 0 0 20 250 3 256 1 300 16 550 9 613 13 1113 22 9113 2 10113
1775064749 375 6 2 3 1000 100 1 0 1.00 -0.50 0 86 64 2 1 1 0 0 0 0 0 255 8 0 0 23 250 24 425 20 475 3 481 1 525 11 674 2 874
1775064750 376 6 2 3 1000 100 1 0 1.00 0.00 0 86 64 2 1 1 0 0 0 0 0 255 6 0 0 20 250 3 256 1 300 11 538 2 738
1775064758 377 6 1 1 1000 100 0 0 -1.00 1.00 0 87 65 2 1 1 0 0 0 0 0 255 68 0 0 20 250 3 256 1 300 16 550 6 594 7 644 14 1394 15 1437 14 1537 15 1594 14 1694 15 1717 14 1817 15 1840 14 1940 15 1958 14 2058 15 2073 14 2173 15 2208 14 2308 15 2338 14 2438 15 2441 14 2541 15 2568 14 2668 15 2706 14 2806 15 2847 14 2947 15 2982 14 3082 15 3108 14 3208 15 3235 14 3335 15 3361 14 3461 15 3484 14 3584 15 3618 14 3718 15 3744 14 3844 15 3894 14 3994 15 4059 14 4159 15 4200 14 4300 15 4342 14 4442 15 4495 14 4595 15 4630 14 4730 15 4775 14 4875 15 4948 14 5048 15 5093 14 5193 15 5262 14 5362 22 5762 2 6762
1775064765 378 6 1 1 1000 100 0 0 -1.00 -1.00 0 88 65 2 1 1 0 0 0 0 0 255 50 0 0 20 250 3 256 1 300 16 550 6 607 7 657 14 1407 15 1507 14 1607 15 1634 14 1734 15 1783 14 1883 15 1913 14 2013 15 2063 14 2163 15 2201 14 2301 15 2335 14 2435 15 2465 14 2565 15 2599 14 2699 15 2734 14 2834 15 2887 14 2987 15 3021 14 3121 15 3178 14 3278 15 3312 14 3412 15 3458 14 3558 15 3600 14 3700 15 3764 14 3864 15 3941 14 4041 15 4109 14 4209 22 4609 12 5083 22 5183 2 6183
1775064776 379 6 1 2 1000 100 0 0 -1.00 1.00 0 89 64 2 1 1 0 0 0 0 0 255 9 0 0 20 250 3 256 1 300 16 550 9 614 13 1114 22 9114 2 10114
1775064908 380 6 1 3 1000 100 1 0 -1.00 0.00 0 89 64 2 1 1 0 0 0 0 0 255 8 0 0 23 250 24 415 20 465 3 471 1 515 11 695 2 895
1775064914 381 6 1 1 1000 100 0 0 -1.00 0.50 0 90 65 2 1 1 0 0 0 0 0 255 46 0 0 20 250 3 256 1 300 16 550 6 577 7 627 14 1377 15 1473 14 1573 15 1596 14 1696 15 1715 14 1815 15 1841 14 1941 15 1960 14 2060 15 2075 14 2175 15 2217 14 2317 15 2351 14 2451 15 2504 14 2604 15 2642 14 2742 15 2776 14 2876 15 2910 14 3010 15 3052 14 3152 15 3213 14 3313 15 3347 14 3447 15 3489 14 3589 15 3635 14 3735 15 3776 14 3876 22 4276 2 5276
1775064925 382 6 2 2 1000 100 0 0 1.00 -0.50 0 91 64 2 1 1 0 0 0 0 0 255 9 0 0 20 250 3 256 1 300 16 550 9 610 13 1110 22 9110 2 10110
1775065361 383 6 1 1 1000 100 0 0 -1.00 -0.50 0 92 64 2 1 1 0 0 0 0 0 255 46 0 0 23 250 24 410 20 460 3 466 1 510 16 760 6 985 7 1035 14 1785 15 1881 14 1981 15 2000 14 2100 15 2134 14 2234 15 2261 14 2361 15 2387 14 2487 15 2510 14 2610 15 2636 14 2736 15 2759 14 2859 15 2878 14 2978 15 3004 14 3104 15 3123 14 3223 15 3303 14 3403 15 3456 14 3556 15 3579 14 3679 15 3729 14 3829 15 3878 14 3978 15 4116 14 4216 22 4616 2 5616
1775065367 384 6 1 1 1000 100 0 0 -1.00 0.00 0 93 65 2 1 1 0 0 0 0 0 255 56 0 0 20 250 3 256 1 300 16 550 6 575 7 625 14 1375 15 1476 14 1576 15 1595 14 1695 15 1714 14 1814 15 1840 14 1940 15 1974 14 2074 15 2097 14 2197 15 2242 14 2342 15 2407 14 2507 15 2629 14 2729 15 2744 14 2844 15 2909 14 3009 15 3063 14 3163 15 3178 14 3278 15 3304 14 3404 15 3461 14 3561 15 3599 14 3699 15 3737 14 3837 15 3883 14 3983 15 4028 14 4128 15 4170 14 4270 15 4323 14 4423 15 4492 14 4592 15 4634 14 4734 22 5134 2 6134
1775065368 385 6 2 3 1000 100 1 0 1.00 -1.00 0 93 65 2 1 1 0 0 0 0 0 255 6 0 0 20 250 3 256 1 300 11 477 2 677
1775065375 386 6 2 1 1000 100 0 0 1.00 -1.00 0 94 65 2 1 1 0 0 0 0 0 255 50 0 0 20 250 3 256 1 300 16 550 6 561 7 611 14 1361 15 1446 14 1546 15 1569 14 1669 15 1691 14 1791 15 1818 14 1918 15 1944 14 2044 15 2067 14 2167 15 2182 14 2282 15 2439 14 2539 15 2553 14 2653 15 2787 14 2887 15 2914 14 3014 15 3063 14 3163 15 3201 14 3301 15 3354 14 3454 15 3496 14 3596 15 3646 14 3746 15 3807 14 3907 15 3964 14 4064 15 4136 14 4236 15 4316 14 4416 22 4816 2 5816
1775065381 387 6 2 1 1000 100 0 0 1.00 0.50 0 95 66 2 1 1 0 0 0 0 0 255 38 0 0 20 250 3 256 1 300 16 550 6 762 7 812 14 1562 15 1670 14 1770 15 1777 14 1877 15 1892 14 1992 15 2000 14 2100 15 2138 14 2238 15 2268 14 2368 15 2402 14 2502 15 2544 14 2644 15 2682 14 2782 15 2824 14 2924 15 2988 14 3088 15 3134 14 3234 15 3299 14 3399 15 3456 14 3556 22 3956 2 4956
1775065860 388 6 2 3 1000 100 1 0 1.00 1.00 0 95 66 2 1 1 0 0 0 0 0 255 8 0 0 23 250 24 425 20 475 3 481 1 525 11 716 2 916
1775065871 389 6 2 2 1000 100 0 0 1.00 -0.50 0 96 65 2 1 1 0 0 0 0 0 255 9 0 0 20 250 3 256 1 300 16 550 9 884 13 1384 22 9384 2 10384
1775065882 390 6 1 1 1000 100 0 0 -1.00 -1.00 0 97 65 2 1 1 0 0 0 0 0 255 42 0 0 20 250 3 256 1 300 16 550 6 702 7 752 14 1502 15 1580 14 1680 15 1706 14 1806 15 1825 14 1925 15 1955 14 2055 15 2097 14 2197 15 2254 14 2354 15 2392 14 2492 15 2511 14 2611 15 2630 14 2730 15 2741 14 2841 15 2879 14 2979 15 3032 14 3132 15 3193 14 3293 15 3350 14 3450 15 3500 14 3600 15 3676 14 3776 22 4176 2 5176
1775065887 391 6 2 4 1000 100 0 0 1.00 1.00 1 98 65 2 1 1 0 0 0 0 0 255 9 0 0 20 250 3 256 1 300 16 550 7 1273 14 2023 22 2423 2 3423
1775065895 392 6 1 1 1000 100 0 0 -1.00 -1.00 0 99 65 2 1 1 0 0 0 0 0 255 58 0 0 20 250 3 256 1 300 16 550 6 624 7 674 14 1424 15 1543 14 1643 15 1651 14 1751 15 1777 14 1877 15 1908 14 2008 15 2030 14 2130 15 2157 14 2257 15 2291 14 2391 15 2417 14 2517 15 2555 14 2655 15 2690 14 2790 15 2839 14 2939 15 2992 14 3092 15 3138 14 3238 15 3287 14 3387 15 3422 14 3522 15 3586 14 3686 15 3694 14 3794 15 3843 14 3943 15 3981 14 4081 15 4135 14 4235 15 4265 14 4365 15 4410 14 4510 15 4556 14 4656 15 4721 14 4821 22 5221 2 6221
1775065906 393 6 2 2 1000 100 0 0 1.00 -0.50 0 100 64 2 1 1 0 0 0 0 0 255 9 0 0 20 250 3 256 1 300 16 550 9 738 13 1238 22 9238 2 10238
1775066218 394 6 2 3 1000 100 1 0 1.00 0.00 0 100 64 2 1 1 0 0 0 0 0 255 8 0 0 23 250 24 426 20 476 3 482 1 526 11 702 2 902
1775066225 395 6 2 1 1000 100 0 0 1.00 -1.00 0 101 65 2 1 1 0 0 0 0 0 255 46 0 0 25 203 0 804 20 1054 3 1060 1 1104 16 1354 6 1439 7 1489 14 2239 15 2340 14 2440 15 2459 14 2559 15 2566 14 2666 15 2708 14 2808 15 2819 14 2919 15 2934 14 3034 15 3072 14 3172 15 3244 14 3344 15 3351 14 3451 15 3489 14 3589 15 3616 14 3716 15 3746 14 3846 15 3865 14 3965 15 4003 14 4103 15 4148 14 4248 15 4275 14 4375 15 4397 14 4497 22 4897 2 5897
1775066232 396 6 1 1 1000 100 0 0 -1.00 -1.00 0 102 65 2 1 1 0 0 0 0 0 255 56 0 0 20 250 3 256 1 300 16 550 6 615 7 665 14 1415 15 1519 14 1619 15 1638 14 1738 15 1757 14 1857 15 1880 14 1980 15 2006 14 2106 15 2121 14 2221 15 2248 14 2348 15 2359 14 2459 15 2481 14 2581 15 2612 14 2712 15 2723 14 2823 15 2864 14 2964 15 3033 14 3133 15 3171 14 3271 15 3297 14 3397 15 3447 14 3547 15 3596 14 3696 15 3738 14 3838 15 3884 14 3984 15 4041 14 4141 15 4182 14 4282 15 4324 14 4424 15 4500 14 4600 22 5000 2 6000
1775066239 397 6 2 1 1000 100 0 0 1.00 0.50 0 103 65 2 1 1 0 0 0 0 0 255 66 0 0 20 250 3 256 1 300 16 550 6 578 7 628 14 1378 15 1478 14 1578 15 1616 14 1716 15 1747 14 1847 15 1873 14 1973 15 2003 14 2103 15 2115 14 2215 15 2233 14 2333 15 2341 14 2441 15 2467 14 2567 15 2586 14 2686 15 2693 14 2793 15 2812 14 2912 15 2961 14 3061 15 3076 14 3176 15 3195 14 3295 15 3333 14 3433 15 3483 14 3583 15 3613 14 3713 15 3762 14 3862 15 3881 14 3981 15 4015 14 4115 15 4169 14 4269 15 4322 14 4422 15 4479 14 4579 15 4632 14 4732 15 4782 14 4882 15 4939 14 5039 15 5069 14 5169 22 5569 2 6569
1775066245 398 6 2 1 1000 100 0 0 1.00 -1.00 0 104 66 2 1 1 0 0 0 0 0 255 46 0 0 20 250 3 256 1 300 16 550 6 604 7 654 14 1404 15 1409 14 1509 15 1524 14 1624 15 1750 14 1850 15 1880 14 1980 15 2018 14 2118 15 2145 14 2245 15 2279 14 2379 15 2421 14 2521 15 2574 14 2674 15 2723 14 2823 15 2842 14 2942 15 2957 14 3057 15 3088 14 3188 15 3233 14 3333 15 3390 14 3490 15 3528 14 3628 15 3678 14 3778 15 3858 14 3958 22 4358 2 5358
1775066256 399 6 2 2 1000 100 0 0 1.00 0.00 0 105 65 2 1 1 0 0 0 0 0 255 11 0 0 25 250 0 715 20 965 3 971 1 1015 16 1265 9 1343 13 1843 22 9843 2 10843
1775066304 400 6 2 1 1000 100 0 0 1.00 -0.50 0 106 65 2 1 1 0 0 0 0 0 255 24 0 0 23 250 24 421 20 471 3 477 1 521 16 771 6 900 7 950 14 1700 15 1816 14 1916 15 1942 14 2042 15 2076 14 2176 15 2218 14 2318 15 2364 14 2464 15 2517 14 2617 22 3017 2 4017
1775066315 401 6 2 2 1000 100 0 0 1.00 0.00 0 107 65 2 1 1 0 0 0 0 0 255 9 0 0 20 250 3 256 1 300 16 550 9 717 13 1217 22 9217 2 10217
1775066343 402 6 2 3 1000 100 1 0 1.00 -0.50 0 107 65 2 1 1 0 0 0 0 0 255 10 0 0 25 100 0 312 25 492 0 1243 20 1493 3 1499 1 1543 11 1792 2 1992
1775066346 403 6 2 3 1000 100 1 0 1.00 1.00 0 107 65 2 1 1 0 0 0 0 0 255 6 0 0 20 250 3 256 1 300 11 549 2 749
1775066350 404 6 2 1 1000 100 0 0 1.00 -0.50 0 108 65 2 1 1 0 0 0 0 0 255 18 0 0 20 250 3 256 1 300 16 550 6 784 7 834 14 1584 15 1673 14 1773 15 1799 14 1899 15 1945 14 2045 15 2117 14 2217 22 2617 2 3617
1775066413 405 6 2 3 1000 100 1 0 1.00 0.00 0 108 65 2 1 1 0 0 0 0 0 255 8 0 0 23 250 24 420 20 470 3 476 1 520 11 684 2 884
1775066417 406 6 1 1 1000 100 0 0 -1.00 -0.50 0 109 65 2 1 1 0 0 0 0 0 255 22 0 0 20 250 3 256 1 300 16 550 6 590 7 640 14 1390 15 1487 14 1587 15 1648 14 1748 15 1801 14 1901 15 1958 14 2058 15 2100 14 2200 15 2265 14 2365 22 2765 2 3765
1775066424 407 6 1 1 1000 100 0 0 -1.00 1.00 0 110 66 2 1 1 0 0 0 0 0 255 54 0 0 20 250 3 256 1 300 16 550 6 585 7 635 14 1385 15 1424 14 1524 15 1558 14 1658 22 2058 12 2624 22 2724 12 2777 22 2877 12 2888 22 2988 12 3003 22 3103 12 3157 22 3257 12 3298 22 3398 12 3456 22 3556 12 3586 22 3686 12 3743 22 3843 12 3904 22 4004 12 4069 22 4169 12 4237 22 4337 12 4383 22 4483 12 4502 22 4602 12 4651 22 4751 12 4820 22 4920 12 4969 22 5069 12 5096 22 5196 12 5234 22 5334 12 5360 22 5460 2 6460
1775066434 408 6 2 2 1000 100 0 0 1.00 0.00 0 111 65 2 1 1 0 0 0 0 0 255 9 0 0 20 250 3 256 1 300 16 550 9 592 13 1092 22 9092 2 10092
1775066598 409 6 2 3 1000 100 1 0 1.00 0.00 0 111 65 2 1 1 0 0 0 0 0 255 8 0 0 23 250 24 418 20 468 3 474 1 518 11 717 2 917
1775066602 410 6 1 1 1000 100 0 0 -1.00 0.00 0 112 65 2 1 1 0 0 0 0 0 255 28 0 0 20 250 3 256 1 300 16 550 6 563 7 613 14 1363 15 1436 14 1536 15 1578 14 1678 15 1705 14 1805 15 1823 14 1923 15 1961 14 2061 15 2111 14 2211 15 2233 14 2333 15 2452 14 2552 15 2578 14 2678 22 3078 2 4078
1775066604 411 6 2 3 1000 100 1 0 1.00 -1.00 0 112 65 2 1 1 0 0 0 0 0 255 6 0 0 20 250 3 256 1 300 11 541 2 741
1775066614 412 6 1 2 1000 100 0 0 -1.00 1.00 0 113 65 2 1 1 0 0 0 0 0 255 9 0 0 20 250 3 256 1 300 16 550 9 569 13 1069 22 9069 2 10069
1775066681 413 6 2 3 1000 100 1 0 1.00 -0.50 0 113 65 2 1 1 0 0 0 0 0 255 8 0 0 23 250 24 415 20 465 3 471 1 515 11 668 2 868
1775066681 414 6 2 3 1000 100 1 0 1.00 -0.50 0 113 65 2 1 1 0 0 0 0 0 255 6 0 0 20 250 3 256 1 300 11 514 2 714
1775066682 415 6 1 3 1000 100 1 0 -1.00 0.50 0 113 65 2 1 1 0 0 0 0 0 255 6 0 0 20 250 3 256 1 300 11 468 2 668
1775066688 416 6 1 1 1000 100 0 0 -1.00 0.00 0 114 65 2 1 1 0 0 0 0 0 255 38 0 0 20 250 3 256 1 300 16 550 6 610 7 660 14 1410 15 1487 14 1587 15 1614 14 1714 15 1736 14 1836 15 1871 14 1971 15 2005 14 2105 15 2150 14 2250 15 2300 14 2400 15 2430 14 2530 15 2576 14 2676 15 2718 14 2818 15 2859 14 2959 15 3013 14 3113 15 3162 14 3262 15 3327 14 3427 22 3827 2 4827
1775066699 417 6 2 2 1000 100 0 0 1.00 -1.00 0 115 65 2 1 1 0 0 0 0 0 255 9 0 0 20 250 3 256 1 300 16 550 9 619 13 1119 22 9119 2 10119
1775066845 418 6 2 3 1000 100 1 0 1.00 0.00 0 115 65 2 1 1 0 0 0 0 0 255 8 0 0 23 250 24 421 20 471 3 477 1 521 11 570 2 770
1775066855 419 6 1 1 1000 100 0 0 -1.00 -0.50 0 116 65 2 1 1 0 0 0 0 0 255 110 0 0 20 250 3 256 1 300 16 550 6 556 7 606 14 1356 15 1434 14 1534 15 1537 14 1637 15 1664 14 1764 15 1798 14 1898 15 1924 14 2024 15 2047 14 2147 15 2173 14 2273 15 2296 14 2396 15 2426 14 2526 15 2557 14 2657 15 2672 14 2772 15 2813 14 2913 15 2932 14 3032 15 3055 14 3155 15 3173 14 3273 15 3323 14 3423 15 3457 14 3557 15 3591 14 3691 15 3729 14 3829 15 3852 14 3952 15 3974 14 4074 15 4246 14 4346 15 4377 14 4477 15 4514 14 4614 15 4626 14 4726 15 4748 14 4848 15 4867 14 4967 15 5013 14 5113 15 5174 14 5274 15 5315 14 5415 15 5476 14 5576 15 5645 14 5745 15 5794 14 5894 15 5944 14 6044 15 6090 14 6190 15 6227 14 6327 15 6373 14 6473 15 6526 14 6626 15 6668 14 6768 15 6825 14 6925 15 6975 14 7075 15 7163 14 7263 15 7266 14 7366 15 7465 14 7565 15 7599 14 7699 15 7764 14 7864 15 7918 14 8018 15 8075 14 8175 15 8293 14 8393 15 8439 14 8539 22 8939 2 9939
1775066862 420 6 1 1 1000 100 0 0 -1.00 0.00 0 117 65 2 1 1 0 0 0 0 0 255 54 0 0 20 250 3 256 1 300 16 550 6 675 7 725 14 1475 15 1491 14 1591 15 1602 14 1702 15 1725 14 1825 15 1867 14 1967 15 1997 14 2097 15 2139 14 2239 15 2280 14 2380 15 2407 14 2507 15 2541 14 2641 15 2706 14 2806 15 2829 14 2929 15 2970 14 3070 15 3139 14 3239 15 3273 14 3373 15 3426 14 3526 15 3599 14 3699 15 3771 14 3871 15 3913 14 4013 15 4078 14 4178 15 4235 14 4335 15 4404 14 4504 15 4565 14 4665 22 5065 2 6065
1775066872 421 6 2 1 1000 100 0 0 1.00 1.00 0 118 66 2 1 1 0 0 0 0 0 255 34 0 0 20 250 3 256 1 300 16 550 6 644 7 694 14 1444 15 1544 14 1644 15 1671 14 1771 15 1881 14 1981 15 1989 14 2089 15 2107 14 2207 15 2234 14 2334 15 2353 14 2453 15 2487 14 2587 15 2598 14 2698 15 2790 14 2890 15 2901 14 3001 15 3042 14 3142 22 3542 2 4542
1775066880 422 6 1 1 1000 100 0 0 -1.00 1.00 0 119 66 2 1 1 0 0 0 0 0 255 58 0 0 20 250 3 256 1 300 16 550 6 923 7 973 14 1723 15 1866 14 1966 15 1996 14 2096 15 2115 14 2215 15 2241 14 2341 15 2360 14 2460 15 2475 14 2575 15 2651 14 2751 15 2762 14 2862 15 2881 14 2981 15 3038 14 3138 15 3165 14 3265 15 3448 14 3548 15 3552 14 3652 15 3709 14 3809 15 3851 14 3951 15 3992 14 4092 15 4123 14 4223 15 4238 14 4338 15 4372 14 4472 15 4517 14 4617 15 4674 14 4774 15 4824 14 4924 15 4981 14 5081 15 5127 14 5227 22 5627 2 6627
1775066882 423 6 2 3 1000 100 1 0 1.00 0.00 0 119 66 2 1 1 0 0 0 0 0 255 6 0 0 20 250 3 256 1 300 11 524 2 724
1775066888 424 6 1 1 1000 100 0 0 -1.00 -1.00 0 120 66 2 1 1 0 0 0 0 0 255 50 0 0 20 250 3 256 1 300 16 550 6 675 7 725 14 1475 15 1552 14 1652 15 1710 14 1810 15 1924 14 2024 15 2081 14 2181 15 2219 14 2319 15 2349 14 2449 15 2464 14 2564 15 2579 14 2679 15 2717 14 2817 15 2851 14 2951 15 2978 14 3078 15 3119 14 3219 15 3257 14 3357 15 3403 14 3503 15 3549 14 3649 15 3683 14 3783 15 3844 14 3944 15 3982 14 4082 15 4139 14 4239 15 4277 14 4377 22 4777 2 5777
1775067072 425 6 1 3 1000 100 1 0 -1.00 -0.50 0 120 66 2 1 1 0 0 0 0 0 255 8 0 0 23 250 24 416 20 466 3 472 1 516 11 653 2 853
1775067073 426 6 1 3 1000 100 1 0 -1.00 -1.00 0 120 66 2 1 1 0 0 0 0 0 255 6 0 0 20 250 3 256 1 300 11 491 2 691
1775067081 427 6 2 1 1000 100 0 0 1.00 -0.50 0 121 66 2 1 1 0 0 0 0 0 255 68 0 0 20 250 3 256 1 300 16 550 6 589 7 639 14 1389 15 1501 14 1601 15 1612 14 1712 15 1731 14 1831 15 1850 14 1950 15 1969 14 2069 15 2103 14 2203 15 2241 14 2341 15 2375 14 2475 15 2478 14 2578 15 2597 14 2697 15 2716 14 2816 15 2838 14 2938 15 2965 14 3065 15 3084 14 3184 15 3222 14 3322 15 3337 14 3437 15 3467 14 3567 15 3586 14 3686 15 3720 14 3820 15 3854 14 3954 15 4011 14 4111 15 4149 14 4249 15 4302 14 4402 15 4456 14 4556 15 4597 14 4697 15 4747 14 4847 15 4904 14 5004 15 5049 14 5149 15 5226 14 5326 22 5726 2 6726
1775067090 428 6 1 1 1000 100 0 0 -1.00 -1.00 0 122 67 2 1 1 0 0 0 0 0 255 30 0 0 20 250 3 256 1 300 16 550 6 572 7 622 14 1372 15 1461 14 1561 15 1592 14 1692 15 1710 14 1810 15 1848 14 1948 15 2021 14 2121 15 2163 14 2263 15 2293 14 2393 15 2427 14 2527 15 2711 14 2811 15 2852 14 2952 22 3352 2 4352
1775067097 429 6 1 1 1000 100 0 0 -1.00 -0.50 0 123 67 2 1 1 0 0 0 0 0 255 46 0 0 20 250 3 256 1 300 16 550 6 584 7 634 14 1384 15 1473 14 1573 15 1592 14 1692 15 1719 14 1819 15 1826 14 1926 15 1991 14 2091 15 2106 14 2206 15 2224 14 2324 15 2332 14 2432 15 2477 14 2577 15 2581 14 2681 15 2700 14 2800 15 2868 14 2968 15 2995 14 3095 15 3136 14 3236 15 3301 14 3401 15 3428 14 3528 15 3573 14 3673 15 3746 14 3846 22 4246 2 5246
1775067103 430 6 2 1 1000 100 0 0 1.00 1.00 0 124 67 2 1 1 0 0 0 0 0 255 52 0 0 20 250 3 256 1 300 16 550 6 592 7 642 14 1392 15 1393 14 1493 15 1546 14 1646 15 1658 14 1758 15 1780 14 1880 15 1907 14 2007 15 2041 14 2141 15 2183 14 2283 15 2320 14 2420 15 2478 14 2578 15 2623 14 2723 15 2765 14 2865 15 2891 14 2991 15 3041 14 3141 15 3194 14 3294 15 3336 14 3436 15 3459 14 3559 15 3604 14 3704 15 3712 14 3812 15 3865 14 3965 15 4033 14 4133 15 4187 14 4287 22 4687 2 5687
1775067109 431 6 1 1 1000 100 0 0 -1.00 -1.00 0 125 68 2 1 1 0 0 0 0 0 255 40 0 0 20 250 3 256 1 300 16 550 6 561 7 611 14 1361 15 1477 14 1577 15 1638 14 1738 15 1784 14 1884 15 1918 14 2018 15 2067 14 2167 15 2213 14 2313 15 2370 14 2470 15 2515 14 2615 15 2673 14 2773 15 2822 14 2922 15 2983 14 3083 15 3125 14 3225 15 3289 14 3389 15 3473 14 3573 15 3627 14 3727 22 4127 2 5127
1775067117 432 6 1 1 1000 100 0 0 -1.00 0.50 0 126 68 2 1 1 0 0 0 0 0 255 46 0 0 20 250 3 256 1 300 16 550 6 580 7 630 14 1380 15 1507 14 1607 15 1626 14 1726 15 1898 14 1998 15 2021 14 2121 15 2136 14 2236 15 2454 14 2554 15 2626 14 2726 15 2761 14 2861 15 2906 14 3006 15 3010 14 3110 15 3151 14 3251 15 3263 14 3363 15 3546 14 3646 15 3673 14 3773 15 3822 14 3922 15 3972 14 4072 15 4113 14 4213 15 4263 14 4363 22 4763 2 5763
1775067128 433 6 2 2 1000 100 0 0 1.00 0.00 0 127 67 2 1 1 0 0 0 0 0 255 9 0 0 20 250 3 256 1 300 16 550 9 554 13 1054 22 9054 2 10054
1775067592 434 6 1 3 1000 100 1 0 -1.00 -1.00 0 127 67 2 1 1 0 0 0 0 0 255 8 0 0 23 250 24 433 20 483 3 489 1 533 11 663 2 863
1775067597 435 6 1 1 1000 100 0 0 -1.00 -1.00 0 128 68 2 1 1 0 0 0 0 0 255 32 0 0 20 250 3 256 1 300 16 550 6 587 7 637 14 1387 15 1487 14 1587 15 1613 14 1713 15 1736 14 1836 15 1866 14 1966 15 1989 14 2089 15 2127 14 2227 15 2272 14 2372 15 2418 14 2518 15 2568 14 2668 15 2721 14 2821 15 2901 14 3001 22 3401 2 4401
1775067603 436 6 1 1 1000 100 0 0 -1.00 -1.00 0 129 68 2 1 1 0 0 0 0 0 255 56 0 0 20 250 3 256 1 300 16 550 6 584 7 634 14 1384 15 1496 14 1596 15 1619 14 1719 15 1741 14 1841 15 1860 14 1960 15 1994 14 2094 15 2117 14 2217 15 2255 14 2355 15 2393 14 2493 15 2523 14 2623 15 2646 14 2746 15 2772 14 2872 15 3041 14 3141 15 3155 14 3255 15 3270 14 3370 15 3405 14 3505 15 3554 14 3654 15 3707 14 3807 15 3853 14 3953 15 4002 14 4102 15 4144 14 4244 15 4313 14 4413 15 4462 14 4562 15 4631 14 4731 22 5131 2 6131
1775067614 437 6 2 2 1000 100 0 0 1.00 0.00 0 130 67 2 1 1 0 0 0 0 0 255 9 0 0 20 250 3 256 1 300 16 550 9 632 13 1132 22 9132 2 10132
1775067644 438 6 1 1 1000 100 0 0 -1.00 0.00 0 131 68 2 1 1 0 0 0 0 0 255 62 0 0 20 250 3 256 1 300 16 550 6 575 7 625 14 1375 15 1479 14 1579 15 1606 14 1706 15 1732 14 1832 15 1878 14 1978 15 2012 14 2112 15 2142 14 2242 15 2265 14 2365 15 2399 14 2499 15 2529 14 2629 15 2675 14 2775 15 2794 14 2894 15 2943 14 3043 15 3096 14 3196 15 3215 14 3315 15 3368 14 3468 15 3502 14 3602 15 3617 14 3717 15 3732 14 3832 15 3936 14 4036 15 4062 14 4162 15 4223 14 4323 15 4376 14 4476 15 4529 14 4629 15 4687 14 4787 15 4836 14 4936 15 4982 14 5082 22 5482 2 6482
1775067655 439 6 2 2 1000 100 0 0 1.00 0.00 0 132 67 2 1 1 0 0 0 0 0 255 9 0 0 20 250 3 256 1 300 16 550 9 659 13 1159 22 9159 2 10159
1775068101 440 6 1 1 1000 100 0 0 -1.00 -0.50 0 133 67 2 1 1 0 0 0 0 0 255 56 0 0 23 250 24 417 20 467 3 473 1 517 16 767 6 831 7 881 14 1631 15 1727 14 1827 15 1854 14 1954 15 1980 14 2080 15 2103 14 2203 15 2241 14 2341 15 2378 14 2478 15 2509 14 2609 15 2628 14 2728 15 2769 14 2869 15 2923 14 3023 15 3076 14 3176 15 3187 14 3287 15 3313 14 3413 15 3455 14 3555 15 3582 14 3682 15 3700 14 3800 15 3819 14 3919 15 3984 14 4084 15 4103 14 4203 15 4248 14 4348 15 4421 14 4521 15 4566 14 4666 22 5066 2 6066
1775068107 441 6 1 1 1000 100 0 0 -1.00 0.00 0 134 68 2 1 1 0 0 0 0 0 255 28 0 0 20 250 3 256 1 300 16 550 6 570 7 620 14 1370 15 1528 14 1628 15 1686 14 1786 15 1839 14 1939 15 1992 14 2092 15 2126 14 2226 15 2279 14 2379 15 2425 14 2525 15 2575 14 2675 15 2751 14 2851 22 3251 2 4251
1775068119 442 6 1 2 1000 100 0 0 -1.00 0.50 0 135 67 2 1 1 0 0 0 0 0 255 9 0 0 20 250 3 256 1 300 16 550 9 728 13 1228 22 9228 2 10228
1775068882 443 6 1 1 1000 100 0 0 -1.00 -1.00 0 136 67 2 1 1 0 0 0 0 0 255 20 0 0 23 250 24 423 20 473 3 479 1 523 16 773 6 1139 7 1189 14 1939 15 2059 14 2159 15 2216 14 2316 15 2392 14 2492 15 2553 14 2653 22 3053 2 4053
1775068888 444 6 1 1 1000 100 0 0 -1.00 -0.50 0 137 68 2 1 1 0 0 0 0 0 255 26 0 0 20 250 3 256 1 300 16 550 6 632 7 682 14 1432 15 1540 14 1640 15 1690 14 1790 15 1843 14 1943 15 2023 14 2123 15 2295 14 2395 15 2425 14 2525 15 2598 14 2698 15 2739 14 2839 22 3239 2 4239
1775068898 445 6 1 2 1000 100 0 0 -1.00 0.50 0 138 67 2 1 1 0 0 0 0 0 255 9 0 0 20 250 3 256 1 300 16 550 9 640 13 1140 22 9140 2 10140
1775068906 446 6 2 1 1000 100 0 0 1.00 1.00 0 139 67 2 1 1 0 0 0 0 0 255 44 0 0 25 184 0 983 20 1233 3 1239 1 1283 16 1533 6 1551 7 1601 14 2351 15 2452 14 2552 15 2590 14 2690 15 2720 14 2820 15 2846 14 2946 15 2973 14 3073 15 3111 14 3211 15 3233 14 3333 15 3368 14 3468 15 3513 14 3613 15 3682 14 3782 15 3793 14 3893 15 3915 14 4015 15 4061 14 4161 15 4210 14 4310 15 4375 14 4475 15 4536 14 4636 22 5036 2 6036
1775071471 447 6 2 3 1000 100 1 0 1.00 0.00 0 139 67 2 1 1 0 0 0 0 0 255 8 0 0 23 250 24 425 20 475 3 481 1 525 11 754 2 954
1775071475 448 6 1 1 1000 100 0 0 -1.00 1.00 0 140 67 2 1 1 0 0 0 0 0 255 16 0 0 20 250 3 256 1 300 16 550 6 640 7 690 14 1440 15 1544 14 1644 15 1663 14 1763 15 1836 14 1936 22 2336 2 3336
1775071483 449 6 1 0 1000 100 0 0 -1.00 -0.50 1 140 67 2 1 1 0 0 0 0 0 255 8 0 0 20 250 3 256 1 300 16 550 5 1550 8 6550 2 6560
1775071983 450 6 2 3 1000 100 1 0 1.00 -0.50 0 140 67 2 1 1 0 0 0 0 0 255 8 0 0 23 250 24 434 20 484 3 490 1 534 11 706 2 906
1775071987 451 6 2 1 1000 100 0 0 1.00 0.50 0 141 68 2 1 1 0 0 0 0 0 255 22 0 0 20 250 3 256 1 300 16 550 6 578 7 628 14 1378 15 1497 14 1597 15 1608 14 1708 15 1846 14 1946 15 1984 14 2084 15 2137 14 2237 15 2290 14 2390 22 2790 2 3790
1775071994 452 6 2 1 1000 100 0 0 1.00 1.00 0 142 68 2 1 1 0 0 0 0 0 255 62 0 0 20 250 3 256 1 300 16 550 6 619 7 669 14 1419 15 1527 14 1627 15 1646 14 1746 15 1757 14 1857 15 1891 14 1991 15 2002 14 2102 15 2148 14 2248 15 2282 14 2382 15 2405 14 2505 15 2527 14 2627 15 2669 14 2769 15 2799 14 2899 15 2910 14 3010 15 3029 14 3129 15 3152 14 3252 15 3278 14 3378 15 3397 14 3497 15 3796 14 3896 15 3930 14 4030 15 4079 14 4179 15 4229 14 4329 15 4382 14 4482 15 4539 14 4639 15 4681 14 4781 15 4830 14 4930 15 4984 14 5084 15 5171 14 5271 22 5671 2 6671
1775071995 453 6 2 3 1000 100 1 0 1.00 -0.50 0 142 68 2 1 1 0 0 0 0 0 255 6 0 0 20 250 3 256 1 300 11 521 2 721
1775071996 454 6 2 3 1000 100 1 0 1.00 -0.50 0 142 68 2 1 1 0 0 0 0 0 255 6 0 0 20 250 3 256 1 300 11 429 2 629
1775072003 455 6 1 1 1000 100 0 0 -1.00 0.00 0 143 68 2 1 1 0 0 0 0 0 255 52 0 0 20 250 3 256 1 300 16 550 6 620 7 670 14 1420 15 1517 14 1617 15 1647 14 1747 15 1778 14 1878 15 1889 14 1989 15 2034 14 2134 15 2180 14 2280 15 2306 14 2406 15 2460 14 2560 15 2582 14 2682 15 2839 14 2939 15 2958 14 3058 15 3103 14 3203 15 3237 14 3337 15 3383 14 3483 15 3529 14 3629 15 3670 14 3770 15 3812 14 3912 15 3965 14 4065 15 4115 14 4215 15 4260 14 4360 15 4421 14 4521 22 4921 2 5921
1775072007 456 6 1 4 1000 100 0 0 -1.00 0.00 1 144 68 2 1 1 0 0 0 0 0 255 10 0 0 20 250 3 256 1 300 16 550 5 1550 7 1799 14 2549 22 2949 2 3949
1775072047 457 6 1 3 1000 100 1 0 -1.00 0.00 0 144 68 2 1 1 0 0 0 0 0 255 8 0 0 23 250 24 417 20 467 3 473 1 517 11 716 2 916
1775072049 458 6 1 3 1000 100 1 0 -1.00 0.00 0 144 68 2 1 1 0 0 0 0 0 255 6 0 0 20 250 3 256 1 300 11 452 2 652
1775072058 459 6 2 1 1000 100 0 0 1.00 1.00 0 145 68 2 1 1 0 0 0 0 0 255 78 0 0 25 229 0 2078 25 2118 0 2145 20 2395 3 2401 1 2445 16 2695 6 2797 7 2847 14 3597 15 3632 14 3732 15 3743 14 3843 15 3862 14 3962 15 3985 14 4085 15 4104 14 4204 15 4226 14 4326 15 4349 14 4449 15 4468 14 4568 15 4594 14 4694 15 4709 14 4809 15 4839 14 4939 15 4946 14 5046 15 5058 14 5158 15 5173 14 5273 15 5295 14 5395 15 5448 14 5548 15 5586 14 5686 15 5724 14 5824 15 5851 14 5951 15 5993 14 6093 15 6115 14 6215 15 6249 14 6349 15 6406 14 6506 15 6518 14 6618 15 6659 14 6759 15 6801 14 6901 15 6947 14 7047 15 7081 14 7181 15 7238 14 7338 15 7361 14 7461 15 7529 14 7629 15 7686 14 7786 22 8186 2 9186
1775072069 460 6 2 2 1000 100 0 0 1.00 -1.00 0 146 67 2 1 1 0 0 0 0 0 255 9 0 0 20 250 3 256 1 300 16 550 9 689 13 1189 22 9189 2 10189
1775072175 461 6 1 3 1000 100 1 0 -1.00 -0.50 0 146 67 2 1 1 0 0 0 0 0 255 8 0 0 23 250 24 422 20 472 3 478 1 522 11 682 2 882
1775072181 462 6 2 1 1000 100 0 0 1.00 1.00 0 147 68 2 1 1 0 0 0 0 0 255 52 0 0 20 250 3 256 1 300 16 550 6 606 7 656 14 1406 15 1472 14 1572 15 1591 14 1691 15 1706 14 1806 15 1832 14 1932 15 1947 14 2047 15 2062 14 2162 15 2192 14 2292 15 2307 14 2407 15 2415 14 2515 15 2541 14 2641 15 2710 14 2810 15 2821 14 2921 15 2936 14 3036 15 3070 14 3170 15 3227 14 3327 15 3357 14 3457 15 3511 14 3611 15 3649 14 3749 15 3794 14 3894 15 3936 14 4036 15 4085 14 4185 22 4585 2 5585
1775072187 463 6 2 1 1000 100 0 0 1.00 1.00 0 148 68 2 1 1 0 0 0 0 0 255 38 0 0 20 250 3 256 1 300 16 550 6 554 7 604 14 1354 15 1435 14 1535 15 1561 14 1661 15 1684 14 1784 15 1818 14 1918 15 1968 14 2068 15 2106 14 2206 15 2228 14 2328 15 2381 14 2481 15 2531 14 2631 15 2673 14 2773 15 2834 14 2934 15 2983 14 3083 15 3121 14 3221 15 3290 14 3390 22 3790 2 4790
1775072235 464 6 1 1 1000 100 0 0 -1.00 -1.00 0 149 68 2 1 1 0 0 0 0 0 255 74 0 0 23 250 24 418 20 468 3 474 1 518 16 768 6 778 7 828 14 1578 15 1652 14 1752 15 1767 14 1867 15 1881 14 1981 15 2008 14 2108 15 2134 14 2234 15 2257 14 2357 15 2387 14 2487 15 2506 14 2606 15 2633 14 2733 15 2759 14 2859 15 2866 14 2966 15 3058 14 3158 15 3200 14 3300 15 3341 14 3441 15 3495 14 3595 15 3602 14 3702 15 3786 14 3886 15 3897 14 3997 15 4031 14 4131 15 4165 14 4265 15 4326 14 4426 15 4479 14 4579 15 4598 14 4698 15 4744 14 4844 15 4886 14 4986 15 5039 14 5139 15 5184 14 5284 15 5334 14 5434 15 5479 14 5579 15 5637 14 5737 15 5828 14 5928 22 6328 2 7328
1775072239 465 6 2 1 1000 100 0 0 1.00 -1.00 0 150 68 2 1 1 0 0 0 0 0 255 14 0 0 20 250 3 256 1 300 16 550 6 621 7 671 14 1421 15 1433 14 1533 15 1586 14 1686 22 2086 2 3086
1775072245 466 6 1 1 1000 100 0 0 -1.00 0.00 0 151 69 2 1 1 0 0 0 0 0 255 50 0 0 20 250 3 256 1 300 16 550 6 620 7 670 14 1420 15 1532 14 1632 15 1650 14 1750 15 1781 14 1881 15 1911 14 2011 15 2037 14 2137 15 2141 14 2241 15 2309 14 2409 15 2482 14 2582 15 2601 14 2701 15 2727 14 2827 15 2884 14 2984 15 2999 14 3099 15 3149 14 3249 15 3290 14 3390 15 3436 14 3536 15 3589 14 3689 15 3731 14 3831 15 3880 14 3980 15 4030 14 4130 15 4225 14 4325 22 4725 2 5725
1775072256 467 6 2 2 1000 100 0 0 1.00 0.00 0 152 68 2 1 1 0 0 0 0 0 255 9 0 0 20 250 3 256 1 300 16 550 9 557 13 1057 22 9057 2 10057
1775072787 468 6 1 3 1000 100 1 0 -1.00 0.50 0 152 68 2 1 1 0 0 0 0 0 255 8 0 0 23 250 24 412 20 462 3 468 1 512 11 711 2 911
1775072789 469 6 1 3 1000 100 1 0 -1.00 1.00 0 152 68 2 1 1 0 0 0 0 0 255 6 0 0 20 250 3 256 1 300 11 535 2 735
1775072792 470 6 2 1 1000 100 0 0 1.00 -1.00 0 153 68 2 1 1 0 0 0 0 0 255 12 0 0 25 136 0 214 20 464 3 470 1 514 16 764 6 787 7 837 14 1587 22 1987 2 2987
1775072794 471 6 2 3 1000 100 1 0 1.00 0.00 0 153 68 2 1 1 0 0 0 0 0 255 6 0 0 20 250 3 256 1 300 11 517 2 717
1775072800 472 6 1 1 1000 100 0 0 -1.00 0.00 0 154 69 2 1 1 0 0 0 0 0 255 58 0 0 20 250 3 256 1 300 16 550 6 733 7 783 14 1533 15 1611 14 1711 15 1722 14 1822 15 1844 14 1944 15 1971 14 2071 15 2101 14 2201 15 2235 14 2335 15 2365 14 2465 15 2477 14 2577 15 2595 14 2695 15 2760 14 2860 15 2875 14 2975 15 2998 14 3098 15 3105 14 3205 15 3235 14 3335 15 3362 14 3462 15 3496 14 3596 15 3645 14 3745 15 3775 14 3875 15 3910 14 4010 15 4047 14 4147 15 4197 14 4297 15 4339 14 4439 15 4488 14 4588 15 4641 14 4741 22 5141 2 6141
1775072807 473 6 1 1 1000 100 0 0 -1.00 -1.00 0 155 69 2 1 1 0 0 0 0 0 255 50 0 0 20 250 3 256 1 300 16 550 6 664 7 714 14 1464 15 1553 14 1653 15 1698 14 1798 15 1817 14 1917 15 1928 14 2028 15 2104 14 2204 15 2242 14 2342 15 2357 14 2457 15 2503 14 2603 15 2629 14 2729 15 2771 14 2871 15 2909 14 3009 15 3039 14 3139 15 3162 14 3262 15 3327 14 3427 15 3442 14 3542 15 3580 14 3680 15 3729 14 3829 15 3875 14 3975 15 4039 14 4139 15 4193 14 4293 22 4693 2 5693
1775072818 474 6 2 2 1000 100 0 0 1.00 0.00 0 156 68 2 1 1 0 0 0 0 0 255 9 0 0 20 250 3 256 1 300 16 550 9 650 13 1150 22 9150 2 10150
1775072871 475 6 1 1 1000 100 0 0 -1.00 -0.50 0 157 69 2 1 1 0 0 0 0 0 255 42 0 0 23 250 24 430 20 480 3 486 1 530 16 780 6 828 7 878 14 1628 15 1721 14 1821 15 1843 14 1943 15 1955 14 2055 15 2096 14 2196 15 2246 14 2346 15 2380 14 2480 15 2502 14 2602 15 2648 14 2748 15 2820 14 2920 15 2962 14 3062 15 3111 14 3211 15 3268 14 3368 15 3410 14 3510 15 3560 14 3660 15 3732 14 3832 22 4232 2 5232
1775072873 476 6 1 3 1000 100 1 0 -1.00 0.50 0 157 69 2 1 1 0 0 0 0 0 255 6 0 0 20 250 3 256 1 300 11 489 2 689
1775072877 477 6 1 1 1000 100 0 0 -1.00 -0.50 0 158 69 2 1 1 0 0 0 0 0 255 24 0 0 20 250 3 256 1 300 16 550 6 572 7 622 14 1372 15 1399 14 1499 15 1514 14 1614 15 1641 14 1741 15 1798 14 1898 15 1935 14 2035 15 2073 14 2173 15 2269 14 2369 22 2769 2 3769
1775072884 478 6 2 1 1000 100 0 0 1.00 0.50 0 159 69 2 1 1 0 0 0 0 0 255 66 0 0 20 250 3 256 1 300 16 550 6 673 7 723 14 1473 15 1532 14 1632 15 1650 14 1750 15 1784 14 1884 15 1899 14 1999 15 2022 14 2122 15 2160 14 2260 15 2294 14 2394 15 2420 14 2520 15 2547 14 2647 15 2692 14 2792 15 2838 14 2938 15 3003 14 3103 15 3148 14 3248 15 3305 14 3405 15 3447 14 3547 15 3566 14 3666 15 3696 14 3796 15 3838 14 3938 15 4003 14 4103 15 4175 14 4275 15 4313 14 4413 15 4497 14 4597 15 4650 14 4750 15 4792 14 4892 15 4933 14 5033 15 5098 14 5198 15 5244 14 5344 15 5378 14 5478 22 5878 2 6878
1775072891 479 6 1 1 1000 100 0 0 -1.00 0.00 0 160 69 2 1 1 0 0 0 0 0 255 60 0 0 25 91 0 429 20 679 3 685 1 729 16 979 6 1049 7 1099 14 1849 15 1854 14 1954 15 1988 14 2088 15 2122 14 2222 15 2264 14 2364 15 2390 14 2490 15 2528 14 2628 15 2662 14 2762 15 2808 14 2908 15 2938 14 3038 15 3095 14 3195 15 3229 14 3329 15 3375 14 3475 15 3493 14 3593 15 3654 14 3754 15 3800 14 3900 15 3938 14 4038 15 4091 14 4191 15 4237 14 4337 15 4375 14 4475 15 4524 14 4624 15 4685 14 4785 15 4865 14 4965 15 5034 14 5134 15 5183 14 5283 22 5683 2 6683
1775072901 480 6 2 2 1000 100 0 0 1.00 -0.50 0 161 69 2 1 1 0 0 0 0 0 255 9 0 0 20 250 3 256 1 300 16 550 9 728 13 1228 22 9228 2 10228
1775074036 481 6 2 3 1000 100 1 0 1.00 -1.00 0 161 69 2 1 1 0 0 0 0 0 255 8 0 0 23 250 24 437 20 487 3 493 1 537 11 605 2 805
1775074048 482 6 1 1 1000 100 0 0 -1.00 1.00 0 162 69 2 1 1 0 0 0 0 0 255 114 0 0 20 250 3 256 1 300 16 550 6 596 7 646 14 1396 15 1504 14 1604 15 1638 14 1738 15 1772 14 1872 15 1899 14 1999 15 2037 14 2137 15 2152 14 2252 15 2286 14 2386 15 2450 14 2550 15 2619 14 2719 15 2749 14 2849 15 2883 14 2983 15 3006 14 3106 15 3125 14 3225 15 3270 14 3370 15 3401 14 3501 15 3531 14 3631 15 3661 14 3761 15 3795 14 3895 15 3926 14 4026 15 4075 14 4175 15 4209 14 4309 15 4355 14 4455 15 4504 14 4604 15 4657 14 4757 15 4807 14 4907 15 4987 14 5087 15 5129 14 5229 15 5243 14 5343 15 5366 14 5466 15 5496 14 5596 15 5623 14 5723 15 5787 14 5887 15 5914 14 6014 15 6029 14 6129 15 6174 14 6274 15 6358 14 6458 15 6496 14 6596 15 6646 14 6746 15 6799 14 6899 15 6960 14 7060 15 7132 14 7232 15 7281 14 7381 15 7454 14 7554 15 7615 14 7715 15 7776 14 7876 15 7948 14 8048 15 8113 14 8213 15 8266 14 8366 15 8431 14 8531 15 8592 14 8692 15 8741 14 8841 15 8944 14 9044 22 9444 2 10444
1775074049 483 6 2 3 1000 100 1 0 1.00 -0.50 0 162 69 2 1 1 0 0 0 0 0 255 6 0 0 20 250 3 256 1 300 11 499 2 699
1775074050 484 6 2 3 1000 100 1 0 1.00 0.50 0 162 69 2 1 1 0 0 0 0 0 255 6 0 0 20 250 3 256 1 300 11 543 2 743
1775074057 485 6 2 1 1000 100 0 0 1.00 0.50 0 163 69 2 1 1 0 0 0 0 0 255 60 0 0 20 250 3 256 1 300 16 550 6 655 7 705 14 1455 15 1463 14 1563 15 1582 14 1682 15 1720 14 1820 15 1842 14 1942 15 1965 14 2065 15 2099 14 2199 15 2217 14 2317 15 2367 14 2467 15 2478 14 2578 15 2620 14 2720 15 2735 14 2835 15 2865 14 2965 15 2999 14 3099 15 3133 14 3233 15 3283 14 3383 15 3463 14 3563 15 3616 14 3716 15 3765 14 3865 15 3934 14 4034 15 4076 14 4176 15 4206 14 4306 15 4340 14 4440 15 4501 14 4601 15 4677 14 4777 15 4869 14 4969 22 5369 2 6369
1775074067 486 6 2 2 1000 100 0 0 1.00 0.00 0 164 69 2 1 1 0 0 0 0 0 255 9 0 0 20 250 3 256 1 300 16 550 9 649 13 1149 22 9149 2 10149
1775074304 487 6 1 3 1000 100 1 0 -1.00 -0.50 0 164 69 2 1 1 0 0 0 0 0 255 8 0 0 23 250 24 425 20 475 3 481 1 525 11 551 2 751
1775074311 488 6 1 1 1000 100 0 0 -1.00 -1.00 0 165 69 2 1 1 0 0 0 0 0 255 42 0 0 25 230 0 1260 20 1510 3 1516 1 1560 16 1810 6 1945 7 1995 14 2745 15 2746 14 2846 15 2880 14 2980 15 3022 14 3122 15 3168 14 3268 15 3283 14 3383 15 3405 14 3505 15 3524 14 3624 15 3643 14 3743 15 3800 14 3900 15 3907 14 4007 15 4053 14 4153 15 4194 14 4294 15 4386 14 4486 15 4528 14 4628 15 4696 14 4796 22 5196 2 6196
1775074316 489 6 2 4 1000 100 0 0 1.00 0.50 1 166 68 2 1 1 0 0 0 0 0 255 10 0 0 20 250 3 256 1 300 16 550 5 1550 7 1967 14 2717 22 3117 2 4117
1775079592 490 6 2 3 1000 100 1 0 1.00 0.00 0 166 68 2 1 1 0 0 0 0 0 255 8 0 0 23 250 24 439 20 489 3 495 1 539 11 711 2 911
1775079597 491 6 2 1 1000 100 0 0 1.00 -1.00 0 167 69 2 1 1 0 0 0 0 0 255 22 0 0 20 250 3 256 1 300 16 550 6 923 7 973 14 1723 15 1750 14 1850 15 1858 14 1958 15 1969 14 2069 15 2187 14 2287 15 2314 14 2414 15 2513 14 2613 22 3013 2 4013
1775079654 492 6 2 0 1000 100 0 0 1.00 -1.00 0 167 69 2 1 1 0 0 0 0 0 255 10 0 0 23 250 24 447 20 497 3 503 1 547 16 797 5 1797 8 6797 2 6807
1775079711 493 6 1 2 1000 100 0 0 -1.00 -0.50 0 168 68 2 1 1 0 0 0 0 0 255 11 0 0 23 250 24 440 20 490 3 496 1 540 16 790 9 892 13 1392 22 9392 2 10392
1775079753 494 6 2 3 1000 100 1 0 1.00 1.00 0 168 68 2 1 1 0 0 0 0 0 255 8 0 0 23 250 24 439 20 489 3 495 1 539 11 784 2 984
1775079754 495 6 1 3 1000 100 1 0 -1.00 -0.50 0 168 68 2 1 1 0 0 0 0 0 255 6 0 0 20 250 3 256 1 300 11 517 2 717
1775079760 496 6 1 1 1000 100 0 0 -1.00 1.00 0 169 68 2 1 1 0 0 0 0 0 255 44 0 0 20 250 3 256 1 300 16 550 6 638 7 688 14 1438 15 1497 14 1597 15 1631 14 1731 15 1780 14 1880 15 1930 14 2030 15 2098 14 2198 15 2252 14 2352 15 2378 14 2478 15 2501 14 2601 15 2646 14 2746 15 2884 14 2984 15 3003 14 3103 15 3122 14 3222 15 3271 14 3371 15 3409 14 3509 15 3524 14 3624 15 3685 14 3785 15 3880 14 3980 22 4380 2 5380
1775079769 497 6 1 1 1000 100 0 0 -1.00 -0.50 0 170 69 2 1 1 0 0 0 0 0 255 78 0 0 20 250 3 256 1 300 16 550 6 596 7 646 14 1396 15 1435 14 1535 15 1550 14 1650 15 1665 14 1765 15 1784 14 1884 15 1910 14 2010 15 2021 14 2121 15 2140 14 2240 15 2255 14 2355 15 2374 14 2474 15 2493 14 2593 15 2623 14 2723 15 2780 14 2880 15 2906 14 3006 15 3018 14 3118 15 3133 14 3233 15 3286 14 3386 15 3405 14 3505 15 3516 14 3616 15 3657 14 3757 15 3772 14 3872 15 3884 14 3984 15 4014 14 4114 15 4294 14 4394 15 4424 14 4524 15 4554 14 4654 15 4681 14 4781 15 4811 14 4911 15 4957 14 5057 15 5095 14 5195 15 5248 14 5348 15 5394 14 5494 15 5558 14 5658 15 5685 14 5785 15 5853 14 5953 22 6353 2 7353
1775079776 498 6 1 1 1000 100 0 0 -1.00 -0.50 0 171 69 2 1 1 0 0 0 0 0 255 38 0 0 20 250 3 256 1 300 16 550 6 595 7 645 14 1395 15 1523 14 1623 15 1664 14 1764 15 1795 14 1895 15 1925 14 2025 15 2067 14 2167 15 2205 14 2305 15 2342 14 2442 15 2503 14 2603 15 2664 14 2764 15 2833 14 2933 15 2990 14 3090 15 3143 14 3243 15 3289 14 3389 15 3446 14 3546 22 3946 2 4946
1775079778 499 6 1 3 1000 100 1 0 -1.00 0.00 0 171 69 2 1 1 0 0 0 0 0 255 6 0 0 20 250 3 256 1 300 11 496 2 696
1775079784 500 6 1 1 1000 100 0 0 -1.00 -1.00 0 172 69 2 1 1 0 0 0 0 0 255 42 0 0 20 250 3 256 1 300 16 550 6 669 7 719 14 1469 15 1562 14 1662 15 1708 14 1808 15 1846 14 1946 15 1972 14 2072 15 2106 14 2206 15 2263 14 2363 15 2390 14 2490 15 2524 14 2624 15 2658 14 2758 15 2800 14 2900 15 2949 14 3049 15 3095 14 3195 15 3233 14 3333 15 3375 14 3475 15 3512 14 3612 15 3673 14 3773 22 4173 2 5173
1775079795 501 6 2 2 1000 100 0 0 1.00 -0.50 0 173 68 2 1 1 0 0 0 0 0 255 9 0 0 20 250 3 256 1 300 16 550 9 668 13 1168 22 9168 2 10168
1775079935 502 6 2 4 1000 100 0 0 1.00 0.50 1 174 68 2 1 1 0 0 0 0 0 255 12 0 0 23 250 24 436 20 486 3 492 1 536 16 786 5 1786 7 4685 14 5435 22 5835 2 6835
1775079943 503 6 1 1 1000 100 0 0 -1.00 1.00 0 175 68 2 1 1 0 0 0 0 0 255 62 0 0 20 250 3 256 1 300 16 550 6 687 7 737 14 1487 15 1560 14 1660 15 1683 14 1783 15 1829 14 1929 15 1967 14 2067 15 2097 14 2197 15 2212 14 2312 15 2323 14 2423 15 2442 14 2542 15 2718 14 2818 15 2833 14 2933 15 2948 14 3048 15 3063 14 3163 15 3223 14 3323 15 3392 14 3492 15 3522 14 3622 15 3660 14 3760 15 3821 14 3921 15 3951 14 4051 15 4101 14 4201 15 4373 14 4473 15 4511 14 4611 15 4653 14 4753 15 4814 14 4914 15 4974 14 5074 15 5128 14 5228 15 5304 14 5404 22 5804 2 6804
1775079953 504 6 2 2 1000 100 0 0 1.00 0.00 0 176 68 2 1 1 0 0 0 0 0 255 9 0 0 20 250 3 256 1 300 16 550 9 647 13 1147 22 9147 2 10147
1775080223 505 6 2 3 1000 100 1 0 1.00 1.00 0 176 68 2 1 1 0 0 0 0 0 255 8 0 0 23 250 24 430 20 480 3 486 1 530 11 698 2 898
1775080234 506 6 2 2 1000 100 0 0 1.00 0.00 0 177 67 2 1 1 0 0 0 0 0 255 11 0 0 20 250 3 256 1 300 16 550 9 697 13 1197 22 9197 12 9833 22 9933 2 10933
1775080244 507 6 1 1 1000 100 0 0 -1.00 0.50 0 178 68 2 1 1 0 0 0 0 0 255 90 0 0 20 250 3 256 1 300 16 550 6 722 7 772 14 1522 15 1634 14 1734 15 1757 14 1857 15 2025 14 2125 15 2132 14 2232 15 2255 14 2355 15 2381 14 2481 15 2512 14 2612 15 2768 14 2868 15 2906 14 3006 15 3033 14 3133 15 3155 14 3255 15 3270 14 3370 15 3393 14 3493 15 3535 14 3635 15 3669 14 3769 15 3795 14 3895 15 3930 14 4030 15 4071 14 4171 15 4190 14 4290 15 4324 14 4424 15 4451 14 4551 15 4569 14 4669 15 4861 14 4961 15 4968 14 5068 15 5274 14 5374 15 5382 14 5482 15 5516 14 5616 15 5677 14 5777 15 5830 14 5930 15 5995 14 6095 15 6136 14 6236 15 6293 14 6393 15 6447 14 6547 15 6585 14 6685 15 6745 14 6845 15 6899 14 6999 15 7052 14 7152 15 7209 14 7309 15 7374 14 7474 15 7500 14 7600 22 8000 2 9000
1775080250 508 6 1 1 1000 100 0 0 -1.00 1.00 0 179 68 2 1 1 0 0 0 0 0 255 32 0 0 20 250 3 256 1 300 16 550 6 759 7 809 14 1559 15 1571 14 1671 15 1698 14 1798 15 1832 14 1932 15 2135 14 2235 15 2303 14 2403 15 2426 14 2526 15 2590 14 2690 15 2728 14 2828 15 2889 14 2989 15 3050 14 3150 15 3207 14 3307 22 3707 2 4707
1775080261 509 6 2 2 1000 100 0 0 1.00 0.00 0 180 67 2 1 1 0 0 0 0 0 255 9 0 0 20 250 3 256 1 300 16 550 9 614 13 1114 22 9114 2 10114
1775080270 510 6 1 1 1000 100 0 0 -1.00 -1.00 0 181 67 2 1 1 0 0 0 0 0 255 52 0 0 20 250 3 256 1 300 16 550 6 685 7 735 14 1485 15 1502 14 1602 15 1628 14 1728 15 1766 14 1866 15 1877 14 1977 15 2038 14 2138 15 2168 14 2268 15 2287 14 2387 15 2429 14 2529 15 2594 14 2694 15 2724 14 2824 15 2858 14 2958 15 3004 14 3104 15 3142 14 3242 15 3322 14 3422 15 3471 14 3571 15 3628 14 3728 15 3770 14 3870 15 3908 14 4008 15 4104 14 4204 15 4280 14 4380 15 4475 14 4575 22 4975 2 5975
1775080279 511 6 1 1 1000 100 0 0 -1.00 0.50 0 182 68 2 1 1 0 0 0 0 0 255 78 0 0 20 250 3 256 1 300 16 550 6 642 7 692 14 1442 15 1600 14 1700 15 1849 14 1949 15 2125 14 2225 15 2401 14 2501 15 2528 14 2628 15 2650 14 2750 15 2803 14 2903 15 2922 14 3022 15 3083 14 3183 15 3263 14 3363 15 3405 14 3505 15 3535 14 3635 15 3689 14 3789 15 3819 14 3919 15 3957 14 4057 15 4099 14 4199 15 4263 14 4363 15 4401 14 4501 15 4547 14 4647 15 4685 14 4785 15 4857 14 4957 15 4995 14 5095 15 5133 14 5233 15 5275 14 5375 15 5386 14 5486 15 5524 14 5624 15 5651 14 5751 15 5823 14 5923 15 5976 14 6076 15 6137 14 6237 15 6287 14 6387 15 6429 14 6529 15 6582 14 6682 15 6762 14 6862 22 7262 2 8262
1775080285 512 6 2 1 1000 100 0 0 1.00 1.00 0 183 68 2 1 1 0 0 0 0 0 255 56 0 0 20 250 3 256 1 300 16 550 6 557 7 607 14 1357 15 1377 14 1477 15 1507 14 1607 15 1641 14 1741 15 1752 14 1852 15 1875 14 1975 15 2021 14 2121 15 2155 14 2255 15 2293 14 2393 15 2431 14 2531 15 2565 14 2665 15 2822 14 2922 15 2979 14 3079 15 3128 14 3228 15 3281 14 3381 15 3431 14 3531 15 3592 14 3692 15 3757 14 3857 15 3910 14 4010 15 4052 14 4152 15 4216 14 4316 15 4366 14 4466 15 4538 14 4638 15 4695 14 4795 22 5195 2 6195
1775080293 513 6 2 1 1000 100 0 0 1.00 0.50 0 184 68 2 1 1 0 0 0 0 0 255 66 0 0 20 250 3 256 1 300 16 550 6 678 7 728 14 1478 15 1494 14 1594 15 1617 14 1717 15 1743 14 1843 15 1885 14 1985 15 2023 14 2123 15 2161 14 2261 15 2295 14 2395 15 2433 14 2533 15 2571 14 2671 15 2713 14 2813 15 2881 14 2981 15 3077 14 3177 15 3192 14 3292 15 3326 14 3426 15 3452 14 3552 15 3609 14 3709 15 3763 14 3863 15 3928 14 4028 15 4069 14 4169 15 4223 14 4323 15 4380 14 4480 15 4537 14 4637 15 4709 14 4809 15 4851 14 4951 15 5012 14 5112 15 5181 14 5281 15 5346 14 5446 15 5495 14 5595 22 5995 2 6995
1775080299 514 6 1 1 1000 100 0 0 -1.00 -1.00 0 185 68 2 1 1 0 0 0 0 0 255 38 0 0 20 250 3 256 1 300 16 550 6 673 7 723 14 1473 15 1531 14 1631 15 1661 14 1761 15 1819 14 1919 15 1960 14 2060 15 2094 14 2194 15 2232 14 2332 15 2386 14 2486 15 2547 14 2647 15 2711 14 2811 15 2861 14 2961 15 3018 14 3118 15 3206 14 3306 15 3367 14 3467 15 3531 14 3631 22 4031 2 5031
1775080305 515 6 2 1 1000 100 0 0 1.00 0.50 0 186 69 2 1 1 0 0 0 0 0 255 46 0 0 20 250 3 256 1 300 16 550 6 701 7 751 14 1501 15 1567 14 1667 15 1694 14 1794 15 1816 14 1916 15 1969 14 2069 15 2111 14 2211 15 2249 14 2349 15 2402 14 2502 15 2560 14 2660 15 2697 14 2797 15 2847 14 2947 15 3004 14 3104 15 3150 14 3250 15 3314 14 3414 15 3483 14 3583 15 3782 14 3882 15 3939 14 4039 15 4085 14 4185 15 4376 14 4476 22 4876 2 5876
1775080312 516 6 1 1 1000 100 0 0 -1.00 0.00 0 187 69 2 1 1 0 0 0 0 0 255 54 0 0 20 250 3 256 1 300 16 550 6 671 7 721 14 1471 15 1541 14 1641 15 1679 14 1779 15 1805 14 1905 15 1962 14 2062 15 2104 14 2204 15 2238 14 2338 15 2380 14 2480 15 2518 14 2618 15 2660 14 2760 15 2794 14 2894 15 2951 14 3051 15 3100 14 3200 15 3242 14 3342 15 3407 14 3507 15 3552 14 3652 15 3709 14 3809 15 3870 14 3970 15 4054 14 4154 15 4227 14 4327 15 4391 14 4491 15 4564 14 4664 15 4748 14 4848 22 5248 2 6248
1775080320 517 6 2 1 1000 100 0 0 1.00 1.00 0 188 69 2 1 1 0 0 0 0 0 255 72 0 0 20 250 3 256 1 300 16 550 6 596 7 646 14 1396 15 1401 14 1501 15 1512 14 1612 15 1630 14 1730 15 1761 14 1861 15 1891 14 1991 15 2021 14 2121 15 2159 14 2259 15 2293 14 2393 15 2431 14 2531 15 2573 14 2673 15 2730 14 2830 15 2868 14 2968 15 3018 14 3118 15 3129 14 3229 15 3267 14 3367 15 3397 14 3497 15 3520 14 3620 15 3654 14 3754 15 3811 14 3911 15 3922 14 4022 15 4079 14 4179 15 4232 14 4332 15 4378 14 4478 15 4516 14 4616 15 4688 14 4788 15 4849 14 4949 15 5010 14 5110 15 5186 14 5286 15 5343 14 5443 15 5516 14 5616 15 5676 14 5776 22 6176 2 7176
1775080327 518 6 2 1 1000 100 0 0 1.00 1.00 0 189 69 2 1 1 0 0 0 0 0 255 60 0 0 20 250 3 256 1 300 16 550 6 791 7 841 14 1591 15 1638 14 1738 15 1761 14 1861 15 1872 14 1972 15 2021 14 2121 15 2167 14 2267 15 2301 14 2401 15 2435 14 2535 15 2581 14 2681 15 2711 14 2811 15 2826 14 2926 15 2945 14 3045 15 3221 14 3321 15 3362 14 3462 15 3481 14 3581 15 3604 14 3704 15 3745 14 3845 15 3876 14 3976 15 4033 14 4133 15 4194 14 4294 15 4343 14 4443 15 4508 14 4608 15 4673 14 4773 15 4814 14 4914 15 4964 14 5064 15 5125 14 5225 22 5625 2 6625
1775080332 519 6 1 1 1000 100 0 0 -1.00 0.50 0 190 69 2 1 1 0 0 0 0 0 255 24 0 0 20 250 3 256 1 300 16 550 6 597 7 647 14 1397 15 1459 14 1559 15 1605 14 1705 15 1750 14 1850 15 1904 14 2004 15 2046 14 2146 15 2195 14 2295 22 2695 12 3414 22 3514 2 4514
1775080339 520 6 1 1 1000 100 0 0 -1.00 0.00 0 191 69 2 1 1 0 0 0 0 0 255 56 0 0 20 250 3 256 1 300 16 550 6 703 7 753 14 1503 15 1558 14 1658 15 1692 14 1792 15 1834 14 1934 15 1983 14 2083 15 2121 14 2221 15 2275 14 2375 15 2416 14 2516 15 2581 14 2681 15 2711 14 2811 15 2857 14 2957 15 3018 14 3118 15 3175 14 3275 15 3305 14 3405 15 3447 14 3547 15 3616 14 3716 15 3780 14 3880 15 4079 14 4179 15 4240 14 4340 15 4405 14 4505 15 4543 14 4643 15 4669 14 4769 15 4842 14 4942 15 5148 14 5248 22 5648 2 6648
1775080350 521 6 2 2 1000 100 0 0 1.00 -1.00 0 192 69 2 1 1 0 0 0 0 0 255 9 0 0 20 250 3 256 1 300 16 550 9 665 13 1165 22 9165 2 10165
1775080363 522 6 2 2 1000 100 0 0 1.00 0.00 0 193 69 2 1 1 0 0 0 0 0 255 9 0 0 20 250 3 256 1 300 16 550 9 604 13 1104 22 9104 2 10104
1775080436 523 6 2 2 1000 100 0 0 1.00 0.00 0 194 68 2 1 1 0 0 0 0 0 255 11 0 0 23 250 24 429 20 479 3 485 1 529 16 779 9 835 13 1335 22 9335 2 10335
1775080634 524 6 1 1 1000 100 0 0 -1.00 0.00 0 195 68 2 1 1 0 0 0 0 0 255 44 0 0 23 250 24 429 20 479 3 485 1 529 16 779 6 927 7 977 14 1727 15 1846 14 1946 15 1973 14 2073 15 2091 14 2191 15 2210 14 2310 15 2337 14 2437 15 2478 14 2578 15 2582 14 2682 15 2739 14 2839 15 2858 14 2958 15 2988 14 3088 15 3149 14 3249 15 3302 14 3402 15 3421 14 3521 15 3566 14 3666 15 3754 14 3854 15 3892 14 3992 22 4392 2 5392
1775080636 525 6 1 3 1000 100 1 0 -1.00 -1.00 0 195 68 2 1 1 0 0 0 0 0 255 6 0 0 20 250 3 256 1 300 11 511 2 711
1775080644 526 6 1 1 1000 100 0 0 -1.00 -0.50 0 196 69 2 1 1 0 0 0 0 0 255 66 0 0 20 250 3 256 1 300 16 550 6 705 7 755 14 1505 15 1613 14 1713 15 1736 14 1836 15 1859 14 1959 15 1985 14 2085 15 2111 14 2211 15 2238 14 2338 15 2395 14 2495 15 2510 14 2610 15 2636 14 2736 15 2778 14 2878 15 2901 14 3001 15 3035 14 3135 15 3150 14 3250 15 3288 14 3388 15 3410 14 3510 15 3529 14 3629 15 3648 14 3748 15 3774 14 3874 15 3920 14 4020 15 4085 14 4185 15 4242 14 4342 15 4391 14 4491 15 4525 14 4625 15 4690 14 4790 15 4835 14 4935 15 4981 14 5081 15 5127 14 5227 15 5288 14 5388 22 5788 2 6788
1775080650 527 6 1 0 1000 100 0 0 -1.00 0.50 1 196 69 2 1 1 0 0 0 0 0 255 8 0 0 20 250 3 256 1 300 16 550 5 1550 8 6550 2 6560
1775080662 528 6 2 2 1000 100 0 0 1.00 -1.00 0 197 68 2 1 1 0 0 0 0 0 255 9 0 0 20 250 3 256 1 300 16 550 9 790 13 1290 22 9290 2 10290
1775080669 529 6 1 0 1000 100 0 0 -1.00 0.50 1 197 68 2 1 1 0 0 0 0 0 255 8 0 0 20 250 3 256 1 300 16 550 5 1550 8 6550 2 6560
1775080683 530 6 2 1 1000 100 0 0 1.00 1.00 0 198 68 2 1 1 0 0 0 0 0 255 106 0 0 25 234 0 971 20 1221 3 1227 1 1271 16 1521 6 1721 7 1771 14 2521 15 2614 14 2714 15 2740 14 2840 15 2867 14 2967 15 3012 14 3112 15 3131 14 3231 15 3250 14 3350 15 3392 14 3492 15 3533 14 3633 15 3652 14 3752 15 3786 14 3886 15 3920 14 4020 15 4047 14 4147 15 4173 14 4273 15 4307 14 4407 15 4445 14 4545 15 4572 14 4672 15 4714 14 4814 15 4844 14 4944 15 4966 14 5066 15 5081 14 5181 15 5334 14 5434 15 5449 14 5549 15 5572 14 5672 15 5710 14 5810 15 5832 14 5932 15 5947 14 6047 15 6081 14 6181 15 6227 14 6327 15 6342 14 6442 15 6457 14 6557 15 6706 14 6806 15 6825 14 6925 15 6970 14 7070 15 7105 14 7205 15 7246 14 7346 15 7388 14 7488 15 7534 14 7634 15 7676 14 7776 15 7821 14 7921 15 7990 14 8090 15 8105 14 8205 15 8228 14 8328 15 8354 14 8454 15 8515 14 8615 15 8710 14 8810 15 8852 14 8952 15 9013 14 9113 22 9513 2 10513
1775080694 531 6 2 2 1000 100 0 0 1.00 0.00 0 199 68 2 1 1 0 0 0 0 0 255 9 0 0 20 250 3 256 1 300 16 550 9 674 13 1174 22 9174 2 10174
1775080882 532 6 1 3 1000 100 1 0 -1.00 0.00 0 199 68 2 1 1 0 0 0 0 0 255 8 0 0 23 250 24 432 20 482 3 488 1 532 11 746 2 946
1775080889 533 6 1 1 1000 100 0 0 -1.00 -1.00 0 200 68 2 1 1 0 0 0 0 0 255 60 0 0 20 250 3 256 1 300 16 550 6 551 7 601 14 1351 15 1448 14 1548 15 1555 14 1655 15 1674 14 1774 15 1792 14 1892 15 1907 14 2007 15 2045 14 2145 15 2172 14 2272 15 2291 14 2391 15 2417 14 2517 15 2532 14 2632 15 2677 14 2777 15 2785 14 2885 15 2926 14 3026 15 3041 14 3141 15 3168 14 3268 15 3336 14 3436 15 3470 14 3570 15 3601 14 3701 15 3761 14 3861 15 3892 14 3992 15 4060 14 4160 15 4187 14 4287 15 4359 14 4459 22 4859 12 5106 22 5206 12 5302 22 5402 2 6402
1775080894 534 6 2 1 1000 100 0 0 1.00 1.00 0 201 68 2 1 1 0 0 0 0 0 255 42 0 0 20 250 3 256 1 300 16 550 6 657 7 707 14 1457 15 1550 14 1650 15 1684 14 1784 15 1822 14 1922 15 1945 14 2045 15 2056 14 2156 15 2178 14 2278 15 2316 14 2416 15 2454 14 2554 15 2581 14 2681 15 2684 14 2784 15 2826 14 2926 15 2968 14 3068 15 3129 14 3229 15 3290 14 3390 15 3458 14 3558 15 3623 14 3723 22 4123 2 5123
1775080905 535 6 1 2 1000 100 0 0 -1.00 1.00 0 202 68 2 1 1 0 0 0 0 0 255 9 0 0 20 250 3 256 1 300 16 550 9 809 13 1309 22 9309 2 10309
1775080953 536 6 2 3 1000 100 1 0 1.00 0.50 0 202 68 2 1 1 0 0 0 0 0 255 8 0 0 23 250 24 449 20 499 3 505 1 549 11 736 2 936
1775080957 537 6 1 1 1000 100 0 0 -1.00 -1.00 0 203 68 2 1 1 0 0 0 0 0 255 34 0 0 20 250 3 256 1 300 16 550 6 624 7 674 14 1424 15 1556 14 1656 15 1682 14 1782 15 1824 14 1924 15 1966 14 2066 15 2088 14 2188 15 2203 14 2303 15 2314 14 2414 15 2460 14 2560 15 2605 14 2705 15 2770 14 2870 15 2943 14 3043 15 3088 14 3188 22 3588 2 4588
1775080959 538 6 2 3 1000 100 1 0 1.00 -1.00 0 203 68 2 1 1 0 0 0 0 0 255 6 0 0 20 250 3 256 1 300 11 520 2 720
1775080967 539 6 1 1 1000 100 0 0 -1.00 0.50 0 204 68 2 1 1 0 0 0 0 0 255 86 0 0 20 250 3 256 1 300 16 550 6 595 7 645 14 1395 15 1431 14 1531 15 1546 14 1646 15 1672 14 1772 15 1798 14 1898 15 1921 14 2021 15 2044 14 2144 15 2174 14 2274 15 2308 14 2408 15 2465 14 2565 15 2584 14 2684 15 2703 14 2803 15 2818 14 2918 15 2963 14 3063 15 3071 14 3171 15 3212 14 3312 15 3354 14 3454 15 3484 14 3584 15 3607 14 3707 15 3726 14 3826 15 3856 14 3956 15 3986 14 4086 15 4120 14 4220 15 4262 14 4362 15 4389 14 4489 15 4500 14 4600 15 4611 14 4711 15 4768 14 4868 15 4898 14 4998 15 5017 14 5117 15 5144 14 5244 15 5282 14 5382 15 5408 14 5508 15 5542 14 5642 15 5688 14 5788 15 5829 14 5929 15 5975 14 6075 15 6144 14 6244 15 6285 14 6385 22 6785 2 7785
1775080973 540 6 1 1 1000 100 0 0 -1.00 -1.00 0 205 68 2 1 1 0 0 0 0 0 255 40 0 0 20 250 3 256 1 300 16 550 6 686 7 736 14 1486 15 1499 14 1599 15 1637 14 1737 15 1782 14 1882 15 1897 14 1997 15 2027 14 2127 15 2162 14 2262 15 2571 14 2671 15 2698 14 2798 15 2828 14 2928 15 2989 14 3089 15 3119 14 3219 15 3276 14 3376 15 3445 14 3545 15 3598 14 3698 15 3759 14 3859 22 4259 2 5259
1775080983 541 6 1 2 1000 100 0 0 -1.00 1.00 0 206 68 2 1 1 0 0 0 0 0 255 9 0 0 20 250 3 256 1 300 16 550 9 660 13 1160 22 9160 2 10160
1775080994 542 6 2 2 1000 100 0 0 1.00 0.00 0 207 68 2 1 1 0 0 0 0 0 255 9 0 0 20 250 3 256 1 300 16 550 9 826 13 1326 22 9326 2 10326
1775080999 543 6 1 1 1000 100 0 0 -1.00 -0.50 0 208 68 2 1 1 0 0 0 0 0 255 18 0 0 20 250 3 256 1 300 16 550 6 691 7 741 14 1491 15 1591 14 1691 15 1760 14 1860 15 1905 14 2005 15 2051 14 2151 22 2551 2 3551
1775081036 544 6 2 0 1000 100 0 0 1.00 -1.00 1 208 68 2 1 1 0 0 0 0 0 255 10 0 0 25 63 0 2617 20 2867 3 2873 1 2917 16 3167 5 4167 8 9167 2 9177
1775081046 545 6 1 1 1000 100 0 0 -1.00 0.00 0 209 68 2 1 1 0 0 0 0 0 255 60 0 0 20 250 3 256 1 300 16 550 6 681 7 731 14 1481 15 1566 14 1666 15 1827 14 1927 15 1957 14 2057 15 2072 14 2172 15 2233 14 2333 15 2367 14 2467 15 2482 14 2582 15 2604 14 2704 15 2739 14 2839 15 2869 14 2969 15 3011 14 3111 15 3145 14 3245 15 3290 14 3390 15 3444 14 3544 15 3593 14 3693 15 3739 14 3839 15 3892 14 3992 15 4018 14 4118 15 4164 14 4264 15 4317 14 4417 15 4467 14 4567 15 4612 14 4712 15 4777 14 4877 15 4927 14 5027 15 5084 14 5184 22 5584 2 6584
1775081051 546 6 2 1 1000 100 0 0 1.00 1.00 0 210 68 2 1 1 0 0 0 0 0 255 42 0 0 20 250 3 256 1 300 16 550 6 716 7 766 14 1516 15 1609 14 1709 15 1743 14 1843 15 1885 14 1985 15 2031 14 2131 15 2161 14 2261 15 2268 14 2368 15 2425 14 2525 15 2586 14 2686 15 2724 14 2824 15 2870 14 2970 15 3035 14 3135 15 3184 14 3284 15 3360 14 3460 15 3514 14 3614 15 3667 14 3767 15 3812 14 3912 22 4312 2 5312
1775081062 547 6 2 2 1000 100 0 0 1.00 -1.00 0 211 68 2 1 1 0 0 0 0 0 255 9 0 0 20 250 3 256 1 300 16 550 9 634 13 1134 22 9134 2 10134
1775095118 548 6 2 1 1000 100 0 0 1.00 1.00 0 212 68 2 1 1 0 0 0 0 0 255 12 0 0 23 250 24 430 20 480 3 486 1 530 16 780 6 940 7 990 14 1740 22 2140 2 3140
1775097314 549 6 2 1 1000 100 0 0 1.00 0.50 0 213 68 2 1 1 0 0 0 0 0 255 16 0 0 23 250 24 438 20 488 3 494 1 538 16 788 6 909 7 959 14 1709 22 2109 12 2516 22 2616 12 2642 22 2742 2 3742
1775097328 550 6 2 2 1000 100 0 0 1.00 1.00 0 214 68 2 1 1 0 0 0 0 0 255 9 0 0 20 250 3 256 1 300 16 550 9 771 13 1271 22 9271 2 10271
1775097868 551 6 1 3 1000 100 1 0 -1.00 0.50 0 214 68 2 1 1 0 0 0 0 0 255 8 0 0 23 250 24 424 20 474 3 480 1 524 11 662 2 862
1775097869 552 6 2 3 1000 100 1 0 1.00 1.00 0 214 68 2 1 1 0 0 0 0 0 255 6 0 0 20 250 3 256 1 300 11 546 2 746
1775097879 553 6 2 1 1000 100 0 0 1.00 0.00 0 215 68 2 1 1 0 0 0 0 0 255 88 0 0 20 250 3 256 1 300 16 550 6 776 7 826 14 1576 15 1662 14 1762 15 1800 14 1900 15 1922 14 2022 15 2041 14 2141 15 2164 14 2264 15 2298 14 2398 15 2425 14 2525 15 2559 14 2659 15 2666 14 2766 15 2797 14 2897 15 2935 14 3035 15 3073 14 3173 15 3207 14 3307 15 3322 14 3422 15 3587 14 3687 15 3706 14 3806 15 3851 14 3951 15 3963 14 4063 15 4097 14 4197 15 4250 14 4350 15 4365 14 4465 15 4480 14 4580 15 4603 14 4703 15 4718 14 4818 15 4849 14 4949 15 4990 14 5090 15 5140 14 5240 15 5290 14 5390 15 5435 14 5535 15 5592 14 5692 15 5734 14 5834 15 5884 14 5984 15 6041 14 6141 15 6183 14 6283 15 6352 14 6452 15 6459 14 6559 15 6620 14 6720 15 6774 14 6874 15 6946 14 7046 22 7446 2 8446
1775097889 554 6 2 1 1000 100 0 0 1.00 0.50 0 216 68 2 1 1 0 0 0 0 0 255 84 0 0 20 250 3 256 1 300 16 550 6 690 7 740 14 1490 15 1603 14 1703 15 1714 14 1814 15 1879 14 1979 15 2251 14 2351 15 2362 14 2462 15 2500 14 2600 15 2607 14 2707 15 2738 14 2838 15 2887 14 2987 15 3002 14 3102 15 3136 14 3236 15 3240 14 3340 15 3374 14 3474 15 3631 14 3731 15 3777 14 3877 15 3995 14 4095 15 4145 14 4245 15 4279 14 4379 15 4413 14 4513 15 4567 14 4667 15 4724 14 4824 15 4889 14 4989 15 5031 14 5131 15 5188 14 5288 15 5353 14 5453 15 5533 14 5633 15 5694 14 5794 15 5832 14 5932 15 5997 14 6097 15 6150 14 6250 15 6296 14 6396 15 6469 14 6569 15 6634 14 6734 15 6795 14 6895 15 6963 14 7063 15 7163 14 7263 15 7328 14 7428 22 7828 2 8828
1775097896 555 6 2 1 1000 100 0 0 1.00 -0.50 0 217 68 2 1 1 0 0 0 0 0 255 66 0 0 20 250 3 256 1 300 16 550 6 625 7 675 14 1425 15 1484 14 1584 15 1607 14 1707 15 1741 14 1841 15 1864 14 1964 15 1998 14 2098 15 2121 14 2221 15 2240 14 2340 15 2370 14 2470 15 2520 14 2620 15 2665 14 2765 15 2823 14 2923 15 2972 14 3072 15 3114 14 3214 15 3279 14 3379 15 3436 14 3536 15 3597 14 3697 15 3758 14 3858 15 3942 14 4042 15 4069 14 4169 15 4188 14 4288 15 4334 14 4434 15 4464 14 4564 15 4633 14 4733 15 4801 14 4901 15 4955 14 5055 15 5135 14 5235 15 5281 14 5381 15 5465 14 5565 22 5965 2 6965
1775097900 556 6 1 1 1000 100 0 0 -1.00 0.00 0 218 68 2 1 1 0 0 0 0 0 255 14 0 0 20 250 3 256 1 300 16 550 6 672 7 722 14 1472 22 1872 12 2451 22 2551 12 2578 22 2678 2 3678
1775097909 557 6 2 1 1000 100 0 0 1.00 -1.00 0 219 69 2 1 1 0 0 0 0 0 255 58 0 0 20 250 3 256 1 300 16 550 6 641 7 691 14 1441 15 1458 14 1558 15 1569 14 1669 15 1696 14 1796 15 1826 14 1926 15 1960 14 2060 15 2102 14 2202 15 2240 14 2340 15 2371 14 2471 15 2497 14 2597 15 2647 14 2747 15 2796 14 2896 15 2954 14 3054 15 3118 14 3218 15 3283 14 3383 15 3421 14 3521 15 3671 14 3771 15 3820 14 3920 15 4016 14 4116 15 4181 14 4281 15 4334 14 4434 15 4522 14 4622 15 4702 14 4802 15 4875 14 4975 15 5047 14 5147 22 5547 2 6547
1775097916 558 6 1 1 1000 100 0 0 -1.00 0.50 0 220 69 2 1 1 0 0 0 0 0 255 48 0 0 20 250 3 256 1 300 16 550 6 765 7 815 14 1565 15 1593 14 1693 15 1877 14 1977 15 2023 14 2123 15 2168 14 2268 15 2322 14 2422 15 2490 14 2590 15 2644 14 2744 15 2832 14 2932 15 2993 14 3093 15 3162 14 3262 15 3346 14 3446 15 3534 14 3634 15 3683 14 3783 15 3875 14 3975 15 4063 14 4163 15 4170 14 4270 15 4408 14 4508 15 4577 14 4677 15 4753 14 4853 22 5253 2 6253
1775097927 559 6 2 2 1000 100 0 0 1.00 0.00 0 221 68 2 1 1 0 0 0 0 0 255 9 0 0 20 250 3 256 1 300 16 550 9 816 13 1316 22 9316 2 10316
1775103197 560 6 1 3 1000 100 1 0 -1.00 -1.00 0 221 68 2 1 1 0 0 0 0 0 255 8 0 0 23 250 24 440 20 490 3 496 1 540 11 712 2 912
1775103202 561 6 2 1 1000 100 0 0 1.00 0.50 0 222 69 2 1 1 0 0 0 0 0 255 28 0 0 20 250 3 256 1 300 16 550 6 676 7 726 14 1476 15 1547 14 1647 15 1689 14 1789 15 1808 14 1908 15 1934 14 2034 15 2057 14 2157 15 2184 14 2284 15 2322 14 2422 15 2471 14 2571 15 2648 14 2748 22 3148 2 4148
1775103213 562 6 1 2 1000 100 0 0 -1.00 1.00 0 223 68 2 1 1 0 0 0 0 0 255 9 0 0 20 250 3 256 1 300 16 550 9 696 13 1196 22 9196 2 10196
1775103997 563 6 2 1 1000 100 0 0 1.00 -0.50 0 224 68 2 1 1 0 0 0 0 0 255 84 0 0 23 250 24 415 20 465 3 471 1 515 16 765 6 825 7 875 14 1625 15 1681 14 1781 15 1811 14 1911 15 1938 14 2038 15 2072 14 2172 15 2191 14 2291 15 2333 14 2433 15 2471 14 2571 15 2624 14 2724 15 2751 14 2851 15 2877 14 2977 15 3008 14 3108 15 3142 14 3242 15 3280 14 3380 15 3414 14 3514 15 3541 14 3641 15 3675 14 3775 15 3790 14 3890 15 3936 14 4036 15 4066 14 4166 15 4208 14 4308 15 4362 14 4462 15 4515 14 4615 15 4649 14 4749 15 4795 14 4895 15 4910 14 5010 15 5052 14 5152 15 5171 14 5271 15 5328 14 5428 15 5463 14 5563 15 5601 14 5701 15 5704 14 5804 15 5858 14 5958 15 6007 14 6107 15 6176 14 6276 15 6333 14 6433 15 6494 14 6594 22 6994 2 7994
1775104009 564 6 1 2 1000 100 0 0 -1.00 0.50 0 225 68 2 1 1 0 0 0 0 0 255 9 0 0 20 250 3 256 1 300 16 550 9 843 13 1343 22 9343 2 10343
1775114991 565 6 1 4 1000 100 0 0 -1.00 1.00 1 226 68 2 1 1 0 0 0 0 0 255 11 0 0 23 250 24 419 20 469 3 475 1 519 16 769 7 1013 14 1763 22 2163 2 3163
1775115003 566 6 1 2 1000 100 0 0 -1.00 1.00 0 227 67 2 1 1 0 0 0 0 0 255 9 0 0 20 250 3 256 1 300 16 550 9 906 13 1406 22 9406 2 10406
1775115012 567 6 2 4 1000 100 0 0 1.00 1.00 1 228 67 2 1 1 0 0 0 0 0 255 12 0 0 20 250 3 256 1 300 16 550 5 1550 7 2078 14 2828 15 3156 14 3256 22 3656 2 4656
1775115017 568 6 2 3 1000 100 1 0 1.00 0.50 0 228 67 2 1 1 0 0 0 0 0 255 6 0 0 20 250 3 256 1 300 11 544 2 744
1775115022 569 6 2 1 1000 100 0 0 1.00 0.00 0 229 67 2 1 1 0 0 0 0 0 255 34 0 0 20 250 3 256 1 300 16 550 6 697 7 747 14 1497 15 1499 14 1599 15 1645 14 1745 15 1752 14 1852 15 1978 14 2078 15 2109 14 2209 15 2239 14 2339 15 2351 14 2451 15 2500 14 2600 15 2654 14 2754 15 2957 14 3057 15 3110 14 3210 15 3283 14 3383 22 3783 2 4783
1775117516 570 6 1 0 1000 100 0 0 -1.00 -0.50 0 229 67 2 1 1 0 0 0 0 0 255 10 0 0 23 250 24 437 20 487 3 493 1 537 16 787 5 1787 8 6787 2 6797
1775119477 571 6 1 1 1000 100 0 0 -1.00 0.00 0 230 67 2 1 1 0 0 0 0 0 255 134 0 0 23 250 24 420 20 470 3 476 1 520 16 770 6 1037 7 1087 14 1837 15 1881 14 1981 15 2019 14 2119 15 2157 14 2257 15 2295 14 2395 15 2425 14 2525 15 2552 14 2652 15 2693 14 2793 15 2832 14 2932 15 2954 14 3054 15 3104 14 3204 15 3230 14 3330 15 3388 14 3488 15 3553 14 3653 15 3710 14 3810 15 3955 14 4055 15 4074 14 4174 15 4227 14 4327 15 4373 14 4473 15 4511 14 4611 15 4691 14 4791 15 4849 14 4949 15 4983 14 5083 15 5155 14 5255 15 5309 14 5409 15 5562 14 5662 15 5688 14 5788 15 5964 14 6064 15 6126 14 6226 15 6248 14 6348 15 6417 14 6517 15 6597 14 6697 15 6747 14 6847 15 6900 14 7000 15 7073 14 7173 15 7230 14 7330 15 7391 14 7491 15 7552 14 7652 15 7702 14 7802 15 7874 14 7974 15 8039 14 8139 15 8196 14 8296 15 8354 14 8454 15 8538 14 8638 15 8802 14 8902 15 8952 14 9052 15 9105 14 9205 15 9258 14 9358 15 9439 14 9539 15 9592 14 9692 15 9753 14 9853 15 9918 14 10018 15 10098 14 10198 15 10263 14 10363 15 10390 14 10490 15 10532 14 10632 15 10685 14 10785 15 10861 14 10961 15 11038 14 11138 15 11206 14 11306 15 11410 14 11510 15 11540 14 11640 22 12040 2 13040
1775119492 572 6 1 2 1000 100 0 0 -1.00 1.00 0 231 67 2 1 1 0 0 0 0 0 255 13 0 0 25 130 0 248 25 319 0 1995 20 2245 3 2251 1 2295 16 2545 9 2749 13 3249 22 11249 2 12249
1775119499 573 6 1 1 1000 100 0 0 -1.00 0.50 0 232 67 2 1 1 0 0 0 0 0 255 30 0 0 20 250 3 256 1 300 16 550 6 703 7 753 14 1503 15 1619 14 1719 15 1761 14 1861 15 1903 14 2003 15 2156 14 2256 15 2317 14 2417 15 2478 14 2578 15 2635 14 2735 15 2816 14 2916 15 3003 14 3103 15 3203 14 3303 22 3703 2 4703
1775119515 574 6 1 1 1000 100 0 0 -1.00 -0.50 0 233 67 2 1 1 0 0 0 0 0 255 112 0 0 20 250 3 256 1 300 16 550 6 660 7 710 14 1460 15 1496 14 1596 15 1638 14 1738 15 1776 14 1876 15 1918 14 2018 15 2048 14 2148 15 2182 14 2282 15 2328 14 2428 15 2458 14 2558 15 2596 14 2696 15 2742 14 2842 15 2869 14 2969 15 3007 14 3107 15 3130 14 3230 15 3287 14 3387 15 3429 14 3529 15 3582 14 3682 15 3728 14 3828 15 3854 14 3954 15 4038 14 4138 15 4177 14 4277 15 4322 14 4422 15 4472 14 4572 15 4625 14 4725 15 4783 14 4883 15 4921 14 5021 15 5074 14 5174 15 5208 14 5308 15 5354 14 5454 15 5504 14 5604 15 5657 14 5757 15 5795 14 5895 15 5941 14 6041 15 6106 14 6206 15 6275 14 6375 15 6439 14 6539 15 6600 14 6700 15 6769 14 6869 15 6907 14 7007 15 7068 14 7168 15 7226 14 7326 15 7367 14 7467 15 7525 14 7625 15 7693 14 7793 15 7839 14 7939 15 8000 14 8100 15 8169 14 8269 15 8315 14 8415 15 8480 14 8580 15 8648 14 8748 15 8813 14 8913 15 8998 14 9098 22 9498 2 10498
1775119524 575 6 2 1 1000 100 0 0 1.00 1.00 0 234 67 2 1 1 0 0 0 0 0 255 92 0 0 20 250 3 256 1 300 16 550 6 702 7 752 14 1502 15 1638 14 1738 15 1788 14 1888 15 1937 14 2037 15 2098 14 2198 15 2232 14 2332 15 2367 14 2467 15 2486 14 2586 15 2597 14 2697 15 2743 14 2843 15 2873 14 2973 15 3003 14 3103 15 3149 14 3249 15 3276 14 3376 15 3433 14 3533 15 3559 14 3659 15 3690 14 3790 15 3812 14 3912 15 3966 14 4066 15 4100 14 4200 15 4250 14 4350 15 4399 14 4499 15 4560 14 4660 15 4714 14 4814 15 4883 14 4983 15 5017 14 5117 15 5170 14 5270 15 5339 14 5439 15 5500 14 5600 15 5653 14 5753 15 5822 14 5922 15 5964 14 6064 15 6129 14 6229 15 6286 14 6386 15 6443 14 6543 15 6604 14 6704 15 6777 14 6877 15 6950 14 7050 15 7118 14 7218 15 7260 14 7360 15 7418 14 7518 15 7594 14 7694 22 8094 2 9094
1775119533 576 6 2 1 1000 100 0 0 1.00 1.00 0 235 68 2 1 1 0 0 0 0 0 255 78 0 0 20 250 3 256 1 300 16 550 6 928 7 978 14 1728 15 1772 14 1872 15 1895 14 1995 15 2037 14 2137 15 2167 14 2267 15 2436 14 2536 15 2551 14 2651 15 2693 14 2793 15 2819 14 2919 15 2969 14 3069 15 3092 14 3192 15 3222 14 3322 15 3371 14 3471 15 3525 14 3625 15 3682 14 3782 15 3836 14 3936 15 3981 14 4081 15 4150 14 4250 15 4292 14 4392 15 4556 14 4656 15 4695 14 4795 15 4833 14 4933 15 4990 14 5090 15 5120 14 5220 15 5228 14 5328 15 5393 14 5493 15 5542 14 5642 15 5703 14 5803 15 5845 14 5945 15 5999 14 6099 15 6171 14 6271 15 6325 14 6425 15 6501 14 6601 15 6685 14 6785 15 6831 14 6931 22 7331 2 8331
1775119541 577 6 1 1 1000 100 0 0 -1.00 0.00 0 236 68 2 1 1 0 0 0 0 0 255 52 0 0 20 250 3 256 1 300 16 550 6 731 7 781 14 1531 15 1594 14 1694 15 1878 14 1978 15 2001 14 2101 15 2196 14 2296 15 2346 14 2446 15 2503 14 2603 15 2664 14 2764 15 2806 14 2906 15 2963 14 3063 15 3090 14 3190 15 3220 14 3320 15 3362 14 3462 15 3500 14 3600 15 3642 14 3742 15 3811 14 3911 15 3976 14 4076 15 4133 14 4233 15 4298 14 4398 15 4456 14 4556 15 4632 14 4732 15 4797 14 4897 22 5297 2 6297
1775119551 578 6 2 1 1000 100 0 0 1.00 0.50 0 237 68 2 1 1 0 0 0 0 0 255 76 0 0 20 250 3 256 1 300 16 550 6 827 7 877 14 1627 15 1690 14 1790 15 1832 14 1932 15 1966 14 2066 15 2242 14 2342 15 2361 14 2461 15 2492 14 2592 15 2630 14 2730 15 2760 14 2860 15 2895 14 2995 15 3048 14 3148 15 3194 14 3294 15 3351 14 3451 15 3470 14 3570 15 3623 14 3723 15 3769 14 3869 15 3923 14 4023 15 4080 14 4180 15 4226 14 4326 15 4375 14 4475 15 4521 14 4621 15 4682 14 4782 15 4828 14 4928 15 4970 14 5070 15 5123 14 5223 15 5254 14 5354 15 5411 14 5511 15 5583 14 5683 15 5714 14 5814 15 6086 14 6186 15 6239 14 6339 15 6692 14 6792 15 6853 14 6953 15 6999 14 7099 22 7499 2 8499
1775119562 579 6 1 2 1000 100 0 0 -1.00 1.00 0 238 68 2 1 1 0 0 0 0 0 255 9 0 0 20 250 3 256 1 300 16 550 9 704 13 1204 22 9204 2 10204
1775119573 580 6 1 1 1000 100 0 0 -1.00 0.00 0 239 68 2 1 1 0 0 0 0 0 255 58 0 0 20 250 3 256 1 300 16 550 6 723 7 773 14 1523 15 1582 14 1682 15 1728 14 1828 15 1885 14 1985 15 2019 14 2119 15 2173 14 2273 15 2330 14 2430 15 2461 14 2561 15 2603 14 2703 15 2752 14 2852 15 2936 14 3036 15 3086 14 3186 15 3239 14 3339 15 3397 14 3497 15 3562 14 3662 15 3723 14 3823 15 3868 14 3968 15 4037 14 4137 15 4206 14 4306 15 4367 14 4467 15 4536 14 4636 15 4697 14 4797 15 4869 14 4969 15 5050 14 5150 15 5207 14 5307 22 5707 2 6707
1775119584 581 6 1 1 1000 100 0 0 -1.00 0.00 0 240 68 2 1 1 0 0 0 0 0 255 62 0 0 20 250 3 256 1 300 16 550 6 641 7 691 14 1441 15 1458 14 1558 15 1604 14 1704 15 1749 14 1849 15 1880 14 1980 15 2029 14 2129 15 2156 14 2256 15 2332 14 2432 15 2459 14 2559 15 2593 14 2693 15 2774 14 2874 15 2877 14 2977 15 3203 14 3303 15 3333 14 3433 15 3479 14 3579 15 3648 14 3748 15 3782 14 3882 15 3924 14 4024 15 4074 14 4174 15 4223 14 4323 15 4335 14 4435 15 4438 14 4538 15 4603 14 4703 15 4726 14 4826 15 4983 14 5083 15 5090 14 5190 15 5217 14 5317 22 5717 2 6717
1775119596 582 6 2 1 1000 100 0 0 1.00 0.00 0 241 68 2 1 1 0 0 0 0 0 255 82 0 0 20 250 3 256 1 300 16 550 6 727 7 777 14 1527 15 1552 14 1652 15 1686 14 1786 15 1824 14 1924 15 1939 14 2039 15 2066 14 2166 15 2189 14 2289 15 2327 14 2427 15 2469 14 2569 15 2591 14 2691 15 2710 14 2810 15 2818 14 2918 15 2975 14 3075 15 3117 14 3217 15 3259 14 3359 15 3412 14 3512 15 3577 14 3677 15 3723 14 3823 15 3888 14 3988 15 4034 14 4134 15 4191 14 4291 15 4360 14 4460 15 4505 14 4605 15 4659 14 4759 15 4831 14 4931 15 5000 14 5100 15 5157 14 5257 15 5315 14 5415 15 5472 14 5572 15 5618 14 5718 15 5782 14 5882 15 5920 14 6020 15 6097 14 6197 15 6258 14 6358 15 6446 14 6546 15 6599 14 6699 15 6764 14 6864 22 7264 2 8264
1775119608 583 6 2 1 1000 100 0 0 1.00 0.50 0 242 68 2 1 1 0 0 0 0 0 255 108 0 0 20 250 3 256 1 300 16 550 6 773 7 823 14 1573 15 1579 14 1679 15 1694 14 1794 15 1809 14 1909 15 1943 14 2043 15 2074 14 2174 15 2185 14 2285 15 2350 14 2450 15 2472 14 2572 15 2595 14 2695 15 2726 14 2826 15 2860 14 2960 15 2979 14 3079 15 3105 14 3205 15 3216 14 3316 15 3355 14 3455 15 3470 14 3570 15 3585 14 3685 15 3730 14 3830 15 3857 14 3957 15 3983 14 4083 15 4118 14 4218 15 4260 14 4360 15 4405 14 4505 15 4509 14 4609 15 4681 14 4781 15 4846 14 4946 15 4992 14 5092 15 5146 14 5246 15 5303 14 5403 15 5441 14 5541 15 5587 14 5687 15 5744 14 5844 15 5897 14 5997 15 6035 14 6135 15 6200 14 6300 15 6342 14 6442 15 6503 14 6603 15 6676 14 6776 15 6844 14 6944 15 6986 14 7086 15 7140 14 7240 15 7297 14 7397 15 7481 14 7581 15 7635 14 7735 15 7803 14 7903 15 7976 14 8076 15 8126 14 8226 15 8279 14 8379 15 8475 14 8575 22 8975 2 9975
1775119618 584 6 2 2 1000 100 0 0 1.00 -1.00 0 243 68 2 1 1 0 0 0 0 0 255 9 0 0 20 250 3 256 1 300 16 550 9 889 13 1389 22 9389 2 10389
1775119628 585 6 1 1 1000 100 0 0 -1.00 -0.50 0 244 68 2 1 1 0 0 0 0 0 255 42 0 0 20 250 3 256 1 300 16 550 6 692 7 742 14 1492 15 1601 14 1701 15 1743 14 1843 15 1935 14 2035 15 2203 14 2303 15 2307 14 2407 15 2464 14 2564 15 2594 14 2694 15 2705 14 2805 15 3020 14 3120 15 3150 14 3250 15 3292 14 3392 15 3453 14 3553 15 3588 14 3688 15 3733 14 3833 15 3894 14 3994 15 4063 14 4163 22 4563 2 5563
1775119636 586 6 2 1 1000 100 0 0 1.00 -0.50 0 245 68 2 1 1 0 0 0 0 0 255 56 0 0 20 250 3 256 1 300 16 550 6 763 7 813 14 1563 15 1749 14 1849 15 1872 14 1972 15 1994 14 2094 15 2117 14 2217 15 2244 14 2344 15 2359 14 2459 15 2485 14 2585 15 2608 14 2708 15 2739 14 2839 15 2869 14 2969 15 2973 14 3073 15 3118 14 3218 15 3249 14 3349 15 3410 14 3510 15 3575 14 3675 15 3728 14 3828 15 3920 14 4020 15 4070 14 4170 15 4223 14 4323 15 4384 14 4484 15 4553 14 4653 15 4710 14 4810 15 4867 14 4967 22 5367 2 6367
1775119646 587 6 1 1 1000 100 0 0 -1.00 -1.00 0 246 68 2 1 1 0 0 0 0 0 255 92 0 0 20 250 3 256 1 300 16 550 6 589 7 639 14 1389 15 1479 14 1579 15 1621 14 1721 15 1740 14 1840 15 1867 14 1967 15 2012 14 2112 15 2169 14 2269 15 2300 14 2400 15 2430 14 2530 15 2595 14 2695 15 2710 14 2810 15 2825 14 2925 15 2967 14 3067 15 3117 14 3217 15 3228 14 3328 15 3512 14 3612 15 3615 14 3715 15 3738 14 3838 15 3876 14 3976 15 4037 14 4137 15 4148 14 4248 15 4309 14 4409 15 4459 14 4559 15 4609 14 4709 15 4731 14 4831 15 4866 14 4966 15 5027 14 5127 15 5176 14 5276 15 5322 14 5422 15 5460 14 5560 22 5960 12 5982 22 6082 12 6143 22 6243 12 6250 22 6350 12 6408 22 6508 12 6553 22 6653 12 6680 22 6780 12 6826 22 6926 12 6983 22 7083 12 7144 22 7244 12 7301 22 7401 12 7451 22 7551 12 7608 22 7708 2 8708
1775119654 588 6 2 1 1000 100 0 0 1.00 0.50 0 247 69 2 1 1 0 0 0 0 0 255 60 0 0 20 250 3 256 1 300 16 550 6 707 7 757 14 1507 15 1574 14 1674 15 1708 14 1808 15 1835 14 1935 15 1965 14 2065 15 2222 14 2322 15 2334 14 2434 15 2456 14 2556 15 2602 14 2702 15 2729 14 2829 15 2875 14 2975 15 3020 14 3120 15 3170 14 3270 15 3312 14 3412 15 3450 14 3550 15 3584 14 3684 15 3768 14 3868 15 3906 14 4006 15 4056 14 4156 15 4206 14 4306 15 4367 14 4467 15 4524 14 4624 15 4693 14 4793 15 4838 14 4938 15 4992 14 5092 15 5153 14 5253 22 5653 2 6653
1775119664 589 6 1 1 1000 100 0 0 -1.00 0.50 0 248 69 2 1 1 0 0 0 0 0 255 32 0 0 20 250 3 256 1 300 16 550 6 702 7 752 14 1502 15 1545 14 1645 15 1680 14 1780 15 1825 14 1925 15 1994 14 2094 15 2163 14 2263 15 2320 14 2420 15 2462 14 2562 15 2623 14 2723 15 2788 14 2888 15 2926 14 3026 15 3080 14 3180 22 3580 2 4580
1775119671 590 6 2 1 1000 100 0 0 1.00 0.50 0 249 69 2 1 1 0 0 0 0 0 255 56 0 0 20 250 3 256 1 300 16 550 6 591 7 641 14 1391 15 1404 14 1504 15 1562 14 1662 15 1688 14 1788 15 1811 14 1911 15 1964 14 2064 15 2087 14 2187 15 2202 14 2302 15 2363 14 2463 15 2467 14 2567 15 2582 14 2682 15 2724 14 2824 15 2874 14 2974 15 2977 14 3077 15 3088 14 3188 15 3223 14 3323 15 3349 14 3449 15 3514 14 3614 15 3660 14 3760 15 3794 14 3894 15 3948 14 4048 15 4109 14 4209 15 4243 14 4343 15 4415 14 4515 22 4915 2 5915
1775119677 591 6 2 1 1000 100 0 0 1.00 0.00 0 250 69 2 1 1 0 0 0 0 0 255 50 0 0 20 250 3 256 1 300 16 550 6 636 7 686 14 1436 15 1511 14 1611 15 1626 14 1726 15 1741 14 1841 15 1863 14 1963 15 2025 14 2125 15 2128 14 2228 15 2255 14 2355 15 2385 14 2485 15 2519 14 2619 15 2653 14 2753 15 2769 14 2869 15 2876 14 2976 15 3010 14 3110 15 3148 14 3248 15 3309 14 3409 15 3451 14 3551 15 3605 14 3705 15 3750 14 3850 15 3900 14 4000 15 4092 14 4192 22 4592 2 5592
1775119689 592 6 1 2 1000 100 0 0 -1.00 1.00 0 251 69 2 1 1 0 0 0 0 0 255 9 0 0 20 250 3 256 1 300 16 550 9 776 13 1276 22 9276 2 10276
1775119698 593 6 1 1 1000 100 0 0 -1.00 0.50 0 252 69 2 1 1 0 0 0 0 0 255 28 0 0 20 250 3 256 1 300 16 550 6 578 7 628 14 1378 15 1498 14 1598 15 1636 14 1736 15 1771 14 1871 15 2039 14 2139 15 2185 14 2285 15 2338 14 2438 15 2507 14 2607 15 2653 14 2753 15 2826 14 2926 22 3326 2 4326
1775119707 594 6 1 1 1000 100 0 0 -1.00 0.00 0 253 69 2 1 1 0 0 0 0 0 255 64 0 0 20 250 3 256 1 300 16 550 6 571 7 621 14 1371 15 1380 14 1480 15 1526 14 1626 15 1668 14 1768 15 1806 14 1906 15 1944 14 2044 15 2094 14 2194 15 2240 14 2340 15 2397 14 2497 15 2531 14 2631 15 2685 14 2785 15 2842 14 2942 15 2995 14 3095 15 3153 14 3253 15 3333 14 3433 15 3571 14 3671 15 3713 14 3813 15 3866 14 3966 15 4016 14 4116 15 4169 14 4269 15 4326 14 4426 15 4468 14 4568 15 4622 14 4722 15 4798 14 4898 15 4948 14 5048 22 5448 12 5983 22 6083 12 6106 22 6206 12 6850 22 6950 2 7950
1775119713 595 6 1 1 1000 100 0 0 -1.00 0.50 0 254 69 2 1 1 0 0 0 0 0 255 40 0 0 20 250 3 256 1 300 16 550 6 629 7 679 14 1429 15 1488 14 1588 15 1630 14 1730 15 1784 14 1884 15 1929 14 2029 15 2071 14 2171 15 2225 14 2325 15 2367 14 2467 15 2509 14 2609 15 2654 14 2754 15 2792 14 2892 15 2950 14 3050 15 3103 14 3203 15 3257 14 3357 15 3418 14 3518 15 3598 14 3698 22 4098 2 5098
1775119721 596 6 2 1 1000 100 0 0 1.00 1.00 0 255 69 2 1 1 0 0 0 0 0 255 38 0 0 20 250 3 256 1 300 16 550 6 621 7 671 14 1421 15 1473 14 1573 15 1592 14 1692 15 1726 14 1826 15 1872 14 1972 15 1975 14 2075 15 2098 14 2198 15 2228 14 2328 15 2370 14 2470 15 2505 14 2605 15 2681 14 2781 15 2815 14 2915 15 2961 14 3061 15 3115 14 3215 15 3303 14 3403 22 3803 2 4803
1775119728 597 6 1 1 1000 100 0 0 -1.00 0.00 0 256 69 2 1 1 0 0 0 0 0 255 52 0 0 20 250 3 256 1 300 16 550 6 642 7 692 14 1442 15 1482 14 1582 15 1616 14 1716 15 1762 14 1862 15 1904 14 2004 15 2046 14 2146 15 2180 14 2280 15 2318 14 2418 15 2498 14 2598 15 2659 14 2759 15 2793 14 2893 15 2947 14 3047 15 3073 14 3173 15 3215 14 3315 15 3369 14 3469 15 3515 14 3615 15 3664 14 3764 15 3814 14 3914 15 3979 14 4079 15 4124 14 4224 22 4624 12 5160 22 5260 12 5291 22 5391 2 6391
1775119736 598 6 2 1 1000 100 0 0 1.00 1.00 0 257 70 2 1 1 0 0 0 0 0 255 84 0 0 20 250 3 256 1 300 16 550 6 598 7 648 14 1398 15 1465 14 1565 15 1607 14 1707 15 1749 14 1849 15 1883 14 1983 15 2002 14 2102 15 2114 14 2214 15 2244 14 2344 15 2359 14 2459 15 2482 14 2582 15 2609 14 2709 15 2739 14 2839 15 2869 14 2969 15 2992 14 3092 15 3126 14 3226 15 3245 14 3345 15 3364 14 3464 15 3487 14 3587 15 3629 14 3729 15 3744 14 3844 15 3859 14 3959 15 3986 14 4086 15 4105 14 4205 15 4239 14 4339 15 4381 14 4481 15 4523 14 4623 15 4661 14 4761 15 4829 14 4929 15 4971 14 5071 15 5117 14 5217 15 5282 14 5382 15 5420 14 5520 15 5600 14 5700 15 5761 14 5861 15 5915 14 6015 15 6049 14 6149 15 6226 14 6326 15 6375 14 6475 22 6875 2 7875
1775119744 599 6 1 1 1000 100 0 0 -1.00 -0.50 0 258 70 2 1 1 0 0 0 0 0 255 34 0 0 25 193 0 2666 20 2916 3 2922 1 2966 16 3216 6 3256 7 3306 14 4056 15 4092 14 4192 15 4226 14 4326 15 4372 14 4472 15 4541 14 4641 15 4690 14 4790 15 4828 14 4928 15 4947 14 5047 15 5127 14 5227 15 5434 14 5534 15 5569 14 5669 15 5887 14 5987 22 6387 2 7387
1775119750 600 6 1 1 1000 100 0 0 -1.00 1.00 0 259 70 2 1 1 0 0 0 0 0 255 50 0 0 20 250 3 256 1 300 16 550 6 638 7 688 14 1438 15 1470 14 1570 15 1612 14 1712 15 1762 14 1862 15 1904 14 2004 15 2038 14 2138 15 2149 14 2249 15 2291 14 2391 15 2422 14 2522 15 2579 14 2679 15 2717 14 2817 15 2851 14 2951 15 3005 14 3105 15 3162 14 3262 15 3315 14 3415 15 3453 14 3553 15 3607 14 3707 15 3757 14 3857 15 3902 14 4002 15 4052 14 4152 15 4194 14 4294 22 4694 2 5694
1775119756 601 6 1 1 1000 100 0 0 -1.00 0.00 0 260 70 2 1 1 0 0 0 0 0 255 46 0 0 20 250 3 256 1 300 16 550 6 576 7 626 14 1376 15 1454 14 1554 15 1607 14 1707 15 1757 14 1857 15 1895 14 1995 15 2056 14 2156 15 2194 14 2294 15 2352 14 2452 15 2497 14 2597 15 2651 14 2751 15 2804 14 2904 15 2942 14 3042 15 3050 14 3150 15 3199 14 3299 15 3349 14 3449 15 3495 14 3595 15 3652 14 3752 15 3824 14 3924 15 3997 14 4097 22 4497 2 5497
1775119761 602 6 2 1 1000 100 0 0 1.00 0.50 0 261 70 2 1 1 0 0 0 0 0 255 38 0 0 20 250 3 256 1 300 16 550 6 668 7 718 14 1468 15 1481 14 1581 15 1680 14 1780 15 1814 14 1914 15 1964 14 2064 15 2121 14 2221 15 2290 14 2390 15 2443 14 2543 15 2593 14 2693 15 2738 14 2838 15 2884 14 2984 15 3053 14 3153 15 3214 14 3314 15 3371 14 3471 15 3525 14 3625 22 4025 2 5025
1775119772 603 6 2 2 1000 100 0 0 1.00 -0.50 0 262 70 2 1 1 0 0 0 0 0 255 9 0 0 20 250 3 256 1 300 16 550 9 714 13 1214 22 9214 2 10214
1775119783 604 6 1 2 1000 100 0 0 -1.00 0.00 0 263 69 2 1 1 0 0 0 0 0 255 9 0 0 20 250 3 256 1 300 16 550 9 581 13 1081 22 9081 2 10081
1775120254 605 6 1 1 1000 100 0 0 -1.00 -0.50 0 264 70 2 1 1 0 0 0 0 0 255 44 0 0 23 250 24 435 20 485 3 491 1 535 16 785 6 968 7 1018 14 1768 15 1781 14 1881 15 2026 14 2126 15 2283 14 2383 15 2398 14 2498 15 2517 14 2617 15 2659 14 2759 15 2804 14 2904 15 2927 14 3027 15 3073 14 3173 15 3203 14 3303 15 3333 14 3433 15 3452 14 3552 15 3602 14 3702 15 3763 14 3863 15 3909 14 4009 15 4070 14 4170 22 4570 2 5570
1775120262 606 6 1 1 1000 100 0 0 -1.00 -1.00 0 265 70 2 1 1 0 0 0 0 0 255 78 0 0 20 250 3 256 1 300 16 550 6 584 7 634 14 1384 15 1420 14 1520 15 1551 14 1651 15 1685 14 1785 15 1815 14 1915 15 1934 14 2034 15 2053 14 2153 15 2157 14 2257 15 2295 14 2395 15 2433 14 2533 15 2555 14 2655 15 2682 14 2782 15 2843 14 2943 15 2958 14 3058 15 3073 14 3173 15 3211 14 3311 15 3345 14 3445 15 3479 14 3579 15 3617 14 3717 15 3725 14 3825 15 3855 14 3955 15 3986 14 4086 15 4131 14 4231 15 4262 14 4362 15 4400 14 4500 15 4561 14 4661 15 4706 14 4806 15 4848 14 4948 15 5009 14 5109 15 5143 14 5243 15 5285 14 5385 15 5442 14 5542 15 5584 14 5684 15 5738 14 5838 15 5883 14 5983 22 6383 2 7383
1775120264 607 6 1 3 1000 100 1 0 -1.00 -0.50 0 265 70 2 1 1 0 0 0 0 0 255 6 0 0 20 250 3 256 1 300 11 512 2 712
1775120268 608 6 1 1 1000 100 0 0 -1.00 0.00 0 266 70 2 1 1 0 0 0 0 0 255 30 0 0 20 250 3 256 1 300 16 550 6 641 7 691 14 1441 15 1446 14 1546 15 1627 14 1727 15 1768 14 1868 15 1922 14 2022 15 2052 14 2152 15 2198 14 2298 15 2355 14 2455 15 2493 14 2593 15 2635 14 2735 15 2804 14 2904 22 3304 2 4304
1775120275 609 6 1 1 1000 100 0 0 -1.00 1.00 0 267 70 2 1 1 0 0 0 0 0 255 54 0 0 20 250 3 256 1 300 16 550 6 962 7 1012 14 1762 15 1798 14 1898 15 1925 14 2025 15 2071 14 2171 15 2197 14 2297 15 2331 14 2431 15 2470 14 2570 15 2627 14 2727 15 2769 14 2869 15 2930 14 3030 15 3052 14 3152 15 3210 14 3310 15 3344 14 3444 15 3478 14 3578 15 3620 14 3720 15 3777 14 3877 15 3911 14 4011 15 4068 14 4168 15 4233 14 4333 15 4383 14 4483 15 4808 14 4908 15 4912 14 5012 15 5023 14 5123 22 5523 2 6523
1775120283 610 6 2 1 1000 100 0 0 1.00 1.00 0 268 70 2 1 1 0 0 0 0 0 255 54 0 0 20 250 3 256 1 300 16 550 6 794 7 844 14 1594 15 1630 14 1730 15 1780 14 1880 15 1918 14 2018 15 2063 14 2163 15 2213 14 2313 15 2355 14 2455 15 2508 14 2608 15 2631 14 2731 15 2735 14 2835 15 2850 14 2950 22 3350 12 3812 22 3912 12 3935 22 4035 12 4039 22 4139 12 4169 22 4269 12 4303 22 4403 12 4457 22 4557 12 4618 22 4718 12 4760 22 4860 12 4925 22 5025 12 5066 22 5166 12 5220 22 5320 12 5381 22 5481 2 6481
1775120289 611 6 1 1 1000 100 0 0 -1.00 0.50 0 269 70 2 1 1 0 0 0 0 0 255 38 0 0 20 250 3 256 1 300 16 550 6 570 7 620 14 1370 15 1498 14 1598 15 1628 14 1728 15 1762 14 1862 15 1904 14 2004 15 2054 14 2154 15 2196 14 2296 15 2338 14 2438 15 2491 14 2591 22 2991 12 3066 22 3166 12 3212 22 3312 12 3338 22 3438 12 4075 22 4175 12 4198 22 4298 12 4336 22 4436 2 5436
1775120294 612 6 1 1 1000 100 0 0 -1.00 1.00 0 270 70 2 1 1 0 0 0 0 0 255 20 0 0 20 250 3 256 1 300 16 550 6 1093 7 1143 14 1893 15 1986 14 2086 15 2121 14 2221 15 2274 14 2374 15 2397 14 2497 15 2546 14 2646 22 3046 2 4046
1775120299 613 6 1 1 1000 100 0 0 -1.00 -0.50 0 271 71 2 1 1 0 0 0 0 0 255 32 0 0 20 250 3 256 1 300 16 550 6 741 7 791 14 1541 22 1941 12 2444 22 2544 12 3245 22 3345 12 3437 22 3537 12 3544 22 3644 12 3671 22 3771 12 3816 22 3916 12 3947 22 4047 12 4085 22 4185 12 4242 22 4342 12 4372 22 4472 12 4526 22 4626 2 5626
1775120303 614 6 1 1 1000 100 0 0 -1.00 -1.00 0 272 71 2 1 1 0 0 0 0 0 255 16 0 0 20 250 3 256 1 300 16 550 6 654 7 704 14 1454 15 1582 14 1682 15 1713 14 1813 15 1870 14 1970 22 2370 2 3370
1775120315 615 6 2 2 1000 100 0 0 1.00 -1.00 0 273 70 2 1 1 0 0 0 0 0 255 9 0 0 20 250 3 256 1 300 16 550 9 1401 13 1901 22 9901 2 10901
1775120324 616 6 1 1 1000 100 0 0 -1.00 -0.50 0 274 71 2 1 1 0 0 0 0 0 255 86 0 0 20 250 3 256 1 300 16 550 6 654 7 704 14 1454 15 1459 14 1559 15 1628 14 1728 15 1747 14 1847 15 1858 14 1958 15 2011 14 2111 15 2130 14 2230 15 2257 14 2357 15 2379 14 2479 15 2514 14 2614 15 2625 14 2725 15 2763 14 2863 15 3016 14 3116 15 3127 14 3227 15 3242 14 3342 15 3380 14 3480 15 3526 14 3626 15 3668 14 3768 15 3771 14 3871 15 3890 14 3990 15 4005 14 4105 15 4128 14 4228 15 4266 14 4366 15 4435 14 4535 15 4569 14 4669 15 4738 14 4838 15 4884 14 4984 15 5037 14 5137 15 5175 14 5275 15 5309 14 5409 15 5428 14 5528 15 5578 14 5678 15 5731 14 5831 15 5888 14 5988 15 6030 14 6130 15 6168 14 6268 15 6341 14 6441 15 6479 14 6579 15 6651 14 6751 22 7151 2 8151
1775120334 617 6 2 2 1000 100 0 0 1.00 -1.00 0 275 70 2 1 1 0 0 0 0 0 255 9 0 0 20 250 3 256 1 300 16 550 9 591 13 1091 22 9091 2 10091
1775120342 618 6 1 1 1000 100 0 0 -1.00 -1.00 0 276 70 2 1 1 0 0 0 0 0 255 78 0 0 20 250 3 256 1 300 16 550 6 641 7 691 14 1441 15 1450 14 1550 15 1577 14 1677 15 1711 14 1811 15 1845 14 1945 15 1995 14 2095 15 2141 14 2241 15 2275 14 2375 15 2382 14 2482 15 2501 14 2601 15 2628 14 2728 15 2746 14 2846 15 2942 14 3042 15 3061 14 3161 15 3191 14 3291 15 3325 14 3425 15 3575 14 3675 15 3682 14 3782 15 3816 14 3916 15 3931 14 4031 15 4092 14 4192 15 4238 14 4338 15 4380 14 4480 15 4533 14 4633 15 4687 14 4787 15 4848 14 4948 15 5001 14 5101 15 5158 14 5258 15 5312 14 5412 15 5438 14 5538 15 5565 14 5665 15 5699 14 5799 15 5856 14 5956 15 6014 14 6114 15 6205 14 6305 22 6705 2 7705
1775120353 619 6 1 1 1000 100 0 0 -1.00 -1.00 0 277 70 2 1 1 0 0 0 0 0 255 110 0 0 20 250 3 256 1 300 16 550 6 590 7 640 14 1390 15 1391 14 1491 15 1510 14 1610 15 1614 14 1714 15 1752 14 1852 15 1871 14 1971 15 1978 14 2078 15 2120 14 2220 15 2246 14 2346 15 2358 14 2458 15 2661 14 2761 15 2764 14 2864 15 2902 14 3002 15 3025 14 3125 15 3171 14 3271 15 3290 14 3390 15 3405 14 3505 15 3792 14 3892 15 3899 14 3999 15 4026 14 4126 15 4168 14 4268 15 4275 14 4375 15 4559 14 4659 15 4666 14 4766 15 4789 14 4889 15 4927 14 5027 15 5054 14 5154 15 5161 14 5261 15 5284 14 5384 15 5426 14 5526 15 5571 14 5671 15 5690 14 5790 15 5821 14 5921 15 5978 14 6078 15 6131 14 6231 15 6265 14 6365 15 6411 14 6511 15 6538 14 6638 15 6676 14 6776 15 6821 14 6921 15 6990 14 7090 15 7124 14 7224 15 7270 14 7370 15 7404 14 7504 15 7562 14 7662 15 7711 14 7811 15 7861 14 7961 15 8018 14 8118 15 8191 14 8291 15 8367 14 8467 15 8505 14 8605 22 9005 2 10005
1775120354 620 6 1 3 1000 100 1 0 -1.00 1.00 0 277 70 2 1 1 0 0 0 0 0 255 6 0 0 20 250 3 256 1 300 11 535 2 735
1775120365 621 6 1 2 1000 100 0 0 -1.00 1.00 0 278 70 2 1 1 0 0 0 0 0 255 9 0 0 20 250 3 256 1 300 16 550 9 758 13 1258 22 9258 2 10258
1775120374 622 6 2 1 1000 100 0 0 1.00 -0.50 0 279 70 2 1 1 0 0 0 0 0 255 52 0 0 20 250 3 256 1 300 16 550 6 720 7 770 14 1520 15 1525 14 1625 15 1652 14 1752 15 1778 14 1878 15 1905 14 2005 15 2131 14 2231 15 2250 14 2350 15 2369 14 2469 15 2503 14 2603 15 2656 14 2756 15 2810 14 2910 15 2959 14 3059 15 3101 14 3201 15 3270 14 3370 15 3416 14 3516 15 3565 14 3665 15 3719 14 3819 15 3876 14 3976 15 4045 14 4145 15 4213 14 4313 15 4382 14 4482 15 4532 14 4632 22 5032 2 6032
1775120379 623 6 2 4 1000 100 0 0 1.00 0.50 1 280 70 2 1 1 0 0 0 0 0 255 10 0 0 20 250 3 256 1 300 16 550 5 1550 7 2794 14 3544 22 3944 2 4944
1775120389 624 6 1 1 1000 100 0 0 -1.00 1.00 0 281 70 2 1 1 0 0 0 0 0 255 72 0 0 20 250 3 256 1 300 16 550 6 682 7 732 14 1482 15 1598 14 1698 15 1729 14 1829 15 1890 14 1990 15 2001 14 2101 15 2116 14 2216 15 2243 14 2343 15 2384 14 2484 15 2492 14 2592 15 2611 14 2711 15 2887 14 2987 15 3013 14 3113 15 3167 14 3267 15 3274 14 3374 15 3635 14 3735 15 3742 14 3842 15 3895 14 3995 15 4014 14 4114 15 4122 14 4222 15 4267 14 4367 15 4386 14 4486 15 4494 14 4594 15 4624 14 4724 15 4754 14 4854 15 4862 14 4962 15 5011 14 5111 15 5134 14 5234 15 5238 14 5338 15 5383 14 5483 15 5502 14 5602 15 5778 14 5878 15 5932 14 6032 22 6432 2 7432
1775120398 625 6 2 1 1000 100 0 0 1.00 -1.00 0 282 70 2 1 1 0 0 0 0 0 255 12 0 0 20 250 3 256 1 300 16 550 6 711 7 761 14 1511 22 1911 12 2376 22 2476 2 3476
1775120409 626 6 2 2 1000 100 0 0 1.00 -0.50 0 283 70 2 1 1 0 0 0 0 0 255 9 0 0 20 250 3 256 1 300 16 550 9 647 13 1147 22 9147 2 10147
1775121046 627 6 1 2 1000 100 0 0 -1.00 -0.50 0 284 70 2 1 1 0 0 0 0 0 255 11 0 0 23 250 24 420 20 470 3 476 1 520 16 770 9 776 13 1276 22 9276 2 10276
1775121054 628 6 2 1 1000 100 0 0 1.00 -1.00 0 285 70 2 1 1 0 0 0 0 0 255 32 0 0 20 250 3 256 1 300 16 550 6 694 7 744 14 1494 15 1638 14 1738 15 1742 14 1842 15 1845 14 1945 15 1960 14 2060 15 2075 14 2175 15 2198 14 2298 15 2309 14 2409 15 2447 14 2547 15 2566 14 2666 15 2697 14 2797 15 2835 14 2935 22 3335 2 4335
1775121063 629 6 2 1 1000 100 0 0 1.00 0.50 0 286 70 2 1 1 0 0 0 0 0 255 68 0 0 20 250 3 256 1 300 16 550 6 790 7 840 14 1590 15 1668 14 1768 15 1787 14 1887 15 1906 14 2006 15 2025 14 2125 15 2144 14 2244 15 2263 14 2363 15 2386 14 2486 15 2527 14 2627 15 2642 14 2742 15 2761 14 2861 15 2899 14 2999 15 3130 14 3230 15 3360 14 3460 15 3479 14 3579 15 3605 14 3705 15 3732 14 3832 15 3962 14 4062 15 4092 14 4192 15 4227 14 4327 15 4365 14 4465 15 4510 14 4610 15 4672 14 4772 15 4810 14 4910 15 4932 14 5032 15 5059 14 5159 15 5162 14 5262 15 5297 14 5397 15 5485 14 5585 15 5669 14 5769 22 6169 2 7169
1775121072 630 6 1 1 1000 100 0 0 -1.00 -1.00 0 287 70 2 1 1 0 0 0 0 0 255 46 0 0 25 82 0 1817 20 2067 3 2073 1 2117 16 2367 6 2432 7 2482 14 3232 15 3375 14 3475 15 3506 14 3606 15 3651 14 3751 15 3809 14 3909 15 4035 14 4135 15 4169 14 4269 15 4280 14 4380 15 4399 14 4499 15 4537 14 4637 15 4672 14 4772 15 4810 14 4910 15 4940 14 5040 15 5090 14 5190 15 5212 14 5312 15 5343 14 5443 15 5473 14 5573 15 5623 14 5723 22 6123 2 7123
1775121084 631 6 2 2 1000 100 0 0 1.00 -1.00 0 288 70 2 1 1 0 0 0 0 0 255 9 0 0 20 250 3 256 1 300 16 550 9 656 13 1156 22 9156 2 10156
1775121090 632 6 1 1 1000 100 0 0 -1.00 -1.00 0 289 70 2 1 1 0 0 0 0 0 255 54 0 0 20 250 3 256 1 300 16 550 6 695 7 745 14 1495 15 1593 14 1693 15 1700 14 1800 15 1842 14 1942 15 1950 14 2050 15 2061 14 2161 15 2191 14 2291 15 2302 14 2402 15 2414 14 2514 15 2705 14 2805 15 2935 14 3035 15 3081 14 3181 15 3200 14 3300 15 3342 14 3442 15 3495 14 3595 15 3634 14 3734 15 3779 14 3879 15 3929 14 4029 15 4086 14 4186 15 4224 14 4324 15 4381 14 4481 15 4520 14 4620 15 4692 14 4792 22 5192 2 6192
1775121097 633 6 2 1 1000 100 0 0 1.00 1.00 0 290 70 2 1 1 0 0 0 0 0 255 54 0 0 20 250 3 256 1 300 16 550 6 1114 7 1164 14 1914 15 1927 14 2027 15 2057 14 2157 15 2188 14 2288 15 2310 14 2410 15 2421 14 2521 15 2544 14 2644 15 2659 14 2759 15 2809 14 2909 15 2958 14 3058 15 3096 14 3196 15 3242 14 3342 15 3388 14 3488 15 3549 14 3649 15 3706 14 3806 15 3867 14 3967 15 4029 14 4129 15 4170 14 4270 15 4339 14 4439 15 4500 14 4600 15 4665 14 4765 15 4819 14 4919 15 4995 14 5095 22 5495 2 6495
1775121106 634 6 2 1 1000 100 0 0 1.00 -0.50 0 291 70 2 1 1 0 0 0 0 0 255 74 0 0 20 250 3 256 1 300 16 550 6 637 7 687 14 1437 15 1454 14 1554 15 1695 14 1795 15 1807 14 1907 15 1918 14 2018 15 2067 14 2167 15 2175 14 2275 15 2286 14 2386 15 2405 14 2505 15 2528 14 2628 15 2662 14 2762 15 2800 14 2900 15 2931 14 3031 15 3073 14 3173 15 3207 14 3307 15 3337 14 3437 15 3491 14 3591 15 3621 14 3721 15 3767 14 3867 15 3924 14 4024 15 4074 14 4174 15 4235 14 4335 15 4388 14 4488 15 4534 14 4634 15 4707 14 4807 15 4849 14 4949 15 5010 14 5110 15 5159 14 5259 15 5317 14 5417 15 5478 14 5578 15 5643 14 5743 15 5804 14 5904 15 5980 14 6080 22 6480 2 7480
1775121115 635 6 2 1 1000 100 0 0 1.00 0.00 0 292 70 2 1 1 0 0 0 0 0 255 76 0 0 20 250 3 256 1 300 16 550 6 738 7 788 14 1538 15 1563 14 1663 15 1697 14 1797 15 1831 14 1931 15 1958 14 2058 15 2092 14 2192 15 2222 14 2322 15 2341 14 2441 15 2449 14 2549 15 2706 14 2806 15 2813 14 2913 15 2932 14 3032 15 3070 14 3170 15 3201 14 3301 15 3350 14 3450 15 3500 14 3600 15 3646 14 3746 15 3803 14 3903 15 4006 14 4106 15 4160 14 4260 15 4298 14 4398 15 4459 14 4559 15 4605 14 4705 15 4773 14 4873 15 4919 14 5019 15 5065 14 5165 15 5226 14 5326 15 5376 14 5476 15 5541 14 5641 15 5706 14 5806 15 5867 14 5967 15 6028 14 6128 15 6189 14 6289 15 6365 14 6465 22 6865 2 7865
1775121123 636 6 2 1 1000 100 0 0 1.00 1.00 0 293 70 2 1 1 0 0 0 0 0 255 66 0 0 20 250 3 256 1 300 16 550 6 664 7 714 14 1464 15 1501 14 1601 15 1624 14 1724 15 1735 14 1835 15 1842 14 1942 15 1954 14 2054 15 2069 14 2169 15 2199 14 2299 15 2330 14 2430 15 2556 14 2656 15 2663 14 2763 15 2817 14 2917 15 2932 14 3032 15 3070 14 3170 15 3208 14 3308 15 3354 14 3454 15 3488 14 3588 15 3630 14 3730 15 3780 14 3880 15 3933 14 4033 15 4075 14 4175 15 4232 14 4332 15 4374 14 4474 15 4520 14 4620 15 4700 14 4800 15 4850 14 4950 15 5000 14 5100 15 5180 14 5280 15 5360 14 5460 22 5860 2 6860
1775121129 637 6 1 1 1000 100 0 0 -1.00 0.00 0 294 70 2 1 1 0 0 0 0 0 255 54 0 0 20 250 3 256 1 300 16 550 6 597 7 647 14 1397 15 1422 14 1522 15 1553 14 1653 15 1806 14 1906 15 1932 14 2032 15 2055 14 2155 15 2201 14 2301 15 2347 14 2447 15 2485 14 2585 15 2588 14 2688 15 2703 14 2803 15 2872 14 2972 15 2991 14 3091 15 3133 14 3233 15 3287 14 3387 15 3413 14 3513 15 3567 14 3667 15 3724 14 3824 15 3881 14 3981 15 4054 14 4154 15 4388 14 4488 15 4537 14 4637 15 4691 14 4791 22 5191 2 6191
1775121136 638 6 1 1 1000 100 0 0 -1.00 -0.50 0 295 71 2 1 1 0 0 0 0 0 255 54 0 0 20 250 3 256 1 300 16 550 6 607 7 657 14 1407 15 1555 14 1655 15 1666 14 1766 15 1796 14 1896 15 1954 14 2054 15 2207 14 2307 15 2318 14 2418 15 2460 14 2560 15 2625 14 2725 15 2736 14 2836 15 2894 14 2994 15 3016 14 3116 15 3174 14 3274 15 3323 14 3423 15 3446 14 3546 15 3615 14 3715 15 3772 14 3872 15 3914 14 4014 15 4056 14 4156 15 4206 14 4306 15 4359 14 4459 15 4501 14 4601 15 4651 14 4751 22 5151 2 6151
1775121141 639 6 1 1 1000 100 0 0 -1.00 0.50 0 296 71 2 1 1 0 0 0 0 0 255 18 0 0 20 250 3 256 1 300 16 550 6 577 7 627 14 1377 15 1509 14 1609 15 1674 14 1774 15 1828 14 1928 15 1947 14 2047 22 2447 2 3447
1775121143 640 6 2 3 1000 100 1 0 1.00 0.50 0 296 71 2 1 1 0 0 0 0 0 255 6 0 0 20 250 3 256 1 300 11 521 2 721
1775121157 641 6 2 1 1000 100 0 0 1.00 -0.50 0 297 71 2 1 1 0 0 0 0 0 255 154 0 0 20 250 3 256 1 300 16 550 6 726 7 776 14 1526 15 1539 14 1639 15 1666 14 1766 15 1785 14 1885 15 1904 14 2004 15 2027 14 2127 15 2153 14 2253 15 2276 14 2376 15 2391 14 2491 15 2541 14 2641 15 2656 14 2756 15 2775 14 2875 15 2921 14 3021 15 3036 14 3136 15 3147 14 3247 15 3266 14 3366 15 3389 14 3489 15 3511 14 3611 15 3615 14 3715 15 3730 14 3830 15 3876 14 3976 15 3983 14 4083 15 4125 14 4225 15 4267 14 4367 15 4409 14 4509 15 4524 14 4624 15 4643 14 4743 15 4801 14 4901 15 4935 14 5035 15 5092 14 5192 15 5223 14 5323 15 5346 14 5446 15 5472 14 5572 15 5599 14 5699 15 5745 14 5845 15 5848 14 5948 15 5983 14 6083 15 6124 14 6224 15 6266 14 6366 15 6393 14 6493 15 6497 14 6597 15 6627 14 6727 15 6746 14 6846 15 6865 14 6965 15 7007 14 7107 15 7176 14 7276 15 7310 14 7410 15 7437 14 7537 15 7575 14 7675 15 7721 14 7821 15 7882 14 7982 15 8035 14 8135 15 8261 14 8361 15 8403 14 8503 15 8660 14 8760 15 8799 14 8899 15 8952 14 9052 15 9102 14 9202 15 9209 14 9309 15 9355 14 9455 15 9512 14 9612 15 9665 14 9765 15 9815 14 9915 15 9976 14 10076 15 10126 14 10226 15 10279 14 10379 15 10429 14 10529 15 10575 14 10675 15 10736 14 10836 15 10904 14 11004 15 11058 14 11158 15 11227 14 11327 15 11392 14 11492 22 11892 2 12892
1775121164 642 6 1 1 1000 100 0 0 -1.00 0.00 0 298 71 2 1 1 0 0 0 0 0 255 52 0 0 20 250 3 256 1 300 16 550 6 815 7 865 14 1615 15 1674 14 1774 15 1820 14 1920 15 2189 14 2289 15 2342 14 2442 15 2472 14 2572 15 2614 14 2714 15 2779 14 2879 15 2941 14 3041 15 3098 14 3198 15 3244 14 3344 15 3386 14 3486 15 3528 14 3628 15 3650 14 3750 15 3811 14 3911 15 3969 14 4069 15 4091 14 4191 15 4241 14 4341 15 4394 14 4494 15 4533 14 4633 15 4698 14 4798 15 4870 14 4970 22 5370 2 6370
1775121170 643 6 2 1 1000 100 0 0 1.00 -0.50 0 299 71 2 1 1 0 0 0 0 0 255 42 0 0 20 250 3 256 1 300 16 550 6 589 7 639 14 1389 15 1460 14 1560 15 1606 14 1706 15 1721 14 1821 15 1832 14 1932 15 1955 14 2055 15 2097 14 2197 15 2216 14 2316 15 2346 14 2446 15 2492 14 2592 15 2646 14 2746 15 2799 14 2899 15 3129 14 3229 15 3282 14 3382 15 3432 14 3532 15 3582 14 3682 15 3747 14 3847 22 4247 2 5247
1775121180 644 6 2 1 1000 100 0 0 1.00 0.50 0 300 71 2 1 1 0 0 0 0 0 255 78 0 0 25 199 0 1000 20 1250 3 1256 1 1300 16 1550 6 1596 7 1646 14 2396 15 2489 14 2589 15 2635 14 2735 15 2885 14 2985 15 3015 14 3115 15 3142 14 3242 15 3280 14 3380 15 3402 14 3502 15 3517 14 3617 15 3636 14 3736 15 3755 14 3855 15 3893 14 3993 15 4020 14 4120 15 4139 14 4239 15 4258 14 4358 15 4388 14 4488 15 4515 14 4615 15 4634 14 4734 15 4757 14 4857 15 4891 14 4991 15 5006 14 5106 15 5148 14 5248 15 5294 14 5394 15 5443 14 5543 15 5600 14 5700 15 5742 14 5842 15 5907 14 6007 15 6080 14 6180 15 6233 14 6333 15 6375 14 6475 15 6540 14 6640 15 6698 14 6798 15 7135 14 7235 15 7311 14 7411 22 7811 2 8811
1775121187 645 6 2 1 1000 100 0 0 1.00 -0.50 0 301 71 2 1 1 0 0 0 0 0 255 50 0 0 20 250 3 256 1 300 16 550 6 683 7 733 14 1483 15 1527 14 1627 15 1653 14 1753 15 1784 14 1884 15 1910 14 2010 15 2052 14 2152 15 2190 14 2290 15 2344 14 2444 15 2497 14 2597 15 2639 14 2739 15 2812 14 2912 15 2958 14 3058 15 3122 14 3222 15 3272 14 3372 15 3426 14 3526 15 3579 14 3679 15 3725 14 3825 15 3897 14 3997 15 4231 14 4331 15 4396 14 4496 15 4573 14 4673 22 5073 2 6073
1775121201 646 6 1 1 1000 100 0 0 -1.00 0.50 0 302 71 2 1 1 0 0 0 0 0 255 92 0 0 20 250 3 256 1 300 16 550 6 618 7 668 14 1418 15 1458 14 1558 15 1604 14 1704 15 1712 14 1812 15 1876 14 1976 15 1988 14 2088 15 2122 14 2222 15 2256 14 2356 15 2391 14 2491 15 2540 14 2640 15 2709 14 2809 15 2820 14 2920 15 2958 14 3058 15 3097 14 3197 15 3476 14 3576 15 3856 14 3956 15 3964 14 4064 15 4086 14 4186 15 4259 14 4359 15 4393 14 4493 15 4516 14 4616 15 4666 14 4766 15 4800 14 4900 15 4969 14 5069 15 5122 14 5222 15 5283 14 5383 15 5448 14 5548 15 5602 14 5702 15 5744 14 5844 15 5886 14 5986 15 6051 14 6151 15 6212 14 6312 15 6350 14 6450 15 6523 14 6623 15 6668 14 6768 15 6818 14 6918 15 6979 14 7079 15 7136 14 7236 15 7294 14 7394 15 7459 14 7559 15 7620 14 7720 15 7800 14 7900 22 8300 2 9300
1775121202 647 6 1 3 1000 100 1 0 -1.00 0.00 0 302 71 2 1 1 0 0 0 0 0 255 6 0 0 20 250 3 256 1 300 11 470 2 670
1775121203 648 6 2 3 1000 100 1 0 1.00 1.00 0 302 71 2 1 1 0 0 0 0 0 255 6 0 0 20 250 3 256 1 300 11 496 2 696
1775121205 649 6 1 3 1000 100 1 0 -1.00 0.00 0 302 71 2 1 1 0 0 0 0 0 255 6 0 0 20 250 3 256 1 300 11 526 2 726
1775121216 650 6 1 1 1000 100 0 0 -1.00 -0.50 0 303 72 2 1 1 0 0 0 0 0 255 50 0 0 20 250 3 256 1 300 16 550 6 670 7 720 14 1470 15 1618 14 1718 15 1768 14 1868 15 1875 14 1975 15 1979 14 2079 15 2121 14 2221 15 2232 14 2332 15 2339 14 2439 15 2489 14 2589 15 2804 14 2904 15 3038 14 3138 15 3191 14 3291 15 3322 14 3422 15 3464 14 3564 15 3594 14 3694 15 3728 14 3828 15 3886 14 3986 15 4051 14 4151 15 4170 14 4270 15 4315 14 4415 15 4496 14 4596 22 4996 2 5996
1775121221 651 6 2 1 1000 100 0 0 1.00 1.00 0 304 72 2 1 1 0 0 0 0 0 255 38 0 0 20 250 3 256 1 300 16 550 6 623 7 673 14 1423 15 1436 14 1536 15 1578 14 1678 15 1735 14 1835 15 1854 14 1954 15 1966 14 2066 15 2100 14 2200 15 2230 14 2330 15 2349 14 2449 15 2503 14 2603 15 2637 14 2737 15 2775 14 2875 15 2917 14 3017 15 3074 14 3174 22 3574 12 3631 22 3731 2 4731
1775121234 652 6 1 2 1000 100 0 0 -1.00 1.00 0 305 71 2 1 1 0 0 0 0 0 255 9 0 0 20 250 3 256 1 300 16 550 9 662 13 1162 22 9162 2 10162
1775121241 653 6 1 1 1000 100 0 0 -1.00 -0.50 0 306 72 2 1 1 0 0 0 0 0 255 58 0 0 20 250 3 256 1 300 16 550 6 632 7 682 14 1432 15 1449 14 1549 15 1579 14 1679 15 1683 14 1783 15 1825 14 1925 15 1963 14 2063 15 2116 14 2216 15 2258 14 2358 15 2404 14 2504 15 2558 14 2658 15 2696 14 2796 15 2830 14 2930 15 2983 14 3083 15 3141 14 3241 15 3286 14 3386 15 3409 14 3509 15 3551 14 3651 15 3712 14 3812 15 3873 14 3973 15 4050 14 4150 15 4219 14 4319 15 4387 14 4487 15 4556 14 4656 15 4729 14 4829 15 4897 14 4997 22 5397 2 6397
1775121248 654 6 1 1 1000 100 0 0 -1.00 0.00 0 307 72 2 1 1 0 0 0 0 0 255 46 0 0 20 250 3 256 1 300 16 550 6 586 7 636 14 1386 15 1434 14 1534 15 1691 14 1791 15 1806 14 1906 15 1936 14 2036 15 2070 14 2170 15 2243 14 2343 15 2393 14 2493 15 2542 14 2642 15 2688 14 2788 15 2861 14 2961 15 2995 14 3095 15 3144 14 3244 15 3306 14 3406 15 3451 14 3551 15 3616 14 3716 15 3793 14 3893 15 3931 14 4031 15 4103 14 4203 22 4603 2 5603
1775121254 655 6 2 1 1000 100 0 0 1.00 1.00 0 308 72 2 1 1 0 0 0 0 0 255 52 0 0 20 250 3 256 1 300 16 550 6 580 7 630 14 1380 15 1427 14 1527 15 1577 14 1677 15 1723 14 1823 15 1846 14 1946 15 1988 14 2088 15 2137 14 2237 15 2252 14 2352 15 2398 14 2498 15 2555 14 2655 15 2659 14 2759 15 2820 14 2920 15 2985 14 3085 15 3150 14 3250 15 3307 14 3407 15 3453 14 3553 15 3641 14 3741 15 3794 14 3894 15 3959 14 4059 15 4117 14 4217 15 4350 14 4450 15 4496 14 4596 22 4996 2 5996
1775121261 656 6 1 1 1000 100 0 0 -1.00 -0.50 0 309 72 2 1 1 0 0 0 0 0 255 50 0 0 20 250 3 256 1 300 16 550 6 622 7 672 14 1422 15 1547 14 1647 15 1677 14 1777 15 1827 14 1927 15 1957 14 2057 15 2091 14 2191 15 2214 14 2314 15 2348 14 2448 15 2490 14 2590 15 2640 14 2740 15 2801 14 2901 15 2970 14 3070 15 3123 14 3223 15 3288 14 3388 15 3442 14 3542 15 3603 14 3703 15 3733 14 3833 15 3887 14 3987 15 4040 14 4140 15 4201 14 4301 15 4362 14 4462 22 4862 2 5862
1775121271 657 6 2 1 1000 100 0 0 1.00 0.00 0 310 72 2 1 1 0 0 0 0 0 255 64 0 0 20 250 3 256 1 300 16 550 6 605 7 655 14 1405 15 1449 14 1549 15 1614 14 1714 15 1764 14 1864 15 1894 14 1994 15 2017 14 2117 15 2132 14 2232 15 2274 14 2374 15 2404 14 2504 15 2535 14 2635 15 2669 14 2769 15 2796 14 2896 15 3007 14 3107 15 3137 14 3237 15 3287 14 3387 15 3436 14 3536 15 3578 14 3678 15 3728 14 3828 15 3908 14 4008 15 4065 14 4165 15 4215 14 4315 15 4384 14 4484 15 4541 14 4641 15 4729 14 4829 15 4894 14 4994 15 5059 14 5159 15 5231 14 5331 15 5404 14 5504 22 5904 2 6904
1775121278 658 6 1 1 1000 100 0 0 -1.00 -0.50 0 311 72 2 1 1 0 0 0 0 0 255 56 0 0 20 250 3 256 1 300 16 550 6 639 7 689 14 1439 15 1518 14 1618 15 1671 14 1771 15 1813 14 1913 15 1932 14 2032 15 2062 14 2162 15 2185 14 2285 15 2331 14 2431 15 2484 14 2584 15 2630 14 2730 15 2776 14 2876 15 2922 14 3022 15 3060 14 3160 15 3213 14 3313 15 3355 14 3455 15 3493 14 3593 15 3650 14 3750 15 3792 14 3892 15 3950 14 4050 15 4122 14 4222 15 4241 14 4341 15 4437 14 4537 15 4582 14 4682 15 4755 14 4855 22 5255 2 6255
1775121284 659 6 2 1 1000 100 0 0 1.00 0.50 0 312 72 2 1 1 0 0 0 0 0 255 54 0 0 20 250 3 256 1 300 16 550 6 601 7 651 14 1401 15 1471 14 1571 15 1583 14 1683 15 1713 14 1813 15 1855 14 1955 15 1989 14 2089 15 2124 14 2224 15 2273 14 2373 15 2419 14 2519 15 2534 14 2634 15 2745 14 2845 15 2875 14 2975 15 2983 14 3083 15 3109 14 3209 15 3240 14 3340 15 3401 14 3501 15 3566 14 3666 15 3727 14 3827 15 3880 14 3980 15 4045 14 4145 15 4206 14 4306 15 4398 14 4498 15 4555 14 4655 22 5055 2 6055
1775121290 660 6 1 1 1000 100 0 0 -1.00 0.00 0 313 72 2 1 1 0 0 0 0 0 255 36 0 0 20 250 3 256 1 300 16 550 6 566 7 616 14 1366 15 1394 14 1494 15 1540 14 1640 15 1732 14 1832 15 1878 14 1978 15 2039 14 2139 15 2196 14 2296 15 2323 14 2423 15 2445 14 2545 15 2599 14 2699 15 2760 14 2860 15 2971 14 3071 15 3140 14 3240 15 3305 14 3405 22 3805 2 4805
1775121297 661 6 2 1 1000 100 0 0 1.00 0.50 0 314 72 2 1 1 0 0 0 0 0 255 66 0 0 20 250 3 256 1 300 16 550 6 591 7 641 14 1391 15 1439 14 1539 15 1569 14 1669 15 1715 14 1815 15 1857 14 1957 15 2018 14 2118 15 2156 14 2256 15 2375 14 2475 15 2486 14 2586 15 2616 14 2716 15 2751 14 2851 15 2889 14 2989 15 3008 14 3108 15 3127 14 3227 15 3265 14 3365 15 3392 14 3492 15 3537 14 3637 15 3676 14 3776 15 3821 14 3921 15 3979 14 4079 15 4151 14 4251 15 4309 14 4409 15 4451 14 4551 15 4612 14 4712 15 4761 14 4861 15 4919 14 5019 15 5072 14 5172 15 5222 14 5322 15 5375 14 5475 22 5875 2 6875
1775121304 662 6 1 1 1000 100 0 0 -1.00 0.00 0 315 73 2 1 1 0 0 0 0 0 255 48 0 0 20 250 3 256 1 300 16 550 6 649 7 699 14 1449 15 1524 14 1624 15 1658 14 1758 15 1792 14 1892 15 1919 14 2019 15 2057 14 2157 15 2207 14 2307 15 2360 14 2460 15 2510 14 2610 15 2698 14 2798 15 2847 14 2947 15 2989 14 3089 15 3135 14 3235 15 3262 14 3362 15 3411 14 3511 15 3565 14 3665 15 3714 14 3814 15 3872 14 3972 15 4052 14 4152 15 4259 14 4359 22 4759 2 5759
1775121310 663 6 2 1 1000 100 0 0 1.00 1.00 0 316 73 2 1 1 0 0 0 0 0 255 54 0 0 20 250 3 256 1 300 16 550 6 589 7 639 14 1389 15 1425 14 1525 15 1578 14 1678 15 1713 14 1813 15 1947 14 2047 15 2085 14 2185 15 2235 14 2335 15 2373 14 2473 15 2522 14 2622 15 2641 14 2741 15 2764 14 2864 15 2883 14 2983 15 3021 14 3121 15 3167 14 3267 15 3313 14 3413 15 3478 14 3578 15 3627 14 3727 15 3773 14 3873 15 3934 14 4034 15 4118 14 4218 15 4280 14 4380 15 4441 14 4541 15 4636 14 4736 22 5136 2 6136
1775121319 664 6 2 1 1000 100 0 0 1.00 0.50 0 317 73 2 1 1 0 0 0 0 0 255 66 0 0 20 250 3 256 1 300 16 550 6 653 7 703 14 1453 15 1531 14 1631 15 1681 14 1781 15 1834 14 1934 15 1961 14 2061 15 2095 14 2195 15 2222 14 2322 15 2475 14 2575 15 2598 14 2698 15 2847 14 2947 15 2962 14 3062 15 3112 14 3212 15 3235 14 3335 15 3396 14 3496 15 3542 14 3642 15 3691 14 3791 15 3872 14 3972 15 4006 14 4106 15 4198 14 4298 15 4378 14 4478 15 4505 14 4605 15 4758 14 4858 15 4877 14 4977 15 5042 14 5142 15 5195 14 5295 15 5364 14 5464 15 5541 14 5641 15 5755 14 5855 15 5928 14 6028 22 6428 2 7428
1775121327 665 6 1 1 1000 100 0 0 -1.00 0.00 0 318 73 2 1 1 0 0 0 0 0 255 70 0 0 20 250 3 256 1 300 16 550 6 596 7 646 14 1396 15 1432 14 1532 15 1597 14 1697 15 1701 14 1801 15 1858 14 1958 15 1996 14 2096 15 2146 14 2246 15 2295 14 2395 15 2407 14 2507 15 2556 14 2656 15 2675 14 2775 15 2790 14 2890 15 2959 14 3059 15 3228 14 3328 15 3343 14 3443 15 3470 14 3570 15 3623 14 3723 15 3757 14 3857 15 3892 14 3992 15 4049 14 4149 15 4179 14 4279 15 4318 14 4418 15 4467 14 4567 15 4621 14 4721 15 4778 14 4878 15 4935 14 5035 15 5073 14 5173 15 5254 14 5354 15 5399 14 5499 15 5568 14 5668 15 5752 14 5852 22 6252 2 7252
1775121331 666 6 1 1 1000 100 0 0 -1.00 0.50 0 319 73 2 1 1 0 0 0 0 0 255 22 0 0 20 250 3 256 1 300 16 550 6 624 7 674 14 1424 15 1480 14 1580 15 1629 14 1729 15 1802 14 1902 15 1971 14 2071 15 2132 14 2232 15 2312 14 2412 22 2812 2 3812
1775121337 667 6 1 1 1000 100 0 0 -1.00 0.50 0 320 73 2 1 1 0 0 0 0 0 255 36 0 0 20 250 3 256 1 300 16 550 6 629 7 679 14 1429 15 1461 14 1561 15 1611 14 1711 15 1764 14 1864 15 1906 14 2006 15 2048 14 2148 15 2190 14 2290 15 2340 14 2440 15 2443 14 2543 15 2570 14 2670 15 2700 14 2800 15 2861 14 2961 15 3019 14 3119 15 3184 14 3284 22 3684 2 4684
1775121341 668 6 1 1 1000 100 0 0 -1.00 -0.50 0 321 73 2 1 1 0 0 0 0 0 255 20 0 0 20 250 3 256 1 300 16 550 6 671 7 721 14 1471 15 1519 14 1619 15 1676 14 1776 15 1830 14 1930 15 1980 14 2080 15 2394 14 2494 22 2894 2 3894
1775121352 669 6 2 2 1000 100 0 0 1.00 -0.50 0 322 73 2 1 1 0 0 0 0 0 255 9 0 0 20 250 3 256 1 300 16 550 9 809 13 1309 22 9309 2 10309
1775122503 670 6 2 3 1000 100 1 0 1.00 0.50 0 322 73 2 1 1 0 0 0 0 0 255 8 0 0 23 250 24 417 20 467 3 473 1 517 11 697 2 897
1775122506 671 6 1 3 1000 100 1 0 -1.00 0.00 0 322 73 2 1 1 0 0 0 0 0 255 10 0 0 25 109 0 283 25 477 0 1196 20 1446 3 1452 1 1496 11 1727 2 1927
1775122511 672 6 1 1 1000 100 0 0 -1.00 0.50 0 323 73 2 1 1 0 0 0 0 0 255 26 0 0 20 250 3 256 1 300 16 550 6 608 7 658 14 1408 15 1456 14 1556 15 1629 14 1729 15 1771 14 1871 15 1916 14 2016 15 2020 14 2120 15 2158 14 2258 15 2308 14 2408 15 2488 14 2588 22 2988 2 3988
1775122516 673 6 1 1 1000 100 0 0 -1.00 0.50 0 324 73 2 1 1 0 0 0 0 0 255 26 0 0 20 250 3 256 1 300 16 550 6 637 7 687 14 1437 15 1477 14 1577 15 1623 14 1723 15 1761 14 1861 15 1903 14 2003 15 2052 14 2152 15 2210 14 2310 15 2356 14 2456 15 2486 14 2586 22 2986 2 3986
1775122523 674 6 2 1 1000 100 0 0 1.00 -0.50 0 325 73 2 1 1 0 0 0 0 0 255 70 0 0 20 250 3 256 1 300 16 550 6 610 7 660 14 1410 15 1454 14 1554 15 1588 14 1688 15 1696 14 1796 15 1830 14 1930 15 1949 14 2049 15 2075 14 2175 15 2210 14 2310 15 2348 14 2448 15 2455 14 2555 15 2586 14 2686 15 2693 14 2793 15 2824 14 2924 15 2954 14 3054 15 3104 14 3204 15 3242 14 3342 15 3391 14 3491 15 3526 14 3626 15 3644 14 3744 15 3771 14 3871 15 3925 14 4025 15 4105 14 4205 15 4239 14 4339 15 4381 14 4481 15 4531 14 4631 15 4680 14 4780 15 4838 14 4938 15 4953 14 5053 15 5072 14 5172 15 5240 14 5340 15 5413 14 5513 22 5913 2 6913
1775122529 675 6 1 1 1000 100 0 0 -1.00 0.00 0 326 73 2 1 1 0 0 0 0 0 255 30 0 0 20 250 3 256 1 300 16 550 6 689 7 739 14 1489 15 1525 14 1625 15 1744 14 1844 15 1936 14 2036 15 2074 14 2174 15 2204 14 2304 15 2350 14 2450 15 2504 14 2604 15 2642 14 2742 15 2780 14 2880 15 2941 14 3041 22 3441 2 4441
1775122537 676 6 1 1 1000 100 0 0 -1.00 0.50 0 327 74 2 1 1 0 0 0 0 0 255 40 0 0 20 250 3 256 1 300 16 550 6 661 7 711 14 1461 15 1716 14 1816 15 1827 14 1927 15 1965 14 2065 15 2084 14 2184 15 2222 14 2322 15 2383 14 2483 15 2533 14 2633 15 2671 14 2771 15 2809 14 2909 15 2963 14 3063 15 3093 14 3193 15 3228 14 3328 15 3358 14 3458 15 3515 14 3615 15 3822 14 3922 22 4322 2 5322
1775122542 677 6 2 4 1000 100 0 0 1.00 0.00 1 328 73 2 1 1 0 0 0 0 0 255 16 0 0 20 250 3 256 1 300 16 550 5 1550 7 2300 14 3050 22 3450 12 3635 22 3735 12 3873 22 3973 12 3981 22 4081 2 5081
1775122553 678 6 1 2 1000 100 0 0 -1.00 1.00 0 329 73 2 1 1 0 0 0 0 0 255 9 0 0 20 250 3 256 1 300 16 550 9 635 13 1135 22 9135 2 10135
1775122565 679 6 2 1 1000 100 0 0 1.00 0.00 0 330 73 2 1 1 0 0 0 0 0 255 102 0 0 25 64 0 77 20 327 3 333 1 377 16 627 6 976 7 1026 14 1776 15 1881 14 1981 15 1993 14 2093 15 2131 14 2231 15 2273 14 2373 15 2392 14 2492 15 2518 14 2618 15 2649 14 2749 15 2795 14 2895 15 2906 14 3006 15 3033 14 3133 15 3182 14 3282 15 3317 14 3417 15 3447 14 3547 15 3612 14 3712 15 4073 14 4173 15 4226 14 4326 15 4334 14 4434 15 4453 14 4553 15 4583 14 4683 15 4710 14 4810 15 4813 14 4913 15 4963 14 5063 15 5101 14 5201 15 5312 14 5412 15 5454 14 5554 15 5646 14 5746 15 5761 14 5861 15 5888 14 5988 15 6018 14 6118 15 6122 14 6222 15 6241 14 6341 15 6429 14 6529 15 6582 14 6682 15 6736 14 6836 15 6882 14 6982 15 7066 14 7166 15 7219 14 7319 15 7388 14 7488 15 7557 14 7657 15 7703 14 7803 15 7891 14 7991 15 8052 14 8152 15 8221 14 8321 15 8394 14 8494 15 8578 14 8678 22 9078 2 10078
1775122571 680 6 1 1 1000 100 0 0 -1.00 0.50 0 331 73 2 1 1 0 0 0 0 0 255 52 0 0 20 250 3 256 1 300 16 550 6 655 7 705 14 1455 15 1495 14 1595 15 1629 14 1729 15 1771 14 1871 15 1906 14 2006 15 2044 14 2144 15 2190 14 2290 15 2320 14 2420 15 2462 14 2562 15 2627 14 2727 15 2784 14 2884 15 2919 14 3019 15 3038 14 3138 15 3168 14 3268 15 3352 14 3452 15 3525 14 3625 15 3678 14 3778 15 3817 14 3917 15 3978 14 4078 15 4131 14 4231 15 4300 14 4400 15 4507 14 4607 22 5007 2 6007
1775122577 681 6 2 4 1000 100 0 0 1.00 -0.50 1 332 73 2 1 1 0 0 0 0 0 255 10 0 0 20 250 3 256 1 300 16 550 5 1550 7 3083 14 3833 22 4233 2 5233
1775122583 682 6 1 1 1000 100 0 0 -1.00 0.50 0 333 73 2 1 1 0 0 0 0 0 255 38 0 0 25 26 0 56 20 306 3 312 1 356 16 606 6 1285 7 1335 14 2085 15 2183 14 2283 15 2325 14 2425 15 2459 14 2559 15 2608 14 2708 15 2750 14 2850 15 2912 14 3012 15 3038 14 3138 15 3176 14 3276 15 3330 14 3430 15 3476 14 3576 15 3633 14 3733 15 3806 14 3906 15 3971 14 4071 22 4471 2 5471
1775122591 683 6 2 1 1000 100 0 0 1.00 0.50 0 334 73 2 1 1 0 0 0 0 0 255 44 0 0 25 227 0 581 20 831 3 837 1 881 16 1131 6 1209 7 1259 14 2009 15 2145 14 2245 15 2287 14 2387 15 2433 14 2533 15 2571 14 2671 15 2740 14 2840 15 2859 14 2959 15 2978 14 3078 15 3104 14 3204 15 3243 14 3343 15 3396 14 3496 15 3553 14 3653 15 3699 14 3799 15 3872 14 3972 15 4033 14 4133 15 4198 14 4298 15 4375 14 4475 22 4875 2 5875
1775122594 684 6 1 3 1000 100 1 0 -1.00 0.50 0 334 73 2 1 1 0 0 0 0 0 255 6 0 0 20 250 3 256 1 300 11 522 2 722
1775122600 685 6 2 1 1000 100 0 0 1.00 1.00 0 335 73 2 1 1 0 0 0 0 0 255 44 0 0 25 250 0 688 20 938 3 944 1 988 16 1238 6 1290 7 1340 14 2090 15 2122 14 2222 15 2261 14 2361 15 2376 14 2476 15 2506 14 2606 15 2652 14 2752 15 2798 14 2898 15 2932 14 3032 15 3082 14 3182 15 3243 14 3343 15 3412 14 3512 15 3546 14 3646 15 3680 14 3780 15 3822 14 3922 15 4006 14 4106 15 4179 14 4279 15 4348 14 4448 22 4848 2 5848
1775123380 686 6 2 3 1000 100 1 0 1.00 -0.50 0 335 73 2 1 1 0 0 0 0 0 255 8 0 0 23 250 24 426 20 476 3 482 1 526 11 752 2 952
1775123390 687 6 2 2 1000 100 0 0 1.00 0.50 0 336 73 2 1 1 0 0 0 0 0 255 9 0 0 20 250 3 256 1 300 16 550 9 642 13 1142 22 9142 2 10142
1775123401 688 6 2 4 1000 100 0 0 1.00 0.50 0 337 73 2 1 1 0 0 0 0 0 255 4 0 0 25 50 22 5050 2 6050
1775123455 689 6 2 3 1000 100 1 0 1.00 0.50 0 337 73 2 1 1 0 0 0 0 0 255 8 0 0 23 250 24 422 20 472 3 478 1 522 11 721 2 921
1775123466 690 6 2 2 1000 100 0 0 1.00 0.50 0 338 72 2 1 1 0 0 0 0 0 255 11 0 0 25 81 0 284 20 534 3 540 1 584 16 834 9 943 13 1443 22 9443 2 10443
1775123472 691 6 1 1 1000 100 0 0 -1.00 0.00 0 339 72 2 1 1 0 0 0 0 0 255 22 0 0 20 250 3 256 1 300 16 550 6 596 7 646 14 1396 15 1424 14 1524 15 1582 14 1682 15 1727 14 1827 15 1896 14 1996 15 2065 14 2165 15 2237 14 2337 22 2737 2 3737
1775123481 692 6 2 1 1000 100 0 0 1.00 0.00 0 340 72 2 1 1 0 0 0 0 0 255 69 0 0 20 250 3 256 1 300 16 550 6 743 7 793 14 1543 15 1606 14 1706 15 1721 14 1821 15 1836 14 1936 15 1966 14 2066 15 2089 14 2189 15 2200 14 2300 15 2327 14 2427 15 2446 14 2546 15 2565 14 2665 15 2676 14 2776 15 2795 14 2895 15 2921 14 3021 15 3067 14 3167 15 3405 14 3505 15 3508 14 3608 15 3642 14 3742 15 3757 14 3857 15 3865 14 3965 15 4079 14 4179 15 4221 14 4321 15 4371 14 4471 15 4517 14 4617 15 4681 14 4781 15 4827 14 4927 15 4965 14 5065 15 5119 14 5219 15 5253 14 5353 15 5364 14 5464 15 5510 14 5610 22 6010 2 7010 26 7012
1775123491 693 6 2 2 1000 100 0 0 1.00 0.00 0 341 72 2 1 1 0 0 0 0 0 255 11 0 0 20 250 3 256 1 300 16 550 9 602 13 1102 22 9102 12 9748 22 9848 2 10848
1775123498 694 6 2 1 1000 100 0 0 1.00 -1.00 0 342 72 2 1 1 0 0 0 0 0 255 62 0 0 20 250 3 256 1 300 16 550 6 628 7 678 14 1428 15 1507 14 1607 15 1622 14 1722 15 1763 14 1863 15 1986 14 2086 15 2128 14 2228 15 2247 14 2347 15 2350 14 2450 15 2488 14 2588 15 2615 14 2715 15 2753 14 2853 15 2899 14 2999 15 3033 14 3133 15 3163 14 3263 15 3317 14 3417 15 3459 14 3559 15 3608 14 3708 15 3754 14 3854 15 3908 14 4008 15 4049 14 4149 15 4214 14 4314 15 4349 14 4449 15 4464 14 4564 15 4598 14 4698 15 4755 14 4855 15 4955 14 5055 15 5123 14 5223 22 5623 2 6623
1775123502 695 6 1 1 1000 100 0 0 -1.00 0.00 0 343 72 2 1 1 0 0 0 0 0 255 12 0 0 20 250 3 256 1 300 16 550 6 614 7 664 14 1414 15 1557 14 1657 22 2057 2 3057
1775123514 696 6 1 2 1000 100 0 0 -1.00 1.00 0 344 72 2 1 1 0 0 0 0 0 255 9 0 0 20 250 3 256 1 300 16 550 9 739 13 1239 22 9239 2 10239
1775125445 697 6 1 4 1000 100 0 0 -1.00 -1.00 1 345 72 2 1 1 0 0 0 0 0 255 11 0 0 23 250 24 417 20 467 3 473 1 517 16 767 7 1686 14 2436 22 2836 2 3836
1775125449 698 6 2 1 1000 100 0 0 1.00 0.50 0 346 72 2 1 1 0 0 0 0 0 255 10 0 0 20 250 3 256 1 300 16 550 6 571 7 621 14 1371 22 1771 2 2771
1775125456 699 6 2 1 1000 100 0 0 1.00 1.00 0 347 72 2 1 1 0 0 0 0 0 255 22 0 0 20 250 3 256 1 300 16 550 6 648 7 698 14 1448 15 1537 14 1637 15 1664 14 1764 15 1806 14 1906 15 1944 14 2044 15 2105 14 2205 15 2251 14 2351 22 2751 2 3751
1775125464 700 6 2 1 1000 100 0 0 1.00 1.00 0 348 72 2 1 1 0 0 0 0 0 255 16 0 0 25 217 0 417 20 667 3 673 1 717 16 967 6 1062 7 1112 14 1862 15 1913 14 2013 15 2059 14 2159 22 2559 2 3559
1775126065 701 6 2 3 1000 100 1 0 1.00 0.50 0 348 72 2 1 1 0 0 0 0 0 255 8 0 0 23 250 24 421 20 471 3 477 1 521 11 739 2 939
1775126070 702 6 2 1 1000 100 0 0 1.00 1.00 0 349 72 2 1 1 0 0 0 0 0 255 36 0 0 20 250 3 256 1 300 16 550 6 617 7 667 14 1417 15 1495 14 1595 15 1603 14 1703 15 1748 14 1848 15 1852 14 1952 15 1971 14 2071 15 2097 14 2197 15 2308 14 2408 15 2419 14 2519 15 2538 14 2638 15 2669 14 2769 15 2807 14 2907 15 2941 14 3041 15 3090 14 3190 22 3590 2 4590
1775126079 703 6 1 1 1000 100 0 0 -1.00 0.00 0 350 72 2 1 1 0 0 0 0 0 255 76 0 0 20 250 3 256 1 300 16 550 6 606 7 656 14 1406 15 1500 14 1600 15 1718 14 1818 15 1845 14 1945 15 1983 14 2083 15 2086 14 2186 15 2359 14 2459 15 2585 14 2685 15 2715 14 2815 15 2972 14 3072 15 3333 14 3433 15 3582 14 3682 15 3712 14 3812 15 3831 14 3931 15 3954 14 4054 15 4084 14 4184 15 4192 14 4292 15 4468 14 4568 15 4602 14 4702 15 4725 14 4825 15 4882 14 4982 15 5070 14 5170 15 5223 14 5323 15 5361 14 5461 15 5492 14 5592 15 5618 14 5718 15 5768 14 5868 15 5883 14 5983 15 6032 14 6132 15 6186 14 6286 15 6343 14 6443 15 6473 14 6573 15 6619 14 6719 15 6769 14 6869 22 7269 2 8269
1775126085 704 6 1 1 1000 100 0 0 -1.00 0.00 0 351 72 2 1 1 0 0 0 0 0 255 50 0 0 20 250 3 256 1 300 16 550 6 610 7 660 14 1410 15 1434 14 1534 15 1546 14 1646 15 1699 14 1799 15 1841 14 1941 15 1967 14 2067 15 2102 14 2202 15 2232 14 2332 15 2347 14 2447 15 2477 14 2577 15 2623 14 2723 15 2727 14 2827 15 2876 14 2976 15 3014 14 3114 15 3156 14 3256 15 3298 14 3398 15 3440 14 3540 15 3586 14 3686 15 3747 14 3847 15 3893 14 3993 15 4065 14 4165 22 4565 2 5565
1775126095 705 6 2 2 1000 100 0 0 1.00 -0.50 0 352 72 2 1 1 0 0 0 0 0 255 9 0 0 20 250 3 256 1 300 16 550 9 574 13 1074 22 9074 2 10074
1775126102 706 6 1 1 1000 100 0 0 -1.00 -0.50 0 353 72 2 1 1 0 0 0 0 0 255 50 0 0 20 250 3 256 1 300 16 550 6 592 7 642 14 1392 15 1512 14 1612 15 1643 14 1743 15 1754 14 1854 15 1888 14 1988 15 1999 14 2099 15 2141 14 2241 15 2287 14 2387 15 2398 14 2498 15 2686 14 2786 15 2797 14 2897 15 2951 14 3051 15 3081 14 3181 15 3204 14 3304 15 3346 14 3446 15 3499 14 3599 15 3641 14 3741 15 3783 14 3883 15 3952 14 4052 15 4101 14 4201 15 4258 14 4358 22 4758 2 5758
1775126109 707 6 2 1 1000 100 0 0 1.00 -0.50 0 354 72 2 1 1 0 0 0 0 0 255 66 0 0 20 250 3 256 1 300 16 550 6 722 7 772 14 1522 15 1546 14 1646 15 1673 14 1773 15 1803 14 1903 15 1918 14 2018 15 2037 14 2137 15 2206 14 2306 15 2317 14 2417 15 2432 14 2532 15 2593 14 2693 15 2831 14 2931 15 2977 14 3077 15 3111 14 3211 15 3249 14 3349 15 3387 14 3487 15 3537 14 3637 15 3686 14 3786 15 3855 14 3955 15 3978 14 4078 15 4116 14 4216 15 4231 14 4331 15 4392 14 4492 15 4565 14 4665 15 4741 14 4841 15 4898 14 4998 15 5040 14 5140 15 5213 14 5313 15 5366 14 5466 15 5539 14 5639 22 6039 2 7039
1775126116 708 6 1 1 1000 100 0 0 -1.00 1.00 0 355 72 2 1 1 0 0 0 0 0 255 62 0 0 20 250 3 256 1 300 16 550 6 614 7 664 14 1414 15 1512 14 1612 15 1615 14 1715 15 1753 14 1853 15 1869 14 1969 15 2010 14 2110 15 2118 14 2218 15 2283 14 2383 15 2398 14 2498 15 2659 14 2759 15 2762 14 2862 15 2916 14 3016 15 3046 14 3146 15 3192 14 3292 15 3338 14 3438 15 3491 14 3591 15 3675 14 3775 15 3821 14 3921 15 3994 14 4094 15 4101 14 4201 15 4254 14 4354 15 4412 14 4512 15 4550 14 4650 15 4692 14 4792 15 4845 14 4945 15 4998 14 5098 15 5136 14 5236 22 5636 2 6636
1775126123 709 6 1 1 1000 100 0 0 -1.00 0.50 0 356 73 2 1 1 0 0 0 0 0 255 52 0 0 20 250 3 256 1 300 16 550 6 606 7 656 14 1406 15 1419 14 1519 15 1619 14 1719 15 1742 14 1842 15 1872 14 1972 15 2152 14 2252 15 2255 14 2355 15 2424 14 2524 15 2539 14 2639 15 2685 14 2785 15 2858 14 2958 15 3007 14 3107 15 3161 14 3261 15 3322 14 3422 15 3448 14 3548 15 3563 14 3663 15 3698 14 3798 15 3824 14 3924 15 3985 14 4085 15 4116 14 4216 15 4277 14 4377 15 4434 14 4534 22 4934 2 5934
1775126129 710 6 2 1 1000 100 0 0 1.00 1.00 0 357 73 2 1 1 0 0 0 0 0 255 42 0 0 20 250 3 256 1 300 16 550 6 638 7 688 14 1438 15 1570 14 1670 15 1701 14 1801 15 1804 14 1904 15 1920 14 2020 15 2042 14 2142 15 2165 14 2265 15 2292 14 2392 15 2430 14 2530 15 2575 14 2675 15 2717 14 2817 15 2882 14 2982 15 3040 14 3140 15 3205 14 3305 15 3366 14 3466 15 3523 14 3623 15 3703 14 3803 22 4203 2 5203
1775126135 711 6 2 1 1000 100 0 0 1.00 -0.50 0 358 73 2 1 1 0 0 0 0 0 255 48 0 0 20 250 3 256 1 300 16 550 6 781 7 831 14 1581 15 1636 14 1736 15 1744 14 1844 15 1866 14 1966 15 2089 14 2189 15 2231 14 2331 15 2353 14 2453 15 2480 14 2580 15 2618 14 2718 15 2779 14 2879 15 2925 14 3025 15 3063 14 3163 15 3220 14 3320 15 3370 14 3470 15 3523 14 3623 15 3681 14 3781 15 3842 14 3942 15 4003 14 4103 15 4156 14 4256 15 4321 14 4421 22 4821 2 5821
1775126140 712 6 1 1 1000 100 0 0 -1.00 -1.00 0 359 73 2 1 1 0 0 0 0 0 255 36 0 0 20 250 3 256 1 300 16 550 6 628 7 678 14 1428 15 1430 14 1530 15 1564 14 1664 15 1690 14 1790 15 1851 14 1951 15 1990 14 2090 15 2139 14 2239 15 2308 14 2408 15 2435 14 2535 15 2588 14 2688 15 2757 14 2857 15 2918 14 3018 15 3087 14 3187 15 3248 14 3348 22 3748 2 4748
1775126149 713 6 2 1 1000 100 0 0 1.00 0.00 0 360 73 2 1 1 0 0 0 0 0 255 86 0 0 20 250 3 256 1 300 16 550 6 662 7 712 14 1462 15 1509 14 1609 15 1628 14 1728 15 1751 14 1851 15 1874 14 1974 15 2031 14 2131 15 2277 14 2377 15 2395 14 2495 15 2522 14 2622 15 2660 14 2760 15 2798 14 2898 15 3074 14 3174 15 3224 14 3324 15 3355 14 3455 15 3485 14 3585 15 3600 14 3700 15 3704 14 3804 15 3857 14 3957 15 4095 14 4195 15 4210 14 4310 15 4341 14 4441 15 4502 14 4602 15 4647 14 4747 15 4789 14 4889 15 4943 14 5043 15 5062 14 5162 15 5223 14 5323 15 5376 14 5476 15 5537 14 5637 15 5675 14 5775 15 5840 14 5940 15 5994 14 6094 15 6140 14 6240 15 6305 14 6405 15 6462 14 6562 15 6634 14 6734 15 6807 14 6907 15 6980 14 7080 15 7152 14 7252 22 7652 2 8652
1775126155 714 6 1 1 1000 100 0 0 -1.00 0.50 0 361 73 2 1 1 0 0 0 0 0 255 40 0 0 20 250 3 256 1 300 16 550 6 649 7 699 14 1449 15 1505 14 1605 15 1624 14 1724 15 1765 14 1865 15 1900 14 2000 15 2030 14 2130 15 2164 14 2264 15 2314 14 2414 15 2467 14 2567 15 2609 14 2709 15 2763 14 2863 15 2924 14 3024 15 3054 14 3154 15 3204 14 3304 15 3377 14 3477 15 3522 14 3622 22 4022 2 5022
1775126161 715 6 2 1 1000 100 0 0 1.00 0.50 0 362 73 2 1 1 0 0 0 0 0 255 48 0 0 20 250 3 256 1 300 16 550 6 630 7 680 14 1430 15 1478 14 1578 15 1601 14 1701 15 1862 14 1962 15 1985 14 2085 15 2107 14 2207 15 2230 14 2330 15 2368 14 2468 15 2533 14 2633 15 2675 14 2775 15 2809 14 2909 15 2978 14 3078 15 3147 14 3247 15 3296 14 3396 15 3458 14 3558 15 3619 14 3719 15 3776 14 3876 15 3926 14 4026 15 4075 14 4175 15 4236 14 4336 22 4736 2 5736
1775126166 716 6 2 1 1000 100 0 0 1.00 0.00 0 363 73 2 1 1 0 0 0 0 0 255 38 0 0 20 250 3 256 1 300 16 550 6 668 7 718 14 1468 15 1515 14 1615 15 1649 14 1749 15 1803 14 1903 15 1960 14 2060 15 2087 14 2187 15 2190 14 2290 15 2317 14 2417 15 2451 14 2551 15 2589 14 2689 15 2750 14 2850 15 2919 14 3019 15 3088 14 3188 15 3249 14 3349 15 3437 14 3537 22 3937 2 4937
1775126171 717 6 1 1 1000 100 0 0 -1.00 -1.00 0 364 73 2 1 1 0 0 0 0 0 255 38 0 0 20 250 3 256 1 300 16 550 6 641 7 691 14 1441 15 1542 14 1642 15 1653 14 1753 15 1795 14 1895 15 1945 14 2045 15 2106 14 2206 15 2255 14 2355 15 2417 14 2517 15 2578 14 2678 15 2720 14 2820 15 2865 14 2965 15 3046 14 3146 15 3157 14 3257 15 3395 14 3495 15 3579 14 3679 22 4079 2 5079
1775126172 718 6 1 3 1000 100 1 0 -1.00 -1.00 0 364 73 2 1 1 0 0 0 0 0 255 6 0 0 20 250 3 256 1 300 11 538 2 738
1775126181 719 6 1 1 1000 100 0 0 -1.00 -1.00 0 365 74 2 1 1 0 0 0 0 0 255 54 0 0 20 250 3 256 1 300 16 550 6 617 7 667 14 1417 15 1488 14 1588 15 1607 14 1707 15 1752 14 1852 15 1883 14 1983 15 2017 14 2117 15 2144 14 2244 15 2412 14 2512 15 2573 14 2673 15 2692 14 2792 15 2830 14 2930 15 2988 14 3088 15 3126 14 3226 15 3291 14 3391 15 3398 14 3498 15 3571 14 3671 15 3686 14 3786 15 3831 14 3931 15 3996 14 4096 15 4146 14 4246 15 4295 14 4395 15 4460 14 4560 15 4618 14 4718 22 5118 2 6118
1775126187 720 6 1 1 1000 100 0 0 -1.00 0.50 0 366 74 2 1 1 0 0 0 0 0 255 60 0 0 20 250 3 256 1 300 16 550 6 621 7 671 14 1421 15 1457 14 1557 15 1568 14 1668 15 1710 14 1810 15 1825 14 1925 15 2028 14 2128 15 2143 14 2243 15 2301 14 2401 15 2416 14 2516 15 2535 14 2635 15 2703 14 2803 15 2845 14 2945 15 3098 14 3198 15 3267 14 3367 15 3397 14 3497 15 3662 14 3762 15 3773 14 3873 15 3934 14 4034 15 4088 14 4188 15 4241 14 4341 15 4383 14 4483 15 4540 14 4640 15 4682 14 4782 15 4847 14 4947 15 5005 14 5105 15 5173 14 5273 22 5673 2 6673
1775126192 721 6 2 1 1000 100 0 0 1.00 0.50 0 367 74 2 1 1 0 0 0 0 0 255 18 0 0 25 83 0 196 20 446 3 452 1 496 16 746 6 809 7 859 14 1609 15 1661 14 1761 15 1818 14 1918 15 1960 14 2060 22 2460 2 3460
1775126197 722 6 1 1 1000 100 0 0 -1.00 0.50 0 368 74 2 1 1 0 0 0 0 0 255 38 0 0 20 250 3 256 1 300 16 550 6 634 7 684 14 1434 15 1466 14 1566 15 1612 14 1712 15 1765 14 1865 15 1899 14 1999 15 2061 14 2161 15 2225 14 2325 15 2390 14 2490 15 2544 14 2644 15 2720 14 2820 15 2912 14 3012 15 3081 14 3181 15 3265 14 3365 15 3445 14 3545 15 3675 14 3775 22 4175 2 5175
1775126202 723 6 1 1 1000 100 0 0 -1.00 0.00 0 369 74 2 1 1 0 0 0 0 0 255 40 0 0 20 250 3 256 1 300 16 550 6 618 7 668 14 1418 15 1446 14 1546 15 1576 14 1676 15 1718 14 1818 15 1860 14 1960 15 1998 14 2098 15 2144 14 2244 15 2290 14 2390 15 2393 14 2493 15 2527 14 2627 15 2677 14 2777 15 2823 14 2923 15 2969 14 3069 15 3218 14 3318 15 3436 14 3536 15 3571 14 3671 22 4071 2 5071
1775126209 724 6 2 1 1000 100 0 0 1.00 0.50 0 370 74 2 1 1 0 0 0 0 0 255 34 0 0 20 250 3 256 1 300 16 550 6 654 7 704 14 1454 15 1536 14 1636 15 1685 14 1785 15 1820 14 1920 15 1973 14 2073 15 2142 14 2242 15 2341 14 2441 15 2483 14 2583 15 2640 14 2740 15 2794 14 2894 15 2936 14 3036 15 3124 14 3224 15 3292 14 3392 22 3792 2 4792
1775126216 725 6 2 1 1000 100 0 0 1.00 -0.50 0 371 74 2 1 1 0 0 0 0 0 255 48 0 0 20 250 3 256 1 300 16 550 6 1231 7 1281 14 2031 15 2079 14 2179 15 2225 14 2325 15 2363 14 2463 15 2501 14 2601 15 2647 14 2747 15 2792 14 2892 15 3053 14 3153 15 3184 14 3284 15 3440 14 3540 15 3586 14 3686 15 3717 14 3817 15 3859 14 3959 15 4023 14 4123 15 4177 14 4277 15 4365 14 4465 15 4526 14 4626 15 4687 14 4787 15 4825 14 4925 15 4998 14 5098 22 5498 2 6498
1775126223 726 6 1 0 1000 100 0 0 -1.00 1.00 1 371 74 2 1 1 0 0 0 0 0 255 8 0 0 20 250 3 256 1 300 16 550 5 1550 8 6550 2 6560
1775126233 727 6 2 1 1000 100 0 0 1.00 1.00 0 372 74 2 1 1 0 0 0 0 0 255 108 0 0 20 250 3 256 1 300 16 550 6 644 7 694 14 1444 15 1461 14 1561 15 1572 14 1672 15 1691 14 1791 15 1810 14 1910 15 1940 14 2040 15 2059 14 2159 15 2190 14 2290 15 2316 14 2416 15 2447 14 2547 15 2585 14 2685 15 2711 14 2811 15 2850 14 2950 15 2988 14 3088 15 3110 14 3210 15 3241 14 3341 15 3371 14 3471 15 3478 14 3578 15 3601 14 3701 15 3743 14 3843 15 3881 14 3981 15 4019 14 4119 15 4123 14 4223 15 4391 14 4491 15 4518 14 4618 15 4637 14 4737 15 4775 14 4875 15 4890 14 4990 15 5013 14 5113 15 5139 14 5239 15 5293 14 5393 15 5404 14 5504 15 5565 14 5665 15 5688 14 5788 15 5834 14 5934 15 5964 14 6064 15 6091 14 6191 15 6248 14 6348 15 6409 14 6509 15 6543 14 6643 15 6677 14 6777 15 6846 14 6946 15 6984 14 7084 15 7138 14 7238 15 7295 14 7395 15 7460 14 7560 15 7617 14 7717 15 7767 14 7867 15 7962 14 8062 15 8162 14 8262 22 8662 2 9662
1775126241 728 6 2 1 1000 100 0 0 1.00 1.00 0 373 74 2 1 1 0 0 0 0 0 255 68 0 0 20 250 3 256 1 300 16 550 6 560 7 610 14 1360 15 1473 14 1573 15 1595 14 1695 15 1730 14 1830 15 1856 14 1956 15 1964 14 2064 15 2105 14 2205 15 2232 14 2332 15 2370 14 2470 15 2493 14 2593 15 2642 14 2742 15 2792 14 2892 15 2938 14 3038 15 3095 14 3195 15 3233 14 3333 15 3337 14 3437 15 3513 14 3613 15 3636 14 3736 15 3751 14 3851 15 3885 14 3985 15 4050 14 4150 15 4211 14 4311 15 4357 14 4457 15 4518 14 4618 15 4683 14 4783 15 4852 14 4952 15 5020 14 5120 15 5197 14 5297 15 5358 14 5458 15 5523 14 5623 22 6023 2 7023
1775126258 729 6 2 0 1000 100 0 0 1.00 -0.50 0 373 74 2 1 1 0 0 0 0 0 255 12 0 0 25 80 0 4888 25 5110 0 9886 20 10136 3 10142 1 10186 16 10436 5 11436 8 16436 2 16446
1775127393 730 6 1 1 1000 100 0 0 -1.00 1.00 0 374 74 2 1 1 0 0 0 0 0 255 54 0 0 23 250 24 414 20 464 3 470 1 514 16 764 6 924 7 974 14 1724 15 1760 14 1860 15 1905 14 2005 15 2024 14 2124 15 2151 14 2251 15 2270 14 2370 15 2392 14 2492 15 2496 14 2596 15 2615 14 2715 15 2761 14 2861 15 2895 14 2995 15 3064 14 3164 15 3179 14 3279 15 3324 14 3424 15 3459 14 3559 15 3593 14 3693 15 3719 14 3819 15 3857 14 3957 15 3988 14 4088 15 4122 14 4222 15 4279 14 4379 15 4425 14 4525 22 4925 2 5925
1775127397 731 6 2 1 1000 100 0 0 1.00 -1.00 0 375 74 2 1 1 0 0 0 0 0 255 32 0 0 20 250 3 256 1 300 16 550 6 625 7 675 14 1425 15 1426 14 1526 15 1549 14 1649 15 1660 14 1760 15 1775 14 1875 15 1890 14 1990 15 2017 14 2117 15 2167 14 2267 15 2316 14 2416 15 2470 14 2570 15 2623 14 2723 15 2784 14 2884 22 3284 2 4284
1775127404 732 6 1 1 1000 100 0 0 -1.00 0.50 0 376 75 2 1 1 0 0 0 0 0 255 50 0 0 25 21 0 278 20 528 3 534 1 578 16 828 6 1014 7 1064 14 1814 15 1896 14 1996 15 2007 14 2107 15 2145 14 2245 15 2268 14 2368 15 2383 14 2483 15 2506 14 2606 15 2759 14 2859 15 2889 14 2989 15 3039 14 3139 15 3173 14 3273 15 3319 14 3419 15 3461 14 3561 15 3599 14 3699 15 3744 14 3844 15 3905 14 4005 15 4043 14 4143 15 4193 14 4293 15 4346 14 4446 15 4492 14 4592 22 4992 2 5992
1775127410 733 6 2 1 1000 100 0 0 1.00 -0.50 0 377 75 2 1 1 0 0 0 0 0 255 42 0 0 20 250 3 256 1 300 16 550 6 622 7 672 14 1422 15 1534 14 1634 15 1661 14 1761 15 1772 14 1872 15 1918 14 2018 15 2048 14 2148 15 2183 14 2283 15 2301 14 2401 15 2432 14 2532 15 2570 14 2670 15 2719 14 2819 15 2873 14 2973 15 3022 14 3122 15 3172 14 3272 15 3337 14 3437 22 3837 12 4199 22 4299 12 4368 22 4468 2 5468
1775127413 734 6 2 3 1000 100 1 0 1.00 -1.00 0 377 75 2 1 1 0 0 0 0 0 255 6 0 0 20 250 3 256 1 300 11 550 2 750
1775127424 735 6 1 2 1000 100 0 0 -1.00 0.00 0 378 74 2 1 1 0 0 0 0 0 255 9 0 0 20 250 3 256 1 300 16 550 9 580 13 1080 22 9080 2 10080
1775127430 736 6 1 1 1000 100 0 0 -1.00 0.00 0 379 74 2 1 1 0 0 0 0 0 255 46 0 0 20 250 3 256 1 300 16 550 6 659 7 709 14 1459 15 1472 14 1572 15 1599 14 1699 15 1737 14 1837 15 1867 14 1967 15 1982 14 2082 15 2116 14 2216 15 2266 14 2366 15 2369 14 2469 15 2527 14 2627 15 2657 14 2757 15 2783 14 2883 15 2948 14 3048 15 3090 14 3190 15 3240 14 3340 15 3385 14 3485 15 3546 14 3646 15 3731 14 3831 15 3907 14 4007 22 4407 2 5407
1775127438 737 6 1 1 1000 100 0 0 -1.00 0.00 0 380 75 2 1 1 0 0 0 0 0 255 54 0 0 20 250 3 256 1 300 16 550 6 691 7 741 14 1491 15 1585 14 1685 15 1734 14 1834 15 1976 14 2076 15 2106 14 2206 15 2268 14 2368 15 2375 14 2475 15 2659 14 2759 15 2781 14 2881 15 2900 14 3000 15 3061 14 3161 15 3169 14 3269 15 3295 14 3395 15 3449 14 3549 15 3595 14 3695 15 3744 14 3844 15 3886 14 3986 15 4036 14 4136 15 4189 14 4289 15 4411 14 4511 15 4542 14 4642 15 4691 14 4791 15 4841 14 4941 22 5341 2 6341
1775127439 738 6 1 3 1000 100 1 0 -1.00 1.00 0 380 75 2 1 1 0 0 0 0 0 255 6 0 0 20 250 3 256 1 300 11 518 2 718
1775127445 739 6 2 1 1000 100 0 0 1.00 -0.50 0 381 75 2 1 1 0 0 0 0 0 255 36 0 0 25 214 0 705 20 955 3 961 1 1005 16 1255 6 1443 7 1493 14 2243 15 2264 14 2364 15 2398 14 2498 15 2502 14 2602 15 2613 14 2713 15 2755 14 2855 15 2866 14 2966 15 3012 14 3112 15 3157 14 3257 15 3299 14 3399 15 3460 14 3560 15 3621 14 3721 15 3786 14 3886 22 4286 2 5286
1775127452 740 6 1 1 1000 100 0 0 -1.00 -0.50 0 382 75 2 1 1 0 0 0 0 0 255 52 0 0 20 250 3 256 1 300 16 550 6 592 7 642 14 1392 15 1501 14 1601 15 1624 14 1724 15 1754 14 1854 15 1862 14 1962 15 2011 14 2111 15 2272 14 2372 15 2418 14 2518 15 2579 14 2679 15 2698 14 2798 15 2817 14 2917 15 2974 14 3074 15 3085 14 3185 15 3208 14 3308 15 3357 14 3457 15 3595 14 3695 15 3729 14 3829 15 3890 14 3990 15 4044 14 4144 15 4216 14 4316 15 4366 14 4466 15 4531 14 4631 22 5031 2 6031
1775127459 741 6 2 1 1000 100 0 0 1.00 -0.50 0 383 75 2 1 1 0 0 0 0 0 255 42 0 0 20 250 3 256 1 300 16 550 6 690 7 740 14 1490 15 1492 14 1592 15 1618 14 1718 15 1745 14 1845 15 1887 14 1987 15 2029 14 2129 15 2167 14 2267 15 2328 14 2428 15 2473 14 2573 15 2638 14 2738 15 2792 14 2892 15 2945 14 3045 15 3110 14 3210 15 3267 14 3367 15 3432 14 3532 15 3605 14 3705 15 3785 14 3885 22 4285 2 5285
1775127465 742 6 1 1 1000 100 0 0 -1.00 0.00 0 384 75 2 1 1 0 0 0 0 0 255 42 0 0 20 250 3 256 1 300 16 550 6 664 7 714 14 1464 15 1496 14 1596 15 1619 14 1719 15 1734 14 1834 15 1880 14 1980 15 2025 14 2125 15 2175 14 2275 15 2336 14 2436 15 2493 14 2593 15 2658 14 2758 15 2808 14 2908 15 2988 14 3088 15 3138 14 3238 15 3310 14 3410 15 3506 14 3606 15 3675 14 3775 15 3870 14 3970 22 4370 2 5370
1775127472 743 6 1 1 1000 100 0 0 -1.00 -0.50 0 385 75 2 1 1 0 0 0 0 0 255 58 0 0 20 250 3 256 1 300 16 550 6 609 7 659 14 1409 15 1456 14 1556 15 1598 14 1698 15 1736 14 1836 15 1894 14 1994 15 2016 14 2116 15 2166 14 2266 15 2296 14 2396 15 2408 14 2508 15 2576 14 2676 15 2684 14 2784 15 2822 14 2922 15 2964 14 3064 15 3094 14 3194 15 3259 14 3359 15 3401 14 3501 15 3550 14 3650 15 3719 14 3819 15 3873 14 3973 15 4018 14 4118 15 4160 14 4260 15 4325 14 4425 15 4494 14 4594 15 4651 14 4751 15 4824 14 4924 22 5324 2 6324
1775127479 744 6 1 1 1000 100 0 0 -1.00 -1.00 0 386 75 2 1 1 0 0 0 0 0 255 70 0 0 20 250 3 256 1 300 16 550 6 666 7 716 14 1466 15 1487 14 1587 15 1617 14 1717 15 1736 14 1836 15 1886 14 1986 15 2008 14 2108 15 2146 14 2246 15 2296 14 2396 15 2415 14 2515 15 2564 14 2664 15 2714 14 2814 15 2852 14 2952 15 2982 14 3082 15 3101 14 3201 15 3259 14 3359 15 3408 14 3508 15 3573 14 3673 15 3703 14 3803 15 3822 14 3922 15 3987 14 4087 15 4125 14 4225 15 4267 14 4367 15 4421 14 4521 15 4589 14 4689 15 4750 14 4850 15 4896 14 4996 15 5073 14 5173 15 5222 14 5322 15 5391 14 5491 15 5556 14 5656 15 5732 14 5832 22 6232 2 7232
1775127484 745 6 1 1 1000 100 0 0 -1.00 -0.50 0 387 75 2 1 1 0 0 0 0 0 255 36 0 0 20 250 3 256 1 300 16 550 6 625 7 675 14 1425 15 1465 14 1565 15 1584 14 1684 15 1722 14 1822 15 1875 14 1975 15 2017 14 2117 15 2166 14 2266 15 2316 14 2416 15 2477 14 2577 15 2619 14 2719 15 2769 14 2869 15 2926 14 3026 15 3087 14 3187 15 3233 14 3333 22 3733 2 4733
1775127495 746 6 1 2 1000 100 0 0 -1.00 1.00 0 388 75 2 1 1 0 0 0 0 0 255 9 0 0 20 250 3 256 1 300 16 550 9 849 13 1349 22 9349 2 10349
1775127705 747 6 2 2 1000 100 0 0 1.00 0.00 0 389 75 2 1 1 0 0 0 0 0 255 11 0 0 23 250 24 415 20 465 3 471 1 515 16 765 9 1331 13 1831 22 9831 2 10831
1775132173 748 6 1 3 1000 100 1 0 -1.00 -0.50 0 389 75 2 1 1 0 0 0 0 0 255 8 0 0 23 250 24 425 20 475 3 481 1 525 11 528 2 728
1775132174 749 6 2 3 1000 100 1 0 1.00 -0.50 0 389 75 2 1 1 0 0 0 0 0 255 6 0 0 20 250 3 256 1 300 11 524 2 724
1775132178 750 6 2 1 1000 100 0 0 1.00 0.50 0 390 75 2 1 1 0 0 0 0 0 255 12 0 0 25 22 0 53 20 303 3 309 1 353 16 603 6 775 7 825 14 1575 22 1975 2 2975
1775132770 751 6 2 1 1000 100 0 0 1.00 -0.50 0 391 75 2 1 1 0 0 0 0 0 255 76 0 0 23 250 24 428 20 478 3 484 1 528 16 778 6 788 7 838 14 1588 15 1693 14 1793 15 1804 14 1904 15 1942 14 2042 15 2076 14 2176 15 2195 14 2295 15 2314 14 2414 15 2445 14 2545 15 2567 14 2667 15 2686 14 2786 15 2820 14 2920 15 2951 14 3051 15 3062 14 3162 15 3192 14 3292 15 3307 14 3407 15 3437 14 3537 15 3572 14 3672 15 3710 14 3810 15 3825 14 3925 15 3966 14 4066 15 4093 14 4193 15 4246 14 4346 15 4358 14 4458 15 4484 14 4584 15 4607 14 4707 15 4768 14 4868 15 4917 14 5017 15 5059 14 5159 15 5197 14 5297 15 5343 14 5443 15 5519 14 5619 15 5680 14 5780 15 5864 14 5964 22 6364 2 7364
1775132778 752 6 2 1 1000 100 0 0 1.00 -0.50 0 392 75 2 1 1 0 0 0 0 0 255 70 0 0 20 250 3 256 1 300 16 550 6 655 7 705 14 1455 15 1552 14 1652 15 1663 14 1763 15 1778 14 1878 15 1881 14 1981 15 2012 14 2112 15 2123 14 2223 15 2249 14 2349 15 2376 14 2476 15 2629 14 2729 15 2890 14 2990 15 3127 14 3227 15 3261 14 3361 15 3384 14 3484 15 3499 14 3599 15 3760 14 3860 15 3898 14 3998 15 4044 14 4144 15 4193 14 4293 15 4343 14 4443 15 4485 14 4585 15 4626 14 4726 15 4791 14 4891 15 4987 14 5087 15 5136 14 5236 15 5278 14 5378 15 5385 14 5485 15 5531 14 5631 15 5681 14 5781 15 5857 14 5957 15 6010 14 6110 22 6510 2 7510
1775132779 753 6 1 3 1000 100 1 0 -1.00 0.00 0 392 75 2 1 1 0 0 0 0 0 255 6 0 0 20 250 3 256 1 300 11 517 2 717
1775132781 754 6 2 3 1000 100 1 0 1.00 -0.50 0 392 75 2 1 1 0 0 0 0 0 255 6 0 0 20 250 3 256 1 300 11 540 2 740
1775132786 755 6 1 1 1000 100 0 0 -1.00 0.50 0 393 75 2 1 1 0 0 0 0 0 255 34 0 0 20 250 3 256 1 300 16 550 6 722 7 772 14 1522 15 1646 14 1746 15 1757 14 1857 15 1976 14 2076 15 2133 14 2233 15 2252 14 2352 15 2367 14 2467 15 2501 14 2601 15 2650 14 2750 15 2811 14 2911 15 2953 14 3053 15 3095 14 3195 15 3237 14 3337 22 3737 2 4737
1775132793 756 6 2 1 1000 100 0 0 1.00 1.00 0 394 75 2 1 1 0 0 0 0 0 255 56 0 0 20 250 3 256 1 300 16 550 6 711 7 761 14 1511 15 1585 14 1685 15 1819 14 1919 15 2149 14 2249 15 2260 14 2360 15 2425 14 2525 15 2528 14 2628 15 2655 14 2755 15 2789 14 2889 15 2916 14 3016 15 3050 14 3150 15 3188 14 3288 15 3345 14 3445 15 3483 14 3583 15 3652 14 3752 15 3790 14 3890 15 3905 14 4005 15 4035 14 4135 15 4269 14 4369 15 4422 14 4522 15 4591 14 4691 15 4748 14 4848 15 4917 14 5017 15 5074 14 5174 22 5574 2 6574
1775132794 757 6 1 3 1000 100 1 0 -1.00 -0.50 0 394 75 2 1 1 0 0 0 0 0 255 6 0 0 20 250 3 256 1 300 11 466 2 666
1775132803 758 6 1 1 1000 100 0 0 -1.00 0.00 0 395 75 2 1 1 0 0 0 0 0 255 92 0 0 20 250 3 256 1 300 16 550 6 673 7 723 14 1473 15 1539 14 1639 15 1777 14 1877 15 1888 14 1988 15 2019 14 2119 15 2130 14 2230 15 2402 14 2502 15 2525 14 2625 15 2682 14 2782 15 2793 14 2893 15 2900 14 3000 15 3065 14 3165 15 3200 14 3300 15 3334 14 3434 15 3449 14 3549 15 3671 14 3771 15 3806 14 3906 15 4051 14 4151 15 4154 14 4254 15 4304 14 4404 15 4408 14 4508 15 4515 14 4615 15 4645 14 4745 15 4760 14 4860 15 4921 14 5021 15 5094 14 5194 15 5236 14 5336 15 5382 14 5482 15 5512 14 5612 15 5646 14 5746 15 5869 14 5969 15 6007 14 6107 15 6152 14 6252 15 6298 14 6398 15 6425 14 6525 15 6582 14 6682 15 6731 14 6831 15 6869 14 6969 15 7015 14 7115 15 7176 14 7276 15 7341 14 7441 15 7487 14 7587 22 7987 2 8987
1775132807 759 6 1 1 1000 100 0 0 -1.00 -1.00 0 396 75 2 1 1 0 0 0 0 0 255 12 0 0 20 250 3 256 1 300 16 550 6 620 7 670 14 1420 15 1533 14 1633 22 2033 2 3033
1775132824 760 6 2 2 1000 100 0 0 1.00 -1.00 0 397 75 2 1 1 0 0 0 0 0 255 11 0 0 25 148 0 186 20 436 3 442 1 486 16 736 9 854 13 1354 22 9354 2 10354
1775132827 761 6 2 4 1000 100 0 0 1.00 1.00 1 398 75 2 1 1 0 0 0 0 0 255 9 0 0 20 250 3 256 1 300 16 550 7 702 14 1452 22 1852 2 2852
1775133142 762 6 1 0 1000 100 0 0 -1.00 -1.00 1 398 75 2 1 1 0 0 0 0 0 255 10 0 0 23 250 24 425 20 475 3 481 1 525 16 775 5 1775 8 6775 2 6785
1775133147 763 6 1 1 1000 100 0 0 -1.00 0.00 0 399 75 2 1 1 0 0 0 0 0 255 32 0 0 20 250 3 256 1 300 16 550 6 641 7 691 14 1441 15 1534 14 1634 15 1661 14 1761 15 1791 14 1891 15 2021 14 2121 15 2140 14 2240 15 2286 14 2386 15 2527 14 2627 15 2681 14 2781 15 2826 14 2926 15 2972 14 3072 15 3279 14 3379 22 3779 2 4779
1775133154 764 6 1 1 1000 100 0 0 -1.00 -1.00 0 400 75 2 1 1 0 0 0 0 0 255 76 0 0 20 250 3 256 1 300 16 550 6 615 7 665 14 1415 15 1417 14 1517 15 1532 14 1632 15 1651 14 1751 15 1781 14 1881 15 1900 14 2000 15 2015 14 2115 15 2153 14 2253 15 2256 14 2356 15 2394 14 2494 15 2521 14 2621 15 2682 14 2782 15 2797 14 2897 15 2912 14 3012 15 3050 14 3150 15 3161 14 3261 15 3284 14 3384 15 3418 14 3518 15 3556 14 3656 15 3690 14 3790 15 3832 14 3932 15 3985 14 4085 15 4131 14 4231 15 4254 14 4354 15 4388 14 4488 15 4530 14 4630 15 4676 14 4776 15 4833 14 4933 15 4982 14 5082 15 5143 14 5243 15 5281 14 5381 15 5446 14 5546 15 5619 14 5719 15 5784 14 5884 22 6284 2 7284
1775133165 765 6 2 2 1000 100 0 0 1.00 0.00 0 401 75 2 1 1 0 0 0 0 0 255 9 0 0 20 250 3 256 1 300 16 550 9 714 13 1214 22 9214 2 10214
1775133172 766 6 1 1 1000 100 0 0 -1.00 0.50 0 402 75 2 1 1 0 0 0 0 0 255 58 0 0 20 250 3 256 1 300 16 550 6 631 7 681 14 1431 15 1540 14 1640 15 1682 14 1782 15 1824 14 1924 15 1965 14 2065 15 2084 14 2184 15 2211 14 2311 15 2322 14 2422 15 2475 14 2575 15 2587 14 2687 15 2752 14 2852 15 2874 14 2974 15 2997 14 3097 15 3124 14 3224 15 3277 14 3377 15 3411 14 3511 15 3522 14 3622 15 3657 14 3757 15 3818 14 3918 15 3956 14 4056 15 4101 14 4201 15 4266 14 4366 15 4420 14 4520 15 4569 14 4669 15 4761 14 4861 22 5261 2 6261
1775133183 767 6 1 2 1000 100 0 0 -1.00 1.00 0 403 74 2 1 1 0 0 0 0 0 255 9 0 0 20 250 3 256 1 300 16 550 9 657 13 1157 22 9157 2 10157
1775133189 768 6 2 1 1000 100 0 0 1.00 1.00 0 404 75 2 1 1 0 0 0 0 0 255 42 0 0 20 250 3 256 1 300 16 550 6 669 7 719 14 1469 15 1586 14 1686 15 1708 14 1808 15 1820 14 1920 15 1927 14 2027 15 2046 14 2146 15 2188 14 2288 15 2303 14 2403 15 2441 14 2541 15 2598 14 2698 15 2744 14 2844 15 2886 14 2986 15 3047 14 3147 15 3212 14 3312 15 3373 14 3473 15 3564 14 3664 15 3722 14 3822 22 4222 2 5222
1775133198 769 6 2 1 1000 100 0 0 1.00 1.00 0 405 75 2 1 1 0 0 0 0 0 255 88 0 0 20 250 3 256 1 300 16 550 6 615 7 665 14 1415 15 1535 14 1635 15 1670 14 1770 15 1792 14 1892 15 1900 14 2000 15 2015 14 2115 15 2153 14 2253 15 2256 14 2356 15 2394 14 2494 15 2540 14 2640 15 2674 14 2774 15 2785 14 2885 15 2897 14 2997 15 3046 14 3146 15 3188 14 3288 15 3338 14 3438 15 3453 14 3553 15 3568 14 3668 15 3725 14 3825 15 3871 14 3971 15 3997 14 4097 15 4147 14 4247 15 4296 14 4396 15 4442 14 4542 15 4584 14 4684 15 4741 14 4841 15 4906 14 5006 15 5071 14 5171 15 5228 14 5328 15 5397 14 5497 15 5562 14 5662 15 5715 14 5815 15 5861 14 5961 15 6026 14 6126 15 6187 14 6287 15 6378 14 6478 15 6535 14 6635 15 6677 14 6777 15 6858 14 6958 15 7038 14 7138 22 7538 2 8538
1775133205 770 6 2 1 1000 100 0 0 1.00 0.50 0 406 75 2 1 1 0 0 0 0 0 255 60 0 0 20 250 3 256 1 300 16 550 6 656 7 706 14 1456 15 1561 14 1661 15 1688 14 1788 15 1818 14 1918 15 1937 14 2037 15 2063 14 2163 15 2178 14 2278 15 2328 14 2428 15 2466 14 2566 15 2604 14 2704 15 2757 14 2857 15 2934 14 3034 15 3068 14 3168 15 3225 14 3325 15 3406 14 3506 15 3563 14 3663 15 3720 14 3820 15 3885 14 3985 15 4061 14 4161 15 4222 14 4322 15 4395 14 4495 15 4545 14 4645 15 4736 14 4836 15 4905 14 5005 15 5085 14 5185 15 5258 14 5358 22 5758 2 6758
1775133212 771 6 1 1 1000 100 0 0 -1.00 0.00 0 407 75 2 1 1 0 0 0 0 0 255 64 0 0 20 250 3 256 1 300 16 550 6 605 7 655 14 1405 15 1437 14 1537 15 1564 14 1664 15 1702 14 1802 15 1805 14 1905 15 1966 14 2066 15 2077 14 2177 15 2235 14 2335 15 2357 14 2457 15 2503 14 2603 15 2630 14 2730 15 2890 14 2990 15 3028 14 3128 15 3186 14 3286 15 3347 14 3447 15 3485 14 3585 15 3646 14 3746 15 3807 14 3907 15 3979 14 4079 15 4140 14 4240 15 4251 14 4351 15 4390 14 4490 15 4531 14 4631 15 4692 14 4792 15 4877 14 4977 15 5084 14 5184 15 5283 14 5383 15 5490 14 5590 22 5990 2 6990
1775133221 772 6 1 1 1000 100 0 0 -1.00 -0.50 0 408 75 2 1 1 0 0 0 0 0 255 78 0 0 20 250 3 256 1 300 16 550 6 682 7 732 14 1482 15 1503 14 1603 15 1710 14 1810 15 1837 14 1937 15 1971 14 2071 15 2090 14 2190 15 2350 14 2450 15 2485 14 2585 15 2634 14 2734 15 2837 14 2937 15 2999 14 3099 15 3125 14 3225 15 3298 14 3398 15 3436 14 3536 15 3589 14 3689 15 3731 14 3831 15 3896 14 3996 15 4053 14 4153 15 4206 14 4306 15 4486 14 4586 15 4590 14 4690 15 4736 14 4836 15 4866 14 4966 15 5012 14 5112 15 5165 14 5265 15 5319 14 5419 15 5483 14 5583 15 5637 14 5737 15 5802 14 5902 15 5959 14 6059 15 6120 14 6220 15 6296 14 6396 15 6423 14 6523 15 6630 14 6730 15 6822 14 6922 22 7322 2 8322
1775133228 773 6 1 1 1000 100 0 0 -1.00 0.00 0 409 75 2 1 1 0 0 0 0 0 255 66 0 0 20 250 3 256 1 300 16 550 6 636 7 686 14 1436 15 1460 14 1560 15 1602 14 1702 15 1713 14 1813 15 1840 14 1940 15 1974 14 2074 15 2105 14 2205 15 2227 14 2327 15 2400 14 2500 15 2550 14 2650 15 2734 14 2834 15 2887 14 2987 15 3048 14 3148 15 3205 14 3305 15 3343 14 3443 15 3504 14 3604 15 3677 14 3777 15 3815 14 3915 15 3945 14 4045 15 4091 14 4191 15 4252 14 4352 15 4410 14 4510 15 4574 14 4674 15 4766 14 4866 15 4931 14 5031 15 5042 14 5142 15 5318 14 5418 15 5472 14 5572 15 5671 14 5771 22 6171 2 7171
1775133237 774 6 1 1 1000 100 0 0 -1.00 0.00 0 410 75 2 1 1 0 0 0 0 0 255 54 0 0 20 250 3 256 1 300 16 550 6 652 7 702 14 1452 15 1458 14 1558 15 1565 14 1665 15 1684 14 1784 15 1807 14 1907 15 1941 14 2041 15 2079 14 2179 15 2202 14 2302 15 2482 14 2582 15 2604 14 2704 15 2754 14 2854 15 2880 14 2980 15 3015 14 3115 15 3164 14 3264 15 3306 14 3406 15 3448 14 3548 15 3578 14 3678 15 3728 14 3828 15 3881 14 3981 15 4035 14 4135 15 4196 14 4296 15 4342 14 4442 15 4495 14 4595 22 4995 2 5995
1775133241 775 6 2 1 1000 100 0 0 1.00 0.50 0 411 75 2 1 1 0 0 0 0 0 255 16 0 0 20 250 3 256 1 300 16 550 6 741 7 791 14 1541 15 1638 14 1738 15 1803 14 1903 15 1957 14 2057 22 2457 2 3457
1775133252 776 6 2 2 1000 100 0 0 1.00 -0.50 0 412 75 2 1 1 0 0 0 0 0 255 9 0 0 20 250 3 256 1 300 16 550 9 1045 13 1545 22 9545 2 10545
1775133263 777 6 2 2 1000 100 0 0 1.00 -1.00 0 413 75 2 1 1 0 0 0 0 0 255 9 0 0 20 250 3 256 1 300 16 550 9 687 13 1187 22 9187 2 10187
1775133637 778 6 2 1 1000 100 0 0 1.00 -1.00 0 414 75 2 1 1 0 0 0 0 0 255 90 0 0 23 250 24 413 20 463 3 469 1 513 16 763 6 1038 7 1088 14 1838 15 1939 14 2039 15 2054 14 2154 15 2188 14 2288 15 2338 14 2438 15 2441 14 2541 15 2564 14 2664 15 2783 14 2883 15 2894 14 2994 15 3147 14 3247 15 3269 14 3369 15 3404 14 3504 15 3522 14 3622 15 3649 14 3749 15 3764 14 3864 15 3879 14 3979 15 4009 14 4109 15 4117 14 4217 15 4259 14 4359 15 4370 14 4470 15 4481 14 4581 15 4596 14 4696 15 4711 14 4811 15 4819 14 4919 15 4922 14 5022 15 5033 14 5133 15 5160 14 5260 15 5302 14 5402 15 5440 14 5540 15 5585 14 5685 15 5735 14 5835 15 5900 14 6000 15 6026 14 6126 15 6180 14 6280 15 6349 14 6449 15 6487 14 6587 15 6609 14 6709 15 6751 14 6851 15 6901 14 7001 15 7096 14 7196 22 7596 2 8596
1775133645 779 6 1 1 1000 100 0 0 -1.00 0.50 0 415 75 2 1 1 0 0 0 0 0 255 72 0 0 25 187 0 405 20 655 3 661 1 705 16 955 6 1129 7 1179 14 1929 15 2019 14 2119 15 2130 14 2230 15 2253 14 2353 15 2498 14 2598 15 2606 14 2706 15 2736 14 2836 15 2847 14 2947 15 3097 14 3197 15 3223 14 3323 15 3357 14 3457 15 3472 14 3572 15 3587 14 3687 15 3722 14 3822 15 3982 14 4082 15 4105 14 4205 15 4235 14 4335 15 4339 14 4439 15 4462 14 4562 15 4596 14 4696 15 4726 14 4826 15 4864 14 4964 15 5021 14 5121 15 5152 14 5252 15 5290 14 5390 15 5413 14 5513 15 5547 14 5647 15 5681 14 5781 15 5834 14 5934 15 5988 14 6088 15 6095 14 6195 22 6595 2 7595
1775133654 780 6 2 1 1000 100 0 0 1.00 0.50 0 416 75 2 1 1 0 0 0 0 0 255 28 0 0 20 250 3 256 1 300 16 550 6 699 7 749 14 1499 15 1604 14 1704 15 1727 14 1827 15 1831 14 1931 15 1957 14 2057 15 2088 14 2188 15 2249 14 2349 15 2395 14 2495 15 2533 14 2633 15 2728 14 2828 22 3228 2 4228
1775133662 781 6 1 0 1000 100 0 0 -1.00 -1.00 1 416 75 2 1 1 0 0 0 0 0 255 8 0 0 20 250 3 256 1 300 16 550 5 1550 8 6550 2 6560
1775133672 782 6 1 1 1000 100 0 0 -1.00 1.00 0 417 75 2 1 1 0 0 0 0 0 255 54 0 0 20 250 3 256 1 300 16 550 6 621 7 671 14 1421 15 1526 14 1626 15 1637 14 1737 15 1756 14 1856 15 1867 14 1967 15 1971 14 2071 15 2105 14 2205 15 2327 14 2427 15 2465 14 2565 15 2576 14 2676 15 2703 14 2803 15 2853 14 2953 15 2979 14 3079 15 3125 14 3225 15 3278 14 3378 15 3382 14 3482 15 3531 14 3631 15 3677 14 3777 15 3823 14 3923 15 3988 14 4088 15 4130 14 4230 15 4287 14 4387 15 4490 14 4590 22 4990 2 5990
1775133704 783 6 1 3 1000 100 1 0 -1.00 -1.00 0 417 75 2 1 1 0 0 0 0 0 255 8 0 0 23 250 24 455 20 505 3 511 1 555 11 804 2 1004
1775133710 784 6 2 1 1000 100 0 0 1.00 -1.00 0 418 75 2 1 1 0 0 0 0 0 255 16 0 0 25 214 0 2040 20 2290 3 2296 1 2340 16 2590 6 2733 7 2783 14 3533 15 3638 14 3738 15 3796 14 3896 22 4296 2 5296
1775133733 785 6 1 1 1000 100 0 0 -1.00 0.50 0 419 75 2 1 1 0 0 0 0 0 255 62 0 0 25 124 0 207 20 457 3 463 1 507 16 757 6 815 7 865 14 1615 15 1704 14 1804 15 1827 14 1927 15 1946 14 2046 15 2069 14 2169 15 2187 14 2287 15 2325 14 2425 15 2475 14 2575 15 2602 14 2702 15 2713 14 2813 15 2858 14 2958 15 3131 14 3231 15 3246 14 3346 15 3411 14 3511 15 3668 14 3768 15 3825 14 3925 15 3982 14 4082 15 4139 14 4239 15 4297 14 4397 15 4469 14 4569 15 4600 14 4700 15 4745 14 4845 15 4899 14 4999 15 5048 14 5148 15 5217 14 5317 15 5413 14 5513 22 5913 2 6913
1775133739 786 6 1 1 1000 100 0 0 -1.00 -1.00 0 420 75 2 1 1 0 0 0 0 0 255 34 0 0 20 250 3 256 1 300 16 550 6 601 7 651 14 1401 15 1533 14 1633 15 1686 14 1786 15 1836 14 1936 15 1993 14 2093 15 2131 14 2231 15 2273 14 2373 15 2430 14 2530 15 2565 14 2665 15 2703 14 2803 15 2849 14 2949 15 3013 14 3113 15 3224 14 3324 22 3724 2 4724
1775133748 787 6 1 1 1000 100 0 0 -1.00 0.50 0 421 75 2 1 1 0 0 0 0 0 255 94 0 0 20 250 3 256 1 300 16 550 6 687 7 737 14 1487 15 1499 14 1599 15 1615 14 1715 15 1745 14 1845 15 1868 14 1968 15 2002 14 2102 15 2105 14 2205 15 2232 14 2332 15 2370 14 2470 15 2516 14 2616 15 2635 14 2735 15 2872 14 2972 15 3003 14 3103 15 3160 14 3260 15 3267 14 3367 15 3417 14 3517 15 3524 14 3624 15 3685 14 3785 15 3797 14 3897 15 4084 14 4184 15 4322 14 4422 15 4441 14 4541 15 4598 14 4698 15 4709 14 4809 15 4970 14 5070 15 5085 14 5185 15 5223 14 5323 15 5361 14 5461 15 5484 14 5584 15 5626 14 5726 15 5779 14 5879 15 5925 14 6025 15 6074 14 6174 15 6190 14 6290 15 6331 14 6431 15 6477 14 6577 15 6631 14 6731 15 6784 14 6884 15 6953 14 7053 15 7118 14 7218 15 7279 14 7379 15 7467 14 7567 15 7608 14 7708 22 8108 2 9108
1775133757 788 6 1 1 1000 100 0 0 -1.00 0.00 0 422 75 2 1 1 0 0 0 0 0 255 78 0 0 20 250 3 256 1 300 16 550 6 658 7 708 14 1458 15 1563 14 1663 15 1690 14 1790 15 1843 14 1943 15 1974 14 2074 15 2081 14 2181 15 2227 14 2327 15 2361 14 2461 15 2503 14 2603 15 2645 14 2745 15 2779 14 2879 15 2933 14 3033 15 3048 14 3148 15 3170 14 3270 15 3320 14 3420 15 3431 14 3531 15 3573 14 3673 15 3811 14 3911 15 3972 14 4072 15 4106 14 4206 15 4248 14 4348 15 4401 14 4501 15 4582 14 4682 15 4743 14 4843 15 4885 14 4985 15 5042 14 5142 15 5207 14 5307 15 5391 14 5491 15 5529 14 5629 15 5678 14 5778 15 5866 14 5966 15 6001 14 6101 15 6188 14 6288 15 6357 14 6457 15 6534 14 6634 22 7034 2 8034
1775133769 789 6 2 2 1000 100 0 0 1.00 -0.50 0 423 75 2 1 1 0 0 0 0 0 255 9 0 0 20 250 3 256 1 300 16 550 9 758 13 1258 22 9258 2 10258
1775133777 790 6 1 1 1000 100 0 0 -1.00 1.00 0 424 75 2 1 1 0 0 0 0 0 255 60 0 0 20 250 3 256 1 300 16 550 6 767 7 817 14 1567 15 1691 14 1791 15 1818 14 1918 15 1937 14 2037 15 2059 14 2159 15 2316 14 2416 15 2428 14 2528 15 2570 14 2670 15 2700 14 2800 15 3003 14 3103 15 3149 14 3249 15 3287 14 3387 15 3455 14 3555 15 3582 14 3682 15 3778 14 3878 15 3897 14 3997 15 4065 14 4165 15 4230 14 4330 15 4399 14 4499 15 4575 14 4675 15 4763 14 4863 15 4940 14 5040 15 5120 14 5220 15 5327 14 5427 15 5511 14 5611 15 5745 14 5845 22 6245 2 7245
1775133788 791 6 2 2 1000 100 0 0 1.00 -0.50 0 425 75 2 1 1 0 0 0 0 0 255 9 0 0 20 250 3 256 1 300 16 550 9 649 13 1149 22 9149 2 10149
1775133799 792 6 1 2 1000 100 0 0 -1.00 1.00 0 426 75 2 1 1 0 0 0 0 0 255 9 0 0 20 250 3 256 1 300 16 550 9 644 13 1144 22 9144 2 10144
1775134279 793 6 2 1 1000 100 0 0 1.00 1.00 0 427 75 2 1 1 0 0 0 0 0 255 12 0 0 23 250 24 422 20 472 3 478 1 522 16 772 6 824 7 874 14 1624 22 2024 2 3024
1775134288 794 6 1 1 1000 100 0 0 -1.00 -0.50 0 428 75 2 1 1 0 0 0 0 0 255 88 0 0 20 250 3 256 1 300 16 550 6 618 7 668 14 1418 15 1492 14 1592 15 1619 14 1719 15 1734 14 1834 15 1856 14 1956 15 1987 14 2087 15 2113 14 2213 15 2232 14 2332 15 2381 14 2481 15 2615 14 2715 15 2742 14 2842 15 2853 14 2953 15 3006 14 3106 15 3125 14 3225 15 3248 14 3348 15 3401 14 3501 15 3512 14 3612 15 3658 14 3758 15 3773 14 3873 15 3903 14 4003 15 4061 14 4161 15 4176 14 4276 15 4291 14 4391 15 4547 14 4647 15 4655 14 4755 15 4785 14 4885 15 4912 14 5012 15 5073 14 5173 15 5218 14 5318 15 5360 14 5460 15 5494 14 5594 15 5636 14 5736 15 5770 14 5870 15 5931 14 6031 15 6058 14 6158 15 6181 14 6281 15 6307 14 6407 15 6457 14 6557 15 6644 14 6744 15 6790 14 6890 22 7290 2 8290
1775134296 795 6 1 1 1000 100 0 0 -1.00 0.00 0 429 75 2 1 1 0 0 0 0 0 255 96 0 0 20 250 3 256 1 300 16 550 6 681 7 731 14 1481 15 1536 14 1636 15 1647 14 1747 15 1754 14 1854 15 1881 14 1981 15 2007 14 2107 15 2119 14 2219 15 2352 14 2452 15 2490 14 2590 15 2606 14 2706 15 2721 14 2821 15 2836 14 2936 15 2962 14 3062 15 3077 14 3177 15 3188 14 3288 15 3303 14 3403 15 3426 14 3526 15 3583 14 3683 15 3717 14 3817 15 3832 14 3932 15 3944 14 4044 15 4089 14 4189 15 4223 14 4323 15 4365 14 4465 15 4469 14 4569 15 4595 14 4695 15 4753 14 4853 15 4891 14 4991 15 5040 14 5140 15 5163 14 5263 15 5297 14 5397 15 5439 14 5539 15 5577 14 5677 15 5711 14 5811 15 5849 14 5949 15 5987 14 6087 15 6156 14 6256 15 6317 14 6417 15 6463 14 6563 15 6578 14 6678 15 6689 14 6789 15 6811 14 6911 15 6938 14 7038 15 7107 14 7207 22 7607 2 8607
1775134303 796 6 2 1 1000 100 0 0 1.00 0.50 0 430 75 2 1 1 0 0 0 0 0 255 58 0 0 20 250 3 256 1 300 16 550 6 916 7 966 14 1716 15 1775 14 1875 15 1897 14 1997 15 2020 14 2120 15 2277 14 2377 15 2423 14 2523 15 2541 14 2641 15 2676 14 2776 15 2787 14 2887 15 2909 14 3009 15 3024 14 3124 15 3128 14 3228 15 3262 14 3362 15 3377 14 3477 15 3492 14 3592 15 3741 14 3841 15 3883 14 3983 15 4013 14 4113 15 4155 14 4255 15 4297 14 4397 15 4439 14 4539 15 4608 14 4708 15 4765 14 4865 15 4930 14 5030 15 5083 14 5183 22 5583 2 6583
1775134314 797 6 2 2 1000 100 0 0 1.00 0.50 0 431 75 2 1 1 0 0 0 0 0 255 9 0 0 20 250 3 256 1 300 16 550 9 1075 13 1575 22 9575 2 10575
1775134327 798 6 1 2 1000 100 0 0 -1.00 1.00 0 432 75 2 1 1 0 0 0 0 0 255 9 0 0 20 250 3 256 1 300 16 550 9 840 13 1340 22 9340 2 10340
1775134586 799 6 2 1 1000 100 0 0 1.00 0.50 0 433 75 2 1 1 0 0 0 0 0 255 152 0 0 23 250 24 433 20 483 3 489 1 533 16 783 6 893 7 943 14 1693 15 1786 14 1886 15 1916 14 2016 15 2051 14 2151 15 2177 14 2277 15 2315 14 2415 15 2461 14 2561 15 2591 14 2691 15 2721 14 2821 15 2875 14 2975 15 2994 14 3094 15 3128 14 3228 15 3251 14 3351 15 3377 14 3477 15 3507 14 3607 15 3642 14 3742 15 3806 14 3906 15 3933 14 4033 15 4075 14 4175 15 4209 14 4309 15 4351 14 4451 15 4485 14 4585 15 4631 14 4731 15 4780 14 4880 15 4911 14 5011 15 5045 14 5145 15 5167 14 5267 15 5325 14 5425 15 5436 14 5536 15 5585 14 5685 15 5712 14 5812 15 5850 14 5950 15 5999 14 6099 15 6118 14 6218 15 6260 14 6360 15 6364 14 6464 15 6509 14 6609 15 6624 14 6724 15 6778 14 6878 15 6900 14 7000 15 7035 14 7135 15 7184 14 7284 15 7349 14 7449 15 7487 14 7587 15 7621 14 7721 15 7748 14 7848 15 7886 14 7986 15 8047 14 8147 15 8173 14 8273 15 8311 14 8411 15 8469 14 8569 15 8607 14 8707 15 8760 14 8860 15 8910 14 9010 15 9090 14 9190 15 9239 14 9339 15 9377 14 9477 15 9523 14 9623 15 9630 14 9730 15 9742 14 9842 15 9876 14 9976 15 10037 14 10137 15 10232 14 10332 15 10370 14 10470 15 10539 14 10639 15 10711 14 10811 15 10884 14 10984 15 11037 14 11137 15 11160 14 11260 15 11287 14 11387 15 11455 14 11555 22 11955 2 12955 26 12960
1775134589 800 6 2 1 1000 100 0 0 1.00 1.00 0 434 75 2 1 1 0 0 0 0 0 255 12 0 0 20 250 3 256 1 300 16 550 6 641 7 691 14 1441 15 1446 14 1546 22 1946 2 2946
1775134596 801 6 2 1 1000 100 0 0 1.00 -1.00 0 435 75 2 1 1 0 0 0 0 0 255 62 0 0 20 250 3 256 1 300 16 550 6 753 7 803 14 1553 15 1619 14 1719 15 1738 14 1838 15 1888 14 1988 15 2026 14 2126 15 2141 14 2241 15 2290 14 2390 15 2401 14 2501 15 2524 14 2624 15 2685 14 2785 15 2793 14 2893 15 2923 14 3023 15 3084 14 3184 15 3191 14 3291 15 3341 14 3441 15 3475 14 3575 15 3617 14 3717 15 3801 14 3901 15 3973 14 4073 15 4127 14 4227 15 4295 14 4395 15 4476 14 4576 15 4648 14 4748 15 4798 14 4898 15 4943 14 5043 15 5120 14 5220 15 5511 14 5611 22 6011 2 7011
1775134601 802 6 1 1 1000 100 0 0 -1.00 -0.50 0 436 75 2 1 1 0 0 0 0 0 255 40 0 0 20 250 3 256 1 300 16 550 6 747 7 797 14 1547 15 1595 14 1695 15 1702 14 1802 15 1867 14 1967 15 1978 14 2078 15 2154 14 2254 15 2300 14 2400 15 2457 14 2557 15 2618 14 2718 15 2783 14 2883 15 2967 14 3067 15 3128 14 3228 15 3282 14 3382 15 3424 14 3524 15 3592 14 3692 15 3784 14 3884 22 4284 2 5284
1775134609 803 6 1 1 1000 100 0 0 -1.00 0.50 0 437 75 2 1 1 0 0 0 0 0 255 50 0 0 20 250 3 256 1 300 16 550 6 611 7 661 14 1411 15 1486 14 1586 15 1604 14 1704 15 1777 14 1877 15 1903 14 2003 15 2057 14 2157 15 2210 14 2310 15 2360 14 2460 15 2532 14 2632 15 2663 14 2763 15 2939 14 3039 15 3188 14 3288 15 3330 14 3430 15 3452 14 3552 15 3636 14 3736 15 3774 14 3874 15 3943 14 4043 15 4112 14 4212 15 4338 14 4438 15 4518 14 4618 15 4875 14 4975 22 5375 2 6375
1775134614 804 6 1 1 1000 100 0 0 -1.00 1.00 0 438 75 2 1 1 0 0 0 0 0 255 32 0 0 20 250 3 256 1 300 16 550 6 714 7 764 14 1514 15 1580 14 1680 15 1726 14 1826 15 1860 14 1960 15 1975 14 2075 15 2125 14 2225 15 2251 14 2351 15 2362 14 2462 15 2535 14 2635 15 2646 14 2746 15 2773 14 2873 15 2922 14 3022 22 3422 2 4422
1775134623 805 6 1 1 1000 100 0 0 -1.00 -1.00 0 439 75 2 1 1 0 0 0 0 0 255 48 0 0 20 250 3 256 1 300 16 550 6 600 7 650 14 1400 15 1421 14 1521 15 1574 14 1674 15 1685 14 1785 15 1858 14 1958 15 1965 14 2065 15 2138 14 2238 15 2257 14 2357 15 2429 14 2529 15 2537 14 2637 15 2724 14 2824 15 2851 14 2951 15 2993 14 3093 15 3127 14 3227 15 3273 14 3373 15 3583 14 3683 15 3733 14 3833 15 3890 14 3990 15 4066 14 4166 15 4254 14 4354 22 4754 2 5754
1775134630 806 6 2 1 1000 100 0 0 1.00 1.00 0 440 75 2 1 1 0 0 0 0 0 255 52 0 0 20 250 3 256 1 300 16 550 6 693 7 743 14 1493 15 1575 14 1675 15 1701 14 1801 15 1831 14 1931 15 1962 14 2062 15 2111 14 2211 15 2238 14 2338 15 2384 14 2484 15 2560 14 2660 15 2733 14 2833 15 2874 14 2974 15 3024 14 3124 15 3200 14 3300 15 3377 14 3477 15 3561 14 3661 15 3733 14 3833 15 3929 14 4029 15 4144 14 4244 15 4312 14 4412 15 4477 14 4577 15 4646 14 4746 15 4822 14 4922 22 5322 2 6322
1775134637 807 6 1 1 1000 100 0 0 -1.00 0.50 0 441 75 2 1 1 0 0 0 0 0 255 52 0 0 20 250 3 256 1 300 16 550 6 632 7 682 14 1432 15 1560 14 1660 15 1683 14 1783 15 1813 14 1913 15 1971 14 2071 15 2109 14 2209 15 2212 14 2312 15 2377 14 2477 15 2496 14 2596 15 2642 14 2742 15 2795 14 2895 15 2937 14 3037 15 3090 14 3190 15 3240 14 3340 15 3527 14 3627 15 3685 14 3785 15 3838 14 3938 15 4007 14 4107 15 4183 14 4283 15 4344 14 4444 15 4532 14 4632 15 4732 14 4832 22 5232 2 6232
1775134648 808 6 2 2 1000 100 0 0 1.00 0.00 0 442 75 2 1 1 0 0 0 0 0 255 9 0 0 20 250 3 256 1 300 16 550 9 676 13 1176 22 9176 2 10176
1775134882 809 6 2 1 1000 100 0 0 1.00 0.50 0 443 75 2 1 1 0 0 0 0 0 255 56 0 0 23 250 24 628 20 678 3 684 1 728 16 978 6 1038 7 1088 14 1838 15 1843 14 1943 15 1978 14 2078 15 2112 14 2212 15 2269 14 2369 15 2430 14 2530 15 2584 14 2684 15 2879 14 2979 15 3028 14 3128 15 3170 14 3270 15 3320 14 3420 15 3454 14 3554 15 3588 14 3688 15 3719 14 3819 15 3857 14 3957 15 4010 14 4110 15 4163 14 4263 15 4317 14 4417 15 4486 14 4586 15 4647 14 4747 15 4800 14 4900 15 4973 14 5073 22 5473 12 5793 22 5893 2 6893
1775134897 810 6 2 2 1000 100 0 0 1.00 0.00 0 444 75 2 1 1 0 0 0 0 0 255 13 0 0 25 127 0 159 25 221 0 481 20 731 3 737 1 781 16 1031 9 1258 13 1758 22 9758 2 10758
1775134904 811 6 2 1 1000 100 0 0 1.00 1.00 0 445 75 2 1 1 0 0 0 0 0 255 50 0 0 20 250 3 256 1 300 16 550 6 658 7 708 14 1458 15 1502 14 1602 15 1643 14 1743 15 1804 14 1904 15 1935 14 2035 15 2092 14 2192 15 2219 14 2319 15 2380 14 2480 15 2548 14 2648 15 2698 14 2798 15 2813 14 2913 15 2986 14 3086 15 3154 14 3254 15 3323 14 3423 15 3503 14 3603 15 3741 14 3841 15 3891 14 3991 15 4055 14 4155 15 4216 14 4316 15 4335 14 4435 15 4508 14 4608 22 5008 2 6008
1775134912 812 6 2 1 1000 100 0 0 1.00 0.50 0 446 75 2 1 1 0 0 0 0 0 255 70 0 0 20 250 3 256 1 300 16 550 6 622 7 672 14 1422 15 1496 14 1596 15 1634 14 1734 15 1784 14 1884 15 1918 14 2018 15 2045 14 2145 15 2206 14 2306 15 2309 14 2409 15 2478 14 2578 15 2597 14 2697 15 2781 14 2881 15 2896 14 2996 15 3064 14 3164 15 3214 14 3314 15 3344 14 3444 15 3490 14 3590 15 3655 14 3755 15 3778 14 3878 15 3931 14 4031 15 4092 14 4192 15 4261 14 4361 15 4414 14 4514 15 4587 14 4687 15 4755 14 4855 15 4916 14 5016 15 5097 14 5197 15 5262 14 5362 15 5415 14 5515 15 5541 14 5641 15 5691 14 5791 15 5894 14 5994 22 6394 2 7394
1775134918 813 6 1 1 1000 100 0 0 -1.00 0.50 0 447 75 2 1 1 0 0 0 0 0 255 40 0 0 25 210 0 226 20 476 3 482 1 526 16 776 6 850 7 900 14 1650 15 1724 14 1824 15 1847 14 1947 15 2004 14 2104 15 2177 14 2277 15 2345 14 2445 15 2510 14 2610 15 2683 14 2783 15 2848 14 2948 15 3035 14 3135 15 3197 14 3297 15 3396 14 3496 15 3542 14 3642 15 3722 14 3822 15 3906 14 4006 22 4406 2 5406
1775134925 814 6 1 1 1000 100 0 0 -1.00 -1.00 0 448 75 2 1 1 0 0 0 0 0 255 56 0 0 20 250 3 256 1 300 16 550 6 702 7 752 14 1502 15 1572 14 1672 15 1703 14 1803 15 1856 14 1956 15 2013 14 2113 15 2174 14 2274 15 2301 14 2401 15 2466 14 2566 15 2589 14 2689 15 2765 14 2865 15 2911 14 3011 15 3072 14 3172 15 3233 14 3333 15 3382 14 3482 15 3528 14 3628 15 3689 14 3789 15 3839 14 3939 15 3992 14 4092 15 4134 14 4234 15 4306 14 4406 15 4486 14 4586 15 4674 14 4774 15 4851 14 4951 15 5016 14 5116 22 5516 2 6516
1775134930 815 6 2 1 1000 100 0 0 1.00 1.00 0 449 75 2 1 1 0 0 0 0 0 255 38 0 0 20 250 3 256 1 300 16 550 6 642 7 692 14 1442 15 1627 14 1727 15 1765 14 1865 15 1888 14 1988 15 2049 14 2149 15 2191 14 2291 15 2317 14 2417 15 2463 14 2563 15 2632 14 2732 15 2781 14 2881 15 2977 14 3077 15 3123 14 3223 15 3280 14 3380 15 3456 14 3556 15 3644 14 3744 22 4144 2 5144
1775134937 816 6 2 1 1000 100 0 0 1.00 -0.50 0 450 75 2 1 1 0 0 0 0 0 255 58 0 0 20 250 3 256 1 300 16 550 6 576 7 626 14 1376 15 1420 14 1520 15 1566 14 1666 15 1708 14 1808 15 1838 14 1938 15 1976 14 2076 15 2106 14 2206 15 2241 14 2341 15 2386 14 2486 15 2544 14 2644 15 2670 14 2770 15 2824 14 2924 15 2943 14 3043 15 3088 14 3188 15 3238 14 3338 15 3414 14 3514 15 3598 14 3698 15 3748 14 3848 15 3894 14 3994 15 4047 14 4147 15 4227 14 4327 15 4404 14 4504 15 4576 14 4676 15 4761 14 4861 15 4991 14 5091 22 5491 2 6491
1775134943 817 6 1 1 1000 100 0 0 -1.00 -1.00 0 451 75 2 1 1 0 0 0 0 0 255 42 0 0 20 250 3 256 1 300 16 550 6 634 7 684 14 1434 15 1535 14 1635 15 1673 14 1773 15 1811 14 1911 15 1968 14 2068 15 2133 14 2233 15 2294 14 2394 15 2467 14 2567 15 2628 14 2728 15 2820 14 2920 15 2985 14 3085 15 3138 14 3238 15 3426 14 3526 15 3598 14 3698 15 3771 14 3871 15 3982 14 4082 15 4101 14 4201 22 4601 2 5601
1775134954 818 6 2 2 1000 100 0 0 1.00 -1.00 0 452 75 2 1 1 0 0 0 0 0 255 9 0 0 20 250 3 256 1 300 16 550 9 776 13 1276 22 9276 2 10276
1775134965 819 6 2 2 1000 100 0 0 1.00 0.00 0 453 75 2 1 1 0 0 0 0 0 255 9 0 0 20 250 3 256 1 300 16 550 9 785 13 1285 22 9285 2 10285
1775134996 820 6 1 1 1000 100 0 0 -1.00 0.50 0 454 75 2 1 1 0 0 0 0 0 255 132 0 0 20 250 3 256 1 300 16 550 6 788 7 838 14 1588 15 1689 14 1789 15 1824 14 1924 15 1962 14 2062 15 2245 14 2345 15 2387 14 2487 15 2537 14 2637 15 2686 14 2786 15 2824 14 2924 15 2997 14 3097 15 3146 14 3246 15 3304 14 3404 15 3419 14 3519 15 3587 14 3687 15 3695 14 3795 15 3863 14 3963 15 3982 14 4082 15 4155 14 4255 15 4297 14 4397 15 4615 14 4715 15 4937 14 5037 15 5071 14 5171 15 5228 14 5328 15 5359 14 5459 15 5658 14 5758 15 5781 14 5881 15 5919 14 6019 15 6091 14 6191 15 6252 14 6352 15 6413 14 6513 15 6536 14 6636 15 6697 14 6797 15 6843 14 6943 15 6958 14 7058 15 7115 14 7215 15 7430 14 7530 15 7549 14 7649 15 7671 14 7771 15 7836 14 7936 15 7940 14 8040 15 8089 14 8189 15 8224 14 8324 15 8381 14 8481 15 8492 14 8592 15 8653 14 8753 15 8768 14 8868 15 8937 14 9037 15 9086 14 9186 15 9267 14 9367 15 9412 14 9512 15 9589 14 9689 15 9727 14 9827 15 9896 14 9996 15 10030 14 10130 15 10187 14 10287 15 10352 14 10452 15 10513 14 10613 15 10686 14 10786 15 10866 14 10966 15 11019 14 11119 15 11196 14 11296 15 11364 14 11464 22 11864 2 12864
1775135001 821 6 1 1 1000 100 0 0 -1.00 0.50 0 455 75 2 1 1 0 0 0 0 0 255 32 0 0 20 250 3 256 1 300 16 550 6 674 7 724 14 1474 15 1533 14 1633 15 1652 14 1752 15 1832 14 1932 15 1986 14 2086 15 2093 14 2193 15 2281 14 2381 15 2419 14 2519 15 2599 14 2699 15 2764 14 2864 15 2956 14 3056 15 3147 14 3247 22 3647 2 4647
1775135007 822 6 2 1 1000 100 0 0 1.00 0.50 0 456 75 2 1 1 0 0 0 0 0 255 50 0 0 20 250 3 256 1 300 16 550 6 619 7 669 14 1419 15 1497 14 1597 15 1635 14 1735 15 1762 14 1862 15 1900 14 2000 15 2057 14 2157 15 2218 14 2318 15 2383 14 2483 15 2552 14 2652 15 2697 14 2797 15 2828 14 2928 15 3004 14 3104 15 3188 14 3288 15 3368 14 3468 15 3541 14 3641 15 3733 14 3833 15 3898 14 3998 15 4066 14 4166 15 4243 14 4343 15 4423 14 4523 15 4634 14 4734 22 5134 2 6134
1775135014 823 6 2 1 1000 100 0 0 1.00 0.50 0 457 75 2 1 1 0 0 0 0 0 255 56 0 0 20 250 3 256 1 300 16 550 6 611 7 661 14 1411 15 1505 14 1605 15 1666 14 1766 15 1811 14 1911 15 1957 14 2057 15 2072 14 2172 15 2222 14 2322 15 2356 14 2456 15 2498 14 2598 15 2663 14 2763 15 2816 14 2916 15 2992 14 3092 15 3169 14 3269 15 3345 14 3445 15 3491 14 3591 15 3640 14 3740 15 3798 14 3898 15 3966 14 4066 15 4154 14 4254 15 4311 14 4411 15 4480 14 4580 15 4664 14 4764 15 4848 14 4948 15 5055 14 5155 22 5555 2 6555
1775135019 824 6 1 1 1000 100 0 0 -1.00 -0.50 0 458 75 2 1 1 0 0 0 0 0 255 36 0 0 25 59 0 266 20 516 3 522 1 566 16 816 6 972 7 1022 14 1772 15 1862 14 1962 15 2004 14 2104 15 2169 14 2269 15 2315 14 2415 15 2480 14 2580 15 2637 14 2737 15 2802 14 2902 15 2951 14 3051 15 3131 14 3231 15 3308 14 3408 15 3503 14 3603 15 3607 14 3707 22 4107 2 5107
1775135025 825 6 1 1 1000 100 0 0 -1.00 0.00 0 459 75 2 1 1 0 0 0 0 0 255 46 0 0 20 250 3 256 1 300 16 550 6 646 7 696 14 1446 15 1563 14 1663 15 1705 14 1805 15 1966 14 2066 15 2107 14 2207 15 2234 14 2334 15 2387 14 2487 15 2548 14 2648 15 2713 14 2813 15 2886 14 2986 15 3066 14 3166 15 3223 14 3323 15 3377 14 3477 15 3515 14 3615 15 3683 14 3783 15 3837 14 3937 15 4002 14 4102 15 4182 14 4282 15 4343 14 4443 22 4843 2 5843
1775135031 826 6 1 1 1000 100 0 0 -1.00 -1.00 0 460 76 2 1 1 0 0 0 0 0 255 30 0 0 20 250 3 256 1 300 16 550 6 639 7 689 14 1439 15 1536 14 1636 15 1712 14 1812 15 1862 14 1962 15 2000 14 2100 15 2188 14 2288 15 2495 14 2595 15 2671 14 2771 15 2997 14 3097 15 3185 14 3285 15 3373 14 3473 22 3873 2 4873
1775135036 827 6 1 1 1000 100 0 0 -1.00 1.00 0 461 76 2 1 1 0 0 0 0 0 255 26 0 0 20 250 3 256 1 300 16 550 6 806 7 856 14 1606 15 1704 14 1804 15 1830 14 1930 15 2033 14 2133 15 2191 14 2291 15 2344 14 2444 15 2505 14 2605 15 2724 14 2824 15 2885 14 2985 22 3385 2 4385
1775135043 828 6 2 4 1000 100 0 0 1.00 -0.50 1 462 75 2 1 1 0 0 0 0 0 255 9 0 0 20 250 3 256 1 300 16 550 7 1249 14 1999 22 2399 2 3399
1775135056 829 6 2 1 1000 100 0 0 1.00 0.50 0 463 75 2 1 1 0 0 0 0 0 255 86 0 0 20 250 3 256 1 300 16 550 6 583 7 633 14 1383 15 1415 14 1515 15 1553 14 1653 15 1691 14 1791 15 1829 14 1929 15 1971 14 2071 15 2121 14 2221 15 2259 14 2359 15 2393 14 2493 15 2523 14 2623 15 2700 14 2800 15 2838 14 2938 15 2976 14 3076 15 3099 14 3199 15 3271 14 3371 15 3386 14 3486 15 3505 14 3605 15 3678 14 3778 15 3816 14 3916 15 4046 14 4146 15 4165 14 4265 15 4291 14 4391 15 4456 14 4556 15 4567 14 4667 15 4717 14 4817 15 4870 14 4970 15 5027 14 5127 15 5188 14 5288 15 5353 14 5453 15 5522 14 5622 15 5691 14 5791 15 5867 14 5967 15 6028 14 6128 15 6216 14 6316 15 6392 14 6492 15 6580 14 6680 15 6722 14 6822 15 6910 14 7010 15 7079 14 7179 22 7579 2 8579
1775135062 830 6 1 1 1000 100 0 0 -1.00 -1.00 0 464 75 2 1 1 0 0 0 0 0 255 44 0 0 20 250 3 256 1 300 16 550 6 663 7 713 14 1463 15 1464 14 1564 15 1602 14 1702 15 1729 14 1829 15 1874 14 1974 15 2028 14 2128 15 2162 14 2262 15 2304 14 2404 15 2457 14 2557 15 2633 14 2733 15 2794 14 2894 15 2940 14 3040 15 3113 14 3213 15 3274 14 3374 15 3431 14 3531 15 3596 14 3696 15 3749 14 3849 15 3933 14 4033 22 4433 2 5433
1775135067 831 6 1 1 1000 100 0 0 -1.00 0.50 0 465 76 2 1 1 0 0 0 0 0 255 28 0 0 20 250 3 256 1 300 16 550 6 652 7 702 14 1452 15 1538 14 1638 15 1680 14 1780 15 1845 14 1945 15 2025 14 2125 15 2374 14 2474 15 2481 14 2581 15 2688 14 2788 15 2834 14 2934 15 3026 14 3126 22 3526 2 4526
1775135073 832 6 2 1 1000 100 0 0 1.00 0.50 0 466 76 2 1 1 0 0 0 0 0 255 44 0 0 20 250 3 256 1 300 16 550 6 592 7 642 14 1392 15 1462 14 1562 15 1616 14 1716 15 1754 14 1854 15 1900 14 2000 15 2065 14 2165 15 2237 14 2337 15 2387 14 2487 15 2556 14 2656 15 2724 14 2824 15 2901 14 3001 15 3069 14 3169 15 3230 14 3330 15 3399 14 3499 15 3599 14 3699 15 3756 14 3856 15 3917 14 4017 15 4089 14 4189 22 4589 2 5589
1775135080 833 6 2 1 1000 100 0 0 1.00 1.00 0 467 76 2 1 1 0 0 0 0 0 255 50 0 0 20 250 3 256 1 300 16 550 6 645 7 695 14 1445 15 1538 14 1638 15 1692 14 1792 15 1853 14 1953 15 1987 14 2087 15 2129 14 2229 15 2260 14 2360 15 2405 14 2505 15 2555 14 2655 15 2708 14 2808 15 2885 14 2985 15 3046 14 3146 15 3211 14 3311 15 3372 14 3472 15 3525 14 3625 15 3721 14 3821 15 3901 14 4001 15 4050 14 4150 15 4223 14 4323 15 4434 14 4534 15 4629 14 4729 22 5129 2 6129
1775135087 834 6 1 0 1000 100 0 0 -1.00 -1.00 1 467 76 2 1 1 0 0 0 0 0 255 8 0 0 20 250 3 256 1 300 16 550 5 1550 8 6550 2 6560
1775135100 835 6 2 2 1000 100 0 0 1.00 0.00 0 468 75 2 1 1 0 0 0 0 0 255 9 0 0 20 250 3 256 1 300 16 550 9 564 13 1064 22 9064 2 10064
1775135703 836 6 1 1 1000 100 0 0 -1.00 0.00 0 469 76 2 1 1 0 0 0 0 0 255 52 0 0 23 250 24 437 20 487 3 493 1 537 16 787 6 920 7 970 14 1720 15 1825 14 1925 15 1947 14 2047 15 2074 14 2174 15 2193 14 2293 15 2319 14 2419 15 2423 14 2523 15 2545 14 2645 15 2668 14 2768 15 2791 14 2891 15 3021 14 3121 15 3136 14 3236 15 3247 14 3347 15 3373 14 3473 15 3488 14 3588 15 3611 14 3711 15 3726 14 3826 15 3833 14 3933 15 4113 14 4213 15 4240 14 4340 15 4366 14 4466 22 4866 2 5866
1775135712 837 6 1 1 1000 100 0 0 -1.00 -0.50 0 470 76 2 1 1 0 0 0 0 0 255 36 0 0 20 250 3 256 1 300 16 550 6 587 7 637 14 1387 15 1419 14 1519 15 1541 14 1641 15 1660 14 1760 15 1775 14 1875 15 1902 14 2002 15 2024 14 2124 15 2136 14 2236 15 2369 14 2469 15 2488 14 2588 15 2925 14 3025 15 3052 14 3152 15 3332 14 3432 15 3477 14 3577 22 3977 2 4977
1775135714 838 6 1 3 1000 100 1 0 -1.00 -0.50 0 470 76 2 1 1 0 0 0 0 0 255 6 0 0 20 250 3 256 1 300 11 469 2 669
1775135721 839 6 1 1 1000 100 0 0 -1.00 0.50 0 471 76 2 1 1 0 0 0 0 0 255 56 0 0 25 242 0 742 20 992 3 998 1 1042 16 1292 6 1299 7 1349 14 2099 15 2215 14 2315 15 2334 14 2434 15 2453 14 2553 15 2576 14 2676 15 2698 14 2798 15 2836 14 2936 15 2963 14 3063 15 3093 14 3193 15 3208 14 3308 15 3327 14 3427 15 3450 14 3550 15 3695 14 3795 15 3806 14 3906 15 3933 14 4033 15 4048 14 4148 15 4190 14 4290 15 4316 14 4416 15 4462 14 4562 15 4611 14 4711 15 4742 14 4842 15 4903 14 5003 15 5083 14 5183 22 5583 2 6583
1775135727 840 6 1 1 1000 100 0 0 -1.00 0.00 0 472 76 2 1 1 0 0 0 0 0 255 20 0 0 20 250 3 256 1 300 16 550 6 675 7 725 14 1475 15 1495 14 1595 15 1622 14 1722 15 1771 14 1871 15 1905 14 2005 15 2066 14 2166 22 2566 2 3566
1775135735 841 6 1 1 1000 100 0 0 -1.00 0.50 0 473 76 2 1 1 0 0 0 0 0 255 76 0 0 20 250 3 256 1 300 16 550 6 607 7 657 14 1407 15 1546 14 1646 15 1669 14 1769 15 1799 14 1899 15 1915 14 2015 15 2175 14 2275 15 2286 14 2386 15 2432 14 2532 15 2543 14 2643 15 2708 14 2808 15 2835 14 2935 15 2969 14 3069 15 3107 14 3207 15 3237 14 3337 15 3360 14 3460 15 3467 14 3567 15 3624 14 3724 15 3728 14 3828 15 3896 14 3996 15 4004 14 4104 15 4123 14 4223 15 4379 14 4479 15 4533 14 4633 15 4778 14 4878 15 4886 14 4986 15 5012 14 5112 15 5139 14 5239 15 5269 14 5369 15 5384 14 5484 15 5622 14 5722 15 5760 14 5860 15 5909 14 6009 15 6059 14 6159 15 6197 14 6297 22 6697 2 7697
1775135736 842 6 1 3 1000 100 1 0 -1.00 -0.50 0 473 76 2 1 1 0 0 0 0 0 255 6 0 0 20 250 3 256 1 300 11 501 2 701
1775135743 843 6 2 1 1000 100 0 0 1.00 0.50 0 474 76 2 1 1 0 0 0 0 0 255 62 0 0 20 250 3 256 1 300 16 550 6 577 7 627 14 1377 15 1401 14 1501 15 1516 14 1616 15 1643 14 1743 15 1758 14 1858 15 1896 14 1996 15 2022 14 2122 15 2149 14 2249 15 2268 14 2368 15 2429 14 2529 15 2536 14 2636 15 2666 14 2766 15 2778 14 2878 15 2942 14 3042 15 3165 14 3265 15 3291 14 3391 15 3402 14 3502 15 3533 14 3633 15 3659 14 3759 15 3797 14 3897 15 3924 14 4024 15 4073 14 4173 15 4188 14 4288 15 4338 14 4438 15 4461 14 4561 15 4618 14 4718 15 4821 14 4921 22 5321 2 6321
1775135753 844 6 2 1 1000 100 0 0 1.00 0.50 0 475 76 2 1 1 0 0 0 0 0 255 36 0 0 20 250 3 256 1 300 16 550 6 754 7 804 14 1554 15 1556 14 1656 15 1805 14 1905 15 1920 14 2020 15 2058 14 2158 15 2162 14 2262 15 2303 14 2403 15 2411 14 2511 15 2526 14 2626 15 2687 14 2787 15 2810 14 2910 15 3089 14 3189 15 3254 14 3354 15 3446 14 3546 22 3946 2 4946
1775135755 845 6 2 3 1000 100 1 0 1.00 0.50 0 475 76 2 1 1 0 0 0 0 0 255 6 0 0 20 250 3 256 1 300 11 474 2 674
1775135756 846 6 1 3 1000 100 1 0 -1.00 -1.00 0 475 76 2 1 1 0 0 0 0 0 255 6 0 0 20 250 3 256 1 300 11 520 2 720
1775135757 847 6 2 3 1000 100 1 0 1.00 1.00 0 475 76 2 1 1 0 0 0 0 0 255 6 0 0 20 250 3 256 1 300 11 480 2 680
1775135765 848 6 1 1 1000 100 0 0 -1.00 -1.00 0 476 76 2 1 1 0 0 0 0 0 255 52 0 0 20 250 3 256 1 300 16 550 6 571 7 621 14 1371 15 1518 14 1618 15 1633 14 1733 15 1779 14 1879 15 1917 14 2017 15 2055 14 2155 15 2193 14 2293 15 2339 14 2439 15 2530 14 2630 15 2791 14 2891 15 3140 14 3240 15 3397 14 3497 15 3558 14 3658 15 3669 14 3769 15 3826 14 3926 15 3953 14 4053 15 4091 14 4191 15 4233 14 4333 15 4371 14 4471 15 4811 14 4911 15 4949 14 5049 15 5164 14 5264 22 5664 2 6664
1775135771 849 6 2 1 1000 100 0 0 1.00 1.00 0 477 76 2 1 1 0 0 0 0 0 255 36 0 0 20 250 3 256 1 300 16 550 6 578 7 628 14 1378 15 1429 14 1529 15 1556 14 1656 15 1694 14 1794 15 1832 14 1932 15 1981 14 2081 15 2119 14 2219 15 2265 14 2365 15 2403 14 2503 15 2595 14 2695 15 2729 14 2829 15 2894 14 2994 15 3032 14 3132 15 3197 14 3297 22 3697 2 4697
1775135778 850 6 1 1 1000 100 0 0 -1.00 1.00 0 478 76 2 1 1 0 0 0 0 0 255 14 0 0 20 250 3 256 1 300 16 550 6 599 7 649 14 1399 15 1599 14 1699 15 1730 14 1830 22 2230 2 3230
1775135785 851 6 1 1 1000 100 0 0 -1.00 -1.00 0 479 76 2 1 1 0 0 0 0 0 255 42 0 0 20 250 3 256 1 300 16 550 6 631 7 681 14 1431 15 1436 14 1536 15 1585 14 1685 15 1716 14 1816 15 1850 14 1950 15 1980 14 2080 15 2111 14 2211 15 2229 14 2329 15 2383 14 2483 15 2506 14 2606 15 2659 14 2759 15 2797 14 2897 15 2950 14 3050 15 3119 14 3219 15 3230 14 3330 15 3387 14 3487 15 3571 14 3671 22 4071 2 5071
1775135792 852 6 2 1 1000 100 0 0 1.00 1.00 0 480 76 2 1 1 0 0 0 0 0 255 48 0 0 20 250 3 256 1 300 16 550 6 726 7 776 14 1526 15 1562 14 1662 15 1692 14 1792 15 1819 14 1919 15 1953 14 2053 15 2099 14 2199 15 2233 14 2333 15 2371 14 2471 15 2513 14 2613 15 2659 14 2759 15 2793 14 2893 15 2946 14 3046 15 3096 14 3196 15 3241 14 3341 15 3398 14 3498 15 3579 14 3679 15 3713 14 3813 15 3881 14 3981 15 4081 14 4181 15 4253 14 4353 22 4753 2 5753
1775135802 853 6 2 2 1000 100 0 0 1.00 -1.00 0 481 76 2 1 1 0 0 0 0 0 255 9 0 0 20 250 3 256 1 300 16 550 9 656 13 1156 22 9156 2 10156
1775135811 854 6 2 1 1000 100 0 0 1.00 -0.50 0 482 76 2 1 1 0 0 0 0 0 255 58 0 0 20 250 3 256 1 300 16 550 6 728 7 778 14 1528 15 1598 14 1698 15 1736 14 1836 15 1866 14 1966 15 1993 14 2093 15 2143 14 2243 15 2281 14 2381 15 2430 14 2530 15 2679 14 2779 15 2798 14 2898 15 2948 14 3048 15 3070 14 3170 15 3197 14 3297 15 3358 14 3458 15 3465 14 3565 15 3607 14 3707 15 3745 14 3845 15 3899 14 3999 15 4041 14 4141 15 4190 14 4290 15 4347 14 4447 15 4527 14 4627 15 4688 14 4788 15 4842 14 4942 15 5034 14 5134 22 5534 2 6534
1775135817 855 6 1 1 1000 100 0 0 -1.00 -1.00 0 483 76 2 1 1 0 0 0 0 0 255 42 0 0 20 250 3 256 1 300 16 550 6 610 7 660 14 1410 15 1461 14 1561 15 1683 14 1783 15 1898 14 1998 15 2044 14 2144 15 2197 14 2297 15 2339 14 2439 15 2488 14 2588 15 2623 14 2723 15 2795 14 2895 15 2956 14 3056 15 3071 14 3171 15 3221 14 3321 15 3409 14 3509 15 3547 14 3647 15 3700 14 3800 15 3911 14 4011 22 4411 2 5411
1775135825 856 6 2 1 1000 100 0 0 1.00 0.50 0 484 76 2 1 1 0 0 0 0 0 255 40 0 0 20 250 3 256 1 300 16 550 6 613 7 663 14 1413 15 1422 14 1522 15 1541 14 1641 15 1675 14 1775 15 1814 14 1914 15 1959 14 2059 15 2113 14 2213 15 2400 14 2500 15 2519 14 2619 15 2638 14 2738 15 2776 14 2876 15 2933 14 3033 15 3083 14 3183 15 3294 14 3394 15 3455 14 3555 15 3608 14 3708 22 4108 2 5108
1775135835 857 6 2 1 1000 100 0 0 1.00 0.50 0 485 76 2 1 1 0 0 0 0 0 255 44 0 0 20 250 3 256 1 300 16 550 6 567 7 617 14 1367 15 1399 14 1499 15 1526 14 1626 15 1675 14 1775 15 1813 14 1913 15 1952 14 2052 15 2097 14 2197 15 2243 14 2343 15 2404 14 2504 15 2676 14 2776 15 2799 14 2899 15 2960 14 3060 15 3125 14 3225 15 3328 14 3428 15 3497 14 3597 15 3662 14 3762 15 3872 14 3972 15 4041 14 4141 22 4541 2 5541
1775135837 858 6 1 3 1000 100 1 0 -1.00 1.00 0 485 76 2 1 1 0 0 0 0 0 255 6 0 0 20 250 3 256 1 300 11 544 2 744
1775135842 859 6 1 1 1000 100 0 0 -1.00 0.50 0 486 77 2 1 1 0 0 0 0 0 255 30 0 0 20 250 3 256 1 300 16 550 6 698 7 748 14 1498 15 1553 14 1653 15 1707 14 1807 15 1852 14 1952 15 1998 14 2098 15 2243 14 2343 15 2393 14 2493 15 2542 14 2642 15 2692 14 2792 15 2849 14 2949 15 3060 14 3160 22 3560 2 4560
1775135848 860 6 2 1 1000 100 0 0 1.00 0.50 0 487 77 2 1 1 0 0 0 0 0 255 18 0 0 20 250 3 256 1 300 16 550 6 585 7 635 14 1385 15 1459 14 1559 15 1617 14 1717 15 1739 14 1839 15 1862 14 1962 22 2362 2 3362
1775135854 861 6 2 1 1000 100 0 0 1.00 -1.00 0 488 77 2 1 1 0 0 0 0 0 255 34 0 0 20 250 3 256 1 300 16 550 6 585 7 635 14 1385 15 1451 14 1551 15 1701 14 1801 15 1835 14 1935 15 1961 14 2061 15 2103 14 2203 15 2234 14 2334 15 2356 14 2456 15 2514 14 2614 15 2644 14 2744 15 2793 14 2893 15 2939 14 3039 15 3112 14 3212 22 3612 2 4612
1775135857 862 6 1 3 1000 100 1 0 -1.00 -1.00 0 488 77 2 1 1 0 0 0 0 0 255 6 0 0 20 250 3 256 1 300 11 544 2 744
1775135861 863 6 2 3 1000 100 1 0 1.00 -1.00 0 488 77 2 1 1 0 0 0 0 0 255 6 0 0 20 250 3 256 1 300 11 487 2 687
1775135866 864 6 2 1 1000 100 0 0 1.00 0.00 0 489 77 2 1 1 0 0 0 0 0 255 48 0 0 20 250 3 256 1 300 16 550 6 638 7 688 14 1438 15 1467 14 1567 15 1597 14 1697 15 1712 14 1812 15 1846 14 1946 15 1969 14 2069 15 2111 14 2211 15 2256 14 2356 15 2379 14 2479 15 2513 14 2613 15 2674 14 2774 15 2785 14 2885 15 2950 14 3050 15 3058 14 3158 15 3192 14 3292 15 3326 14 3426 15 3594 14 3694 15 3828 14 3928 15 3974 14 4074 15 4104 14 4204 22 4604 2 5604
1775135875 865 6 1 0 1000 100 0 0 -1.00 -1.00 1 489 77 2 1 1 0 0 0 0 0 255 8 0 0 20 250 3 256 1 300 16 550 5 1550 8 6550 2 6560
1775135882 866 6 2 1 1000 100 0 0 1.00 0.50 0 490 77 2 1 1 0 0 0 0 0 255 16 0 0 20 250 3 256 1 300 16 550 6 585 7 635 14 1385 15 1429 14 1529 15 1575 14 1675 15 1759 14 1859 22 2259 2 3259
1775135893 867 6 1 1 1000 100 0 0 -1.00 -1.00 0 491 77 2 1 1 0 0 0 0 0 255 48 0 0 20 250 3 256 1 300 16 550 6 640 7 690 14 1440 15 1457 14 1557 15 1606 14 1706 15 1733 14 1833 15 2005 14 2105 15 2116 14 2216 15 2281 14 2381 15 2389 14 2489 15 2557 14 2657 15 2665 14 2765 15 2826 14 2926 15 2975 14 3075 15 3106 14 3206 15 3259 14 3359 15 3401 14 3501 15 3527 14 3627 15 3658 14 3758 15 3803 14 3903 15 3915 14 4015 15 4068 14 4168 22 4568 2 5568
1775135899 868 6 1 1 1000 100 0 0 -1.00 0.50 0 492 77 2 1 1 0 0 0 0 0 255 16 0 0 20 250 3 256 1 300 16 550 6 640 7 690 14 1440 15 1576 14 1676 15 1726 14 1826 15 1890 14 1990 22 2390 2 3390
1775135910 869 6 1 2 1000 100 0 0 -1.00 1.00 0 493 77 2 1 1 0 0 0 0 0 255 9 0 0 20 250 3 256 1 300 16 550 9 607 13 1107 22 9107 2 10107
1775136085 870 6 2 1 1000 100 0 0 1.00 0.00 0 494 77 2 1 1 0 0 0 0 0 255 12 0 0 23 250 24 413 20 463 3 469 1 513 16 763 6 881 7 931 14 1681 22 2081 2 3081
1775137650 871 6 2 3 1000 100 1 0 1.00 0.50 0 494 77 2 1 1 0 0 0 0 0 255 8 0 0 23 250 24 418 20 468 3 474 1 518 11 763 2 963
1775137651 872 6 1 3 1000 100 1 0 -1.00 -1.00 0 494 77 2 1 1 0 0 0 0 0 255 6 0 0 20 250 3 256 1 300 11 526 2 726
1775137652 873 6 1 3 1000 100 1 0 -1.00 -0.50 0 494 77 2 1 1 0 0 0 0 0 255 6 0 0 20 250 3 256 1 300 11 538 2 738
1775138138 874 6 1 1 1000 100 0 0 -1.00 -0.50 0 495 77 2 1 1 0 0 0 0 0 255 36 0 0 23 250 24 427 20 477 3 483 1 527 16 777 6 841 7 891 14 1641 15 1757 14 1857 15 1887 14 1987 15 2014 14 2114 15 2144 14 2244 15 2267 14 2367 15 2531 14 2631 15 2662 14 2762 15 2807 14 2907 15 2930 14 3030 15 3083 14 3183 15 3244 14 3344 15 3459 14 3559 22 3959 2 4959
1775138149 875 6 1 0 1000 100 0 0 -1.00 0.00 1 495 77 2 1 1 0 0 0 0 0 255 10 0 0 25 186 0 381 20 631 3 637 1 681 16 931 5 1931 8 6931 2 6941
1775138161 876 6 1 1 1000 100 0 0 -1.00 0.50 0 496 77 2 1 1 0 0 0 0 0 255 42 0 0 20 250 3 256 1 300 16 550 6 613 7 663 14 1413 15 1498 14 1598 15 1633 14 1733 15 1767 14 1867 15 1893 14 1993 15 2020 14 2120 15 2146 14 2246 15 2296 14 2396 15 2399 14 2499 15 2545 14 2645 15 2718 14 2818 15 2840 14 2940 15 3001 14 3101 15 3147 14 3247 15 3300 14 3400 15 3461 14 3561 15 3634 14 3734 22 4134 2 5134
1775138164 877 6 1 3 1000 100 1 0 -1.00 -0.50 0 496 77 2 1 1 0 0 0 0 0 255 6 0 0 20 250 3 256 1 300 11 540 2 740
1775138166 878 6 2 3 1000 100 1 0 1.00 1.00 0 496 77 2 1 1 0 0 0 0 0 255 8 0 0 25 248 0 1024 20 1274 3 1280 1 1324 11 1540 2 1740
1775138173 879 6 1 1 1000 100 0 0 -1.00 -0.50 0 497 77 2 1 1 0 0 0 0 0 255 60 0 0 20 250 3 256 1 300 16 550 6 688 7 738 14 1488 15 1512 14 1612 15 1623 14 1723 15 1753 14 1853 15 1857 14 1957 15 2007 14 2107 15 2125 14 2225 15 2244 14 2344 15 2375 14 2475 15 2505 14 2605 15 2762 14 2862 15 2873 14 2973 15 3003 14 3103 15 3145 14 3245 15 3253 14 3353 15 3421 14 3521 15 3544 14 3644 15 3697 14 3797 15 3847 14 3947 15 4016 14 4116 15 4169 14 4269 15 4311 14 4411 15 4453 14 4553 15 4633 14 4733 15 4805 14 4905 15 5031 14 5131 22 5531 2 6531
1775138185 880 6 1 1 1000 100 0 0 -1.00 1.00 0 498 77 2 1 1 0 0 0 0 0 255 36 0 0 20 250 3 256 1 300 16 550 6 769 7 819 14 1569 15 1689 14 1789 15 1965 14 2065 15 2080 14 2180 15 2241 14 2341 15 2364 14 2464 15 2537 14 2637 15 2663 14 2763 15 2797 14 2897 15 3062 14 3162 15 3200 14 3300 15 3365 14 3465 15 3510 14 3610 15 3687 14 3787 22 4187 2 5187
1775138193 881 6 1 1 1000 100 0 0 -1.00 -1.00 0 499 77 2 1 1 0 0 0 0 0 255 54 0 0 20 250 3 256 1 300 16 550 6 587 7 637 14 1387 15 1396 14 1496 15 1664 14 1764 15 1783 14 1883 15 1936 14 2036 15 2078 14 2178 15 2232 14 2332 15 2385 14 2485 15 2500 14 2600 15 2634 14 2734 15 2776 14 2876 15 2887 14 2987 15 3140 14 3240 15 3301 14 3401 15 3408 14 3508 15 3577 14 3677 15 3696 14 3796 15 3846 14 3946 15 3984 14 4084 15 4137 14 4237 15 4298 14 4398 15 4455 14 4555 15 4635 14 4735 22 5135 2 6135
1775138199 882 6 1 1 1000 100 0 0 -1.00 -0.50 0 500 77 2 1 1 0 0 0 0 0 255 26 0 0 20 250 3 256 1 300 16 550 6 584 7 634 14 1384 15 1405 14 1505 15 1516 14 1616 15 1654 14 1754 15 1788 14 1888 15 1918 14 2018 15 2049 14 2149 15 2202 14 2302 15 2313 14 2413 22 2813 2 3813
1775138211 883 7 2 1 1000 100 0 1 -1.00 1.00 0 1 100 2 1 0 0 0 1 1 0 255 78 0 0 25 138 0 1330 25 1462 0 2458 25 2677 0 3435 25 3619 0 4296 20 4546 3 4552 1 4596 16 4846 6 4975 7 5075 14 5825 15 5891 14 5991 15 5995 14 6095 15 6114 14 6214 15 6255 14 6355 15 6401 14 6501 15 6520 14 6620 15 6662 14 6762 15 6796 14 6896 15 6930 14 7030 15 7065 14 7165 15 7206 14 7306 15 7352 14 7452 15 7471 14 7571 15 7613 14 7713 15 7751 14 7851 15 7897 14 7997 15 8035 14 8135 15 8199 14 8299 15 8357 14 8457 15 8518 14 8618 15 8633 14 8733 15 8774 14 8874 15 8932 14 9032 15 9081 14 9181 15 9330 14 9430 15 9472 14 9572 15 9622 14 9722 15 9783 14 9883 15 9948 14 10048 15 10128 14 10228 22 10628 2 11628
1775138220 884 7 2 1 1000 100 0 1 1.00 1.00 0 2 99 2 1 0 0 0 1 2 0 255 64 0 0 25 171 0 890 25 1042 0 1676 20 1926 3 1932 1 1976 16 2226 6 2303 7 2403 14 3153 15 3258 14 3358 15 3381 14 3481 15 3526 14 3626 15 3680 14 3780 15 3814 14 3914 15 3963 14 4063 15 4101 14 4201 15 4247 14 4347 15 4400 14 4500 15 4558 14 4658 15 4692 14 4792 15 4826 14 4926 15 4968 14 5068 15 5110 14 5210 15 5267 14 5367 15 5397 14 5497 15 5516 14 5616 15 5669 14 5769 15 5827 14 5927 15 5984 14 6084 15 6137 14 6237 15 6314 14 6414 15 6475 14 6575 15 6628 14 6728 15 6808 14 6908 22 7308 2 8308
1775138228 885 7 2 1 1000 100 0 1 -1.00 1.00 0 3 100 2 1 0 0 0 1 3 0 255 58 0 0 20 250 3 256 1 300 16 550 6 787 7 887 14 1637 15 1657 14 1757 15 1803 14 1903 15 2044 14 2144 15 2175 14 2275 15 2293 14 2393 15 2451 14 2551 15 2593 14 2693 15 2738 14 2838 15 2880 14 2980 15 3037 14 3137 15 3187 14 3287 15 3329 14 3429 15 3463 14 3563 15 3620 14 3720 15 3766 14 3866 15 3907 14 4007 15 4045 14 4145 15 4176 14 4276 15 4325 14 4425 15 4490 14 4590 15 4632 14 4732 15 4804 14 4904 15 4969 14 5069 15 5146 14 5246 22 5646 2 6646
1775138240 886 7 2 2 1000 100 0 1 -1.00 1.00 0 4 74 2 1 0 0 0 1 3 0 255 29 0 0 25 218 0 773 25 994 0 1793 25 1981 0 2322 25 2567 0 4867 20 5117 3 5123 1 5167 16 5417 9 5508 13 6008 22 9008 12 9020 22 9120 12 9138 22 9238 12 9269 22 9369 12 9426 22 9526 12 9587 22 9687 12 9752 22 9852 2 10852
1775138248 887 7 1 1 1000 100 0 1 -1.00 -1.00 0 5 79 2 1 0 0 0 1 4 0 255 68 0 0 20 250 3 256 1 300 16 550 6 551 7 651 14 1401 15 1521 14 1621 15 1651 14 1751 15 1812 14 1912 15 1958 14 2058 15 2115 14 2215 15 2257 14 2357 15 2537 14 2637 15 2690 14 2790 15 2844 14 2944 15 2997 14 3097 15 3151 14 3251 15 3296 14 3396 15 3438 14 3538 15 3588 14 3688 15 3741 14 3841 15 3898 14 3998 15 4067 14 4167 15 4182 14 4282 15 4370 14 4470 15 4515 14 4615 15 4665 14 4765 15 4830 14 4930 15 4995 14 5095 15 5152 14 5252 15 5313 14 5413 15 5470 14 5570 15 5642 14 5742 15 5803 14 5903 15 5968 14 6068 22 6468 2 7468
1775138253 888 7 2 2 1000 100 0 1 -1.00 1.00 0 6 66 2 1 0 0 0 1 4 0 255 9 0 0 20 250 3 256 1 300 16 550 9 623 13 1123 22 4123 2 5123
1775138268 889 7 2 1 1000 100 0 1 -1.00 1.00 0 7 71 2 1 0 0 0 1 5 0 255 86 0 0 20 250 3 256 1 300 16 550 6 644 7 744 14 1494 15 1618 14 1718 15 1772 14 1872 15 1887 14 1987 15 2017 14 2117 15 2140 14 2240 15 2278 14 2378 15 2439 14 2539 15 2573 14 2673 15 2734 14 2834 15 2860 14 2960 15 3006 14 3106 15 3148 14 3248 15 3286 14 3386 15 3439 14 3539 15 3731 14 3831 15 3857 14 3957 15 3988 14 4088 15 4156 14 4256 15 4267 14 4367 15 4409 14 4509 15 4543 14 4643 15 4674 14 4774 15 4804 14 4904 15 4984 14 5084 15 5118 14 5218 15 5276 14 5376 15 5394 14 5494 15 5571 14 5671 15 5690 14 5790 15 5855 14 5955 15 6012 14 6112 15 6180 14 6280 15 6322 14 6422 15 6460 14 6560 15 6614 14 6714 15 6767 14 6867 15 6936 14 7036 15 7093 14 7193 22 7593 2 8593
1775138275 890 7 2 1 1000 100 0 1 1.00 1.00 0 8 74 2 1 0 0 0 1 6 0 255 58 0 0 20 250 3 256 1 300 16 550 6 615 7 715 14 1465 15 1474 14 1574 15 1616 14 1716 15 1765 14 1865 15 1877 14 1977 15 2026 14 2126 15 2149 14 2249 15 2295 14 2395 15 2444 14 2544 15 2567 14 2667 15 2728 14 2828 15 2981 14 3081 15 3157 14 3257 15 3307 14 3407 15 3468 14 3568 15 3625 14 3725 15 3778 14 3878 15 3962 14 4062 15 4097 14 4197 15 4258 14 4358 15 4419 14 4519 15 4618 14 4718 15 4833 14 4933 15 5017 14 5117 15 5216 14 5316 22 5716 2 6716
1775138281 891 7 1 2 1000 100 0 1 1.00 -1.00 0 9 66 2 1 0 0 0 1 6 0 255 11 0 0 25 202 0 775 20 1025 3 1031 1 1075 16 1325 9 1375 13 1875 22 4875 2 5875
1775138290 892 7 2 1 1000 100 0 1 1.00 1.00 0 10 69 2 1 0 0 0 1 7 0 255 72 0 0 20 250 3 256 1 300 16 550 6 552 7 652 14 1402 15 1503 14 1603 15 1622 14 1722 15 1772 14 1872 15 1906 14 2006 15 2052 14 2152 15 2174 14 2274 15 2305 14 2405 15 2435 14 2535 15 2585 14 2685 15 2746 14 2846 15 2903 14 3003 15 3052 14 3152 15 3210 14 3310 15 3382 14 3482 15 3543 14 3643 15 3720 14 3820 15 3892 14 3992 15 4230 14 4330 15 4368 14 4468 15 4514 14 4614 15 4675 14 4775 15 4824 14 4924 15 4985 14 5085 15 5150 14 5250 15 5269 14 5369 15 5430 14 5530 15 5610 14 5710 15 5771 14 5871 15 5959 14 6059 15 6140 14 6240 15 6285 14 6385 22 6785 2 7785
1775138298 893 7 2 1 1000 100 0 1 1.00 1.00 0 11 72 2 1 0 0 0 1 8 0 255 58 0 0 20 250 3 256 1 300 16 550 6 618 7 718 14 1468 15 1542 14 1642 15 1676 14 1776 15 1810 14 1910 15 1944 14 2044 15 2075 14 2175 15 2224 14 2324 15 2343 14 2443 15 2485 14 2585 15 2619 14 2719 15 2761 14 2861 15 2907 14 3007 15 3060 14 3160 15 3175 14 3275 15 3306 14 3406 15 3562 14 3662 15 3674 14 3774 15 3808 14 3908 15 3927 14 4027 15 4222 14 4322 15 4383 14 4483 15 4548 14 4648 15 4709 14 4809 15 4859 14 4959 15 5031 14 5131 22 5531 2 6531
1775138306 894 7 2 1 1000 100 0 1 -1.00 1.00 0 12 75 2 1 0 0 0 1 9 0 255 64 0 0 20 250 3 256 1 300 16 550 6 659 7 759 14 1509 15 1740 14 1840 15 1875 14 1975 15 2020 14 2120 15 2158 14 2258 15 2300 14 2400 15 2434 14 2534 15 2565 14 2665 15 2687 14 2787 15 2826 14 2926 15 2975 14 3075 15 3125 14 3225 15 3278 14 3378 15 3428 14 3528 15 3573 14 3673 15 3711 14 3811 15 3845 14 3945 15 3964 14 4064 15 4133 14 4233 15 4252 14 4352 15 4401 14 4501 15 4559 14 4659 15 4697 14 4797 15 4846 14 4946 15 5015 14 5115 15 5164 14 5264 15 5318 14 5418 15 5509 14 5609 22 6009 2 7009
1775138314 895 7 2 1 1000 100 0 1 -1.00 1.00 0 13 76 2 1 0 0 0 1 10 0 255 46 0 0 20 250 3 256 1 300 16 550 6 586 7 686 14 1436 15 1559 14 1659 15 1717 14 1817 15 1859 14 1959 15 1974 14 2074 15 2112 14 2212 15 2257 14 2357 15 2411 14 2511 15 2549 14 2649 15 2725 14 2825 15 2844 14 2944 15 2963 14 3063 15 3089 14 3189 15 3200 14 3300 15 3335 14 3435 15 3480 14 3580 15 3622 14 3722 15 3791 14 3891 15 3971 14 4071 22 4471 2 5471
1775138320 896 7 1 1 1000 100 0 1 -1.00 -1.00 0 14 78 2 1 0 0 0 1 11 0 255 42 0 0 25 205 0 777 20 1027 3 1033 1 1077 16 1327 6 1370 7 1470 14 2220 15 2298 14 2398 15 2432 14 2532 15 2566 14 2666 15 2724 14 2824 15 2869 14 2969 15 3027 14 3127 15 3203 14 3303 15 3360 14 3460 15 3498 14 3598 15 3659 14 3759 15 3824 14 3924 15 4039 14 4139 15 4154 14 4254 15 4365 14 4465 15 4511 14 4611 22 5011 2 6011
1775138326 897 7 2 1 1000 100 0 1 1.00 1.00 0 15 80 2 1 0 0 0 1 12 0 255 54 0 0 20 250 3 256 1 300 16 550 6 648 7 748 14 1498 15 1511 14 1611 15 1641 14 1741 15 1787 14 1887 15 1944 14 2044 15 2090 14 2190 15 2224 14 2324 15 2374 14 2474 15 2535 14 2635 15 2692 14 2792 15 2830 14 2930 15 2979 14 3079 15 3121 14 3221 15 3271 14 3371 15 3440 14 3540 15 3612 14 3712 15 3766 14 3866 15 3907 14 4007 15 4095 14 4195 15 4279 14 4379 15 4463 14 4563 15 4617 14 4717 15 4785 14 4885 22 5285 2 6285
1775138334 898 7 2 1 1000 100 0 1 -1.00 1.00 0 16 81 2 1 0 0 0 1 13 0 255 68 0 0 20 250 3 256 1 300 16 550 6 649 7 749 14 1499 15 1535 14 1635 15 1677 14 1777 15 1811 14 1911 15 1945 14 2045 15 2102 14 2202 15 2260 14 2360 15 2405 14 2505 15 2543 14 2643 15 2666 14 2766 15 2800 14 2900 15 2938 14 3038 15 3096 14 3196 15 3237 14 3337 15 3387 14 3487 15 3529 14 3629 15 3678 14 3778 15 3805 14 3905 15 3935 14 4035 15 4047 14 4147 15 4188 14 4288 15 4361 14 4461 15 4476 14 4576 15 4637 14 4737 15 4783 14 4883 15 4928 14 5028 15 5078 14 5178 15 5239 14 5339 15 5392 14 5492 15 5546 14 5646 22 6046 2 7046
1775138340 899 7 1 2 1000 100 0 1 -1.00 -1.00 0 17 76 2 1 0 0 0 1 13 0 255 11 0 0 25 32 0 50 20 300 3 306 1 350 16 600 9 659 13 1159 22 4159 2 5159
1775138346 900 7 1 2 1000 100 0 1 1.00 -1.00 0 18 72 2 1 0 0 0 1 13 0 255 15 0 0 20 250 3 256 1 300 16 550 9 611 13 1111 22 4111 12 4173 22 4273 12 4322 22 4422 12 4491 22 4591 2 5591
1775138354 901 7 2 1 1000 100 0 1 -1.00 1.00 0 19 73 2 1 0 0 0 1 14 0 255 58 0 0 20 250 3 256 1 300 16 550 6 571 7 671 14 1421 15 1430 14 1530 15 1698 14 1798 15 1821 14 1921 15 1970 14 2070 15 2127 14 2227 15 2277 14 2377 15 2423 14 2523 15 2568 14 2668 15 2733 14 2833 15 2883 14 2983 15 3029 14 3129 15 3193 14 3293 15 3347 14 3447 15 3493 14 3593 15 3680 14 3780 15 3841 14 3941 15 4029 14 4129 15 4186 14 4286 15 4390 14 4490 15 4574 14 4674 15 4754 14 4854 15 4923 14 5023 15 5107 14 5207 15 5314 14 5414 22 5814 2 6814
1775138361 902 7 2 2 1000 100 0 1 -1.00 1.00 0 20 69 2 1 0 0 0 1 14 0 255 13 0 0 25 113 0 238 25 463 0 1173 20 1423 3 1429 1 1473 16 1723 9 1852 13 2352 22 5352 2 6352
1775138372 903 7 2 1 1000 100 0 1 1.00 1.00 0 21 71 2 1 0 0 0 1 15 0 255 80 0 0 25 125 0 222 25 417 0 1381 20 1631 3 1637 1 1681 16 1931 6 2023 7 2123 14 2873 15 2874 14 2974 15 3027 14 3127 15 3181 14 3281 15 3342 14 3442 15 3602 14 3702 15 3729 14 3829 15 3852 14 3952 15 3997 14 4097 15 4128 14 4228 15 4254 14 4354 15 4434 14 4534 15 4588 14 4688 15 4741 14 4841 15 4894 14 4994 15 5029 14 5129 15 5159 14 5259 15 5278 14 5378 15 5454 14 5554 15 5596 14 5696 15 5734 14 5834 15 5857 14 5957 15 6037 14 6137 15 6168 14 6268 15 6325 14 6425 15 6494 14 6594 15 6674 14 6774 15 6846 14 6946 15 7038 14 7138 15 7241 14 7341 15 7441 14 7541 15 7663 14 7763 15 8024 14 8124 22 8524 12 9408 22 9508 2 10508
1775138377 904 7 2 1 1000 100 0 1 -1.00 1.00 0 22 72 2 1 0 0 0 1 16 0 255 22 0 0 20 250 3 256 1 300 16 550 6 597 7 697 14 1447 15 1567 14 1667 15 1701 14 1801 15 1854 14 1954 15 1977 14 2077 15 2127 14 2227 15 2245 14 2345 22 2745 2 3745
1775138385 905 7 2 1 1000 100 0 1 1.00 1.00 0 23 73 2 1 0 0 0 1 17 0 255 54 0 0 25 155 0 995 20 1245 3 1251 1 1295 16 1545 6 1567 7 1667 14 2417 15 2434 14 2534 15 2576 14 2676 15 2695 14 2795 15 2844 14 2944 15 3005 14 3105 15 3281 14 3381 15 3423 14 3523 15 3573 14 3673 15 3726 14 3826 15 3883 14 3983 15 4048 14 4148 15 4209 14 4309 15 4363 14 4463 15 4543 14 4643 15 4708 14 4808 15 4869 14 4969 15 5049 14 5149 15 5218 14 5318 15 5410 14 5510 15 5620 14 5720 15 5785 14 5885 22 6285 2 7285
1775138391 906 7 2 1 1000 100 0 1 1.00 1.00 0 24 75 2 1 0 0 0 1 18 0 255 38 0 0 20 250 3 256 1 300 16 550 6 647 7 747 14 1497 15 1555 14 1655 15 1693 14 1793 15 1847 14 1947 15 2008 14 2108 15 2161 14 2261 15 2334 14 2434 15 2487 14 2587 15 2629 14 2729 15 2778 14 2878 15 2939 14 3039 15 3108 14 3208 15 3265 14 3365 15 3438 14 3538 15 3641 14 3741 22 4141 2 5141
1775138396 907 7 1 1 1000 100 0 1 -1.00 -1.00 0 25 76 2 1 0 0 0 1 19 0 255 40 0 0 20 250 3 256 1 300 16 550 6 641 7 741 14 1491 15 1496 14 1596 15 1661 14 1761 15 1803 14 1903 15 1937 14 2037 15 2056 14 2156 15 2202 14 2302 15 2340 14 2440 15 2497 14 2597 15 2650 14 2750 15 2857 14 2957 15 2999 14 3099 15 3168 14 3268 15 3329 14 3429 15 3502 14 3602 15 3701 14 3801 22 4201 2 5201
1775138402 908 7 2 1 1000 100 0 1 1.00 1.00 0 26 76 2 1 0 0 0 1 20 0 255 46 0 0 20 250 3 256 1 300 16 550 6 638 7 738 14 1488 15 1535 14 1635 15 1669 14 1769 15 1834 14 1934 15 1999 14 2099 15 2137 14 2237 15 2267 14 2367 15 2394 14 2494 15 2520 14 2620 15 2662 14 2762 15 2800 14 2900 15 2954 14 3054 15 3122 14 3222 15 3272 14 3372 15 3414 14 3514 15 3560 14 3660 15 3732 14 3832 15 3897 14 3997 15 4116 14 4216 22 4616 2 5616
1775138410 909 7 1 2 1000 100 0 1 1.00 -1.00 0 27 74 2 1 0 0 0 1 20 0 255 9 0 0 20 250 3 256 1 300 16 550 9 564 13 1064 22 4064 2 5064
1775138416 910 7 1 2 1000 100 0 1 1.00 -1.00 0 28 71 2 1 0 0 0 1 20 0 255 9 0 0 20 250 3 256 1 300 16 550 9 569 13 1069 22 4069 2 5069
1775138499 911 7 1 2 1000 100 0 1 1.00 -1.00 0 29 68 2 1 0 0 0 1 20 0 255 12 0 0 23 250 24 412 20 462 3 468 4 512 1 562 16 812 9 872 13 1372 22 4372 2 5372
1775138508 912 7 1 1 1000 100 0 1 -1.00 -1.00 0 30 69 2 1 0 0 0 1 21 0 255 53 0 0 25 202 0 952 20 1202 3 1208 4 1252 1 1302 16 1552 6 1577 7 1677 14 2427 15 2528 14 2628 15 2670 14 2770 15 2823 14 2923 15 2988 14 3088 15 3118 14 3218 15 3252 14 3352 15 3390 14 3490 15 3551 14 3651 15 3682 14 3782 15 3988 14 4088 15 4111 14 4211 15 4253 14 4353 15 4387 14 4487 15 4540 14 4640 15 4686 14 4786 15 4851 14 4951 15 4981 14 5081 15 5173 14 5273 15 5311 14 5411 15 5507 14 5607 22 6007 2 7007
1775138515 913 7 1 2 1000 100 0 1 1.00 -1.00 0 31 67 2 1 0 0 0 1 21 0 255 9 0 0 20 250 3 256 1 300 16 550 9 633 13 1133 22 4133 2 5133
1775138521 914 7 1 2 1000 100 0 1 1.00 -1.00 0 32 65 2 1 0 0 0 1 21 0 255 9 0 0 20 250 3 256 1 300 16 550 9 567 13 1067 22 4067 2 5067
1775138528 915 7 1 2 1000 100 0 1 1.00 -1.00 0 33 63 2 1 0 0 0 1 21 0 255 9 0 0 20 250 3 256 1 300 16 550 9 664 13 1164 22 4164 2 5164
1775138549 916 7 2 2 1000 100 0 1 1.00 1.00 0 34 61 2 1 0 0 0 1 21 0 255 11 0 0 20 250 3 256 1 300 16 550 9 571 13 1071 22 4071 12 4087 22 4187 2 5187
1775138561 917 7 1 1 1000 100 0 1 1.00 -1.00 0 35 62 2 1 0 0 0 1 22 0 255 94 0 0 20 250 3 256 1 300 16 550 6 643 7 743 14 1493 15 1571 14 1671 15 1705 14 1805 15 1847 14 1947 15 1978 14 2078 15 2135 14 2235 15 2273 14 2373 15 2434 14 2534 15 2568 14 2668 15 2706 14 2806 15 2879 14 2979 15 3021 14 3121 15 3197 14 3297 15 3366 14 3466 15 3496 14 3596 15 3646 14 3746 15 3841 14 3941 15 3975 14 4075 15 4136 14 4236 15 4278 14 4378 15 4458 14 4558 15 4654 14 4754 15 4811 14 4911 15 4945 14 5045 15 5079 14 5179 15 5275 14 5375 15 5398 14 5498 15 5563 14 5663 15 5697 14 5797 15 5850 14 5950 15 6003 14 6103 15 6211 14 6311 15 6375 14 6475 15 6536 14 6636 15 6663 14 6763 15 6820 14 6920 15 6981 14 7081 15 7111 14 7211 15 7284 14 7384 15 7457 14 7557 15 7610 14 7710 15 7779 14 7879 15 7959 14 8059 22 8459 2 9459
1775138567 918 7 1 2 1000 100 0 1 1.00 -1.00 0 36 60 2 1 0 0 0 1 22 0 255 11 0 0 25 38 0 63 20 313 3 319 1 363 16 613 9 641 13 1141 22 4141 2 5141
1775138574 919 7 2 1 1000 100 0 1 -1.00 1.00 0 37 61 2 1 0 0 0 1 23 0 255 42 0 0 20 250 3 256 1 300 16 550 6 646 7 746 14 1496 15 1608 14 1708 15 1738 14 1838 15 1861 14 1961 15 2011 14 2111 15 2156 14 2256 15 2298 14 2398 15 2459 14 2559 15 2624 14 2724 15 2781 14 2881 15 2962 14 3062 15 3126 14 3226 15 3230 14 3330 15 3364 14 3464 15 3525 14 3625 15 3740 14 3840 15 3951 14 4051 22 4451 2 5451
1775138580 920 7 1 1 1000 100 0 1 -1.00 -1.00 0 38 62 2 1 0 0 0 1 24 0 255 34 0 0 20 250 3 256 1 300 16 550 6 626 7 726 14 1476 15 1607 14 1707 15 1753 14 1853 15 1918 14 2018 15 2063 14 2163 15 2190 14 2290 15 2366 14 2466 15 2539 14 2639 15 2696 14 2796 15 2826 14 2926 15 2960 14 3060 15 3125 14 3225 15 3309 14 3409 22 3809 2 4809
1775138587 921 7 1 1 1000 100 0 1 -1.00 -1.00 0 39 63 2 1 0 0 0 1 25 0 255 42 0 0 25 177 0 811 20 1061 3 1067 1 1111 16 1361 6 1435 7 1535 14 2285 15 2305 14 2405 15 2412 14 2512 15 2573 14 2673 15 2734 14 2834 15 2872 14 2972 15 3026 14 3126 15 3172 14 3272 15 3340 14 3440 15 3490 14 3590 15 3693 14 3793 15 3850 14 3950 15 4046 14 4146 15 4230 14 4330 15 4406 14 4506 15 4594 14 4694 22 5094 2 6094
1775138592 922 7 1 2 1000 100 0 1 1.00 -1.00 0 40 62 2 1 0 0 0 1 25 0 255 9 0 0 20 250 3 256 1 300 16 550 9 575 13 1075 22 4075 2 5075
1775139194 923 7 2 2 1000 100 0 1 1.00 1.00 0 41 60 2 1 0 0 0 1 25 0 255 32 0 0 23 250 24 415 20 465 3 471 4 515 1 565 16 815 9 875 13 1375 22 4375 12 4378 22 4478 12 4501 22 4601 12 4635 22 4735 12 4738 22 4838 12 4987 22 5087 12 5110 22 5210 12 5252 22 5352 12 5405 22 5505 12 5562 22 5662 12 5743 22 5843 2 6843
1775139209 924 7 2 1 1000 100 0 1 1.00 1.00 0 42 61 2 1 0 0 0 1 26 0 255 49 0 0 25 28 0 40 20 290 3 296 4 340 1 390 16 640 6 708 7 808 14 1558 15 1647 14 1747 15 1773 14 1873 15 1885 14 1985 15 2000 14 2100 15 2249 14 2349 15 2602 14 2702 15 2717 14 2817 15 2828 14 2928 15 2939 14 3039 15 3062 14 3162 15 3188 14 3288 15 3318 14 3418 15 3468 14 3568 15 3583 14 3683 15 3690 14 3790 15 3817 14 3917 15 3970 14 4070 15 4170 14 4270 22 4670 2 5670
1775139215 925 7 1 1 1000 100 0 1 -1.00 -1.00 0 43 62 2 1 0 0 0 1 27 0 255 32 0 0 20 250 3 256 1 300 16 550 6 568 7 668 14 1418 15 1550 14 1650 15 1783 14 1883 15 1902 14 2002 15 2017 14 2117 15 2151 14 2251 15 2305 14 2405 15 2458 14 2558 15 2592 14 2692 15 2719 14 2819 15 2857 14 2957 15 3014 14 3114 22 3514 2 4514
1775139225 926 7 2 1 1000 100 0 1 1.00 1.00 0 44 63 2 1 0 0 0 1 28 0 255 36 0 0 25 201 0 1244 20 1494 3 1500 1 1544 16 1794 6 1823 7 1923 14 2673 15 2786 14 2886 15 2924 14 3024 15 3073 14 3173 15 3211 14 3311 15 3322 14 3422 15 3430 14 3530 15 3572 14 3672 15 3691 14 3791 15 3836 14 3936 15 3963 14 4063 15 4089 14 4189 15 4266 14 4366 22 4766 2 5766
1775139234 927 7 1 2 1000 100 0 1 1.00 -1.00 0 45 61 2 1 0 0 0 1 28 0 255 9 0 0 20 250 3 256 1 300 16 550 9 591 13 1091 22 4091 2 5091
1775139242 928 7 2 1 1000 100 0 1 1.00 1.00 0 46 62 2 1 0 0 0 1 29 0 255 38 0 0 25 227 0 1189 20 1439 3 1445 1 1489 16 1739 6 1857 7 1957 14 2707 15 2801 14 2901 15 2916 14 3016 15 3050 14 3150 15 3188 14 3288 15 3326 14 3426 15 3464 14 3564 15 3602 14 3702 15 3721 14 3821 15 3851 14 3951 15 3982 14 4082 15 4135 14 4235 15 4269 14 4369 15 4426 14 4526 22 4926 2 5926
1775139268 929 7 2 4 1000 100 0 1 -1.00 1.00 0 47 61 2 1 0 0 0 1 29 0 255 6 0 0 25 17 0 59 25 87 22 5087 2 6087
1775139461 930 7 1 1 1000 100 0 1 -1.00 -1.00 0 48 62 2 1 0 0 0 1 30 0 255 49 0 0 23 250 24 422 20 472 3 478 4 522 1 572 16 822 6 1077 7 1177 14 1927 15 1978 14 2078 15 2108 14 2208 15 2242 14 2342 15 2384 14 2484 15 2514 14 2614 15 2641 14 2741 15 2767 14 2867 15 2902 14 3002 15 3036 14 3136 15 3177 14 3277 15 3315 14 3415 15 3446 14 3546 15 3584 14 3684 15 3722 14 3822 15 3848 14 3948 15 3990 14 4090 15 4136 14 4236 15 4308 14 4408 22 4808 2 5808
1775139466 931 7 2 1 1000 100 0 1 -1.00 1.00 0 49 63 2 1 0 0 0 1 31 0 255 38 0 0 25 33 0 86 25 116 0 280 20 530 3 536 1 580 16 830 6 907 7 1007 14 1757 15 1762 14 1862 15 1877 14 1977 15 2011 14 2111 15 2149 14 2249 15 2303 14 2403 15 2429 14 2529 15 2586 14 2686 15 2732 14 2832 15 2866 14 2966 15 3008 14 3108 15 3169 14 3269 15 3349 14 3449 22 3849 2 4849
1775139471 932 7 1 1 1000 100 0 1 -1.00 -1.00 0 50 63 2 1 0 0 0 1 32 0 255 24 0 0 20 250 3 256 1 300 16 550 6 594 7 694 14 1444 15 1529 14 1629 15 1690 14 1790 15 1832 14 1932 15 1985 14 2085 15 2150 14 2250 22 2650 12 2939 22 3039 12 3093 22 3193 2 4193
1775139476 933 7 2 1 1000 100 0 1 -1.00 1.00 0 51 64 2 1 0 0 0 1 33 0 255 34 0 0 20 250 3 256 1 300 16 550 6 579 7 679 14 1429 15 1571 14 1671 15 1709 14 1809 15 1866 14 1966 15 2016 14 2116 15 2146 14 2246 15 2296 14 2396 15 2461 14 2561 15 2606 14 2706 15 2736 14 2836 15 2871 14 2971 15 2986 14 3086 15 3154 14 3254 22 3654 2 4654
1775140042 934 7 2 1 1000 100 0 1 -1.00 1.00 0 52 65 2 1 0 0 0 1 34 0 255 93 0 0 23 250 24 408 20 458 3 464 4 508 1 558 16 808 6 948 7 1048 14 1798 15 1895 14 1995 15 2014 14 2114 15 2129 14 2229 15 2275 14 2375 15 2401 14 2501 15 2524 14 2624 15 2677 14 2777 15 2808 14 2908 15 2949 14 3049 15 3087 14 3187 15 3206 14 3306 15 3356 14 3456 15 3482 14 3582 15 3597 14 3697 15 3751 14 3851 15 3866 14 3966 15 4004 14 4104 15 4107 14 4207 15 4222 14 4322 15 4337 14 4437 15 4464 14 4564 15 4609 14 4709 15 4713 14 4813 15 4859 14 4959 15 4970 14 5070 15 5104 14 5204 15 5219 14 5319 15 5365 14 5465 15 5487 14 5587 15 5629 14 5729 15 5737 14 5837 15 5890 14 5990 15 5997 14 6097 15 6135 14 6235 15 6269 14 6369 15 6388 14 6488 15 6530 14 6630 15 6672 14 6772 15 6829 14 6929 15 7002 14 7102 22 7502 2 8502
1775140052 935 7 1 2 1000 100 0 1 1.00 -1.00 0 53 64 2 1 0 0 0 1 34 0 255 11 0 0 25 214 0 1226 20 1476 3 1482 1 1526 16 1776 9 1809 13 2309 22 5309 2 6309
1775140107 936 7 1 2 1000 100 0 1 1.00 -1.00 0 54 62 2 1 0 0 0 1 34 0 255 54 0 0 23 250 24 415 20 465 3 471 4 515 1 565 16 815 9 1573 13 2073 22 5073 12 5076 22 5176 12 5184 22 5284 12 5352 22 5452 12 5456 22 5556 12 5651 22 5751 12 5782 22 5882 12 5885 22 5985 12 5996 22 6096 12 6410 22 6510 12 6675 22 6775 12 6778 22 6878 12 7070 22 7170 12 7269 22 7369 12 7396 22 7496 12 7564 22 7664 12 7679 22 7779 12 7821 22 7921 12 8005 22 8105 12 8277 22 8377 12 8400 22 8500 12 8764 22 8864 2 9864
1775140113 937 7 1 2 1000 100 0 1 -1.00 -1.00 0 55 61 2 1 0 0 0 1 34 0 255 10 0 0 20 250 3 256 4 300 1 350 16 600 9 710 13 1210 22 4210 2 5210
1775140123 938 7 2 1 1000 100 0 1 1.00 1.00 0 56 62 2 1 0 0 0 1 35 0 255 41 0 0 25 165 0 605 25 798 0 1470 25 1695 0 2147 20 2397 3 2403 4 2447 1 2497 16 2747 6 2836 7 2936 14 3686 15 3779 14 3879 15 3921 14 4021 15 4062 14 4162 15 4212 14 4312 15 4327 14 4427 15 4503 14 4603 15 4653 14 4753 15 4799 14 4899 15 4960 14 5060 15 5128 14 5228 15 5385 14 5485 15 5538 14 5638 22 6038 2 7038
1775140230 939 7 1 1 1000 100 0 1 -1.00 -1.00 0 57 62 2 1 0 0 0 1 36 0 255 71 0 0 23 250 24 418 20 468 3 474 4 518 1 568 16 818 6 970 7 1070 14 1820 15 1948 14 2048 15 2086 14 2186 15 2224 14 2324 15 2373 14 2473 15 2519 14 2619 15 2653 14 2753 15 2799 14 2899 15 2967 14 3067 15 3109 14 3209 15 3251 14 3351 15 3389 14 3489 15 3523 14 3623 15 3688 14 3788 15 3815 14 3915 15 3995 14 4095 15 4125 14 4225 15 4302 14 4402 15 4432 14 4532 15 4597 14 4697 15 4754 14 4854 15 5068 14 5168 15 5199 14 5299 15 5352 14 5452 15 5498 14 5598 15 5690 14 5790 15 5805 14 5905 15 5947 14 6047 15 6223 14 6323 15 6395 14 6495 22 6895 2 7895
1775140237 940 7 1 2 1000 100 0 1 1.00 -1.00 0 58 61 2 1 0 0 0 1 36 0 255 13 0 0 25 212 0 497 25 658 0 1392 20 1642 3 1648 1 1692 16 1942 9 1992 13 2492 22 5492 2 6492
1775141967 941 7 2 1 1000 100 0 1 -1.00 1.00 0 59 62 2 1 0 0 0 1 37 0 255 34 0 0 23 250 24 423 20 473 3 479 4 523 1 573 16 823 5 1823 6 2098 7 2198 14 2948 15 3026 14 3126 15 3141 14 3241 15 3271 14 3371 15 3413 14 3513 15 3586 14 3686 15 3709 14 3809 15 3850 14 3950 15 4004 14 4104 15 4153 14 4253 15 4272 14 4372 22 4772 2 5772
1775141975 942 7 2 1 1000 100 0 1 -1.00 1.00 0 60 63 2 1 0 0 0 1 38 0 255 20 0 0 25 105 0 2238 20 2488 3 2494 1 2538 16 2788 6 2820 7 2920 14 3670 15 3806 14 3906 15 3932 14 4032 15 4093 14 4193 15 4254 14 4354 22 4754 2 5754
1775141989 943 7 1 2 1000 100 0 1 1.00 -1.00 0 61 62 2 1 0 0 0 1 38 0 255 11 0 0 25 173 0 1563 20 1813 3 1819 1 1863 16 2113 9 2211 13 2711 22 5711 2 6711
1775143205 944 7 1 1 1000 100 0 1 1.00 -1.00 0 62 62 2 1 0 0 0 1 39 0 255 61 0 0 23 250 24 413 20 463 3 469 4 513 1 563 16 813 6 1536 7 1636 14 2386 15 2440 14 2540 15 2574 14 2674 15 2681 14 2781 15 2804 14 2904 15 2934 14 3034 15 3057 14 3157 15 3187 14 3287 15 3306 14 3406 15 3432 14 3532 15 3555 14 3655 15 3681 14 3781 15 3823 14 3923 15 3961 14 4061 15 4076 14 4176 15 4337 14 4437 15 4444 14 4544 15 4551 14 4651 15 4685 14 4785 15 4816 14 4916 15 5130 14 5230 15 5287 14 5387 15 5429 14 5529 15 5571 14 5671 15 5720 14 5820 22 6220 2 7220
1775143213 945 7 1 2 1000 100 0 1 1.00 -1.00 0 63 61 2 1 0 0 0 1 39 0 255 15 0 0 25 233 0 249 25 268 0 896 25 1122 0 1929 20 2179 3 2185 1 2229 16 2479 9 2820 13 3320 22 6320 2 7320
1775143220 946 7 1 1 1000 100 0 1 -1.00 -1.00 0 64 62 2 1 0 0 0 1 40 0 255 74 0 0 20 250 3 256 1 300 16 550 6 613 7 713 14 1463 15 1518 14 1618 15 1645 14 1745 15 1775 14 1875 15 1901 14 2001 15 2028 14 2128 15 2158 14 2258 15 2281 14 2381 15 2392 14 2492 15 2534 14 2634 15 2649 14 2749 15 2764 14 2864 15 2910 14 3010 15 3044 14 3144 15 3163 14 3263 15 3293 14 3393 15 3412 14 3512 15 3542 14 3642 15 3653 14 3753 15 3803 14 3903 15 3944 14 4044 15 4090 14 4190 15 4209 14 4309 15 4470 14 4570 15 4573 14 4673 15 4722 14 4822 15 4872 14 4972 15 4991 14 5091 15 5133 14 5233 15 5282 14 5382 15 5439 14 5539 15 5581 14 5681 15 5749 14 5849 22 6249 2 7249
1775143226 947 7 1 2 1000 100 0 1 1.00 -1.00 0 65 61 2 1 0 0 0 1 40 0 255 13 0 0 25 18 0 115 25 325 0 651 20 901 3 907 1 951 16 1201 9 1249 13 1749 22 4749 2 5749
1775143232 948 7 2 2 1000 100 0 1 -1.00 1.00 0 66 60 2 1 0 0 0 1 40 0 255 9 0 0 20 250 3 256 1 300 16 550 9 561 13 1061 22 4061 2 5061
1775144020 949 7 2 1 1000 100 0 1 -1.00 1.00 0 67 60 2 1 0 0 0 1 41 0 255 47 0 0 23 250 24 418 20 468 3 474 4 518 1 568 16 818 6 836 7 936 14 1686 15 1771 14 1871 15 1902 14 2002 15 2024 14 2124 15 2139 14 2239 15 2274 14 2374 15 2404 14 2504 15 2534 14 2634 15 2784 14 2884 15 2906 14 3006 15 3021 14 3121 15 3152 14 3252 15 3293 14 3393 15 3420 14 3520 15 3547 14 3647 15 3692 14 3792 15 3853 14 3953 15 4026 14 4126 22 4526 2 5526
1775144535 950 7 1 1 1000 100 0 1 -1.00 -1.00 0 68 61 2 1 0 0 0 1 42 0 255 27 0 0 23 250 24 412 20 462 3 468 4 512 1 562 16 812 6 930 7 1030 14 1780 15 1865 14 1965 15 1984 14 2084 15 2115 14 2215 15 2237 14 2337 15 2375 14 2475 15 2525 14 2625 15 2694 14 2794 22 3194 2 4194
1775144542 951 7 2 2 1000 100 0 1 -1.00 1.00 0 69 60 2 1 0 0 0 1 42 0 255 11 0 0 25 166 0 1055 20 1305 3 1311 1 1355 16 1605 9 1773 13 2273 22 5273 2 6273
1775144552 952 7 2 2 1000 100 0 1 -1.00 1.00 0 70 59 2 1 0 0 0 1 42 0 255 13 0 0 25 116 0 271 25 513 0 1426 20 1676 3 1682 1 1726 16 1976 9 2174 13 2674 22 5674 2 6674
1775144559 953 7 1 2 1000 100 0 1 1.00 -1.00 0 71 58 2 1 0 0 0 1 42 0 255 11 0 0 25 160 0 338 20 588 3 594 1 638 16 888 9 1081 13 1581 22 4581 2 5581
1775145159 954 7 1 2 1000 100 0 1 1.00 -1.00 0 72 57 2 1 0 0 0 1 42 0 255 12 0 0 23 250 24 439 20 489 3 495 4 539 1 589 16 839 9 891 13 1391 22 4391 2 5391
1775145173 955 7 1 1 1000 100 0 1 1.00 -1.00 0 73 58 2 1 0 0 0 1 43 0 255 61 0 0 25 127 0 188 25 397 0 631 20 881 3 887 4 931 1 981 16 1231 6 1372 7 1472 14 2222 15 2323 14 2423 15 2453 14 2553 15 2591 14 2691 15 2729 14 2829 15 2875 14 2975 15 2997 14 3097 15 3128 14 3228 15 3266 14 3366 15 3415 14 3515 15 3565 14 3665 15 3691 14 3791 15 3825 14 3925 15 3952 14 4052 15 4078 14 4178 15 4228 14 4328 15 4385 14 4485 15 4534 14 4634 15 4665 14 4765 15 4807 14 4907 15 4964 14 5064 15 5144 14 5244 15 5328 14 5428 15 5489 14 5589 22 5989 2 6989
1775145182 956 7 2 1 1000 100 0 1 -1.00 1.00 0 74 59 2 1 0 0 0 1 44 0 255 54 0 0 20 250 3 256 1 300 16 550 6 776 7 876 14 1626 15 1719 14 1819 15 1865 14 1965 15 1991 14 2091 15 2122 14 2222 15 2252 14 2352 15 2367 14 2467 15 2509 14 2609 15 2624 14 2724 15 2762 14 2862 15 2896 14 2996 15 3049 14 3149 15 3191 14 3291 15 3329 14 3429 15 3475 14 3575 15 3621 14 3721 15 3786 14 3886 15 3901 14 4001 15 4046 14 4146 15 4192 14 4292 15 4391 14 4491 15 4556 14 4656 15 4721 14 4821 22 5221 2 6221
1775145189 957 7 2 1 1000 100 0 1 1.00 1.00 0 75 59 2 1 0 0 0 1 45 0 255 58 0 0 20 250 3 256 1 300 16 550 6 790 7 890 14 1640 15 1729 14 1829 15 1886 14 1986 15 2017 14 2117 15 2159 14 2259 15 2297 14 2397 15 2439 14 2539 15 2580 14 2680 15 2718 14 2818 15 2853 14 2953 15 2990 14 3090 15 3102 14 3202 15 3228 14 3328 15 3366 14 3466 15 3477 14 3577 15 3619 14 3719 15 3749 14 3849 15 3907 14 4007 15 4045 14 4145 15 4198 14 4298 15 4351 14 4451 15 4493 14 4593 15 4658 14 4758 15 4815 14 4915 15 4991 14 5091 22 5491 2 6491
1775145196 958 7 2 2 1000 100 0 1 -1.00 1.00 0 76 58 2 1 0 0 0 1 45 0 255 9 0 0 20 250 3 256 1 300 16 550 9 844 13 1344 22 4344 2 5344
1775145203 959 7 1 2 1000 100 0 1 1.00 -1.00 0 77 58 2 1 0 0 0 1 45 0 255 9 0 0 20 250 3 256 1 300 16 550 9 715 13 1215 22 4215 2 5215
1775145223 960 7 1 1 1000 100 0 1 1.00 -1.00 0 78 58 2 1 0 0 0 1 46 0 255 54 0 0 25 109 0 139 20 389 3 395 1 439 16 689 6 780 7 880 14 1630 15 1635 14 1735 15 1780 14 1880 15 1930 14 2030 15 2060 14 2160 15 2206 14 2306 15 2371 14 2471 15 2536 14 2636 15 2655 14 2755 15 2800 14 2900 15 2931 14 3031 15 3088 14 3188 15 3218 14 3318 15 3352 14 3452 15 3521 14 3621 15 3632 14 3732 15 3805 14 3905 15 3958 14 4058 15 4127 14 4227 15 4272 14 4372 15 4414 14 4514 15 4629 14 4729 22 5129 2 6129
1775145230 961 7 2 1 1000 100 0 1 -1.00 1.00 0 79 59 2 1 0 0 0 1 47 0 255 56 0 0 20 250 3 256 1 300 16 550 6 581 7 681 14 1431 15 1478 14 1578 15 1597 14 1697 15 1723 14 1823 15 1865 14 1965 15 2003 14 2103 15 2145 14 2245 15 2310 14 2410 15 2467 14 2567 15 2613 14 2713 15 2747 14 2847 15 2927 14 3027 15 3157 14 3257 15 3288 14 3388 15 3399 14 3499 15 3556 14 3656 15 3683 14 3783 15 3836 14 3936 15 3985 14 4085 15 4150 14 4250 15 4307 14 4407 15 4468 14 4568 15 4649 14 4749 15 4821 14 4921 22 5321 2 6321
1775145238 962 7 2 1 1000 100 0 1 -1.00 1.00 0 80 59 2 1 0 0 0 1 48 0 255 54 0 0 25 204 0 1035 20 1285 3 1291 1 1335 16 1585 6 1994 7 2094 14 2844 15 2845 14 2945 15 2956 14 3056 15 3091 14 3191 15 3236 14 3336 15 3397 14 3497 22 3897 12 4690 22 4790 12 4831 22 4931 12 4977 22 5077 12 5150 22 5250 12 5280 22 5380 12 5395 22 5495 12 5548 22 5648 12 5683 22 5783 12 5832 22 5932 12 5986 22 6086 12 6147 22 6247 12 6311 22 6411 12 6457 22 6557 12 6637 22 6737 12 6802 22 6902 12 6986 22 7086 2 8086
1775145248 963 7 2 2 1000 100 0 1 -1.00 1.00 0 81 58 2 1 0 0 0 1 48 0 255 17 0 0 25 8 0 161 25 180 0 312 25 324 0 905 25 1155 0 2173 20 2423 3 2429 1 2473 16 2723 9 2926 13 3426 22 6426 2 7426
1775145256 964 7 2 4 1000 100 0 1 1.00 1.00 0 82 58 2 1 0 0 0 1 48 0 255 6 0 0 25 16 0 2418 25 2451 22 7451 2 8451
1775145814 965 7 2 1 1000 100 0 1 -1.00 1.00 0 83 58 2 1 0 0 0 1 49 0 255 29 0 0 23 250 24 429 20 479 3 485 4 529 1 579 16 829 6 904 7 1004 14 1754 15 1755 14 1855 15 1882 14 1982 15 2012 14 2112 15 2135 14 2235 15 2265 14 2365 15 2396 14 2496 15 2526 14 2626 15 2702 14 2802 22 3202 2 4202
1775145821 966 7 2 1 1000 100 0 1 1.00 1.00 0 84 59 2 1 0 0 0 0 0 0 255 50 0 0 20 250 3 256 1 300 16 550 6 667 7 767 14 1517 15 1753 14 1853 15 1871 14 1971 15 1990 14 2090 15 2117 14 2217 15 2240 14 2340 15 2355 14 2455 15 2489 14 2589 15 2611 14 2711 15 2719 14 2819 15 2861 14 2961 15 2976 14 3076 15 3087 14 3187 15 3221 14 3321 15 3325 14 3425 15 3578 14 3678 15 3727 14 3827 15 3877 14 3977 15 4015 14 4115 15 4160 14 4260 15 4348 14 4448 22 4848 2 5848
1775145826 967 7 1 1 1000 100 0 1 -1.00 -1.00 0 85 59 2 1 0 0 0 0 0 0 255 36 0 0 20 250 3 256 1 300 16 550 6 653 7 703 14 1453 15 1550 14 1650 15 1688 14 1788 15 1815 14 1915 15 1930 14 2030 15 2052 14 2152 15 2183 14 2283 15 2332 14 2432 15 2470 14 2570 15 2616 14 2716 15 2781 14 2881 15 2915 14 3015 15 3061 14 3161 15 3218 14 3318 22 3718 2 4718
1775145833 968 7 2 1 1000 100 0 1 -1.00 1.00 0 86 60 2 1 0 0 0 0 0 0 255 46 0 0 20 250 3 256 1 300 16 550 6 643 7 693 14 1443 15 1448 14 1548 15 1571 14 1671 15 1694 14 1794 15 1824 14 1924 15 1939 14 2039 15 2081 14 2181 15 2280 14 2380 15 2399 14 2499 15 2507 14 2607 15 2622 14 2722 15 2744 14 2844 15 2882 14 2982 15 3009 14 3109 15 3128 14 3228 15 3250 14 3350 15 3392 14 3492 15 3496 14 3596 15 3638 14 3738 22 4138 2 5138
1775145839 969 7 1 2 1000 100 0 1 -1.00 -1.00 0 87 59 2 1 0 0 0 0 0 0 255 11 0 0 25 227 0 566 20 816 3 822 1 866 16 1116 9 1126 13 1626 22 4626 2 5626
1775146084 970 7 2 1 1000 100 0 1 -1.00 1.00 0 88 60 2 1 0 0 0 0 0 0 255 43 0 0 23 250 24 416 20 466 3 472 4 516 1 566 16 816 6 845 7 895 14 1645 15 1720 14 1820 15 1838 14 1938 15 1957 14 2057 15 2095 14 2195 15 2222 14 2322 15 2364 14 2464 15 2483 14 2583 15 2613 14 2713 15 2862 14 2962 15 2989 14 3089 15 3146 14 3246 15 3250 14 3350 15 3380 14 3480 15 3518 14 3618 15 3676 14 3776 22 4176 2 5176
1775146090 971 7 1 2 1000 100 0 1 1.00 -1.00 0 89 59 2 1 0 0 0 0 0 0 255 9 0 0 20 250 3 256 1 300 16 550 9 637 13 1137 22 4137 2 5137
1775146817 972 7 2 1 1000 100 0 1 -1.00 1.00 0 90 59 2 1 0 0 0 0 0 0 255 79 0 0 23 250 24 418 20 468 3 474 4 518 1 568 16 818 6 855 7 905 14 1655 15 1744 14 1844 15 1848 14 1948 15 2086 14 2186 15 2216 14 2316 15 2343 14 2443 15 2469 14 2569 15 2592 14 2692 15 2829 14 2929 15 2948 14 3048 15 3063 14 3163 15 3301 14 3401 15 3416 14 3516 15 3531 14 3631 15 3650 14 3750 15 3773 14 3873 15 3907 14 4007 15 4045 14 4145 15 4160 14 4260 15 4279 14 4379 15 4543 14 4643 15 4651 14 4751 15 4773 14 4873 15 5019 14 5119 15 5241 14 5341 15 5375 14 5475 15 5490 14 5590 15 5740 14 5840 15 5855 14 5955 15 5989 14 6089 15 6123 14 6223 15 6242 14 6342 15 6392 14 6492 15 6568 14 6668 22 7068 2 8068
1775146822 973 7 1 1 1000 100 0 1 1.00 -1.00 0 91 60 2 1 0 0 0 0 0 0 255 32 0 0 20 250 3 256 1 300 16 550 6 678 7 728 14 1478 15 1591 14 1691 15 1717 14 1817 15 1844 14 1944 15 1963 14 2063 15 2078 14 2178 15 2193 14 2293 15 2369 14 2469 15 2507 14 2607 15 2634 14 2734 15 2772 14 2872 15 2906 14 3006 22 3406 2 4406
1775146827 974 7 1 2 1000 100 0 1 -1.00 -1.00 0 92 59 2 1 0 0 0 0 0 0 255 9 0 0 20 250 3 256 1 300 16 550 9 625 13 1125 22 4125 2 5125
1775146838 975 7 2 0 1000 100 0 1 1.00 1.00 0 92 59 2 1 0 0 0 0 0 0 255 8 0 0 20 250 3 256 1 300 16 550 5 1550 8 6550 2 6560
1775148205 976 7 1 2 1000 100 0 1 1.00 -1.00 0 93 58 2 1 0 0 0 0 0 0 255 36 0 0 23 250 24 426 20 476 3 482 4 526 1 576 16 826 9 947 13 1447 22 4447 12 4486 22 4586 12 4689 22 4789 12 4812 22 4912 12 4935 22 5035 12 5177 22 5277 12 5280 22 5380 12 5637 22 5737 12 5767 22 5867 12 5901 22 6001 12 6020 22 6120 12 6151 22 6251 12 6289 22 6389 2 7389
1775148214 977 7 2 1 1000 100 0 1 1.00 1.00 0 94 59 2 1 0 0 0 0 0 0 255 51 0 0 25 51 0 786 25 976 0 1284 25 1494 0 2170 25 2411 0 3091 20 3341 3 3347 4 3391 1 3441 16 3691 6 3768 7 3818 14 4568 15 4639 14 4739 15 4765 14 4865 15 4899 14 4999 15 5018 14 5118 15 5152 14 5252 15 5260 14 5360 15 5471 14 5571 15 5586 14 5686 15 5705 14 5805 15 5827 14 5927 15 5962 14 6062 15 6088 14 6188 15 6238 14 6338 15 6364 14 6464 15 6506 14 6606 15 6675 14 6775 22 7175 2 8175
1775148218 978 7 2 4 1000 100 0 1 -1.00 1.00 1 95 58 2 1 0 0 0 0 0 0 255 13 0 0 20 250 3 256 1 300 16 550 7 565 14 1315 15 1385 14 1485 15 1527 14 1627 22 2027 2 3027
1775148225 979 7 2 1 1000 100 0 1 1.00 1.00 0 96 59 2 1 0 0 0 0 0 0 255 58 0 0 20 250 3 256 1 300 16 550 6 652 7 702 14 1452 15 1491 14 1591 15 1607 14 1707 15 1825 14 1925 15 1940 14 2040 15 2074 14 2174 15 2285 14 2385 15 2404 14 2504 15 2542 14 2642 15 2653 14 2753 15 2776 14 2876 15 2899 14 2999 15 3121 14 3221 15 3225 14 3325 15 3466 14 3566 15 3585 14 3685 15 3708 14 3808 15 3834 14 3934 15 3949 14 4049 15 4064 14 4164 15 4191 14 4291 15 4321 14 4421 15 4467 14 4567 15 4617 14 4717 15 4724 14 4824 22 5224 2 6224
1775148230 980 7 1 1 1000 100 0 1 -1.00 -1.00 0 97 59 2 1 0 0 0 0 0 0 255 18 0 0 25 118 0 1561 20 1811 3 1817 1 1861 16 2111 6 2156 7 2206 14 2956 15 3061 14 3161 15 3196 14 3296 15 3399 14 3499 22 3899 2 4899
1775148237 981 7 1 4 1000 100 0 1 1.00 -1.00 1 98 58 2 1 0 0 0 0 0 0 255 11 0 0 25 209 0 444 20 694 3 700 1 744 16 994 7 1066 14 1816 22 2216 2 3216
1775148427 982 7 2 1 1000 100 0 1 -1.00 1.00 0 99 59 2 1 0 0 0 0 0 0 255 45 0 0 23 250 24 417 20 467 3 473 4 517 1 567 16 817 6 911 7 961 14 1711 15 1816 14 1916 15 1947 14 2047 15 2066 14 2166 15 2181 14 2281 15 2288 14 2388 15 2411 14 2511 15 2529 14 2629 15 2648 14 2748 15 2775 14 2875 15 2901 14 3001 15 3051 14 3151 15 3178 14 3278 15 3327 14 3427 15 3477 14 3577 15 3622 14 3722 15 3760 14 3860 22 4260 2 5260
1775148440 983 7 1 4 1000 100 0 1 1.00 -1.00 0 100 58 2 1 0 0 0 0 0 0 255 4 0 0 25 75 22 5075 2 6075
1775148726 984 7 2 1 1000 100 0 1 -1.00 1.00 0 101 59 2 1 0 0 0 0 0 0 255 15 0 0 23 250 24 436 20 486 3 492 4 536 1 586 16 836 6 873 7 923 14 1673 15 1747 14 1847 22 2247 2 3247
1775149089 985 7 1 1 1000 100 0 1 -1.00 -1.00 0 102 59 2 1 0 0 0 0 0 0 255 35 0 0 23 250 24 420 20 470 3 476 4 520 1 570 16 820 6 1010 7 1060 14 1810 15 1869 14 1969 15 1988 14 2088 15 2107 14 2207 15 2226 14 2326 15 2360 14 2460 15 2479 14 2579 15 2586 14 2686 15 2713 14 2813 15 2851 14 2951 15 2985 14 3085 15 3177 14 3277 22 3677 2 4677
1775149095 986 7 1 2 1000 100 0 1 1.00 -1.00 0 103 58 2 1 0 0 0 0 0 0 255 9 0 0 20 250 3 256 1 300 16 550 9 611 13 1111 22 4111 2 5111
1775151103 987 7 2 1 1000 100 0 1 -1.00 1.00 0 104 59 2 1 0 0 0 0 0 0 255 75 0 0 23 250 24 439 20 489 3 495 4 539 1 589 16 839 6 845 7 895 14 1645 15 1743 14 1843 15 1862 14 1962 15 1984 14 2084 15 2111 14 2211 15 2237 14 2337 15 2352 14 2452 15 2467 14 2567 15 2594 14 2694 15 2713 14 2813 15 2828 14 2928 15 2958 14 3058 15 3085 14 3185 15 3204 14 3304 15 3323 14 3423 15 3438 14 3538 15 3557 14 3657 15 3676 14 3776 15 3794 14 3894 15 3917 14 4017 15 4047 14 4147 15 4174 14 4274 15 4304 14 4404 15 4431 14 4531 15 4669 14 4769 15 4818 14 4918 15 4956 14 5056 15 5083 14 5183 15 5209 14 5309 15 5363 14 5463 15 5505 14 5605 15 5673 14 5773 22 6173 2 7173
1775151587 988 7 1 2 1000 100 0 1 1.00 -1.00 0 105 58 2 1 0 0 0 0 0 0 255 12 0 0 23 250 24 425 20 475 3 481 4 525 1 575 16 825 9 877 13 1377 22 4377 2 5377
1775151763 989 7 2 1 1000 100 0 1 -1.00 1.00 0 106 59 2 1 0 0 0 0 0 0 255 83 0 0 23 250 24 400 20 450 3 456 4 500 1 550 16 800 6 906 7 956 14 1706 15 1742 14 1842 15 1865 14 1965 15 1972 14 2072 15 2091 14 2191 15 2217 14 2317 15 2340 14 2440 15 2574 14 2674 15 2681 14 2781 15 2796 14 2896 15 2923 14 3023 15 3046 14 3146 15 3165 14 3265 15 3287 14 3387 15 3418 14 3518 15 3537 14 3637 15 3652 14 3752 15 3778 14 3878 15 3901 14 4001 15 4024 14 4124 15 4127 14 4227 15 4246 14 4346 15 4369 14 4469 15 4476 14 4576 15 4583 14 4683 15 4706 14 4806 15 4833 14 4933 15 4936 14 5036 15 5070 14 5170 15 5274 14 5374 15 5419 14 5519 15 5523 14 5623 15 5646 14 5746 15 5807 14 5907 15 5952 14 6052 15 6106 14 6206 22 6606 2 7606
1775151888 990 7 2 1 1000 100 0 1 -1.00 1.00 0 107 59 2 1 0 0 0 0 0 0 255 115 0 0 23 250 24 405 20 455 3 461 4 505 1 555 16 805 6 830 7 880 14 1630 15 1701 14 1801 15 1827 14 1927 15 1954 14 2054 15 2073 14 2173 15 2211 14 2311 15 2334 14 2434 15 2449 14 2549 15 2587 14 2687 15 2813 14 2913 15 2936 14 3036 15 3051 14 3151 15 3162 14 3262 15 3281 14 3381 15 3411 14 3511 15 3523 14 3623 15 3642 14 3742 15 3768 14 3868 15 3872 14 3972 15 3991 14 4091 15 4125 14 4225 15 4466 14 4566 15 4596 14 4696 15 4823 14 4923 15 4945 14 5045 15 5076 14 5176 15 5206 14 5306 15 5367 14 5467 15 5502 14 5602 15 5636 14 5736 15 5816 14 5916 15 6100 14 6200 15 6223 14 6323 15 6391 14 6491 15 6522 14 6622 15 6694 14 6794 15 6809 14 6909 15 7012 14 7112 15 7392 14 7492 15 7526 14 7626 22 8026 12 9003 22 9103 12 9735 22 9835 12 9854 22 9954 12 9961 22 10061 12 10529 22 10629 12 10656 22 10756 12 10767 22 10867 12 11798 22 11898 12 12021 22 12121 12 13026 22 13126 12 13144 22 13244 12 13256 22 13356 2 14356
1775151894 991 7 1 2 1000 100 0 1 1.00 -1.00 0 108 59 2 1 0 0 0 0 0 0 255 11 0 0 20 250 3 256 1 300 16 550 9 630 13 1130 22 4130 12 4921 22 5021 2 6021
1775152025 992 7 1 1 1000 100 0 1 1.00 -1.00 0 109 59 2 1 0 0 0 0 0 0 255 29 0 0 23 250 24 417 20 467 3 473 4 517 1 567 16 817 6 1107 7 1157 14 1907 15 1977 14 2077 15 2100 14 2200 15 2215 14 2315 15 2326 14 2426 15 2460 14 2560 15 2595 14 2695 15 2748 14 2848 15 2882 14 2982 22 3382 2 4382
1775152034 993 7 1 0 1000 100 0 1 1.00 -1.00 1 109 59 2 1 0 0 0 0 0 0 255 8 0 0 20 250 3 256 1 300 16 550 5 1550 8 6550 2 6560
1775152138 994 7 1 1 1000 100 0 1 -1.00 -1.00 0 110 59 2 1 0 0 0 0 0 0 255 47 0 0 23 250 24 402 20 452 3 458 4 502 1 552 16 802 6 958 7 1008 14 1758 15 1855 14 1955 15 1978 14 2078 15 2101 14 2201 15 2235 14 2335 15 2354 14 2454 15 2469 14 2569 15 2599 14 2699 15 2733 14 2833 15 2852 14 2952 15 2979 14 3079 15 3098 14 3198 15 3232 14 3332 15 3381 14 3481 15 3516 14 3616 15 3661 14 3761 15 3799 14 3899 15 3964 14 4064 22 4464 2 5464
1775152144 995 7 1 1 1000 100 0 1 1.00 -1.00 0 111 60 2 1 0 0 0 0 0 0 255 44 0 0 20 250 3 256 1 300 16 550 6 569 7 619 14 1369 15 1432 14 1532 15 1543 14 1643 15 1666 14 1766 15 1781 14 1881 15 1907 14 2007 15 2041 14 2141 15 2179 14 2279 15 2306 14 2406 15 2432 14 2532 15 2590 14 2690 15 2709 14 2809 15 2827 14 2927 15 2962 14 3062 15 3104 14 3204 15 3257 14 3357 15 3395 14 3495 15 3564 14 3664 22 4064 2 5064
1775152149 996 7 2 1 1000 100 0 1 -1.00 1.00 0 112 60 2 1 0 0 0 0 0 0 255 32 0 0 25 201 0 206 25 282 0 525 20 775 3 781 1 825 16 1075 6 1121 7 1171 14 1921 15 1999 14 2099 15 2106 14 2206 15 2214 14 2314 15 2344 14 2444 15 2478 14 2578 15 2605 14 2705 15 2739 14 2839 15 2869 14 2969 15 2992 14 3092 22 3492 2 4492
1775153016 997 7 2 1 1000 100 0 1 -1.00 1.00 0 113 61 2 1 0 0 0 0 0 0 255 43 0 0 23 250 24 413 20 463 3 469 4 513 1 563 16 813 6 861 7 911 14 1661 15 1763 14 1863 15 1878 14 1978 15 1981 14 2081 15 2111 14 2211 15 2250 14 2350 15 2365 14 2465 15 2480 14 2580 15 2621 14 2721 15 2740 14 2840 15 2863 14 2963 15 3204 14 3304 15 3350 14 3450 15 3484 14 3584 15 3615 14 3715 15 3757 14 3857 22 4257 2 5257
1775153022 998 7 1 1 1000 100 0 1 -1.00 -1.00 0 114 61 2 1 0 0 0 0 0 0 255 34 0 0 20 250 3 256 1 300 16 550 6 598 7 648 14 1398 15 1499 14 1599 15 1625 14 1725 15 1752 14 1852 15 1898 14 1998 15 2017 14 2117 15 2143 14 2243 15 2281 14 2381 15 2404 14 2504 15 2565 14 2665 15 2699 14 2799 15 2849 14 2949 15 3010 14 3110 22 3510 2 4510
1775153030 999 7 2 1 1000 100 0 1 1.00 1.00 0 115 61 2 1 0 0 0 0 0 0 255 70 0 0 25 237 0 1418 20 1668 3 1674 1 1718 16 1968 6 2038 7 2088 14 2838 15 3012 14 3112 15 3119 14 3219 15 3227 14 3327 15 3357 14 3457 15 3472 14 3572 15 3587 14 3687 15 3698 14 3798 15 3840 14 3940 15 3944 14 4044 15 4055 14 4155 15 4189 14 4289 15 4293 14 4393 15 4408 14 4508 15 4538 14 4638 15 4760 14 4860 15 4887 14 4987 15 4994 14 5094 15 5244 14 5344 15 5347 14 5447 15 5593 14 5693 15 5696 14 5796 15 5838 14 5938 15 5957 14 6057 15 6080 14 6180 15 6206 14 6306 15 6336 14 6436 15 6467 14 6567 15 6624 14 6724 15 6797 14 6897 22 7297 2 8297
1775153034 1000 7 2 1 1000 100 0 1 1.00 1.00 0 116 62 2 1 0 0 0 0 0 0 255 22 0 0 20 250 3 256 1 300 16 550 6 616 7 666 14 1416 15 1498 14 1598 15 1732 14 1832 15 1962 14 2062 15 2096 14 2196 15 2231 14 2331 15 2395 14 2495 22 2895 2 3895
1775153040 1001 7 2 1 1000 100 0 1 1.00 1.00 0 117 62 2 1 0 0 0 0 0 0 255 36 0 0 20 250 3 256 1 300 16 550 6 636 7 686 14 1436 15 1525 14 1625 15 1648 14 1748 15 1771 14 1871 15 1886 14 1986 15 2020 14 2120 15 2150 14 2250 15 2277 14 2377 15 2423 14 2523 15 2561 14 2661 15 2703 14 2803 15 2841 14 2941 15 2990 14 3090 15 3159 14 3259 22 3659 2 4659
1775153047 1002 7 2 1 1000 100 0 1 -1.00 1.00 0 118 62 2 1 0 0 0 0 0 0 255 42 0 0 25 18 0 193 20 443 3 449 1 493 16 743 6 777 7 827 14 1577 15 1663 14 1763 15 1778 14 1878 15 2031 14 2131 15 2150 14 2250 15 2414 14 2514 15 2518 14 2618 15 2664 14 2764 15 2779 14 2879 15 2901 14 3001 15 3162 14 3262 15 3281 14 3381 15 3404 14 3504 15 3530 14 3630 15 3672 14 3772 15 3818 14 3918 22 4318 2 5318
1775153104 1003 7 2 1 1000 100 0 1 1.00 1.00 0 119 63 2 1 0 0 0 0 0 0 255 29 0 0 23 250 24 416 20 466 3 472 4 516 1 566 16 816 6 841 7 891 14 1641 15 1735 14 1835 15 1858 14 1958 15 1988 14 2088 15 2103 14 2203 15 2230 14 2330 15 2479 14 2579 15 2621 14 2721 15 2782 14 2882 22 3282 2 4282
1775153682 1004 7 2 1 1000 100 0 1 -1.00 1.00 0 120 63 2 1 0 0 0 0 0 0 255 45 0 0 23 250 24 401 20 451 3 457 4 501 1 551 16 801 6 807 7 857 14 1607 15 1693 14 1793 15 1812 14 1912 15 1927 14 2027 15 2042 14 2142 15 2191 14 2291 15 2303 14 2403 15 2429 14 2529 15 2659 14 2759 15 2774 14 2874 15 2885 14 2985 15 3024 14 3124 15 3177 14 3277 15 3296 14 3396 15 3422 14 3522 15 3564 14 3664 15 3706 14 3806 22 4206 2 5206
1775153689 1005 7 2 1 1000 100 0 1 1.00 1.00 0 121 63 2 1 0 0 0 0 0 0 255 50 0 0 20 250 3 256 1 300 16 550 6 625 7 675 14 1425 15 1511 14 1611 15 1626 14 1726 15 1733 14 1833 15 1867 14 1967 15 2197 14 2297 15 2443 14 2543 15 2554 14 2654 15 2711 14 2811 15 2953 14 3053 15 3168 14 3268 15 3271 14 3371 15 3409 14 3509 15 3516 14 3616 15 3654 14 3754 15 3819 14 3919 15 3957 14 4057 15 4092 14 4192 15 4222 14 4322 15 4360 14 4460 15 4525 14 4625 22 5025 2 6025
1775153697 1006 7 1 1 1000 100 0 1 -1.00 -1.00 0 122 64 2 1 0 0 0 0 0 0 255 56 0 0 20 250 3 256 1 300 16 550 6 641 7 691 14 1441 15 1543 14 1643 15 1661 14 1761 15 1784 14 1884 15 1907 14 2007 15 2041 14 2141 15 2168 14 2268 15 2290 14 2390 15 2405 14 2505 15 2520 14 2620 15 2731 14 2831 15 2850 14 2950 15 3004 14 3104 15 3111 14 3211 15 3218 14 3318 15 3349 14 3449 15 3483 14 3583 15 3629 14 3729 15 3751 14 3851 15 3878 14 3978 15 4024 14 4124 15 4162 14 4262 15 4303 14 4403 15 4461 14 4561 22 4961 2 5961
1775153984 1007 7 2 1 1000 100 0 1 1.00 1.00 0 123 64 2 1 0 0 0 0 0 0 255 41 0 0 23 250 24 404 20 454 3 460 4 504 1 554 16 804 6 822 7 872 14 1622 15 1723 14 1823 15 1845 14 1945 15 1972 14 2072 15 2091 14 2191 15 2202 14 2302 15 2328 14 2428 15 2470 14 2570 15 2585 14 2685 15 2731 14 2831 15 2965 14 3065 15 3080 14 3180 15 3222 14 3322 15 3375 14 3475 15 3536 14 3636 22 4036 2 5036
1775153988 1008 7 1 4 1000 100 0 1 -1.00 -1.00 1 124 63 2 1 0 0 0 0 0 0 255 17 0 0 20 250 3 256 1 300 16 550 7 618 14 1368 22 1768 12 1769 22 1869 12 1892 22 1992 12 2682 22 2782 12 2908 22 3008 2 4008
1775153998 1009 7 1 1 1000 100 0 1 -1.00 -1.00 0 125 64 2 1 0 0 0 0 0 0 255 64 0 0 25 233 0 2334 20 2584 3 2590 1 2634 16 2884 6 2990 7 3040 14 3790 15 3879 14 3979 15 3990 14 4090 15 4221 14 4321 15 4339 14 4439 15 4451 14 4551 15 4577 14 4677 15 4685 14 4785 15 4807 14 4907 15 5037 14 5137 15 5145 14 5245 15 5271 14 5371 15 5394 14 5494 15 5532 14 5632 15 5662 14 5762 15 5785 14 5885 15 5919 14 6019 15 6030 14 6130 15 6149 14 6249 15 6268 14 6368 15 6376 14 6476 15 6510 14 6610 15 6629 14 6729 15 6755 14 6855 15 6889 14 6989 15 7043 14 7143 15 7192 14 7292 22 7692 2 8692
1775154003 1010 7 2 4 1000 100 0 1 1.00 1.00 1 126 63 2 1 0 0 0 0 0 0 255 10 0 0 20 250 3 256 1 300 16 550 5 1550 7 2286 14 3036 22 3436 2 4436
1775154415 1011 7 2 1 1000 100 0 1 1.00 1.00 0 127 64 2 1 0 0 0 0 0 0 255 50 0 0 23 250 24 401 20 451 3 457 4 501 1 551 16 801 5 1801 6 1831 7 1881 14 2631 15 2674 14 2774 15 2785 14 2885 15 2893 14 2993 15 3015 14 3115 15 3130 14 3230 15 3242 14 3342 15 3495 14 3595 15 3625 14 3725 15 3748 14 3848 15 3882 14 3982 15 3993 14 4093 15 4108 14 4208 15 4235 14 4335 15 4461 14 4561 15 4576 14 4676 15 4695 14 4795 15 4921 14 5021 15 5070 14 5170 22 5570 2 6570
1775154907 1012 7 1 1 1000 100 0 1 -1.00 -1.00 0 128 64 2 1 0 0 0 0 0 0 255 25 0 0 23 250 24 408 20 458 3 464 4 508 1 558 16 808 6 1102 7 1152 14 1902 15 2015 14 2115 15 2137 14 2237 15 2252 14 2352 15 2371 14 2471 15 2505 14 2605 15 2655 14 2755 22 3155 2 4155
1775154914 1013 7 1 1 1000 100 0 1 -1.00 -1.00 0 129 64 2 1 0 0 0 0 0 0 255 50 0 0 20 250 3 256 1 300 16 550 6 624 7 674 14 1424 15 1506 14 1606 15 1648 14 1748 15 1778 14 1878 15 2004 14 2104 15 2108 14 2208 15 2223 14 2323 15 2349 14 2449 15 2461 14 2561 15 2564 14 2664 15 2821 14 2921 15 3047 14 3147 15 3174 14 3274 15 3301 14 3401 15 3431 14 3531 15 3546 14 3646 15 3676 14 3776 15 3803 14 3903 15 3945 14 4045 15 4094 14 4194 15 4252 14 4352 22 4752 2 5752
1775155182 1014 7 2 1 1000 100 0 1 -1.00 1.00 0 130 64 2 1 0 0 0 0 0 0 255 53 0 0 23 250 24 410 20 460 3 466 4 510 1 560 16 810 6 893 7 943 14 1693 15 1782 14 1882 15 1905 14 2005 15 2047 14 2147 15 2173 14 2273 15 2296 14 2396 15 2419 14 2519 15 2542 14 2642 15 2657 14 2757 15 2783 14 2883 15 2917 14 3017 15 3028 14 3128 15 3278 14 3378 15 3396 14 3496 15 3523 14 3623 15 3646 14 3746 15 3772 14 3872 15 3914 14 4014 15 4048 14 4148 15 4209 14 4309 15 4355 14 4455 22 4855 2 5855
1775155186 1015 7 2 4 1000 100 0 1 -1.00 1.00 1 131 64 2 1 0 0 0 0 0 0 255 9 0 0 20 250 3 256 1 300 16 550 7 1037 14 1787 22 2187 2 3187
1775155191 1016 7 2 1 1000 100 0 1 -1.00 1.00 0 132 64 2 1 0 0 0 0 0 0 255 38 0 0 20 250 3 256 1 300 16 550 6 646 7 696 14 1446 15 1536 14 1636 15 1651 14 1751 15 1766 14 1866 15 1900 14 2000 15 2031 14 2131 15 2161 14 2261 15 2307 14 2407 15 2445 14 2545 15 2556 14 2656 15 2683 14 2783 15 2821 14 2921 15 2986 14 3086 15 3127 14 3227 15 3277 14 3377 22 3777 2 4777
1775155205 1017 7 1 2 1000 100 0 1 1.00 -1.00 0 133 64 2 1 0 0 0 0 0 0 255 9 0 0 20 250 3 256 1 300 16 550 9 613 13 1113 22 4113 2 5113
1775155737 1018 7 2 1 1000 100 0 1 -1.00 1.00 0 134 64 2 1 0 0 0 0 0 0 255 73 0 0 23 250 24 416 20 466 3 472 4 516 1 566 16 816 6 926 7 976 14 1726 15 1762 14 1862 15 1892 14 1992 15 2026 14 2126 15 2137 14 2237 15 2256 14 2356 15 2383 14 2483 15 2513 14 2613 15 2636 14 2736 15 2759 14 2859 15 2881 14 2981 15 3012 14 3112 15 3142 14 3242 15 3265 14 3365 15 3395 14 3495 15 3518 14 3618 15 3648 14 3748 15 3752 14 3852 15 3970 14 4070 15 4116 14 4216 15 4235 14 4335 15 4354 14 4454 15 4610 14 4710 15 4726 14 4826 15 4860 14 4960 15 4986 14 5086 15 5113 14 5213 15 5243 14 5343 15 5381 14 5481 15 5519 14 5619 15 5700 14 5800 22 6200 2 7200
1775155759 1019 7 2 1 1000 100 0 1 1.00 1.00 0 135 64 2 1 0 0 0 0 0 0 255 24 0 0 25 108 0 1798 20 2048 3 2054 1 2098 16 2348 6 2374 7 2424 14 3174 15 3287 14 3387 15 3406 14 3506 15 3536 14 3636 15 3690 14 3790 15 3820 14 3920 15 3947 14 4047 22 4447 2 5447
1775155766 1020 7 2 1 1000 100 0 1 1.00 1.00 0 136 65 2 1 0 0 0 0 0 0 255 64 0 0 25 159 0 451 20 701 3 707 1 751 16 1001 6 1037 7 1087 14 1837 15 1861 14 1961 15 1976 14 2076 15 2087 14 2187 15 2226 14 2326 15 2333 14 2433 15 2448 14 2548 15 2578 14 2678 15 2724 14 2824 15 2851 14 2951 15 2977 14 3077 15 3119 14 3219 15 3257 14 3357 15 3376 14 3476 15 3499 14 3599 15 3618 14 3718 15 3775 14 3875 15 3890 14 3990 15 4032 14 4132 15 4155 14 4255 15 4289 14 4389 15 4439 14 4539 15 4573 14 4673 15 4715 14 4815 15 4853 14 4953 15 5006 14 5106 15 5171 14 5271 22 5671 2 6671
1775155776 1021 7 1 1 1000 100 0 1 1.00 -1.00 0 137 65 2 1 0 0 0 0 0 0 255 24 0 0 20 250 3 256 1 300 16 550 6 617 7 667 14 1417 15 1503 14 1603 15 1752 14 1852 15 1879 14 1979 15 2028 14 2128 15 2162 14 2262 15 2316 14 2416 15 2450 14 2550 22 2950 2 3950
1775155783 1022 7 1 2 1000 100 0 1 1.00 -1.00 0 138 64 2 1 0 0 0 0 0 0 255 11 0 0 25 49 0 128 20 378 3 384 1 428 16 678 9 680 13 1180 22 4180 2 5180
1775156198 1023 7 2 1 1000 100 0 1 1.00 1.00 0 139 65 2 1 0 0 0 0 0 0 255 37 0 0 23 250 24 408 20 458 3 464 4 508 1 558 16 808 6 818 7 868 14 1618 15 1723 14 1823 15 1842 14 1942 15 1969 14 2069 15 2091 14 2191 15 2206 14 2306 15 2321 14 2421 15 2456 14 2556 15 2578 14 2678 15 2716 14 2816 15 2870 14 2970 15 3008 14 3108 15 3161 14 3261 22 3661 2 4661
1775156564 1024 7 1 1 1000 100 0 1 -1.00 -1.00 0 140 65 2 1 0 0 0 0 0 0 255 51 0 0 23 250 24 416 20 466 3 472 4 516 1 566 16 816 6 1091 7 1141 14 1891 15 1896 14 1996 15 2023 14 2123 15 2149 14 2249 15 2283 14 2383 15 2422 14 2522 15 2556 14 2656 15 2690 14 2790 15 2824 14 2924 15 2978 14 3078 15 3096 14 3196 15 3353 14 3453 15 3476 14 3576 15 3606 14 3706 15 3733 14 3833 15 3886 14 3986 15 4040 14 4140 15 4205 14 4305 15 4377 14 4477 15 4615 14 4715 22 5115 2 6115
1775156575 1025 7 2 4 1000 100 0 1 1.00 1.00 0 141 64 2 1 0 0 0 0 0 0 255 4 0 0 25 62 22 5062 2 6062
1775157025 1026 7 2 1 1000 100 0 1 1.00 1.00 0 142 65 2 1 0 0 0 0 0 0 255 33 0 0 23 250 24 404 20 454 3 460 4 504 1 554 16 804 6 856 7 906 14 1656 15 1661 14 1761 15 1784 14 1884 15 1926 14 2026 15 2052 14 2152 15 2183 14 2283 15 2313 14 2413 15 2436 14 2536 15 2566 14 2666 15 2739 14 2839 15 2904 14 3004 22 3404 2 4404
1775157036 1027 7 2 1 1000 100 0 1 1.00 1.00 0 143 65 2 1 0 0 0 0 0 0 255 34 0 0 25 210 0 911 20 1161 3 1167 1 1211 16 1461 6 1532 7 1582 14 2332 15 2337 14 2437 15 2445 14 2545 15 2571 14 2671 15 2694 14 2794 15 2947 14 3047 15 3085 14 3185 15 3200 14 3300 15 3323 14 3423 15 3453 14 3553 15 3614 14 3714 15 3741 14 3841 22 4241 2 5241
1775157204 1028 7 2 1 1000 100 0 1 -1.00 1.00 0 144 65 2 1 0 0 0 0 0 0 255 19 0 0 23 250 24 400 20 450 3 456 4 500 1 550 16 800 6 802 7 852 14 1602 15 1688 14 1788 15 1834 14 1934 15 2010 14 2110 22 2510 2 3510
1775157212 1029 7 1 1 1000 100 0 1 -1.00 -1.00 0 145 65 2 1 0 0 0 0 0 0 255 46 0 0 20 250 3 256 1 300 16 550 6 608 7 658 14 1408 15 1440 14 1540 15 1571 14 1671 15 1724 14 1824 15 1855 14 1955 15 1981 14 2081 15 2111 14 2211 15 2227 14 2327 15 2533 14 2633 15 2671 14 2771 15 2809 14 2909 15 2947 14 3047 15 3074 14 3174 15 3216 14 3316 15 3362 14 3462 15 3500 14 3600 15 3642 14 3742 15 3814 14 3914 15 3971 14 4071 22 4471 2 5471
1775157812 1030 7 2 1 1000 100 0 1 -1.00 1.00 0 146 66 2 1 0 0 0 0 0 0 255 35 0 0 23 250 24 414 20 464 3 470 4 514 1 564 16 814 6 1020 7 1070 14 1820 15 2039 14 2139 15 2158 14 2258 15 2300 14 2400 15 2423 14 2523 15 2545 14 2645 15 2664 14 2764 15 2783 14 2883 15 2906 14 3006 15 3029 14 3129 15 3155 14 3255 15 3289 14 3389 22 3789 2 4789
1775157821 1031 7 1 2 1000 100 0 1 1.00 -1.00 0 147 65 2 1 0 0 0 0 0 0 255 9 0 0 20 250 3 256 1 300 16 550 9 587 13 1087 22 4087 2 5087
1775158194 1032 7 1 1 1000 100 0 1 1.00 -1.00 0 148 65 2 1 0 0 0 0 0 0 255 49 0 0 23 250 24 411 20 461 3 467 4 511 1 561 16 811 6 1017 7 1067 14 1817 15 1922 14 2022 15 2044 14 2144 15 2163 14 2263 15 2286 14 2386 15 2405 14 2505 15 2520 14 2620 15 2638 14 2738 15 2773 14 2873 15 2903 14 3003 15 3033 14 3133 15 3168 14 3268 15 3294 14 3394 15 3428 14 3528 15 3559 14 3659 15 3674 14 3774 15 3819 14 3919 15 3953 14 4053 15 4141 14 4241 22 4641 2 5641
1775160622 1033 7 2 1 1000 100 0 1 -1.00 1.00 0 149 66 2 1 0 0 0 0 0 0 255 37 0 0 23 250 24 420 20 470 3 476 4 520 1 570 16 820 6 999 7 1049 14 1799 15 1800 14 1900 15 1938 14 2038 15 2069 14 2169 15 2214 14 2314 15 2318 14 2418 15 2440 14 2540 15 2579 14 2679 15 2843 14 2943 15 2997 14 3097 15 3150 14 3250 15 3284 14 3384 15 3441 14 3541 22 3941 2 4941
1775160648 1034 7 2 1 1000 100 0 1 1.00 1.00 0 150 66 2 1 0 0 0 0 0 0 255 58 0 0 20 250 3 256 1 300 16 550 6 706 7 756 14 1506 15 1534 14 1634 15 1680 14 1780 15 1818 14 1918 15 1952 14 2052 15 2083 14 2183 15 2202 14 2302 15 2328 14 2428 15 2478 14 2578 15 2612 14 2712 15 2731 14 2831 15 2873 14 2973 15 3003 14 3103 15 3141 14 3241 15 3275 14 3375 15 3402 14 3502 15 3525 14 3625 15 3674 14 3774 15 3812 14 3912 15 3970 14 4070 15 4115 14 4215 15 4288 14 4388 15 4449 14 4549 15 4621 14 4721 15 4775 14 4875 22 5275 2 6275
1775160654 1035 7 2 1 1000 100 0 1 1.00 1.00 0 151 66 2 1 0 0 0 0 0 0 255 36 0 0 20 250 3 256 1 300 16 550 6 651 7 701 14 1451 15 1495 14 1595 15 1625 14 1725 15 1764 14 1864 15 1925 14 2025 15 2070 14 2170 15 2228 14 2328 15 2381 14 2481 15 2553 14 2653 15 2695 14 2795 15 2853 14 2953 15 3029 14 3129 15 3198 14 3298 15 3382 14 3482 22 3882 2 4882
1775160667 1036 7 2 1 1000 100 0 1 1.00 1.00 0 152 67 2 1 0 0 0 0 0 0 255 34 0 0 20 250 3 256 1 300 16 550 6 566 7 616 14 1366 15 1383 14 1483 15 1502 14 1602 15 1640 14 1740 15 1759 14 1859 15 1904 14 2004 15 2066 14 2166 15 2234 14 2334 15 2392 14 2492 15 2556 14 2656 15 2802 14 2902 15 2963 14 3063 15 3166 14 3266 22 3666 2 4666
1775160733 1037 7 2 1 1000 100 0 1 -1.00 1.00 0 153 67 2 1 0 0 0 0 0 0 255 47 0 0 23 250 24 406 20 456 3 462 4 506 1 556 16 806 6 828 7 878 14 1628 15 1629 14 1729 15 1764 14 1864 15 1898 14 1998 15 2024 14 2124 15 2159 14 2259 15 2308 14 2408 15 2450 14 2550 15 2604 14 2704 15 2757 14 2857 15 2907 14 3007 15 3072 14 3172 15 3214 14 3314 15 3332 14 3432 15 3467 14 3567 15 3609 14 3709 15 3777 14 3877 15 3942 14 4042 22 4442 2 5442
1775160740 1038 7 1 2 1000 100 0 1 1.00 -1.00 0 154 66 2 1 0 0 0 0 0 0 255 9 0 0 20 250 3 256 1 300 16 550 9 614 13 1114 22 4114 2 5114
1775160746 1039 7 2 1 1000 100 0 1 -1.00 1.00 0 155 67 2 1 0 0 0 0 0 0 255 34 0 0 20 250 3 256 1 300 16 550 6 689 7 739 14 1489 15 1529 14 1629 15 1660 14 1760 15 1809 14 1909 15 1959 14 2059 15 2116 14 2216 15 2266 14 2366 15 2415 14 2515 15 2553 14 2653 15 2691 14 2791 15 2845 14 2945 15 2975 14 3075 15 3144 14 3244 22 3644 2 4644
1775162309 1040 7 1 1 1000 100 0 1 1.00 -1.00 0 156 67 2 1 0 0 0 0 0 0 255 73 0 0 23 250 24 417 20 467 3 473 4 517 1 567 16 817 6 1230 7 1280 14 2030 15 2031 14 2131 15 2165 14 2265 15 2303 14 2403 15 2418 14 2518 15 2533 14 2633 15 2656 14 2756 15 2783 14 2883 15 2909 14 3009 15 3040 14 3140 15 3181 14 3281 15 3316 14 3416 15 3435 14 3535 15 3557 14 3657 15 3695 14 3795 15 3807 14 3907 15 3925 14 4025 15 4071 14 4171 15 4186 14 4286 15 4336 14 4436 15 4462 14 4562 15 4592 14 4692 15 4746 14 4846 15 4861 14 4961 15 4980 14 5080 15 5133 14 5233 15 5271 14 5371 15 5413 14 5513 15 5570 14 5670 15 5758 14 5858 15 5961 14 6061 22 6461 2 7461
1775162313 1041 7 2 1 1000 100 0 1 1.00 1.00 0 157 67 2 1 0 0 0 0 0 0 255 16 0 0 25 232 0 885 20 1135 3 1141 1 1185 16 1435 6 1450 7 1500 14 2250 15 2267 14 2367 15 2413 14 2513 22 2913 2 3913
1775162786 1042 7 2 1 1000 100 0 1 -1.00 1.00 0 158 67 2 1 0 0 0 0 0 0 255 73 0 0 23 250 24 425 20 475 3 481 4 525 1 575 16 825 6 877 7 927 14 1677 15 1744 14 1844 15 1855 14 1955 15 1989 14 2089 15 2120 14 2220 15 2242 14 2342 15 2380 14 2480 15 2511 14 2611 15 2695 14 2795 15 2817 14 2917 15 2959 14 3059 15 3090 14 3190 15 3243 14 3343 15 3370 14 3470 15 3504 14 3604 15 3646 14 3746 15 3788 14 3888 15 3937 14 4037 15 4083 14 4183 15 4225 14 4325 15 4370 14 4470 15 4520 14 4620 15 4654 14 4754 15 4781 14 4881 15 4907 14 5007 15 5030 14 5130 15 5176 14 5276 15 5329 14 5429 15 5490 14 5590 15 5647 14 5747 15 5877 14 5977 22 6377 2 7377
1775162793 1043 7 2 1 1000 100 0 1 1.00 1.00 0 159 67 2 1 0 0 0 0 0 0 255 62 0 0 20 250 3 256 1 300 16 550 6 877 7 927 14 1677 15 1690 14 1790 15 1801 14 1901 15 1916 14 2016 15 2039 14 2139 15 2165 14 2265 15 2319 14 2419 15 2438 14 2538 15 2553 14 2653 15 2702 14 2802 15 2813 14 2913 15 3043 14 3143 15 3193 14 3293 15 3327 14 3427 15 3438 14 3538 15 3561 14 3661 15 3676 14 3776 15 3975 14 4075 15 4117 14 4217 15 4259 14 4359 15 4409 14 4509 15 4558 14 4658 15 4711 14 4811 15 4865 14 4965 15 5018 14 5118 15 5187 14 5287 15 5390 14 5490 22 5890 2 6890
1775162797 1044 7 2 4 1000 100 0 1 -1.00 1.00 1 160 67 2 1 0 0 0 0 0 0 255 19 0 0 20 250 3 256 1 300 16 550 7 573 14 1323 15 1689 14 1789 15 1831 14 1931 15 1950 14 2050 15 2096 14 2196 15 2211 14 2311 22 2711 2 3711
1775162803 1045 7 2 1 1000 100 0 1 -1.00 1.00 0 161 67 2 1 0 0 0 0 0 0 255 44 0 0 20 250 3 256 1 300 16 550 6 654 7 704 14 1454 15 1567 14 1667 15 1678 14 1778 15 1805 14 1905 15 2073 14 2173 15 2227 14 2327 15 2376 14 2476 15 2518 14 2618 15 2660 14 2760 15 2813 14 2913 15 2955 14 3055 15 3105 14 3205 15 3250 14 3350 15 3415 14 3515 15 3599 14 3699 15 3757 14 3857 15 3906 14 4006 15 4094 14 4194 22 4594 2 5594
1775162807 1046 7 1 1 1000 100 0 1 -1.00 -1.00 0 162 67 2 1 0 0 0 0 0 0 255 16 0 0 20 250 3 256 1 300 16 550 6 666 7 716 14 1466 15 1594 14 1694 15 1747 14 1847 15 1947 14 2047 22 2447 2 3447
1775162814 1047 7 2 1 1000 100 0 1 1.00 1.00 0 163 68 2 1 0 0 0 0 0 0 255 40 0 0 20 250 3 256 1 300 16 550 6 731 7 781 14 1531 15 1729 14 1829 15 2008 14 2108 15 2131 14 2231 15 2265 14 2365 15 2434 14 2534 15 2614 14 2714 15 2787 14 2887 15 2933 14 3033 15 3128 14 3228 15 3286 14 3386 15 3450 14 3550 15 3654 14 3754 15 3838 14 3938 15 4018 14 4118 15 4237 14 4337 22 4737 2 5737
1775162820 1048 7 1 1 1000 100 0 1 -1.00 -1.00 0 164 68 2 1 0 0 0 0 0 0 255 40 0 0 20 250 3 256 1 300 16 550 6 679 7 729 14 1479 15 1549 14 1649 15 1684 14 1784 15 1837 14 1937 15 2010 14 2110 15 2159 14 2259 15 2328 14 2428 15 2512 14 2612 15 2665 14 2765 15 2815 14 2915 15 2957 14 3057 15 3107 14 3207 15 3279 14 3379 15 3436 14 3536 15 3613 14 3713 15 3816 14 3916 22 4316 2 5316
1775162826 1049 7 2 1 1000 100 0 1 -1.00 1.00 0 165 68 2 1 0 0 0 0 0 0 255 44 0 0 20 250 3 256 1 300 16 550 6 586 7 636 14 1386 15 1503 14 1603 15 1679 14 1779 15 1798 14 1898 15 1925 14 2025 15 2082 14 2182 15 2228 14 2328 15 2389 14 2489 15 2527 14 2627 15 2684 14 2784 15 2822 14 2922 15 3003 14 3103 15 3141 14 3241 15 3375 14 3475 15 3547 14 3647 15 3727 14 3827 15 3911 14 4011 15 4111 14 4211 22 4611 2 5611
1775162833 1050 7 2 1 1000 100 0 1 1.00 1.00 0 166 68 2 1 0 0 0 0 0 0 255 34 0 0 20 250 3 256 1 300 16 550 6 653 7 703 14 1453 15 1562 14 1662 15 1696 14 1796 15 1853 14 1953 15 1988 14 2088 15 2168 14 2268 15 2344 14 2444 15 2498 14 2598 15 2609 14 2709 15 3042 14 3142 15 3207 14 3307 15 3376 14 3476 15 3556 14 3656 22 4056 2 5056
1775162842 1051 7 1 1 1000 100 0 1 -1.00 -1.00 0 167 69 2 1 0 0 0 0 0 0 255 28 0 0 25 248 0 1757 20 2007 3 2013 1 2057 16 2307 6 2490 7 2540 14 3290 15 3384 14 3484 15 3534 14 3634 15 3867 14 3967 15 4044 14 4144 15 4320 14 4420 15 4512 14 4612 15 4680 14 4780 15 5052 14 5152 22 5552 2 6552
1775162848 1052 7 1 1 1000 100 0 1 -1.00 -1.00 0 168 69 2 1 0 0 0 0 0 0 255 28 0 0 20 250 3 256 1 300 16 550 6 798 7 848 14 1598 15 1684 14 1784 15 1822 14 1922 15 1994 14 2094 15 2148 14 2248 15 2324 14 2424 15 2631 14 2731 15 2788 14 2888 15 3153 14 3253 22 3653 12 3801 22 3901 2 4901
1775162853 1053 7 1 1 1000 100 0 1 -1.00 -1.00 0 169 69 2 1 0 0 0 0 0 0 255 32 0 0 20 250 3 256 1 300 16 550 6 709 7 759 14 1509 15 1618 14 1718 15 1753 14 1853 15 1887 14 1987 15 2201 14 2301 15 2351 14 2451 15 2516 14 2616 15 2658 14 2758 15 2811 14 2911 15 2968 14 3068 15 3137 14 3237 15 3294 14 3394 22 3794 2 4794
1775162858 1054 7 1 1 1000 100 0 1 -1.00 -1.00 0 170 69 2 1 0 0 0 0 0 0 255 32 0 0 20 250 3 256 1 300 16 550 6 647 7 697 14 1447 15 1564 14 1664 15 1725 14 1825 15 1886 14 1986 15 2066 14 2166 15 2227 14 2327 15 2361 14 2461 15 2530 14 2630 15 2676 14 2776 15 2825 14 2925 15 2994 14 3094 15 3312 14 3412 22 3812 2 4812
1775162864 1055 7 2 2 1000 100 0 1 -1.00 1.00 0 171 69 2 1 0 0 0 0 0 0 255 9 0 0 20 250 3 256 1 300 16 550 9 667 13 1167 22 4167 2 5167
1775162875 1056 7 1 2 1000 100 0 1 1.00 -1.00 0 172 68 2 1 0 0 0 0 0 0 255 9 0 0 20 250 3 256 1 300 16 550 9 602 13 1102 22 4102 2 5102
1775163195 1057 7 2 1 1000 100 0 1 -1.00 1.00 0 173 68 2 1 0 0 0 0 0 0 255 53 0 0 23 250 24 408 20 458 3 464 4 508 1 558 16 808 6 818 7 868 14 1618 15 1646 14 1746 15 1780 14 1880 15 1895 14 1995 15 2022 14 2122 15 2160 14 2260 15 2302 14 2402 15 2428 14 2528 15 2574 14 2674 15 2697 14 2797 15 2819 14 2919 15 2946 14 3046 15 3092 14 3192 15 3241 14 3341 15 3372 14 3472 15 3490 14 3590 15 3628 14 3728 15 3770 14 3870 15 3908 14 4008 15 4073 14 4173 15 4269 14 4369 22 4769 2 5769
1775163202 1058 7 1 1 1000 100 0 1 -1.00 -1.00 0 174 69 2 1 0 0 0 0 0 0 255 72 0 0 20 250 3 256 1 300 16 550 6 690 7 740 14 1490 15 1553 14 1653 15 1695 14 1795 15 1802 14 1902 15 1959 14 2059 15 2101 14 2201 15 2239 14 2339 15 2397 14 2497 15 2508 14 2608 15 2638 14 2738 15 2772 14 2872 15 2899 14 2999 15 3018 14 3118 15 3156 14 3256 15 3294 14 3394 15 3439 14 3539 15 3574 14 3674 15 3715 14 3815 15 3865 14 3965 15 4007 14 4107 15 4133 14 4233 15 4264 14 4364 15 4387 14 4487 15 4521 14 4621 15 4690 14 4790 15 4812 14 4912 15 4946 14 5046 15 5085 14 5185 15 5226 14 5326 15 5365 14 5465 15 5514 14 5614 15 5694 14 5794 22 6194 2 7194
1775163209 1059 7 2 1 1000 100 0 1 -1.00 1.00 0 175 69 2 1 0 0 0 0 0 0 255 50 0 0 20 250 3 256 1 300 16 550 6 776 7 826 14 1576 15 1597 14 1697 15 1712 14 1812 15 1838 14 1938 15 1965 14 2065 15 2095 14 2195 15 2229 14 2329 15 2340 14 2440 15 2467 14 2567 15 2609 14 2709 15 2758 14 2858 15 2877 14 2977 15 3027 14 3127 15 3142 14 3242 15 3334 14 3434 15 3510 14 3610 15 3667 14 3767 15 3813 14 3913 15 4008 14 4108 15 4162 14 4262 15 4323 14 4423 22 4823 2 5823
1775163216 1060 7 2 1 1000 100 0 1 1.00 1.00 0 176 69 2 1 0 0 0 0 0 0 255 46 0 0 20 250 3 256 1 300 16 550 6 614 7 664 14 1414 15 1476 14 1576 15 1599 14 1699 15 1714 14 1814 15 1856 14 1956 15 1990 14 2090 15 2117 14 2217 15 2262 14 2362 15 2427 14 2527 15 2581 14 2681 15 2746 14 2846 15 2899 14 2999 15 3068 14 3168 15 3232 14 3332 15 3394 14 3494 15 3555 14 3655 15 3750 14 3850 15 3907 14 4007 15 4065 14 4165 22 4565 2 5565
1775163224 1061 7 1 1 1000 100 0 1 -1.00 -1.00 0 177 69 2 1 0 0 0 0 0 0 255 30 0 0 20 250 3 256 1 300 16 550 6 735 7 785 14 1535 15 1567 14 1667 15 1716 14 1816 15 1862 14 1962 15 2012 14 2112 15 2146 14 2246 15 2342 14 2442 15 2491 14 2591 15 2629 14 2729 15 2767 14 2867 15 2963 14 3063 22 3463 2 4463
1775163229 1062 7 1 2 1000 100 0 1 1.00 -1.00 0 178 69 2 1 0 0 0 0 0 0 255 9 0 0 20 250 3 256 1 300 16 550 9 556 13 1056 22 4056 2 5056
1775165974 1063 7 2 4 1000 100 0 1 1.00 1.00 1 179 68 2 1 0 0 0 0 0 0 255 52 0 0 23 250 24 421 20 471 3 477 4 521 1 571 16 821 7 908 14 1658 15 1702 14 1802 15 1821 14 1921 15 1939 14 2039 15 2066 14 2166 15 2200 14 2300 15 2307 14 2407 15 2419 14 2519 15 2549 14 2649 15 2668 14 2768 15 2771 14 2871 15 2894 14 2994 15 3044 14 3144 15 3159 14 3259 15 3278 14 3378 15 3397 14 3497 15 3508 14 3608 15 3646 14 3746 15 3769 14 3869 15 3926 14 4026 15 4068 14 4168 22 4568 2 5568
1775165986 1064 7 2 1 1000 100 0 1 -1.00 1.00 0 180 69 2 1 0 0 0 0 0 0 255 55 0 0 20 250 3 256 4 300 1 350 16 600 6 667 7 717 14 1467 15 1480 14 1580 15 1607 14 1707 15 1710 14 1810 15 1845 14 1945 15 1964 14 2064 15 2094 14 2194 15 2316 14 2416 15 2435 14 2535 15 2562 14 2662 15 2815 14 2915 15 2934 14 3034 15 3079 14 3179 15 3210 14 3310 15 3344 14 3444 15 3478 14 3578 15 3758 14 3858 15 3923 14 4023 15 4073 14 4173 15 4203 14 4303 15 4360 14 4460 15 4502 14 4602 15 4686 14 4786 22 5186 2 6186
1775165992 1065 7 1 2 1000 100 0 1 1.00 -1.00 0 181 68 2 1 0 0 0 0 0 0 255 11 0 0 25 225 0 649 20 899 3 905 1 949 16 1199 9 1256 13 1756 22 4756 2 5756
1775166092 1066 7 2 1 1000 100 0 1 -1.00 1.00 0 182 68 2 1 0 0 0 0 0 0 255 79 0 0 23 250 24 421 20 471 3 477 4 521 1 571 16 821 6 827 7 877 14 1627 15 1725 14 1825 15 1855 14 1955 15 1997 14 2097 15 2135 14 2235 15 2273 14 2373 15 2411 14 2511 15 2538 14 2638 15 2664 14 2764 15 2806 14 2906 15 2952 14 3052 15 3071 14 3171 15 3201 14 3301 15 3362 14 3462 15 3477 14 3577 15 3623 14 3723 15 3803 14 3903 15 3972 14 4072 15 4087 14 4187 15 4210 14 4310 15 4348 14 4448 15 4459 14 4559 15 4605 14 4705 15 4732 14 4832 15 4835 14 4935 15 4977 14 5077 15 5096 14 5196 15 5242 14 5342 15 5372 14 5472 15 5479 14 5579 15 5629 14 5729 15 5767 14 5867 15 5928 14 6028 15 6078 14 6178 22 6578 2 7578
1775166100 1067 7 1 1 1000 100 0 1 -1.00 -1.00 0 183 69 2 1 0 0 0 0 0 0 255 72 0 0 25 232 0 388 25 595 0 1226 20 1476 3 1482 1 1526 16 1776 6 1795 7 1845 14 2595 15 2646 14 2746 15 2776 14 2876 15 2922 14 3022 15 3041 14 3141 15 3179 14 3279 15 3328 14 3428 15 3463 14 3563 15 3570 14 3670 15 3723 14 3823 15 3838 14 3938 15 3988 14 4088 15 4111 14 4211 15 4230 14 4330 15 4375 14 4475 15 4544 14 4644 15 4709 14 4809 15 4839 14 4939 15 4943 14 5043 15 5089 14 5189 15 5207 14 5307 15 5326 14 5426 15 5572 14 5672 15 5756 14 5856 15 5902 14 6002 15 6047 14 6147 15 6224 14 6324 15 6366 14 6466 15 6508 14 6608 15 6672 14 6772 22 7172 2 8172
1775166108 1068 7 1 1 1000 100 0 1 1.00 -1.00 0 184 69 2 1 0 0 0 0 0 0 255 70 0 0 20 250 3 256 1 300 16 550 6 720 7 770 14 1520 15 1660 14 1760 15 1779 14 1879 15 1905 14 2005 15 2035 14 2135 15 2223 14 2323 15 2342 14 2442 15 2503 14 2603 15 2634 14 2734 15 2772 14 2872 15 2918 14 3018 15 3036 14 3136 15 3155 14 3255 15 3282 14 3382 15 3397 14 3497 15 3550 14 3650 15 3665 14 3765 15 3796 14 3896 15 3942 14 4042 15 4099 14 4199 15 4233 14 4333 15 4348 14 4448 15 4486 14 4586 15 4624 14 4724 15 4793 14 4893 15 4924 14 5024 15 5065 14 5165 15 5227 14 5327 15 5407 14 5507 15 5557 14 5657 15 5714 14 5814 22 6214 2 7214
1775166114 1069 7 1 1 1000 100 0 1 -1.00 -1.00 0 185 69 2 1 0 0 0 0 0 0 255 48 0 0 20 250 3 256 1 300 16 550 6 639 7 689 14 1439 15 1505 14 1605 15 1655 14 1755 15 1785 14 1885 15 1897 14 1997 15 2058 14 2158 15 2203 14 2303 15 2357 14 2457 15 2487 14 2587 15 2656 14 2756 15 2813 14 2913 15 2963 14 3063 15 3128 14 3228 15 3247 14 3347 15 3458 14 3558 15 3603 14 3703 15 3757 14 3857 15 3925 14 4025 15 4079 14 4179 15 4244 14 4344 22 4744 2 5744
1775166121 1070 7 1 1 1000 100 0 1 -1.00 -1.00 0 186 69 2 1 0 0 0 0 0 0 255 52 0 0 20 250 3 256 1 300 16 550 6 624 7 674 14 1424 15 1468 14 1568 15 1602 14 1702 15 1867 14 1967 15 2024 14 2124 15 2189 14 2289 15 2350 14 2450 15 2484 14 2584 15 2611 14 2711 15 2780 14 2880 15 3040 14 3140 15 3198 14 3298 15 3363 14 3463 15 3504 14 3604 15 3673 14 3773 15 3815 14 3915 15 3984 14 4084 15 4141 14 4241 15 4302 14 4402 15 4483 14 4583 15 4636 14 4736 15 4801 14 4901 22 5301 2 6301
1775166126 1071 7 2 1 1000 100 0 1 1.00 1.00 0 187 69 2 1 0 0 0 0 0 0 255 30 0 0 20 250 3 256 1 300 16 550 6 700 7 750 14 1500 15 1575 14 1675 15 1686 14 1786 15 1863 14 1963 15 2020 14 2120 15 2173 14 2273 15 2323 14 2423 15 2484 14 2584 15 2768 14 2868 15 2910 14 3010 15 3082 14 3182 22 3582 2 4582
1775166132 1072 7 1 1 1000 100 0 1 -1.00 -1.00 0 188 70 2 1 0 0 0 0 0 0 255 40 0 0 20 250 3 256 1 300 16 550 6 621 7 671 14 1421 15 1538 14 1638 15 1776 14 1876 15 1918 14 2018 15 2040 14 2140 15 2178 14 2278 15 2316 14 2416 15 2485 14 2585 15 2619 14 2719 15 2781 14 2881 15 2972 14 3072 15 3080 14 3180 15 3306 14 3406 15 3421 14 3521 15 3640 14 3740 15 3947 14 4047 22 4447 2 5447
1775166138 1073 7 1 2 1000 100 0 1 1.00 -1.00 0 189 69 2 1 0 0 0 0 0 0 255 9 0 0 20 250 3 256 1 300 16 550 9 555 13 1055 22 4055 2 5055
1775166745 1074 7 2 1 1000 100 0 1 1.00 1.00 0 190 69 2 1 0 0 0 0 0 0 255 25 0 0 23 250 24 407 20 457 3 463 4 507 1 557 16 807 6 970 7 1020 14 1770 15 1817 14 1917 15 1952 14 2052 15 2082 14 2182 15 2216 14 2316 15 2366 14 2466 15 2557 14 2657 22 3057 2 4057
1775166787 1075 7 1 1 1000 100 0 1 -1.00 -1.00 0 191 69 2 1 0 0 0 0 0 0 255 25 0 0 23 250 24 419 20 469 3 475 4 519 1 569 16 819 6 1071 7 1121 14 1871 15 1937 14 2037 15 2068 14 2168 15 2194 14 2294 15 2332 14 2432 15 2455 14 2555 15 2604 14 2704 22 3104 2 4104
1775166794 1076 7 2 1 1000 100 0 1 1.00 1.00 0 192 70 2 1 0 0 0 0 0 0 255 46 0 0 20 250 3 256 1 300 16 550 6 627 7 677 14 1427 15 1509 14 1609 15 1632 14 1732 15 1762 14 1862 15 1900 14 2000 15 2035 14 2135 15 2177 14 2277 15 2307 14 2407 15 2422 14 2522 15 2533 14 2633 15 2771 14 2871 15 2882 14 2982 15 3158 14 3258 15 3411 14 3511 15 3519 14 3619 15 3791 14 3891 15 3937 14 4037 15 4079 14 4179 15 4244 14 4344 22 4744 2 5744
1775170361 1077 7 2 2 1000 100 0 1 -1.00 1.00 0 193 69 2 1 0 0 0 0 0 0 255 12 0 0 23 250 24 408 20 458 3 464 4 508 1 558 16 808 9 872 13 1372 22 4372 2 5372
1775170369 1078 7 2 1 1000 100 0 1 1.00 1.00 0 194 69 2 1 0 0 0 0 0 0 255 69 0 0 20 250 3 256 4 300 1 350 16 600 6 672 7 722 14 1472 15 1574 14 1674 15 1696 14 1796 15 1815 14 1915 15 1946 14 2046 15 2080 14 2180 15 2199 14 2299 15 2329 14 2429 15 2455 14 2555 15 2594 14 2694 15 2724 14 2824 15 2850 14 2950 15 2969 14 3069 15 3126 14 3226 15 3238 14 3338 15 3360 14 3460 15 3506 14 3606 15 3613 14 3713 15 3740 14 3840 15 3855 14 3955 15 3966 14 4066 15 4104 14 4204 15 4258 14 4358 15 4399 14 4499 15 4549 14 4649 15 4699 14 4799 15 4825 14 4925 15 4967 14 5067 15 5128 14 5228 15 5285 14 5385 22 5785 2 6785
1775170421 1079 7 1 1 1000 100 0 1 -1.00 -1.00 0 195 70 2 1 0 0 0 0 0 0 255 79 0 0 23 250 24 425 20 475 3 481 4 525 1 575 16 825 6 1092 7 1142 14 1892 15 1897 14 1997 15 2024 14 2124 15 2146 14 2246 15 2281 14 2381 15 2511 14 2611 15 2633 14 2733 15 2756 14 2856 15 2921 14 3021 15 3036 14 3136 15 3320 14 3420 15 3442 14 3542 15 3581 14 3681 15 3726 14 3826 15 3841 14 3941 15 4137 14 4237 15 4267 14 4367 15 4374 14 4474 15 4516 14 4616 15 4643 14 4743 15 4788 14 4888 15 4934 14 5034 15 5061 14 5161 15 5199 14 5299 15 5337 14 5437 15 5463 14 5563 15 5605 14 5705 15 5720 14 5820 15 5854 14 5954 15 6004 14 6104 15 6150 14 6250 15 6292 14 6392 15 6441 14 6541 15 6618 14 6718 22 7118 2 8118
1775170431 1080 7 2 1 1000 100 0 1 1.00 1.00 0 196 70 2 1 0 0 0 0 0 0 255 24 0 0 20 250 3 256 1 300 16 550 6 595 7 645 14 1395 15 1465 14 1565 15 1588 14 1688 15 1707 14 1807 15 1830 14 1930 15 1972 14 2072 15 2091 14 2191 15 2259 14 2359 22 2759 2 3759
1775170437 1081 7 1 1 1000 100 0 1 -1.00 -1.00 0 197 70 2 1 0 0 0 0 0 0 255 46 0 0 20 250 3 256 1 300 16 550 6 615 7 665 14 1415 15 1447 14 1547 15 1582 14 1682 15 1700 14 1800 15 1823 14 1923 15 1969 14 2069 15 2126 14 2226 15 2264 14 2364 15 2379 14 2479 15 2506 14 2606 15 2655 14 2755 15 2862 14 2962 15 3024 14 3124 15 3181 14 3281 15 3319 14 3419 15 3480 14 3580 15 3660 14 3760 15 3825 14 3925 15 3986 14 4086 22 4486 2 5486
1775170446 1082 7 1 2 1000 100 0 1 -1.00 -1.00 0 198 70 2 1 0 0 0 0 0 0 255 11 0 0 25 205 0 2650 20 2900 3 2906 1 2950 16 3200 9 3250 13 3750 22 6750 2 7750
1775170621 1083 7 2 2 1000 100 0 1 -1.00 1.00 0 199 69 2 1 0 0 0 0 0 0 255 22 0 0 23 250 24 397 20 447 3 453 4 497 1 547 16 797 9 838 13 1338 22 4338 12 4480 22 4580 12 4633 22 4733 12 4806 22 4906 12 4956 22 5056 12 5124 22 5224 2 6224
1775170627 1084 7 2 1 1000 100 0 1 1.00 1.00 0 200 69 2 1 0 0 0 0 0 0 255 57 0 0 25 144 0 195 20 445 3 451 4 495 1 545 16 795 6 807 7 857 14 1607 15 1651 14 1751 15 1774 14 1874 15 1912 14 2012 15 2057 14 2157 15 2195 14 2295 15 2349 14 2449 15 2494 14 2594 15 2617 14 2717 15 2744 14 2844 15 2878 14 2978 15 3004 14 3104 15 3135 14 3235 15 3265 14 3365 15 3411 14 3511 15 3568 14 3668 15 3717 14 3817 15 3875 14 3975 15 4028 14 4128 15 4185 14 4285 15 4346 14 4446 15 4714 14 4814 15 4849 14 4949 22 5349 2 6349
1775170633 1085 7 2 1 1000 100 0 1 1.00 1.00 0 201 69 2 1 0 0 0 0 0 0 255 48 0 0 20 250 3 256 1 300 16 550 6 663 7 713 14 1463 15 1526 14 1626 15 1652 14 1752 15 1764 14 1864 15 1894 14 1994 15 2040 14 2140 15 2182 14 2282 15 2324 14 2424 15 2488 14 2588 15 2649 14 2749 15 2787 14 2887 15 2949 14 3049 15 3110 14 3210 15 3271 14 3371 15 3432 14 3532 15 3577 14 3677 15 3754 14 3854 15 3903 14 4003 15 4045 14 4145 15 4202 14 4302 22 4702 2 5702
1775170639 1086 7 2 1 1000 100 0 1 1.00 1.00 0 202 70 2 1 0 0 0 0 0 0 255 52 0 0 20 250 3 256 1 300 16 550 6 615 7 665 14 1415 15 1463 14 1563 15 1620 14 1720 15 1743 14 1843 15 1884 14 1984 15 2022 14 2122 15 2176 14 2276 15 2325 14 2425 15 2475 14 2575 15 2621 14 2721 15 2755 14 2855 15 2889 14 2989 15 3062 14 3162 15 3215 14 3315 15 3357 14 3457 15 3529 14 3629 15 3683 14 3783 15 3825 14 3925 15 3978 14 4078 15 4128 14 4228 15 4277 14 4377 15 4450 14 4550 22 4950 2 5950
1775170645 1087 7 2 1 1000 100 0 1 -1.00 1.00 0 203 70 2 1 0 0 0 0 0 0 255 44 0 0 20 250 3 256 1 300 16 550 6 753 7 803 14 1553 15 1574 14 1674 15 1678 14 1778 15 1796 14 1896 15 1923 14 2023 15 2076 14 2176 15 2199 14 2299 15 2360 14 2460 15 2502 14 2602 15 2671 14 2771 15 2824 14 2924 15 2982 14 3082 15 3139 14 3239 15 3304 14 3404 15 3465 14 3565 15 3618 14 3718 15 3779 14 3879 15 3967 14 4067 22 4467 2 5467
1775170650 1088 7 1 1 1000 100 0 1 -1.00 -1.00 0 204 70 2 1 0 0 0 0 0 0 255 26 0 0 20 250 3 256 1 300 16 550 6 670 7 720 14 1470 15 1509 14 1609 15 1651 14 1751 15 1793 14 1893 15 1947 14 2047 15 2108 14 2208 15 2288 14 2388 15 2449 14 2549 15 2618 14 2718 22 3118 2 4118
1775170655 1089 7 1 2 1000 100 0 1 1.00 -1.00 0 205 70 2 1 0 0 0 0 0 0 255 9 0 0 20 250 3 256 1 300 16 550 9 558 13 1058 22 4058 2 5058
1775170662 1090 7 1 1 1000 100 0 1 1.00 -1.00 0 206 70 2 1 0 0 0 0 0 0 255 50 0 0 20 250 3 256 1 300 16 550 6 785 7 835 14 1585 15 1598 14 1698 15 1705 14 1805 15 1839 14 1939 15 1974 14 2074 15 2104 14 2204 15 2369 14 2469 15 2503 14 2603 15 2664 14 2764 15 2802 14 2902 15 2948 14 3048 15 3082 14 3182 15 3193 14 3293 15 3354 14 3454 15 3500 14 3600 15 3665 14 3765 15 3822 14 3922 15 3964 14 4064 15 4125 14 4225 15 4282 14 4382 15 4439 14 4539 22 4939 2 5939
1775170669 1091 7 1 1 1000 100 0 1 1.00 -1.00 0 207 70 2 1 0 0 0 0 0 0 255 44 0 0 20 250 3 256 1 300 16 550 6 780 7 830 14 1580 15 1609 14 1709 15 1754 14 1854 15 1881 14 1981 15 2004 14 2104 15 2153 14 2253 15 2284 14 2384 15 2429 14 2529 15 2560 14 2660 15 2698 14 2798 15 2840 14 2940 15 2997 14 3097 15 3135 14 3235 15 3303 14 3403 15 3461 14 3561 15 3603 14 3703 15 3775 14 3875 15 3925 14 4025 22 4425 2 5425
1775170676 1092 7 1 1 1000 100 0 1 -1.00 -1.00 0 208 70 2 1 0 0 0 0 0 0 255 66 0 0 20 250 3 256 1 300 16 550 6 566 7 616 14 1366 15 1413 14 1513 15 1517 14 1617 15 1655 14 1755 15 1801 14 1901 15 1919 14 2019 15 2057 14 2157 15 2207 14 2307 15 2334 14 2434 15 2449 14 2549 15 2567 14 2667 15 2690 14 2790 15 2832 14 2932 15 2981 14 3081 15 3131 14 3231 15 3250 14 3350 15 3396 14 3496 15 3538 14 3638 15 3687 14 3787 15 3840 14 3940 15 3975 14 4075 15 4124 14 4224 15 4262 14 4362 15 4408 14 4508 15 4561 14 4661 15 4718 14 4818 15 4860 14 4960 15 5025 14 5125 15 5182 14 5282 22 5682 2 6682
1775170681 1093 7 1 1 1000 100 0 1 1.00 -1.00 0 209 70 2 1 0 0 0 0 0 0 255 38 0 0 20 250 3 256 1 300 16 550 6 660 7 710 14 1460 15 1542 14 1642 15 1684 14 1784 15 1848 14 1948 15 1960 14 2060 15 2086 14 2186 15 2224 14 2324 15 2381 14 2481 15 2539 14 2639 15 2696 14 2796 15 2868 14 2968 15 3018 14 3118 15 3156 14 3256 15 3321 14 3421 15 3482 14 3582 22 3982 2 4982
1775170688 1094 7 2 1 1000 100 0 1 1.00 1.00 0 210 70 2 1 0 0 0 0 0 0 255 48 0 0 20 250 3 256 1 300 16 550 6 648 7 698 14 1448 15 1530 14 1630 15 1810 14 1910 15 1941 14 2041 15 2098 14 2198 15 2259 14 2359 15 2378 14 2478 15 2504 14 2604 15 2623 14 2723 15 2796 14 2896 15 2926 14 3026 15 3080 14 3180 15 3233 14 3333 15 3387 14 3487 15 3544 14 3644 15 3705 14 3805 15 3858 14 3958 15 4019 14 4119 15 4200 14 4300 15 4353 14 4453 22 4853 2 5853
1775170693 1095 7 2 1 1000 100 0 1 -1.00 1.00 0 211 71 2 1 0 0 0 0 0 0 255 42 0 0 20 250 3 256 1 300 16 550 6 674 7 724 14 1474 15 1521 14 1621 15 1652 14 1752 15 1771 14 1871 15 1905 14 2005 15 2058 14 2158 15 2227 14 2327 15 2373 14 2473 15 2526 14 2626 15 2699 14 2799 15 2852 14 2952 15 2990 14 3090 15 3140 14 3240 15 3308 14 3408 15 3477 14 3577 15 3630 14 3730 15 3780 14 3880 22 4280 2 5280
1775170699 1096 7 1 1 1000 100 0 1 -1.00 -1.00 0 212 71 2 1 0 0 0 0 0 0 255 36 0 0 20 250 3 256 1 300 16 550 6 702 7 752 14 1502 15 1603 14 1703 15 1772 14 1872 15 1922 14 2022 15 2079 14 2179 15 2240 14 2340 15 2344 14 2444 15 2501 14 2601 15 2666 14 2766 15 2823 14 2923 15 2973 14 3073 15 3149 14 3249 15 3310 14 3410 15 3483 14 3583 22 3983 2 4983
1775170705 1097 7 2 2 1000 100 0 1 -1.00 1.00 0 213 70 2 1 0 0 0 0 0 0 255 9 0 0 20 250 3 256 1 300 16 550 9 834 13 1334 22 4334 2 5334
1775170711 1098 7 1 1 1000 100 0 1 1.00 -1.00 0 214 71 2 1 0 0 0 0 0 0 255 42 0 0 20 250 3 256 1 300 16 550 6 633 7 683 14 1433 15 1592 14 1692 15 1738 14 1838 15 1895 14 1995 15 2060 14 2160 15 2217 14 2317 15 2389 14 2489 15 2547 14 2647 15 2708 14 2808 15 2880 14 2980 15 3057 14 3157 15 3210 14 3310 15 3371 14 3471 15 3551 14 3651 15 3755 14 3855 15 3881 14 3981 15 3993 14 4093 22 4493 2 5493
1775170718 1099 7 1 1 1000 100 0 1 -1.00 -1.00 0 215 71 2 1 0 0 0 0 0 0 255 40 0 0 20 250 3 256 1 300 16 550 6 603 7 653 14 1403 15 1505 14 1605 15 1635 14 1735 15 1792 14 1892 15 1996 14 2096 15 2126 14 2226 15 2310 14 2410 15 2464 14 2564 15 2617 14 2717 15 2790 14 2890 15 2954 14 3054 15 3119 14 3219 15 3296 14 3396 15 3472 14 3572 15 3672 14 3772 15 3833 14 3933 22 4333 2 5333
1775170724 1100 7 2 1 1000 100 0 1 1.00 1.00 0 216 71 2 1 0 0 0 0 0 0 255 44 0 0 20 250 3 256 1 300 16 550 6 639 7 689 14 1439 15 1506 14 1606 15 1667 14 1767 15 1821 14 1921 15 1943 14 2043 15 2093 14 2193 15 2262 14 2362 15 2419 14 2519 15 2580 14 2680 15 2734 14 2834 15 2902 14 3002 15 3079 14 3179 15 3236 14 3336 15 3386 14 3486 15 3554 14 3654 15 3750 14 3850 15 3930 14 4030 15 4110 14 4210 22 4610 2 5610
1775170731 1101 7 1 1 1000 100 0 1 -1.00 -1.00 0 217 71 2 1 0 0 0 0 0 0 255 56 0 0 20 250 3 256 1 300 16 550 6 615 7 665 14 1415 15 1448 14 1548 15 1570 14 1670 15 1735 14 1835 15 1885 14 1985 15 2031 14 2131 15 2176 14 2276 15 2318 14 2418 15 2491 14 2591 15 2652 14 2752 15 2817 14 2917 15 2978 14 3078 15 3150 14 3250 15 3292 14 3392 15 3457 14 3557 15 3664 14 3764 15 3837 14 3937 15 4040 14 4140 15 4209 14 4309 15 4385 14 4485 15 4566 14 4666 15 4750 14 4850 22 5250 12 5306 22 5406 12 5590 22 5690 2 6690
1775170737 1102 7 1 1 1000 100 0 1 1.00 -1.00 0 218 71 2 1 0 0 0 0 0 0 255 42 0 0 20 250 3 256 1 300 16 550 6 1063 7 1113 14 1863 15 1868 14 1968 15 1999 14 2099 15 2152 14 2252 15 2260 14 2360 15 2490 14 2590 15 2789 14 2889 22 3289 12 3391 22 3491 12 3514 22 3614 12 3636 22 3736 12 3797 22 3897 12 3955 22 4055 12 4123 22 4223 12 4277 22 4377 12 4446 22 4546 12 4607 22 4707 12 4783 22 4883 2 5883
1775170746 1103 7 1 1 1000 100 0 1 -1.00 -1.00 0 219 71 2 1 0 0 0 0 0 0 255 64 0 0 20 250 3 256 1 300 16 550 6 656 7 706 14 1456 15 1557 14 1657 15 1695 14 1795 15 1864 14 1964 15 1968 14 2068 15 2148 14 2248 15 2305 14 2405 15 2451 14 2551 15 2600 14 2700 15 2738 14 2838 15 2873 14 2973 15 2988 14 3088 15 3160 14 3260 15 3421 14 3521 15 3709 14 3809 15 3877 14 3977 15 4057 14 4157 15 4234 14 4334 15 4414 14 4514 15 4548 14 4648 15 4705 14 4805 15 4867 14 4967 15 5051 14 5151 15 5215 14 5315 15 5396 14 5496 15 5584 14 5684 15 5764 14 5864 15 5917 14 6017 22 6417 2 7417
1775170752 1104 7 2 1 1000 100 0 1 1.00 1.00 0 220 72 2 1 0 0 0 0 0 0 255 46 0 0 20 250 3 256 1 300 16 550 6 659 7 709 14 1459 15 1553 14 1653 15 1710 14 1810 15 1867 14 1967 15 2036 14 2136 15 2197 14 2297 15 2354 14 2454 15 2508 14 2608 15 2649 14 2749 15 2803 14 2903 15 2945 14 3045 15 3087 14 3187 15 3271 14 3371 15 3439 14 3539 15 3620 14 3720 15 3827 14 3927 15 4003 14 4103 15 4202 14 4302 15 4379 14 4479 22 4879 2 5879
1775170758 1105 7 1 1 1000 100 0 1 1.00 -1.00 0 221 72 2 1 0 0 0 0 0 0 255 22 0 0 20 250 3 256 1 300 16 550 6 703 7 753 14 1503 15 1593 14 1693 15 1765 14 1865 15 2011 14 2111 15 2225 14 2325 15 2409 14 2509 15 2597 14 2697 22 3097 2 4097
1775170764 1106 7 1 1 1000 100 0 1 -1.00 -1.00 0 222 72 2 1 0 0 0 0 0 0 255 36 0 0 20 250 3 256 1 300 16 550 6 644 7 694 14 1444 15 1476 14 1576 15 1626 14 1726 15 1829 14 1929 15 1986 14 2086 15 2147 14 2247 15 2327 14 2427 15 2496 14 2596 15 2661 14 2761 15 2941 14 3041 15 3094 14 3194 15 3374 14 3474 15 3546 14 3646 15 3650 14 3750 22 4150 2 5150
1775170768 1107 7 2 1 1000 100 0 1 1.00 1.00 0 223 72 2 1 0 0 0 0 0 0 255 28 0 0 20 250 3 256 1 300 16 550 6 635 7 685 14 1435 15 1544 14 1644 15 1698 14 1798 15 1801 14 1901 15 2020 14 2120 15 2158 14 2258 15 2323 14 2423 15 2484 14 2584 15 2591 14 2691 15 3032 14 3132 22 3532 2 4532
1775170774 1108 7 1 2 1000 100 0 1 1.00 -1.00 0 224 72 2 1 0 0 0 0 0 0 255 9 0 0 20 250 3 256 1 300 16 550 9 755 13 1255 22 4255 2 5255
1775170780 1109 7 2 2 1000 100 0 1 -1.00 1.00 0 225 71 2 1 0 0 0 0 0 0 255 9 0 0 20 250 3 256 1 300 16 550 9 889 13 1389 22 4389 2 5389
1775175121 1110 7 2 4 1000 100 0 1 1.00 1.00 1 226 71 2 1 0 0 0 0 0 0 255 28 0 0 23 250 24 400 20 450 3 456 4 500 1 550 16 800 7 990 14 1740 15 1753 14 1853 15 1883 14 1983 15 2044 14 2144 15 2175 14 2275 15 2286 14 2386 15 2466 14 2566 15 2596 14 2696 15 2784 14 2884 22 3284 2 4284
1775175128 1111 7 2 1 1000 100 0 1 1.00 1.00 0 227 71 2 1 0 0 0 0 0 0 255 43 0 0 20 250 3 256 4 300 1 350 16 600 6 713 7 763 14 1513 22 1913 12 2089 22 2189 12 2250 22 2350 12 2488 22 2588 12 2641 22 2741 12 2791 22 2891 12 2948 22 3048 12 3109 22 3209 12 3262 22 3362 12 3427 22 3527 12 3588 22 3688 12 3757 22 3857 12 3902 22 4002 12 4021 22 4121 12 4167 22 4267 12 4339 22 4439 12 4516 22 4616 2 5616
1775175133 1112 7 2 1 1000 100 0 1 -1.00 1.00 0 228 71 2 1 0 0 0 0 0 0 255 28 0 0 20 250 3 256 1 300 16 550 6 627 7 677 14 1427 15 1574 14 1674 15 1719 14 1819 15 1835 14 1935 15 1996 14 2096 15 2157 14 2257 15 2329 14 2429 15 2494 14 2594 15 2697 14 2797 15 2870 14 2970 22 3370 2 4370
1775176276 1113 7 2 1 1000 100 0 1 -1.00 1.00 0 229 71 2 1 0 0 0 0 0 0 255 27 0 0 23 250 24 401 20 451 3 457 4 501 1 551 16 801 6 880 7 930 14 1680 15 1747 14 1847 15 2034 14 2134 15 2168 14 2268 15 2298 14 2398 15 2436 14 2536 15 2712 14 2812 15 2981 14 3081 22 3481 2 4481
1775176290 1114 7 1 2 1000 100 0 1 1.00 -1.00 0 230 71 2 1 0 0 0 0 0 0 255 9 0 0 20 250 3 256 1 300 16 550 9 821 13 1321 22 4321 2 5321
1775176381 1115 7 2 1 1000 100 0 1 1.00 1.00 0 231 71 2 1 0 0 0 0 0 0 255 29 0 0 23 250 24 413 20 463 3 469 4 513 1 563 16 813 6 992 7 1042 14 1792 15 1920 14 2020 15 2061 14 2161 15 2215 14 2315 15 2361 14 2461 15 2499 14 2599 15 2644 14 2744 15 2817 14 2917 15 2989 14 3089 22 3489 2 4489
1775176387 1116 7 2 1 1000 100 0 1 1.00 1.00 0 232 71 2 1 0 0 0 0 0 0 255 34 0 0 20 250 3 256 1 300 16 550 6 664 7 714 14 1464 15 1603 14 1703 15 1772 14 1872 15 1910 14 2010 15 2067 14 2167 15 2194 14 2294 15 2328 14 2428 15 2451 14 2551 15 2738 14 2838 15 2888 14 2988 15 3045 14 3145 15 3179 14 3279 15 3314 14 3414 22 3814 2 4814
1775176395 1117 7 2 1 1000 100 0 1 1.00 1.00 0 233 71 2 1 0 0 0 0 0 0 255 56 0 0 25 89 0 902 20 1152 3 1158 1 1202 16 1452 6 1544 7 1594 14 2344 15 2361 14 2461 15 2468 14 2568 15 2618 14 2718 15 2752 14 2852 15 2882 14 2982 15 3043 14 3143 15 3185 14 3285 15 3331 14 3431 15 3454 14 3554 15 3592 14 3692 15 3756 14 3856 15 3929 14 4029 15 4079 14 4179 15 4232 14 4332 15 4385 14 4485 15 4531 14 4631 15 4684 14 4784 15 4842 14 4942 15 4995 14 5095 15 5171 14 5271 15 5352 14 5452 15 5509 14 5609 22 6009 2 7009
1775176400 1118 7 1 2 1000 100 0 1 1.00 -1.00 0 234 71 2 1 0 0 0 0 0 0 255 9 0 0 20 250 3 256 1 300 16 550 9 622 13 1122 22 4122 2 5122
1775176406 1119 7 2 1 1000 100 0 1 1.00 1.00 0 235 71 2 1 0 0 0 0 0 0 255 40 0 0 20 250 3 256 1 300 16 550 6 690 7 740 14 1490 15 1618 14 1718 15 1779 14 1879 15 1933 14 2033 15 2098 14 2198 15 2259 14 2359 15 2581 14 2681 15 2826 14 2926 15 2964 14 3064 15 3102 14 3202 15 3378 14 3478 15 3524 14 3624 15 3678 14 3778 15 3800 14 3900 15 3954 14 4054 15 4188 14 4288 22 4688 2 5688
1775176415 1120 7 2 1 1000 100 0 1 1.00 1.00 0 236 71 2 1 0 0 0 0 0 0 255 30 0 0 20 250 3 256 1 300 16 550 6 616 7 666 14 1416 15 1471 14 1571 15 1613 14 1713 15 1751 14 1851 15 1893 14 1993 15 2035 14 2135 15 2161 14 2261 15 2326 14 2426 15 2506 14 2606 15 2679 14 2779 15 2855 14 2955 22 3355 2 4355
1775179265 1121 7 1 2 1000 100 0 1 1.00 -1.00 0 237 71 2 1 0 0 0 0 0 0 255 12 0 0 23 250 24 417 20 467 3 473 4 517 1 567 16 817 9 854 13 1354 22 4354 2 5354
1775179837 1122 7 1 2 1000 100 0 1 1.00 -1.00 0 238 70 2 1 0 0 0 0 0 0 255 24 0 0 23 250 24 416 20 466 3 472 4 516 1 566 16 816 9 1163 13 1663 22 4663 12 4683 22 4783 12 4814 22 4914 12 4986 22 5086 12 5224 22 5324 12 5408 22 5508 12 5653 22 5753 2 6753
1775179940 1123 7 2 1 1000 100 0 1 1.00 1.00 0 239 71 2 1 0 0 0 0 0 0 255 57 0 0 23 250 24 418 20 468 3 474 4 518 1 568 16 818 6 1001 7 1051 14 1801 15 1821 14 1921 15 1994 14 2094 15 2143 14 2243 15 2296 14 2396 15 2454 14 2554 15 2611 14 2711 15 2791 14 2891 15 2971 14 3071 15 3128 14 3228 15 3316 14 3416 15 3462 14 3562 15 3615 14 3715 15 3780 14 3880 15 3953 14 4053 15 4095 14 4195 15 4233 14 4333 15 4432 14 4532 15 4555 14 4655 15 4704 14 4804 15 4892 14 4992 15 5068 14 5168 15 5413 14 5513 22 5913 2 6913
1775179948 1124 7 2 2 1000 100 0 1 -1.00 1.00 0 240 70 2 1 0 0 0 0 0 0 255 9 0 0 20 250 3 256 1 300 16 550 9 763 13 1263 22 4263 2 5263
1775179955 1125 7 1 1 1000 100 0 1 1.00 -1.00 0 241 70 2 1 0 0 0 0 0 0 255 34 0 0 20 250 3 256 1 300 16 550 6 859 7 909 14 1659 15 1810 14 1910 15 1933 14 2033 15 2098 14 2198 15 2278 14 2378 15 2462 14 2562 15 2650 14 2750 15 2834 14 2934 15 3026 14 3126 15 3202 14 3302 15 3363 14 3463 15 3578 14 3678 15 3758 14 3858 22 4258 2 5258
1775179961 1126 7 2 2 1000 100 0 1 -1.00 1.00 0 242 70 2 1 0 0 0 0 0 0 255 9 0 0 20 250 3 256 1 300 16 550 9 806 13 1306 22 4306 2 5306
1775180186 1127 7 2 1 1000 100 0 1 1.00 1.00 0 243 70 2 1 0 0 0 0 0 0 255 19 0 0 23 250 24 420 20 470 3 476 4 520 1 570 16 820 6 956 7 1006 14 1756 15 1873 14 1973 15 2045 14 2145 15 2260 14 2360 22 2760 2 3760
1775180193 1128 7 2 1 1000 100 0 1 1.00 1.00 0 244 70 2 1 0 0 0 0 0 0 255 30 0 0 20 250 3 256 1 300 16 550 6 730 7 780 14 1530 15 1581 14 1681 15 1738 14 1838 15 1872 14 1972 15 2033 14 2133 15 2198 14 2298 15 2375 14 2475 15 2516 14 2616 15 2677 14 2777 15 2812 14 2912 15 2984 14 3084 22 3484 2 4484
1775180206 1129 7 1 1 1000 100 0 1 -1.00 -1.00 0 245 71 2 1 0 0 0 0 0 0 255 12 0 0 20 250 3 256 1 300 16 550 6 775 7 825 14 1575 15 1581 14 1681 22 2081 2 3081
1775181565 1130 7 2 1 1000 100 0 1 1.00 1.00 0 246 71 2 1 0 0 0 0 0 0 255 71 0 0 23 250 24 398 20 448 3 454 4 498 1 548 16 798 6 854 7 904 14 1654 15 1701 14 1801 15 1828 14 1928 15 1950 14 2050 15 2092 14 2192 15 2230 14 2330 15 2372 14 2472 15 2541 14 2641 15 2656 14 2756 15 2924 14 3024 15 3039 14 3139 15 3196 14 3296 15 3330 14 3430 15 3568 14 3668 15 3714 14 3814 15 3848 14 3948 15 3955 14 4055 15 4086 14 4186 15 4204 14 4304 15 4312 14 4412 15 4469 14 4569 15 4630 14 4730 15 4791 14 4891 15 4948 14 5048 15 5078 14 5178 15 5243 14 5343 15 5397 14 5497 15 5535 14 5635 15 5676 14 5776 15 5845 14 5945 22 6345 2 7345
1775181578 1131 7 2 2 1000 100 0 1 -1.00 1.00 0 247 70 2 1 0 0 0 0 0 0 255 9 0 0 20 250 3 256 1 300 16 550 9 713 13 1213 22 4213 2 5213
1775193036 1132 7 1 1 1000 100 0 1 -1.00 -1.00 0 248 70 2 1 0 0 0 0 0 0 255 33 0 0 23 250 24 415 20 465 3 471 4 515 1 565 16 815 6 1308 7 1358 14 2108 15 2278 14 2378 15 2401 14 2501 15 2566 14 2666 15 2712 14 2812 15 3187 14 3287 15 3544 14 3644 15 3659 14 3759 15 3881 14 3981 15 4046 14 4146 15 4173 14 4273 22 4673 2 5673
1775193044 1133 7 1 2 1000 100 0 1 1.00 -1.00 0 249 70 2 1 0 0 0 0 0 0 255 9 0 0 20 250 3 256 1 300 16 550 9 565 13 1065 22 4065 2 5065
1775193068 1134 7 2 1 1000 100 0 1 1.00 1.00 0 250 70 2 1 0 0 0 0 0 0 255 12 0 0 25 12 0 2443 20 2693 3 2699 1 2743 16 2993 6 3269 7 3319 14 4069 22 4469 2 5469
1775194067 1135 8 1 3 1000 100 1 1 -1.00 -0.50 1 0 0 1 1 1 0 0 0 0 0 255 8 0 0 23 250 24 412 20 462 3 468 1 512 11 611 2 811
1775194077 1136 8 2 1 1000 100 0 1 -1.00 1.00 0 1 100 2 1 1 0 0 0 0 0 255 70 0 0 25 211 0 2446 20 2696 3 2702 1 2746 16 2996 6 3114 7 3164 14 3914 15 3923 14 4023 15 4050 14 4150 15 4176 14 4276 15 4333 14 4433 15 4468 14 4568 15 4598 14 4698 15 4740 14 4840 15 4870 14 4970 15 5008 14 5108 15 5146 14 5246 15 5276 14 5376 15 5391 14 5491 15 5530 14 5630 15 5652 14 5752 15 5763 14 5863 15 5898 14 5998 15 6005 14 6105 15 6128 14 6228 15 6258 14 6358 15 6408 14 6508 15 6561 14 6661 15 6695 14 6795 15 6837 14 6937 15 6964 14 7064 15 7117 14 7217 15 7255 14 7355 15 7428 14 7528 15 7596 14 7696 15 7761 14 7861 22 8261 2 9261
1775194078 1137 8 1 3 1000 100 1 1 1.00 0.00 0 1 100 0 1 1 0 0 0 0 0 255 6 0 0 20 250 3 256 1 300 11 473 2 673
1775194083 1138 8 1 4 1000 100 0 1 -1.00 -0.50 1 2 49 1 1 1 0 0 0 0 0 255 13 0 0 20 250 3 256 1 300 16 550 7 736 14 1486 22 1886 12 2526 22 2626 12 2645 22 2745 2 3745
1775194096 1139 8 2 1 1000 100 0 1 1.00 1.00 0 3 66 2 1 1 0 0 0 0 0 255 80 0 0 20 250 3 256 1 300 16 550 6 721 7 771 14 1521 15 1653 14 1753 15 1756 14 1856 15 1883 14 1983 15 2021 14 2121 15 2144 14 2244 15 2282 14 2382 15 2393 14 2493 15 2508 14 2608 15 2635 14 2735 15 2753 14 2853 15 2868 14 2968 15 2995 14 3095 15 3114 14 3214 15 3248 14 3348 15 3382 14 3482 15 3516 14 3616 15 3635 14 3735 15 3762 14 3862 15 3927 14 4027 15 4069 14 4169 15 4210 14 4310 15 4352 14 4452 15 4510 14 4610 15 4667 14 4767 15 4824 14 4924 15 4962 14 5062 15 5108 14 5208 15 5284 14 5384 15 5438 14 5538 15 5618 14 5718 15 5771 14 5871 15 5921 14 6021 15 6093 14 6193 15 6262 14 6362 15 6446 14 6546 22 6946 2 7946
1775203624 1140 8 1 3 1000 100 1 1 -1.00 -0.50 0 3 66 1 1 1 0 0 0 0 0 255 8 0 0 23 250 24 414 20 464 3 470 1 514 11 694 2 894
1775203630 1141 8 1 1 1000 100 0 1 -1.00 -1.00 0 4 75 2 1 1 0 0 0 0 0 255 28 0 0 20 250 3 256 1 300 16 550 6 640 7 690 14 1440 15 1507 14 1607 15 1622 14 1722 15 1729 14 1829 15 1833 14 1933 15 2059 14 2159 15 2213 14 2313 15 2339 14 2439 15 2485 14 2585 15 2673 14 2773 22 3173 2 4173
1775203642 1142 8 1 2 1000 100 0 1 1.00 -1.00 0 5 59 2 1 1 0 0 0 0 0 255 19 0 0 20 250 3 256 1 300 16 550 9 570 13 1070 22 9070 12 10004 22 10104 12 10119 22 10219 12 10253 22 10353 12 10522 22 10622 12 11181 22 11281 2 12281
1775203649 1143 8 2 1 1000 100 0 1 1.00 0.50 0 6 66 1 1 1 0 0 0 0 0 255 10 0 0 20 250 3 256 1 300 16 550 6 771 7 821 14 1571 22 1971 2 2971
1775203664 1144 8 2 2 1000 100 0 1 -1.00 1.00 0 7 57 2 1 1 0 0 0 0 0 255 9 0 0 20 250 3 256 1 300 16 550 9 1061 13 1561 22 9561 2 10561
1775203676 1145 8 2 2 1000 100 0 1 -1.00 1.00 0 8 49 2 1 1 0 0 0 0 0 255 9 0 0 20 250 3 256 1 300 16 550 9 932 13 1432 22 9432 2 10432
1775204023 1146 8 1 2 1000 100 0 1 1.00 -0.50 0 9 44 1 1 1 0 0 0 0 0 255 11 0 0 23 250 24 410 20 460 3 466 1 510 16 760 9 1150 13 1650 22 9650 2 10650
1775204630 1147 8 2 1 1000 100 0 1 1.00 0.50 0 10 49 1 1 1 0 0 0 0 0 255 12 0 0 23 250 24 422 20 472 3 478 1 522 16 772 6 1005 7 1055 14 1805 22 2205 2 3205
1775204638 1148 8 1 1 1000 100 0 1 -1.00 0.00 0 11 54 0 1 1 0 0 0 0 0 255 58 0 0 20 250 3 256 1 300 16 550 6 881 7 931 14 1681 15 1767 14 1867 15 1920 14 2020 15 2062 14 2162 15 2204 14 2304 15 2357 14 2457 15 2487 14 2587 15 2618 14 2718 15 2767 14 2867 15 2932 14 3032 15 3082 14 3182 15 3247 14 3347 15 3400 14 3500 15 3565 14 3665 15 3703 14 3803 15 3891 14 3991 15 4033 14 4133 15 4209 14 4309 15 4416 14 4516 15 4627 14 4727 15 4761 14 4861 15 4926 14 5026 15 5076 14 5176 15 5214 14 5314 15 5436 14 5536 22 5936 2 6936
1775204646 1149 8 1 1 1000 100 0 1 -1.00 0.00 0 12 58 0 1 1 0 0 0 0 0 255 30 0 0 20 250 3 256 1 300 16 550 6 661 7 711 14 1461 15 1585 14 1685 15 1750 14 1850 15 1949 14 2049 15 2072 14 2172 15 2237 14 2337 15 2417 14 2517 15 2613 14 2713 15 2789 14 2889 15 2977 14 3077 15 3172 14 3272 22 3672 2 4672
1775204861 1150 8 2 1 1000 100 0 1 -1.00 0.50 0 13 61 1 1 1 0 0 0 0 0 255 30 0 0 23 250 24 422 20 472 3 478 1 522 16 772 6 924 7 974 14 1724 15 1810 14 1910 15 1944 14 2044 15 2082 14 2182 15 2243 14 2343 15 2573 14 2673 15 2742 14 2842 15 2903 14 3003 15 3095 14 3195 15 3275 14 3375 22 3775 2 4775
1775204872 1151 8 2 2 1000 100 0 1 -1.00 0.00 0 14 57 0 1 1 0 0 0 0 0 255 9 0 0 20 250 3 256 1 300 16 550 9 676 13 1176 22 9176 2 10176
1775204913 1152 8 1 1 1000 100 0 1 1.00 -0.50 0 15 60 1 1 1 0 0 0 0 0 255 148 0 0 20 250 3 256 1 300 16 550 6 1201 7 1251 14 2001 15 2084 14 2184 15 2225 14 2325 15 2375 14 2475 15 2536 14 2636 15 2682 14 2782 15 2843 14 2943 15 3023 14 3123 15 3176 14 3276 15 3307 14 3407 15 3487 14 3587 15 3652 14 3752 15 3779 14 3879 15 3905 14 4005 15 4089 14 4189 15 4216 14 4316 15 4346 14 4446 15 4500 14 4600 15 4691 14 4791 15 4818 14 4918 15 4998 14 5098 15 5128 14 5228 15 5286 14 5386 15 5447 14 5547 15 5573 14 5673 15 5715 14 5815 15 5865 14 5965 15 6041 14 6141 15 6175 14 6275 15 6306 14 6406 15 6455 14 6555 15 6612 14 6712 15 6797 14 6897 15 6961 14 7061 15 7119 14 7219 15 7276 14 7376 15 7475 14 7575 15 7617 14 7717 15 7774 14 7874 15 7916 14 8016 15 8077 14 8177 15 8238 14 8338 15 8392 14 8492 15 8526 14 8626 15 8680 14 8780 15 8810 14 8910 15 8952 14 9052 15 9090 14 9190 15 9251 14 9351 15 9412 14 9512 15 9577 14 9677 15 9700 14 9800 15 9838 14 9938 15 9980 14 10080 15 10121 14 10221 15 10279 14 10379 15 10444 14 10544 15 10616 14 10716 15 10793 14 10893 15 10973 14 11073 15 11146 14 11246 15 11303 14 11403 15 11464 14 11564 15 11629 14 11729 15 11805 14 11905 15 11985 14 12085 15 12150 14 12250 15 12304 14 12404 15 12480 14 12580 15 12672 14 12772 22 13172 2 14172
1775204924 1153 8 2 1 1000 100 0 1 1.00 1.00 0 16 62 2 1 1 0 0 0 0 0 255 30 0 0 20 250 3 256 1 300 16 550 6 782 7 832 14 1582 15 1729 14 1829 15 1856 14 1956 15 1998 14 2098 15 2132 14 2232 15 2281 14 2381 15 2454 14 2554 15 2623 14 2723 15 2803 14 2903 15 2983 14 3083 15 3179 14 3279 22 3679 2 4679
1775205288 1154 8 2 1 1000 100 0 1 1.00 0.50 0 17 64 1 1 1 0 0 0 0 0 255 80 0 0 23 250 24 422 20 472 3 478 1 522 16 772 6 801 7 851 14 1601 15 1691 14 1791 15 1844 14 1944 15 1998 14 2098 15 2128 14 2228 15 2285 14 2385 15 2454 14 2554 15 2588 14 2688 15 2711 14 2811 15 2883 14 2983 15 2998 14 3098 15 3136 14 3236 15 3309 14 3409 15 3451 14 3551 15 3581 14 3681 15 3715 14 3815 15 3876 14 3976 15 3999 14 4099 15 4137 14 4237 15 4302 14 4402 15 4432 14 4532 15 4543 14 4643 15 4685 14 4785 15 4831 14 4931 15 4950 14 5050 15 5092 14 5192 15 5233 14 5333 15 5375 14 5475 15 5536 14 5636 15 5709 14 5809 15 5881 14 5981 15 6012 14 6112 15 6138 14 6238 15 6318 14 6418 15 6499 14 6599 22 6999 2 7999
1775205297 1155 8 1 1 1000 100 0 1 -1.00 0.00 0 18 66 0 1 1 0 0 0 0 0 255 16 0 0 20 250 3 256 1 300 16 550 6 749 7 799 14 1549 15 1673 14 1773 15 1830 14 1930 15 2037 14 2137 22 2537 2 3537
1775205304 1156 8 2 0 1000 100 0 1 1.00 0.50 1 18 66 1 1 1 0 0 0 0 0 255 8 0 0 20 250 3 256 1 300 16 550 5 1550 8 6550 2 6560
1775205310 1157 8 1 1 1000 100 0 1 -1.00 0.00 0 19 68 0 1 1 0 0 0 0 0 255 34 0 0 20 250 3 256 1 300 16 550 6 738 7 788 14 1538 15 1673 14 1773 15 1850 14 1950 15 2018 14 2118 15 2172 14 2272 15 2325 14 2425 15 2486 14 2586 15 2655 14 2755 15 2835 14 2935 15 2985 14 3085 15 3161 14 3261 15 3334 14 3434 15 3560 14 3660 22 4060 2 5060
1775205318 1158 8 2 1 1000 100 0 1 1.00 0.50 0 20 70 1 1 1 0 0 0 0 0 255 62 0 0 20 250 3 256 1 300 16 550 6 798 7 848 14 1598 15 1742 14 1842 15 1906 14 2006 15 2033 14 2133 15 2148 14 2248 15 2328 14 2428 15 2712 14 2812 15 2865 14 2965 15 2992 14 3092 15 3122 14 3222 15 3272 14 3372 15 3402 14 3502 15 3571 14 3671 15 3701 14 3801 15 3885 14 3985 15 4004 14 4104 15 4142 14 4242 15 4272 14 4372 15 4453 14 4553 15 4640 14 4740 15 4790 14 4890 15 4924 14 5024 15 5070 14 5170 15 5269 14 5369 15 5465 14 5565 15 5699 14 5799 15 5841 14 5941 22 6341 2 7341
1775205329 1159 8 1 1 1000 100 0 1 -1.00 0.00 0 21 71 0 1 1 0 0 0 0 0 255 88 0 0 20 250 3 256 1 300 16 550 6 816 7 866 14 1616 15 1636 14 1736 15 1797 14 1897 15 1985 14 2085 15 2161 14 2261 15 2334 14 2434 15 2480 14 2580 15 2621 14 2721 15 2782 14 2882 15 2928 14 3028 15 3093 14 3193 15 3243 14 3343 15 3377 14 3477 15 3542 14 3642 15 3687 14 3787 15 3818 14 3918 15 3967 14 4067 15 4148 14 4248 15 4278 14 4378 15 4454 14 4554 15 4581 14 4681 15 4734 14 4834 15 4872 14 4972 15 4999 14 5099 15 5413 14 5513 15 5547 14 5647 15 5701 14 5801 15 5842 14 5942 15 6007 14 6107 15 6180 14 6280 15 6333 14 6433 15 6490 14 6590 15 6659 14 6759 15 6828 14 6928 15 7020 14 7120 15 7215 14 7315 15 7388 14 7488 15 7595 14 7695 15 7771 14 7871 15 8017 14 8117 22 8517 2 9517
1775205341 1160 8 1 2 1000 100 0 1 1.00 0.00 0 22 68 0 1 1 0 0 0 0 0 255 9 0 0 20 250 3 256 1 300 16 550 9 972 13 1472 22 9472 2 10472
1775205352 1161 8 2 2 1000 100 0 1 -1.00 0.50 0 23 65 1 1 1 0 0 0 0 0 255 9 0 0 20 250 3 256 1 300 16 550 9 762 13 1262 22 9262 2 10262
1775206306 1162 8 1 1 1000 100 0 1 -1.00 -0.50 0 24 66 1 1 1 0 0 0 0 0 255 22 0 0 23 250 24 412 20 462 3 468 1 512 16 762 6 1060 7 1110 14 1860 15 1869 14 1969 15 1999 14 2099 15 2153 14 2253 15 2344 14 2444 15 2513 14 2613 22 3013 2 4013
1775206316 1163 8 2 1 1000 100 0 1 1.00 0.50 0 25 68 1 1 1 0 0 0 0 0 255 116 0 0 20 250 3 256 1 300 16 550 6 584 7 634 14 1384 15 1516 14 1616 15 1623 14 1723 15 1738 14 1838 15 1865 14 1965 15 1984 14 2084 15 2206 14 2306 15 2363 14 2463 15 2597 14 2697 15 2731 14 2831 15 2854 14 2954 15 3019 14 3119 15 3126 14 3226 15 3253 14 3353 15 3379 14 3479 15 3490 14 3590 15 3602 14 3702 15 3862 14 3962 15 3981 14 4081 15 4108 14 4208 15 4257 14 4357 15 4365 14 4465 15 4518 14 4618 15 4629 14 4729 15 4736 14 4836 15 4855 14 4955 15 5078 14 5178 15 5319 14 5419 15 5434 14 5534 15 5553 14 5653 15 5795 14 5895 15 5940 14 6040 15 6044 14 6144 15 6171 14 6271 15 6293 14 6393 15 6416 14 6516 15 6523 14 6623 15 6658 14 6758 15 6819 14 6919 15 6941 14 7041 15 7064 14 7164 15 7179 14 7279 15 7317 14 7417 15 7436 14 7536 15 7601 14 7701 15 7750 14 7850 15 7885 14 7985 15 8030 14 8130 15 8176 14 8276 15 8326 14 8426 15 8498 14 8598 15 8640 14 8740 15 8817 14 8917 15 8989 14 9089 22 9489 2 10489
1775206323 1164 8 2 1 1000 100 0 1 -1.00 1.00 0 26 69 2 1 1 0 0 0 0 0 255 44 0 0 20 250 3 256 1 300 16 550 6 752 7 802 14 1552 15 1599 14 1699 15 1722 14 1822 15 1841 14 1941 15 1975 14 2075 15 2090 14 2190 15 2221 14 2321 15 2401 14 2501 15 2581 14 2681 15 2704 14 2804 15 2842 14 2942 15 2980 14 3080 15 3160 14 3260 15 3313 14 3413 15 3486 14 3586 15 3643 14 3743 15 3804 14 3904 15 3969 14 4069 22 4469 2 5469
1775206329 1165 8 1 1 1000 100 0 1 1.00 -0.50 0 27 70 1 1 1 0 0 0 0 0 255 40 0 0 20 250 3 256 1 300 16 550 6 767 7 817 14 1567 15 1645 14 1745 15 1868 14 1968 15 2006 14 2106 15 2163 14 2263 15 2316 14 2416 15 2493 14 2593 15 2642 14 2742 15 2792 14 2892 15 2938 14 3038 15 3083 14 3183 15 3237 14 3337 15 3409 14 3509 15 3658 14 3758 15 3800 14 3900 15 3977 14 4077 22 4477 2 5477
1775206340 1166 8 1 2 1000 100 0 1 1.00 0.00 0 28 67 0 1 1 0 0 0 0 0 255 9 0 0 20 250 3 256 1 300 16 550 9 797 13 1297 22 9297 2 10297
1775206365 1167 8 1 1 1000 100 0 1 1.00 -0.50 0 29 69 1 1 1 0 0 0 0 0 255 28 0 0 20 250 3 256 1 300 16 550 6 792 7 842 14 1592 15 1961 14 2061 15 2126 14 2226 15 2291 14 2391 15 2464 14 2564 15 2659 14 2759 15 2809 14 2909 15 2985 14 3085 15 3185 14 3285 15 3388 14 3488 22 3888 2 4888
1775206371 1168 8 1 1 1000 100 0 1 -1.00 0.00 0 30 70 0 1 1 0 0 0 0 0 255 48 0 0 20 250 3 256 1 300 16 550 6 718 7 768 14 1518 15 1611 14 1711 15 1757 14 1857 15 1903 14 2003 15 2079 14 2179 15 2194 14 2294 15 2343 14 2443 15 2528 14 2628 15 2646 14 2746 15 2800 14 2900 15 2961 14 3061 15 3137 14 3237 15 3295 14 3395 15 3479 14 3579 15 3667 14 3767 15 3805 14 3905 15 3966 14 4066 15 4134 14 4234 15 4307 14 4407 15 4426 14 4526 22 4926 2 5926
1775206377 1169 8 1 1 1000 100 0 1 -1.00 -1.00 0 31 71 2 1 1 0 0 0 0 0 255 36 0 0 20 250 3 256 1 300 16 550 6 638 7 688 14 1438 15 1519 14 1619 15 1688 14 1788 15 1822 14 1922 15 2018 14 2118 15 2190 14 2290 15 2363 14 2463 15 2528 14 2628 15 2723 14 2823 15 2915 14 3015 15 3076 14 3176 15 3206 14 3306 15 3444 14 3544 15 3617 14 3717 22 4117 2 5117
1775206383 1170 8 1 1 1000 100 0 1 -1.00 -1.00 0 32 72 2 1 1 0 0 0 0 0 255 44 0 0 20 250 3 256 1 300 16 550 6 628 7 678 14 1428 15 1548 14 1648 15 1656 14 1756 15 1867 14 1967 15 2016 14 2116 15 2173 14 2273 15 2354 14 2454 15 2522 14 2622 15 2687 14 2787 15 2860 14 2960 15 3002 14 3102 15 3167 14 3267 15 3339 14 3439 15 3516 14 3616 15 3642 14 3742 15 3895 14 3995 15 4064 14 4164 15 4390 14 4490 22 4890 2 5890
1775206388 1171 8 1 1 1000 100 0 1 1.00 -1.00 0 33 72 2 1 1 0 0 0 0 0 255 22 0 0 20 250 3 256 1 300 16 550 6 657 7 707 14 1457 15 1586 14 1686 15 1781 14 1881 15 1934 14 2034 15 2142 14 2242 15 2322 14 2422 15 2483 14 2583 22 2983 2 3983
1775206393 1172 8 1 1 1000 100 0 1 1.00 -1.00 0 34 73 2 1 1 0 0 0 0 0 255 10 0 0 20 250 3 256 1 300 16 550 6 738 7 788 14 1538 22 1938 2 2938
1775206408 1173 8 1 0 1000 100 0 1 1.00 0.00 1 34 73 0 1 1 0 0 0 0 0 255 8 0 0 20 250 3 256 1 300 16 550 5 1550 8 6550 2 6560
1775206416 1174 8 1 1 1000 100 0 1 -1.00 0.00 0 35 74 0 1 1 0 0 0 0 0 255 38 0 0 25 210 0 1315 20 1565 3 1571 1 1615 16 1865 6 2068 7 2118 14 2868 15 2973 14 3073 15 3092 14 3192 15 3253 14 3353 15 3425 14 3525 15 3544 14 3644 15 3694 14 3794 15 3859 14 3959 15 3970 14 4070 15 4143 14 4243 15 4300 14 4400 15 4465 14 4565 15 4653 14 4753 15 4986 14 5086 22 5486 2 6486
1775206425 1175 8 1 1 1000 100 0 1 1.00 -0.50 0 36 75 1 1 1 0 0 0 0 0 255 62 0 0 20 250 3 256 1 300 16 550 6 865 7 915 14 1665 15 1785 14 1885 15 1931 14 2031 15 2073 14 2173 15 2222 14 2322 15 2372 14 2472 15 2514 14 2614 15 2625 14 2725 15 2848 14 2948 15 3135 14 3235 15 3273 14 3373 15 3423 14 3523 15 3595 14 3695 15 3780 14 3880 15 3922 14 4022 15 4056 14 4156 15 4263 14 4363 15 4366 14 4466 15 4482 14 4582 15 4654 14 4754 15 4827 14 4927 15 5003 14 5103 15 5183 14 5283 15 5310 14 5410 15 5525 14 5625 15 5747 14 5847 15 6123 14 6223 22 6623 2 7623
1775206507 1176 8 1 3 1000 100 1 1 1.00 -0.50 0 36 75 1 1 1 0 0 0 0 0 255 8 0 0 23 250 24 415 20 465 3 471 1 515 11 695 2 895
1775206512 1177 8 2 1 1000 100 0 1 1.00 0.50 0 37 75 1 1 1 0 0 0 0 0 255 30 0 0 20 250 3 256 1 300 16 550 6 585 7 635 14 1385 15 1471 14 1571 15 1624 14 1724 15 1743 14 1843 15 1885 14 1985 15 2035 14 2135 15 2338 14 2438 15 2456 14 2556 15 2602 14 2702 15 2779 14 2879 22 3279 12 3511 22 3611 2 4611
1775206519 1178 8 2 0 1000 100 0 1 1.00 0.00 1 37 75 0 1 1 0 0 0 0 0 255 8 0 0 20 250 3 256 1 300 16 550 5 1550 8 6550 2 6560
1775206526 1179 8 1 1 1000 100 0 1 1.00 -1.00 0 38 76 2 1 1 0 0 0 0 0 255 50 0 0 20 250 3 256 1 300 16 550 6 708 7 758 14 1508 15 1560 14 1660 15 1713 14 1813 15 1863 14 1963 15 1997 14 2097 15 2158 14 2258 15 2308 14 2408 15 2442 14 2542 15 2584 14 2684 15 2783 14 2883 15 2914 14 3014 15 3075 14 3175 15 3343 14 3443 15 3547 14 3647 15 3815 14 3915 15 3988 14 4088 15 4306 14 4406 15 4678 14 4778 15 4855 14 4955 15 5043 14 5143 15 5292 14 5392 22 5792 2 6792
1775206532 1180 8 1 1 1000 100 0 1 1.00 -0.50 0 39 77 1 1 1 0 0 0 0 0 255 42 0 0 20 250 3 256 1 300 16 550 6 676 7 726 14 1476 15 1566 14 1666 15 1719 14 1819 15 1895 14 1995 15 2079 14 2179 15 2229 14 2329 15 2375 14 2475 15 2505 14 2605 15 2674 14 2774 15 2854 14 2954 15 3046 14 3146 15 3203 14 3303 15 3372 14 3472 15 3572 14 3672 15 3779 14 3879 15 3967 14 4067 15 4446 14 4546 22 4946 2 5946
1775206748 1181 8 1 2 1000 100 0 1 1.00 -0.50 0 40 75 1 1 1 0 0 0 0 0 255 11 0 0 23 250 24 422 20 472 3 478 1 522 16 772 9 1074 13 1574 22 9574 2 10574
1775206760 1182 8 1 2 1000 100 0 1 1.00 -0.50 0 41 73 1 1 1 0 0 0 0 0 255 9 0 0 20 250 3 256 1 300 16 550 9 764 13 1264 22 9264 2 10264
1775207015 1183 8 2 1 1000 100 0 1 -1.00 0.50 0 42 73 1 1 1 0 0 0 0 0 255 60 0 0 23 250 24 416 20 466 3 472 1 516 16 766 6 1305 7 1355 14 2105 15 2191 14 2291 15 2356 14 2456 15 2517 14 2617 15 2689 14 2789 15 2851 14 2951 15 2996 14 3096 15 3142 14 3242 15 3253 14 3353 15 3437 14 3537 15 3560 14 3660 15 3698 14 3798 15 3848 14 3948 15 4009 14 4109 15 4181 14 4281 15 4323 14 4423 15 4469 14 4569 15 4622 14 4722 15 4779 14 4879 15 4990 14 5090 15 5144 14 5244 15 5301 14 5401 15 5443 14 5543 15 5650 14 5750 15 5830 14 5930 22 6330 2 7330
1775207021 1184 8 1 1 1000 100 0 1 1.00 -1.00 0 43 74 2 1 1 0 0 0 0 0 255 46 0 0 20 250 3 256 1 300 16 550 6 697 7 747 14 1497 15 1617 14 1717 15 1778 14 1878 15 1908 14 2008 15 2062 14 2162 15 2211 14 2311 15 2326 14 2426 15 2464 14 2564 15 2629 14 2729 15 2764 14 2864 15 2886 14 2986 15 3032 14 3132 15 3212 14 3312 15 3385 14 3485 15 3550 14 3650 15 3711 14 3811 15 3853 14 3953 15 4037 14 4137 15 4209 14 4309 22 4709 2 5709
1775207152 1185 8 2 1 1000 100 0 1 -1.00 0.50 0 44 75 1 1 1 0 0 0 0 0 255 18 0 0 23 250 24 434 20 484 3 490 1 534 16 784 6 921 7 971 14 1721 22 2121 12 2550 22 2650 12 2665 22 2765 12 2830 22 2930 2 3930
1775207160 1186 8 2 1 1000 100 0 1 -1.00 0.50 0 45 75 1 1 1 0 0 0 0 0 255 70 0 0 20 250 3 256 1 300 16 550 6 682 7 732 14 1482 15 1557 14 1657 15 1691 14 1791 15 1841 14 1941 15 2002 14 2102 15 2151 14 2251 15 2293 14 2393 15 2473 14 2573 15 2653 14 2753 15 2769 14 2869 15 2910 14 3010 15 3094 14 3194 15 3229 14 3329 15 3386 14 3486 15 3509 14 3609 15 3670 14 3770 15 3804 14 3904 15 3976 14 4076 15 4107 14 4207 15 4230 14 4330 15 4360 14 4460 15 4506 14 4606 15 4628 14 4728 15 4801 14 4901 15 4912 14 5012 15 5065 14 5165 15 5211 14 5311 15 5364 14 5464 15 5529 14 5629 15 5717 14 5817 15 5898 14 5998 22 6398 2 7398
1775207167 1187 8 2 1 1000 100 0 1 -1.00 1.00 0 46 76 2 1 1 0 0 0 0 0 255 44 0 0 25 187 0 238 20 488 3 494 1 538 16 788 6 896 7 946 14 1696 15 1797 14 1897 15 1939 14 2039 15 2096 14 2196 15 2242 14 2342 15 2365 14 2465 15 2526 14 2626 15 2695 14 2795 15 2848 14 2948 15 2998 14 3098 15 3170 14 3270 15 3358 14 3458 15 3535 14 3635 15 3730 14 3830 22 4230 12 5026 22 5126 12 5145 22 5245 12 5329 22 5429 2 6429
1775207180 1188 8 2 2 1000 100 0 1 -1.00 0.50 0 47 74 1 1 1 0 0 0 0 0 255 9 0 0 20 250 3 256 1 300 16 550 9 640 13 1140 22 9140 2 10140
1775207424 1189 8 2 1 1000 100 0 1 -1.00 1.00 0 48 75 2 1 1 0 0 0 0 0 255 40 0 0 23 250 24 415 20 465 3 471 1 515 16 765 6 848 7 898 14 1648 15 1761 14 1861 15 1899 14 1999 15 2040 14 2140 15 2194 14 2294 15 2347 14 2447 15 2489 14 2589 15 2619 14 2719 15 2769 14 2869 15 2907 14 3007 15 3049 14 3149 15 3198 14 3298 15 3375 14 3475 15 3521 14 3621 15 3689 14 3789 22 4189 2 5189
1775207435 1190 8 2 2 1000 100 0 1 1.00 1.00 0 49 73 2 1 1 0 0 0 0 0 255 9 0 0 20 250 3 256 1 300 16 550 9 706 13 1206 22 9206 2 10206
1775207987 1191 8 1 0 1000 100 0 1 -1.00 -0.50 0 49 73 1 1 1 0 0 0 0 0 255 10 0 0 23 250 24 2250 20 2300 3 2306 1 2350 16 2600 5 3600 8 8600 2 8610
1775208061 1192 8 2 0 1000 100 0 1 -1.00 0.00 0 49 73 0 1 1 0 0 0 0 0 255 10 0 0 23 250 24 416 20 466 3 472 1 516 16 766 5 1766 8 6766 2 6776
1775208080 1193 8 1 2 1000 100 0 1 1.00 -1.00 0 50 72 2 1 1 0 0 0 0 0 255 13 0 0 25 10 0 20 25 128 0 910 20 1160 3 1166 1 1210 16 1460 9 1573 13 2073 22 10073 2 11073
1775208088 1194 8 2 1 1000 100 0 1 1.00 0.50 0 51 72 1 1 1 0 0 0 0 0 255 58 0 0 20 250 3 256 1 300 16 550 6 809 7 859 14 1609 15 1660 14 1760 15 1794 14 1894 15 1928 14 2028 15 2089 14 2189 15 2200 14 2300 15 2342 14 2442 15 2519 14 2619 15 2653 14 2753 15 2775 14 2875 15 2959 14 3059 15 3182 14 3282 15 3370 14 3470 15 3492 14 3592 15 3661 14 3761 15 3791 14 3891 15 3929 14 4029 15 4098 14 4198 15 4252 14 4352 15 4428 14 4528 15 4593 14 4693 15 4777 14 4877 15 4965 14 5065 15 5149 14 5249 22 5649 12 5935 22 6035 2 7035
1775208352 1195 8 1 2 1000 100 0 1 -1.00 -0.50 0 52 71 1 1 1 0 0 0 0 0 255 11 0 0 23 250 24 438 20 488 3 494 1 538 16 788 9 971 13 1471 22 9471 2 10471
1775208362 1196 8 2 2 1000 100 0 1 -1.00 0.50 0 53 69 1 1 1 0 0 0 0 0 255 9 0 0 20 250 3 256 1 300 16 550 9 772 13 1272 22 9272 2 10272
1775208473 1197 8 1 2 1000 100 0 1 1.00 0.00 0 54 68 0 1 1 0 0 0 0 0 255 11 0 0 23 250 24 424 20 474 3 480 1 524 16 774 9 911 13 1411 22 9411 2 10411
1775211224 1198 8 2 1 1000 100 0 1 1.00 0.50 0 55 69 1 1 1 0 0 0 0 0 255 22 0 0 23 250 24 417 20 467 3 473 1 517 16 767 6 1444 7 1494 14 2244 15 2307 14 2407 15 2410 14 2510 15 2552 14 2652 15 2660 14 2760 15 2767 14 2867 22 3267 2 4267
1775213773 1199 8 2 2 1000 100 0 1 -1.00 0.50 0 56 67 1 1 1 0 0 0 0 0 255 11 0 0 23 250 24 424 20 474 3 480 1 524 16 774 9 934 13 1434 22 9434 2 10434
1775213823 1200 8 2 4 1000 100 0 1 -1.00 1.00 1 57 66 2 1 1 0 0 0 0 0 255 12 0 0 23 250 24 423 20 473 3 479 1 523 16 773 5 1773 7 1884 14 2634 22 3034 2 4034
1775213830 1201 8 1 1 1000 100 0 1 1.00 -1.00 0 58 67 2 1 1 0 0 0 0 0 255 18 0 0 20 250 3 256 1 300 16 550 6 1324 7 1374 14 2124 15 2163 14 2263 15 2348 14 2448 15 2555 14 2655 15 2746 14 2846 22 3246 2 4246
1775213834 1202 8 2 1 1000 100 0 1 -1.00 1.00 0 59 67 2 1 1 0 0 0 0 0 255 14 0 0 20 250 3 256 1 300 16 550 6 741 7 791 14 1541 15 1596 14 1696 15 1742 14 1842 22 2242 2 3242
1775213845 1203 8 2 1 1000 100 0 1 1.00 0.50 0 60 68 1 1 1 0 0 0 0 0 255 50 0 0 20 250 3 256 1 300 16 550 6 751 7 801 14 1551 15 1637 14 1737 15 1775 14 1875 15 1921 14 2021 15 2059 14 2159 15 2193 14 2293 15 2338 14 2438 15 2454 14 2554 15 2611 14 2711 15 2730 14 2830 15 2879 14 2979 15 3025 14 3125 15 3171 14 3271 15 3355 14 3455 15 3516 14 3616 15 3688 14 3788 15 3872 14 3972 15 4053 14 4153 15 4260 14 4360 15 4647 14 4747 15 5015 14 5115 22 5515 2 6515
1775213856 1204 8 2 1 1000 100 0 1 1.00 0.50 0 61 68 1 1 1 0 0 0 0 0 255 118 0 0 20 250 3 256 1 300 16 550 6 646 7 696 14 1446 15 1662 14 1762 15 1919 14 2019 15 2022 14 2122 15 2133 14 2233 15 2248 14 2348 15 2360 14 2460 15 2502 14 2602 15 2651 14 2751 15 2762 14 2862 15 2908 14 3008 15 3027 14 3127 15 3150 14 3250 15 3280 14 3380 15 3399 14 3499 15 3533 14 3633 15 3640 14 3740 15 3779 14 3879 15 3890 14 3990 15 4028 14 4128 15 4150 14 4250 15 4300 14 4400 15 4404 14 4504 15 4526 14 4626 15 4649 14 4749 15 4791 14 4891 15 4933 14 5033 15 5094 14 5194 15 5240 14 5340 15 5397 14 5497 15 5554 14 5654 15 5692 14 5792 15 5834 14 5934 15 5979 14 6079 15 6095 14 6195 15 6236 14 6336 15 6405 14 6505 15 6574 14 6674 15 6735 14 6835 15 6904 14 7004 15 7053 14 7153 15 7463 14 7563 15 7598 14 7698 15 7728 14 7828 15 7881 14 7981 15 8050 14 8150 15 8188 14 8288 15 8345 14 8445 15 8514 14 8614 15 8618 14 8718 15 8809 14 8909 15 9039 14 9139 15 9212 14 9312 15 9381 14 9481 15 9550 14 9650 22 10050 2 11050
1775213868 1205 8 2 1 1000 100 0 1 -1.00 1.00 0 62 69 2 1 1 0 0 0 0 0 255 68 0 0 20 250 3 256 1 300 16 550 6 868 7 918 14 1668 15 1697 14 1797 15 1912 14 2012 15 2034 14 2134 15 2165 14 2265 15 2303 14 2403 15 2460 14 2560 15 2583 14 2683 15 2721 14 2821 15 2867 14 2967 15 3028 14 3128 15 3166 14 3266 15 3292 14 3392 15 3534 14 3634 15 3653 14 3753 15 3798 14 3898 15 3925 14 4025 15 4040 14 4140 15 4205 14 4305 15 4366 14 4466 15 4527 14 4627 15 4711 14 4811 15 4872 14 4972 15 5045 14 5145 15 5214 14 5314 15 5352 14 5452 15 5543 14 5643 15 5704 14 5804 15 5885 14 5985 15 6119 14 6219 22 6619 2 7619
1775213875 1206 8 1 1 1000 100 0 1 1.00 0.00 0 63 69 0 1 1 0 0 0 0 0 255 42 0 0 20 250 3 256 1 300 16 550 6 1249 7 1299 14 2049 15 2139 14 2239 15 2334 14 2434 15 2476 14 2576 15 2611 14 2711 15 2776 14 2876 15 2933 14 3033 15 3101 14 3201 15 3278 14 3378 15 3458 14 3558 15 3627 14 3727 15 3819 14 3919 15 3999 14 4099 15 4183 14 4283 15 4371 14 4471 15 4555 14 4655 15 4724 14 4824 22 5224 2 6224
1775213889 1207 8 1 1 1000 100 0 1 1.00 0.00 0 64 70 0 1 1 0 0 0 0 0 255 98 0 0 20 250 3 256 1 300 16 550 6 815 7 865 14 1615 15 1724 14 1824 15 1854 14 1954 15 1984 14 2084 15 2138 14 2238 15 2299 14 2399 15 2468 14 2568 15 2633 14 2733 15 2763 14 2863 15 2913 14 3013 15 3074 14 3174 15 3265 14 3365 15 3423 14 3523 15 3595 14 3695 15 3772 14 3872 15 3929 14 4029 15 4094 14 4194 15 4439 14 4539 15 4650 14 4750 15 4772 14 4872 15 4891 14 4991 15 5022 14 5122 15 5175 14 5275 15 5332 14 5432 15 5478 14 5578 15 5624 14 5724 15 5812 14 5912 15 5996 14 6096 15 6160 14 6260 15 6325 14 6425 15 6479 14 6579 15 6636 14 6736 15 6805 14 6905 15 6981 14 7081 15 7138 14 7238 15 7299 14 7399 15 7468 14 7568 15 7660 14 7760 15 7809 14 7909 15 7990 14 8090 15 8166 14 8266 15 8316 14 8416 15 8523 14 8623 15 8707 14 8807 22 9207 12 9263 22 9363 2 10363
1775213894 1208 8 2 1 1000 100 0 1 1.00 1.00 0 65 70 2 1 1 0 0 0 0 0 255 18 0 0 20 250 3 256 1 300 16 550 6 718 7 768 14 1518 15 1665 14 1765 15 1834 14 1934 15 1999 14 2099 15 2175 14 2275 22 2675 2 3675
1775213905 1209 8 2 1 1000 100 0 1 1.00 0.50 0 66 71 1 1 1 0 0 0 0 0 255 74 0 0 25 246 0 796 20 1046 3 1052 1 1096 16 1346 6 1477 7 1527 14 2277 15 2401 14 2501 15 2547 14 2647 15 2704 14 2804 15 2854 14 2954 15 3019 14 3119 15 3287 14 3387 15 3448 14 3548 15 3582 14 3682 15 3713 14 3813 15 3882 14 3982 15 4012 14 4112 15 4173 14 4273 15 4300 14 4400 15 4434 14 4534 15 4572 14 4672 15 4725 14 4825 15 4848 14 4948 15 5013 14 5113 15 5182 14 5282 15 5350 14 5450 15 5534 14 5634 15 5707 14 5807 15 5895 14 5995 15 6037 14 6137 15 6194 14 6294 15 6382 14 6482 15 6485 14 6585 15 6666 14 6766 15 6915 14 7015 15 7087 14 7187 15 7283 14 7383 22 7783 2 8783
1775213916 1210 8 2 1 1000 100 0 1 1.00 1.00 0 67 71 2 1 1 0 0 0 0 0 255 68 0 0 20 250 3 256 1 300 16 550 6 565 7 615 14 1365 15 1466 14 1566 15 1597 14 1697 15 1735 14 1835 15 1877 14 1977 15 2030 14 2130 15 2180 14 2280 15 2337 14 2437 15 2490 14 2590 15 2655 14 2755 15 2805 14 2905 15 2958 14 3058 15 3108 14 3208 15 3280 14 3380 15 3461 14 3561 15 3629 14 3729 15 3790 14 3890 15 3932 14 4032 15 4040 14 4140 22 4540 12 4615 22 4715 12 5060 22 5160 12 5209 22 5309 12 5378 22 5478 12 5551 22 5651 12 5827 22 5927 12 6314 22 6414 12 6467 22 6567 12 6644 22 6744 12 6809 22 6909 12 6924 22 7024 2 8024
1775213917 1211 8 2 3 1000 100 1 1 1.00 1.00 0 67 71 2 1 1 0 0 0 0 0 255 6 0 0 20 250 3 256 1 300 11 540 2 740
1775213929 1212 8 1 2 1000 100 0 1 1.00 -0.50 0 68 70 1 1 1 0 0 0 0 0 255 9 0 0 20 250 3 256 1 300 16 550 9 722 13 1222 22 9222 2 10222
1775213970 1213 8 2 3 1000 100 1 1 -1.00 0.50 0 68 70 1 1 1 0 0 0 0 0 255 8 0 0 23 250 24 424 20 474 3 480 1 524 11 727 2 927
1775213976 1214 8 1 1 1000 100 0 1 1.00 -1.00 0 69 71 2 1 1 0 0 0 0 0 255 42 0 0 20 250 3 256 1 300 16 550 6 800 7 850 14 1600 15 1670 14 1770 15 1808 14 1908 15 1942 14 2042 15 2103 14 2203 15 2264 14 2364 15 2425 14 2525 15 2571 14 2671 15 2721 14 2821 15 2855 14 2955 15 3047 14 3147 15 3189 14 3289 15 3338 14 3438 15 3507 14 3607 15 3672 14 3772 15 3837 14 3937 15 4029 14 4129 22 4529 2 5529
1775213979 1215 8 1 3 1000 100 1 1 1.00 -0.50 0 69 71 1 1 1 0 0 0 0 0 255 6 0 0 20 250 3 256 1 300 11 544 2 744
1775213985 1216 8 1 1 1000 100 0 1 -1.00 -0.50 0 70 71 1 1 1 0 0 0 0 0 255 34 0 0 20 250 3 256 1 300 16 550 6 749 7 799 14 1549 15 1646 14 1746 15 1800 14 1900 15 1961 14 2061 15 2122 14 2222 15 2275 14 2375 15 2452 14 2552 15 2613 14 2713 15 2762 14 2862 15 2954 14 3054 15 3142 14 3242 15 3364 14 3464 15 3602 14 3702 22 4102 2 5102
1775214110 1217 8 1 1 1000 100 0 1 1.00 -1.00 0 71 71 2 1 1 0 0 0 0 0 255 48 0 0 23 250 24 418 20 468 3 474 1 518 16 768 6 982 7 1032 14 1782 15 1802 14 1902 15 1921 14 2021 15 2055 14 2155 15 2190 14 2290 15 2309 14 2409 15 2439 14 2539 15 2569 14 2669 15 2727 14 2827 15 2895 14 2995 15 3033 14 3133 15 3145 14 3245 15 3283 14 3383 15 3402 14 3502 15 3540 14 3640 15 3689 14 3789 15 3843 14 3943 15 3988 14 4088 15 4161 14 4261 22 4661 2 5661
1775214119 1218 8 1 1 1000 100 0 1 1.00 -1.00 0 72 72 2 1 1 0 0 0 0 0 255 48 0 0 25 97 0 159 20 409 3 415 1 459 16 709 6 918 7 968 14 1718 15 1800 14 1900 15 1939 14 2039 15 2077 14 2177 15 2222 14 2322 15 2364 14 2464 15 2518 14 2618 15 2644 14 2744 15 2782 14 2882 15 2920 14 3020 15 3089 14 3189 15 3254 14 3354 15 3423 14 3523 15 3580 14 3680 15 3749 14 3849 15 3906 14 4006 15 4056 14 4156 15 4228 14 4328 15 4420 14 4520 22 4920 2 5920
1775214131 1219 8 2 2 1000 100 0 1 -1.00 0.00 0 73 71 0 1 1 0 0 0 0 0 255 9 0 0 20 250 3 256 1 300 16 550 9 801 13 1301 22 9301 2 10301
1775214138 1220 8 1 1 1000 100 0 1 -1.00 -1.00 0 74 71 2 1 1 0 0 0 0 0 255 60 0 0 20 250 3 256 1 300 16 550 6 661 7 711 14 1461 15 1470 14 1570 15 1620 14 1720 15 1781 14 1881 15 1930 14 2030 15 2099 14 2199 15 2245 14 2345 15 2402 14 2502 15 2571 14 2671 15 2747 14 2847 15 2920 14 3020 15 3065 14 3165 15 3280 14 3380 15 3453 14 3553 15 3629 14 3729 15 3794 14 3894 15 3986 14 4086 15 4181 14 4281 15 4342 14 4442 15 4492 14 4592 15 4664 14 4764 15 4825 14 4925 15 5017 14 5117 15 5121 14 5221 15 5412 14 5512 15 5527 14 5627 22 6027 2 7027
1775214154 1221 8 2 2 1000 100 0 1 -1.00 1.00 0 75 70 2 1 1 0 0 0 0 0 255 9 0 0 20 250 3 256 1 300 16 550 9 778 13 1278 22 9278 2 10278
1775214169 1222 8 1 1 1000 100 0 1 1.00 0.00 0 76 71 0 1 1 0 0 0 0 0 255 132 0 0 20 250 3 256 1 300 16 550 6 796 7 846 14 1596 15 1675 14 1775 15 1840 14 1940 15 1962 14 2062 15 2100 14 2200 15 2265 14 2365 15 2426 14 2526 15 2572 14 2672 15 2706 14 2806 15 2894 14 2994 15 3032 14 3132 15 3174 14 3274 15 3328 14 3428 15 3696 14 3796 15 3834 14 3934 15 3976 14 4076 15 4098 14 4198 15 4248 14 4348 15 4374 14 4474 15 4532 14 4632 15 4670 14 4770 15 4842 14 4942 15 4988 14 5088 15 5145 14 5245 15 5310 14 5410 15 5448 14 5548 15 5613 14 5713 15 5774 14 5874 15 5908 14 6008 15 6070 14 6170 15 6242 14 6342 15 6441 14 6541 15 6637 14 6737 15 6852 14 6952 15 7036 14 7136 15 7224 14 7324 15 7396 14 7496 15 7550 14 7650 15 7680 14 7780 15 7926 14 8026 15 8037 14 8137 15 8186 14 8286 15 8332 14 8432 15 8462 14 8562 15 8742 14 8842 15 9026 14 9126 15 9218 14 9318 15 9368 14 9468 15 9559 14 9659 15 9713 14 9813 15 9847 14 9947 15 9997 14 10097 15 10300 14 10400 15 10484 14 10584 15 10652 14 10752 15 10810 14 10910 15 10967 14 11067 15 11147 14 11247 15 11331 14 11431 15 11500 14 11600 15 11653 14 11753 15 11845 14 11945 22 12345 2 13345
1775214187 1223 8 2 2 1000 100 0 1 -1.00 0.50 0 77 70 1 1 1 0 0 0 0 0 255 9 0 0 20 250 3 256 1 300 16 550 9 845 13 1345 22 9345 2 10345
1775214475 1224 8 1 1 1000 100 0 1 -1.00 -0.50 0 78 70 1 1 1 0 0 0 0 0 255 26 0 0 23 250 24 419 20 469 3 475 1 519 16 769 6 810 7 860 14 1610 15 1673 14 1773 15 1807 14 1907 15 1960 14 2060 15 2148 14 2248 15 2252 14 2352 15 2374 14 2474 15 2524 14 2624 22 3024 2 4024
1775214490 1225 8 2 2 1000 100 0 1 -1.00 0.00 0 79 69 0 1 1 0 0 0 0 0 255 9 0 0 20 250 3 256 1 300 16 550 9 672 13 1172 22 9172 2 10172
1775214692 1226 8 2 1 1000 100 0 1 1.00 1.00 0 80 69 2 1 1 0 0 0 0 0 255 66 0 0 23 250 24 422 20 472 3 478 1 522 16 772 6 882 7 932 14 1682 15 1737 14 1837 15 1867 14 1967 15 2025 14 2125 15 2147 14 2247 15 2270 14 2370 15 2535 14 2635 15 2657 14 2757 15 2788 14 2888 15 2918 14 3018 15 3052 14 3152 15 3336 14 3436 15 3470 14 3570 15 3593 14 3693 15 3719 14 3819 15 3865 14 3965 15 4007 14 4107 15 4157 14 4257 15 4302 14 4402 15 4444 14 4544 15 4613 14 4713 15 4770 14 4870 15 4904 14 5004 15 5061 14 5161 15 5219 14 5319 15 5407 14 5507 15 5610 14 5710 15 5813 14 5913 22 6313 2 7313
1775214779 1227 8 2 2 1000 100 0 1 -1.00 0.50 0 81 69 1 1 1 0 0 0 0 0 255 11 0 0 23 250 24 438 20 488 3 494 1 538 16 788 9 1009 13 1509 22 9509 2 10509
1775214788 1228 8 1 1 1000 100 0 1 -1.00 -1.00 0 82 69 2 1 1 0 0 0 0 0 255 38 0 0 20 250 3 256 1 300 16 550 6 715 7 765 14 1515 15 1594 14 1694 15 1736 14 1836 15 1874 14 1974 15 2012 14 2112 15 2157 14 2257 15 2303 14 2403 15 2491 14 2591 15 2664 14 2764 15 2825 14 2925 15 2982 14 3082 15 3304 14 3404 15 3496 14 3596 15 3718 14 3818 15 4144 14 4244 22 4644 2 5644
1775214796 1229 8 2 1 1000 100 0 1 1.00 0.00 0 83 69 0 1 1 0 0 0 0 0 255 24 0 0 20 250 3 256 1 300 16 550 6 856 7 906 14 1656 15 1822 14 1922 15 1937 14 2037 15 2094 14 2194 15 2233 14 2333 15 2390 14 2490 15 2601 14 2701 15 2854 14 2954 22 3354 2 4354
1775214804 1230 8 2 1 1000 100 0 1 -1.00 1.00 0 84 70 2 1 1 0 0 0 0 0 255 46 0 0 20 250 3 256 1 300 16 550 6 633 7 683 14 1433 15 1523 14 1623 15 1661 14 1761 15 1792 14 1892 15 1922 14 2022 15 2075 14 2175 15 2236 14 2336 15 2382 14 2482 15 2532 14 2632 15 2693 14 2793 15 2862 14 2962 15 3023 14 3123 15 3199 14 3299 15 3353 14 3453 15 3540 14 3640 15 3698 14 3798 15 3882 14 3982 15 4085 14 4185 15 4235 14 4335 22 4735 2 5735
1775214817 1231 8 1 2 1000 100 0 1 1.00 -0.50 0 85 69 1 1 1 0 0 0 0 0 255 9 0 0 20 250 3 256 1 300 16 550 9 581 13 1081 22 9081 2 10081
1775214826 1232 8 1 0 1000 100 0 1 -1.00 0.00 1 85 69 0 1 1 0 0 0 0 0 255 12 0 0 25 17 0 53 25 76 0 700 20 950 3 956 1 1000 16 1250 5 2250 8 7250 2 7260
1775215093 1233 8 1 2 1000 100 0 1 1.00 -1.00 0 86 68 2 1 1 0 0 0 0 0 255 11 0 0 23 250 24 438 20 488 3 494 1 538 16 788 9 1266 13 1766 22 9766 2 10766
1775215664 1234 8 2 1 1000 100 0 1 1.00 1.00 0 87 68 2 1 1 0 0 0 0 0 255 22 0 0 23 250 24 553 20 603 3 609 1 653 16 903 6 971 7 1021 14 1771 15 1787 14 1887 15 1910 14 2010 15 2029 14 2129 15 2167 14 2267 15 2320 14 2420 22 2820 2 3820
1775215677 1235 8 2 2 1000 100 0 1 -1.00 0.50 0 88 68 1 1 1 0 0 0 0 0 255 9 0 0 20 250 3 256 1 300 16 550 9 621 13 1121 22 9121 2 10121
1775215846 1236 8 2 3 1000 100 1 1 -1.00 1.00 0 88 68 2 1 1 0 0 0 0 0 255 8 0 0 23 250 24 546 20 596 3 602 1 646 11 810 2 1010
1775215855 1237 8 2 1 1000 100 0 1 -1.00 1.00 0 89 68 2 1 1 0 0 0 0 0 255 78 0 0 20 250 3 256 1 300 16 550 6 582 7 632 14 1382 15 1384 14 1484 15 1514 14 1614 15 1644 14 1744 15 1767 14 1867 15 1890 14 1990 15 2020 14 2120 15 2158 14 2258 15 2300 14 2400 15 2438 14 2538 15 2572 14 2672 15 2699 14 2799 15 2818 14 2918 15 2967 14 3067 15 3082 14 3182 15 3220 14 3320 15 3450 14 3550 15 3562 14 3662 15 3700 14 3800 15 3838 14 3938 15 3968 14 4068 15 4121 14 4221 15 4248 14 4348 15 4367 14 4467 15 4478 14 4578 15 4612 14 4712 15 4758 14 4858 15 4892 14 4992 15 5030 14 5130 15 5180 14 5280 15 5345 14 5445 15 5502 14 5602 15 5671 14 5771 15 5851 14 5951 15 6050 14 6150 22 6550 2 7550
1775215866 1238 8 1 1 1000 100 0 1 1.00 -1.00 0 90 68 2 1 1 0 0 0 0 0 255 114 0 0 20 250 3 256 1 300 16 550 6 742 7 792 14 1542 15 1570 14 1670 15 1696 14 1796 15 1831 14 1931 15 1953 14 2053 15 2072 14 2172 15 2202 14 2302 15 2333 14 2433 15 2467 14 2567 15 2609 14 2709 15 2720 14 2820 15 2858 14 2958 15 2989 14 3089 15 3238 14 3338 15 3360 14 3460 15 3479 14 3579 15 3640 14 3740 15 3744 14 3844 15 3886 14 3986 15 4039 14 4139 15 4192 14 4292 15 4446 14 4546 15 4553 14 4653 15 4817 14 4917 15 4929 14 5029 15 5067 14 5167 15 5189 14 5289 15 5324 14 5424 15 5458 14 5558 15 5561 14 5661 15 5707 14 5807 15 5830 14 5930 15 6067 14 6167 15 6182 14 6282 15 6336 14 6436 15 6462 14 6562 15 6581 14 6681 15 6719 14 6819 15 6873 14 6973 15 7030 14 7130 15 7179 14 7279 15 7306 14 7406 15 7448 14 7548 15 7593 14 7693 15 7762 14 7862 15 7919 14 8019 15 8077 14 8177 15 8218 14 8318 15 8380 14 8480 15 8529 14 8629 15 8690 14 8790 15 8855 14 8955 15 9043 14 9143 22 9543 2 10543
1775215878 1239 8 2 2 1000 100 0 1 -1.00 1.00 0 91 67 2 1 1 0 0 0 0 0 255 9 0 0 20 250 3 256 1 300 16 550 9 599 13 1099 22 9099 2 10099
1775216504 1240 8 2 2 1000 100 0 1 -1.00 1.00 0 92 67 2 1 1 0 0 0 0 0 255 27 0 0 23 250 24 554 20 604 3 610 1 654 16 904 9 1232 13 1732 22 9732 12 9824 22 9924 12 9928 22 10028 12 10856 22 10956 12 10967 22 11067 12 11396 22 11496 12 11607 22 11707 12 11734 22 11834 12 11895 22 11995 2 12995
1775216622 1241 8 2 3 1000 100 1 1 -1.00 1.00 0 92 67 2 1 1 0 0 0 0 0 255 8 0 0 23 250 24 575 20 625 3 631 1 675 11 839 2 1039
1775216629 1242 8 2 1 1000 100 0 1 1.00 1.00 0 93 67 2 1 1 0 0 0 0 0 255 54 0 0 20 250 3 256 1 300 16 550 6 613 7 663 14 1413 15 1503 14 1603 15 1622 14 1722 15 1997 14 2097 15 2101 14 2201 15 2220 14 2320 15 2358 14 2458 15 2481 14 2581 15 2603 14 2703 15 2714 14 2814 15 2860 14 2960 15 2964 14 3064 15 3079 14 3179 15 3244 14 3344 15 3359 14 3459 15 3493 14 3593 15 3600 14 3700 15 3727 14 3827 15 3857 14 3957 15 4003 14 4103 15 4137 14 4237 15 4298 14 4398 15 4570 14 4670 22 5070 2 6070
1775216636 1243 8 1 1 1000 100 0 1 1.00 -1.00 0 94 67 2 1 1 0 0 0 0 0 255 62 0 0 20 250 3 256 1 300 16 550 6 677 7 727 14 1477 15 1501 14 1601 15 1620 14 1720 15 1754 14 1854 15 1904 14 2004 15 2007 14 2107 15 2141 14 2241 15 2279 14 2379 15 2406 14 2506 15 2544 14 2644 15 2663 14 2763 15 2824 14 2924 15 2954 14 3054 15 3057 14 3157 15 3192 14 3292 15 3326 14 3426 15 3437 14 3537 15 3564 14 3664 15 3698 14 3798 15 3828 14 3928 15 3962 14 4062 15 4108 14 4208 15 4261 14 4361 15 4426 14 4526 15 4564 14 4664 15 4725 14 4825 15 4894 14 4994 22 5394 2 6394
1775216649 1244 8 2 2 1000 100 0 1 1.00 0.50 0 95 67 1 1 1 0 0 0 0 0 255 9 0 0 20 250 3 256 1 300 16 550 9 761 13 1261 22 9261 2 10261
1775216686 1245 8 2 1 1000 100 0 1 -1.00 1.00 0 96 67 2 1 1 0 0 0 0 0 255 58 0 0 23 250 24 856 20 906 3 912 1 956 16 1206 6 1339 7 1389 14 2139 15 2263 14 2363 15 2382 14 2482 15 2516 14 2616 15 2646 14 2746 15 2773 14 2873 15 2907 14 3007 15 3011 14 3111 15 3152 14 3252 15 3264 14 3364 15 3421 14 3521 15 3532 14 3632 15 3655 14 3755 15 3923 14 4023 15 4065 14 4165 15 4211 14 4311 15 4395 14 4495 15 4525 14 4625 15 4694 14 4794 15 4862 14 4962 15 5008 14 5108 15 5154 14 5254 15 5311 14 5411 15 5484 14 5584 22 5984 2 6984
1775216692 1246 8 1 1 1000 100 0 1 1.00 -1.00 0 97 67 2 1 1 0 0 0 0 0 255 36 0 0 20 250 3 256 1 300 16 550 6 734 7 784 14 1534 15 1562 14 1662 15 1677 14 1777 15 1804 14 1904 15 1930 14 2030 15 2057 14 2157 15 2172 14 2272 15 2294 14 2394 15 2436 14 2536 15 2582 14 2682 15 2724 14 2824 15 2831 14 2931 15 2977 14 3077 15 3096 14 3196 22 3596 2 4596
1775216702 1247 8 1 1 1000 100 0 1 1.00 -1.00 0 98 68 2 1 1 0 0 0 0 0 255 64 0 0 25 84 0 220 20 470 3 476 1 520 16 770 6 921 7 971 14 1721 15 1776 14 1876 15 2025 14 2125 15 2148 14 2248 15 2332 14 2432 15 2482 14 2582 15 2631 14 2731 15 2758 14 2858 15 2892 14 2992 15 3007 14 3107 15 3179 14 3279 15 3367 14 3467 15 3521 14 3621 15 3674 14 3774 15 3820 14 3920 15 3981 14 4081 15 4130 14 4230 15 4272 14 4372 15 4418 14 4518 15 4564 14 4664 15 4717 14 4817 15 4886 14 4986 15 5043 14 5143 15 5192 14 5292 15 5350 14 5450 15 5511 14 5611 15 5660 14 5760 22 6160 2 7160
1775216709 1248 8 2 1 1000 100 0 1 1.00 1.00 0 99 68 2 1 1 0 0 0 0 0 255 64 0 0 20 250 3 256 1 300 16 550 6 589 7 639 14 1389 15 1456 14 1556 15 1609 14 1709 15 1739 14 1839 15 1870 14 1970 15 2035 14 2135 15 2180 14 2280 15 2318 14 2418 15 2460 14 2560 15 2598 14 2698 15 2740 14 2840 15 2874 14 2974 15 3024 14 3124 15 3139 14 3239 15 3254 14 3354 15 3407 14 3507 15 3630 14 3730 15 3775 14 3875 15 4036 14 4136 15 4186 14 4286 15 4343 14 4443 15 4485 14 4585 15 4650 14 4750 15 4791 14 4891 15 4964 14 5064 15 5117 14 5217 15 5267 14 5367 15 5535 14 5635 22 6035 2 7035
1775216716 1249 8 1 1 1000 100 0 1 -1.00 -0.50 0 100 68 1 1 1 0 0 0 0 0 255 54 0 0 20 250 3 256 1 300 16 550 6 635 7 685 14 1435 15 1486 14 1586 15 1632 14 1732 15 1758 14 1858 15 1893 14 1993 15 2050 14 2150 15 2176 14 2276 15 2345 14 2445 15 2498 14 2598 15 2663 14 2763 15 2817 14 2917 15 2962 14 3062 15 3143 14 3243 15 3296 14 3396 15 3449 14 3549 15 3610 14 3710 15 3760 14 3860 15 3925 14 4025 15 4090 14 4190 15 4255 14 4355 15 4427 14 4527 15 4596 14 4696 15 4761 14 4861 22 5261 2 6261
1775216727 1250 8 1 1 1000 100 0 1 1.00 -0.50 0 101 69 1 1 1 0 0 0 0 0 255 116 0 0 20 250 3 256 1 300 16 550 6 632 7 682 14 1432 15 1491 14 1591 15 1648 14 1748 15 1775 14 1875 15 1905 14 2005 15 2074 14 2174 15 2189 14 2289 15 2362 14 2462 15 2477 14 2577 15 2645 14 2745 15 2772 14 2872 15 2918 14 3018 15 3071 14 3171 15 3232 14 3332 15 3385 14 3485 15 3527 14 3627 15 3669 14 3769 15 3822 14 3922 15 3960 14 4060 15 4102 14 4202 15 4252 14 4352 15 4409 14 4509 15 4547 14 4647 15 4658 14 4758 15 4777 14 4877 15 4903 14 5003 15 5030 14 5130 15 5156 14 5256 15 5390 14 5490 15 5528 14 5628 15 5774 14 5874 15 5923 14 6023 15 6054 14 6154 15 6192 14 6292 15 6544 14 6644 15 6656 14 6756 15 6782 14 6882 15 6932 14 7032 15 7077 14 7177 15 7231 14 7331 15 7346 14 7446 15 7491 14 7591 15 7637 14 7737 15 7775 14 7875 15 7936 14 8036 15 8093 14 8193 15 8235 14 8335 15 8412 14 8512 15 8565 14 8665 15 8734 14 8834 15 8906 14 9006 15 9048 14 9148 15 9232 14 9332 15 9393 14 9493 22 9893 2 10893
1775216734 1251 8 1 1 1000 100 0 1 1.00 -1.00 0 102 69 2 1 1 0 0 0 0 0 255 66 0 0 20 250 3 256 1 300 16 550 6 586 7 636 14 1386 15 1445 14 1545 15 1567 14 1667 15 1736 14 1836 15 1859 14 1959 15 1978 14 2078 15 2139 14 2239 15 2265 14 2365 15 2537 14 2637 15 2664 14 2764 15 2844 14 2944 15 2990 14 3090 15 3139 14 3239 15 3281 14 3381 15 3427 14 3527 15 3592 14 3692 15 3715 14 3815 15 3841 14 3941 15 3987 14 4087 15 4144 14 4244 15 4309 14 4409 15 4470 14 4570 15 4673 14 4773 15 4807 14 4907 15 4965 14 5065 15 5114 14 5214 15 5287 14 5387 15 5448 14 5548 15 5651 14 5751 22 6151 2 7151
1775216741 1252 8 1 1 1000 100 0 1 -1.00 -0.50 0 103 69 1 1 1 0 0 0 0 0 255 54 0 0 20 250 3 256 1 300 16 550 6 578 7 628 14 1378 15 1437 14 1537 15 1583 14 1683 15 1717 14 1817 15 1851 14 1951 15 2031 14 2131 15 2181 14 2281 15 2330 14 2430 15 2484 14 2584 15 2626 14 2726 15 2787 14 2887 15 2940 14 3040 15 3109 14 3209 15 3251 14 3351 15 3458 14 3558 15 3619 14 3719 15 3765 14 3865 15 3926 14 4026 15 4098 14 4198 15 4240 14 4340 15 4424 14 4524 15 4531 14 4631 15 4769 14 4869 22 5269 2 6269
1775216749 1253 8 1 1 1000 100 0 1 -1.00 0.00 0 104 70 0 1 1 0 0 0 0 0 255 62 0 0 20 250 3 256 1 300 16 550 6 607 7 657 14 1407 15 1455 14 1555 15 1597 14 1697 15 1727 14 1827 15 1884 14 1984 15 2034 14 2134 15 2210 14 2310 15 2333 14 2433 15 2463 14 2563 15 2620 14 2720 15 2778 14 2878 15 2927 14 3027 15 3107 14 3207 15 3544 14 3644 15 3702 14 3802 15 3832 14 3932 15 3993 14 4093 15 4158 14 4258 15 4315 14 4415 15 4495 14 4595 15 4645 14 4745 15 4791 14 4891 15 4948 14 5048 15 5074 14 5174 15 5212 14 5312 15 5374 14 5474 15 5538 14 5638 22 6038 2 7038
1775216757 1254 8 1 1 1000 100 0 1 -1.00 -0.50 0 105 70 1 1 1 0 0 0 0 0 255 82 0 0 20 250 3 256 1 300 16 550 6 590 7 640 14 1390 15 1434 14 1534 15 1552 14 1652 15 1706 14 1806 15 1832 14 1932 15 1951 14 2051 15 2070 14 2170 15 2266 14 2366 15 2404 14 2504 15 2546 14 2646 15 2699 14 2799 15 2833 14 2933 15 2975 14 3075 15 3109 14 3209 15 3243 14 3343 15 3481 14 3581 15 3596 14 3696 15 3730 14 3830 15 3884 14 3984 15 4026 14 4126 15 4137 14 4237 15 4267 14 4367 15 4421 14 4521 15 4574 14 4674 15 4720 14 4820 15 4896 14 4996 15 5030 14 5130 15 5157 14 5257 15 5287 14 5387 15 5441 14 5541 15 5594 14 5694 15 5763 14 5863 15 5928 14 6028 15 6073 14 6173 15 6231 14 6331 15 6395 14 6495 15 6579 14 6679 22 7079 2 8079
1775216762 1255 8 2 1 1000 100 0 1 1.00 1.00 0 106 70 2 1 1 0 0 0 0 0 255 38 0 0 20 250 3 256 1 300 16 550 6 708 7 758 14 1508 15 1594 14 1694 15 1720 14 1820 15 1851 14 1951 15 1981 14 2081 15 2119 14 2219 15 2280 14 2380 15 2433 14 2533 15 2587 14 2687 15 2767 14 2867 15 2913 14 3013 15 3059 14 3159 15 3223 14 3323 15 3400 14 3500 15 3569 14 3669 22 4069 2 5069
1775216767 1256 8 1 4 1000 100 0 1 -1.00 -0.50 1 107 70 1 1 1 0 0 0 0 0 255 13 0 0 20 250 3 256 1 300 16 550 7 747 14 1497 22 1897 12 2108 22 2208 12 2273 22 2373 2 3373
1775216774 1257 8 2 1 1000 100 0 1 1.00 1.00 0 108 70 2 1 1 0 0 0 0 0 255 60 0 0 20 250 3 256 1 300 16 550 6 603 7 653 14 1403 15 1489 14 1589 15 1731 14 1831 15 1850 14 1950 15 1957 14 2057 15 2107 14 2207 15 2214 14 2314 15 2348 14 2448 15 2490 14 2590 15 2605 14 2705 15 2736 14 2836 15 2877 14 2977 15 3023 14 3123 15 3196 14 3296 15 3349 14 3449 15 3518 14 3618 15 3687 14 3787 15 3859 14 3959 15 4043 14 4143 15 4216 14 4316 15 4408 14 4508 15 4572 14 4672 15 4749 14 4849 15 4925 14 5025 15 5098 14 5198 15 5320 14 5420 22 5820 2 6820
1775216785 1258 8 2 2 1000 100 0 1 -1.00 0.00 0 109 69 0 1 1 0 0 0 0 0 255 9 0 0 20 250 3 256 1 300 16 550 9 686 13 1186 22 9186 2 10186
1775216912 1259 8 2 2 1000 100 0 1 -1.00 0.50 0 110 69 1 1 1 0 0 0 0 0 255 11 0 0 23 250 24 570 20 620 3 626 1 670 16 920 9 1064 13 1564 22 9564 2 10564
1775217452 1260 8 2 1 1000 100 0 1 1.00 0.00 0 111 69 0 1 1 0 0 0 0 0 255 78 0 0 23 250 24 566 20 616 3 622 1 666 16 916 6 1252 7 1302 14 2052 15 2103 14 2203 15 2233 14 2333 15 2368 14 2468 15 2513 14 2613 15 2667 14 2767 15 2805 14 2905 15 2943 14 3043 15 3092 14 3192 15 3253 14 3353 15 3376 14 3476 15 3521 14 3621 15 3840 14 3940 15 3974 14 4074 15 4127 14 4227 15 4265 14 4365 15 4403 14 4503 15 4533 14 4633 15 4806 14 4906 15 4940 14 5040 15 5074 14 5174 15 5231 14 5331 15 5400 14 5500 15 5515 14 5615 15 5649 14 5749 15 5802 14 5902 15 5986 14 6086 15 6147 14 6247 15 6308 14 6408 15 6488 14 6588 15 6661 14 6761 15 6829 14 6929 15 7006 14 7106 15 7194 14 7294 22 7694 2 8694
1775217463 1261 8 2 2 1000 100 0 1 1.00 0.00 0 112 68 0 1 1 0 0 0 0 0 255 11 0 0 25 66 0 1370 20 1620 3 1626 1 1670 16 1920 9 2083 13 2583 22 10583 2 11583
1775217909 1262 8 1 2 1000 100 0 1 1.00 0.00 0 113 67 0 1 1 0 0 0 0 0 255 11 0 0 23 250 24 576 20 626 3 632 1 676 16 926 9 1423 13 1923 22 9923 2 10923
1775218135 1263 8 1 1 1000 100 0 1 -1.00 -1.00 0 114 68 2 1 1 0 0 0 0 0 255 42 0 0 23 250 24 563 20 613 3 619 1 663 16 913 6 1027 7 1077 14 1827 15 1904 14 2004 15 2050 14 2150 15 2180 14 2280 15 2337 14 2437 15 2506 14 2606 15 2682 14 2782 15 2851 14 2951 15 3035 14 3135 15 3219 14 3319 15 3426 14 3526 15 3583 14 3683 15 3744 14 3844 15 3901 14 4001 15 4070 14 4170 15 4499 14 4599 22 4999 2 5999
1775218770 1264 8 1 1 1000 100 0 1 -1.00 -1.00 0 115 68 2 1 1 0 0 0 0 0 255 36 0 0 23 250 24 576 20 626 3 632 1 676 16 926 6 944 7 994 14 1744 15 1745 14 1845 15 1872 14 1972 15 2002 14 2102 15 2136 14 2236 15 2263 14 2363 15 2378 14 2478 15 2516 14 2616 15 2634 14 2734 15 2738 14 2838 15 2868 14 2968 15 3014 14 3114 15 3175 14 3275 22 3675 2 4675
1775218783 1265 8 1 2 1000 100 0 1 1.00 -1.00 0 116 67 2 1 1 0 0 0 0 0 255 9 0 0 20 250 3 256 1 300 16 550 9 822 13 1322 22 9322 2 10322
1775218786 1266 8 2 1 1000 100 0 1 1.00 0.00 0 117 68 0 1 1 0 0 0 0 0 255 10 0 0 20 250 3 256 1 300 16 550 6 716 7 766 14 1516 22 1916 2 2916
1775218798 1267 8 2 1 1000 100 0 1 1.00 0.50 0 118 68 1 1 1 0 0 0 0 0 255 10 0 0 20 250 3 256 1 300 16 550 6 918 7 968 14 1718 22 2118 2 3118
1775218840 1268 8 2 2 1000 100 0 1 -1.00 1.00 0 119 67 2 1 1 0 0 0 0 0 255 11 0 0 23 250 24 641 20 691 3 697 1 741 16 991 9 1204 13 1704 22 9704 2 10704
1775218941 1269 8 1 1 1000 100 0 1 1.00 -0.50 0 120 68 1 1 1 0 0 0 0 0 255 12 0 0 23 250 24 566 20 616 3 622 1 666 16 916 6 1076 7 1126 14 1876 22 2276 2 3276
1775218951 1270 8 1 1 1000 100 0 1 -1.00 -0.50 0 121 68 1 1 1 0 0 0 0 0 255 10 0 0 20 250 3 256 1 300 16 550 6 662 7 712 14 1462 22 1862 2 2862
1775218956 1271 8 2 1 1000 100 0 1 1.00 0.50 0 122 68 1 1 1 0 0 0 0 0 255 28 0 0 20 250 3 256 1 300 16 550 6 643 7 693 14 1443 15 1445 14 1545 15 1564 14 1664 15 1671 14 1771 15 1782 14 1882 15 1912 14 2012 15 2142 14 2242 15 2307 14 2407 15 2461 14 2561 15 2656 14 2756 22 3156 2 4156
1775219522 1272 8 2 3 1000 100 1 1 -1.00 1.00 0 122 68 2 1 1 0 0 0 0 0 255 8 0 0 23 250 24 723 20 773 3 779 1 823 11 968 2 1168
1775219536 1273 8 1 1 1000 100 0 1 1.00 -0.50 0 123 69 1 1 1 0 0 0 0 0 255 138 0 0 20 250 3 256 1 300 16 550 6 685 7 735 14 1485 15 1597 14 1697 15 1732 14 1832 15 1850 14 1950 15 1981 14 2081 15 2111 14 2211 15 2241 14 2341 15 2364 14 2464 15 2487 14 2587 15 2621 14 2721 15 2743 14 2843 15 2874 14 2974 15 2981 14 3081 15 3096 14 3196 15 3226 14 3326 15 3345 14 3445 15 3460 14 3560 15 3598 14 3698 15 3709 14 3809 15 3836 14 3936 15 3947 14 4047 15 4070 14 4170 15 4223 14 4323 15 4446 14 4546 15 4564 14 4664 15 4683 14 4783 15 4794 14 4894 15 4921 14 5021 15 5074 14 5174 15 5212 14 5312 15 5327 14 5427 15 5477 14 5577 15 5619 14 5719 15 5741 14 5841 15 5853 14 5953 15 6060 14 6160 15 6194 14 6294 15 6324 14 6424 15 6439 14 6539 15 6569 14 6669 15 6704 14 6804 15 6884 14 6984 15 7010 14 7110 15 7137 14 7237 15 7355 14 7455 15 7478 14 7578 15 7585 14 7685 15 7708 14 7808 15 7919 14 8019 15 8095 14 8195 15 8229 14 8329 15 8371 14 8471 15 8609 14 8709 15 8747 14 8847 15 8889 14 8989 15 9023 14 9123 15 9165 14 9265 15 9314 14 9414 15 9487 14 9587 15 9644 14 9744 15 9797 14 9897 15 9947 14 10047 15 10104 14 10204 22 10604 12 11151 22 11251 12 11273 22 11373 2 12373
1775219546 1274 8 2 2 1000 100 0 1 1.00 1.00 0 124 68 2 1 1 0 0 0 0 0 255 9 0 0 20 250 3 256 1 300 16 550 9 591 13 1091 22 9091 2 10091
1775219565 1275 8 2 2 1000 100 0 1 -1.00 0.50 0 125 67 1 1 1 0 0 0 0 0 255 9 0 0 20 250 3 256 1 300 16 550 9 870 13 1370 22 9370 2 10370
1775219652 1276 8 1 3 1000 100 1 1 -1.00 -1.00 0 125 67 2 1 1 0 0 0 0 0 255 8 0 0 23 250 24 701 20 751 3 757 1 801 11 816 2 1016
1775219658 1277 8 1 1 1000 100 0 1 -1.00 -1.00 0 126 68 2 1 1 0 0 0 0 0 255 38 0 0 20 250 3 256 1 300 16 550 6 567 7 617 14 1367 15 1452 14 1552 15 1586 14 1686 15 1721 14 1821 15 1855 14 1955 15 1981 14 2081 15 2096 14 2196 15 2230 14 2330 15 2372 14 2472 15 2522 14 2622 15 2656 14 2756 15 2809 14 2909 15 2951 14 3051 15 3166 14 3266 15 3331 14 3431 22 3831 2 4831
1775219666 1278 8 2 1 1000 100 0 1 1.00 0.50 0 127 68 1 1 1 0 0 0 0 0 255 74 0 0 20 250 3 256 1 300 16 550 6 979 7 1029 14 1779 15 1891 14 1991 15 2014 14 2114 15 2144 14 2244 15 2263 14 2363 15 2390 14 2490 15 2516 14 2616 15 2624 14 2724 15 2788 14 2888 15 2896 14 2996 15 3015 14 3115 15 3153 14 3253 15 3287 14 3387 15 3413 14 3513 15 3563 14 3663 15 3674 14 3774 15 3808 14 3908 15 3943 14 4043 15 4184 14 4284 15 4349 14 4449 15 4476 14 4576 15 4633 14 4733 15 4775 14 4875 15 4897 14 4997 15 5043 14 5143 15 5204 14 5304 15 5342 14 5442 15 5492 14 5592 15 5664 14 5764 15 5806 14 5906 15 5963 14 6063 15 6136 14 6236 15 6285 14 6385 22 6785 2 7785
1775219673 1279 8 1 1 1000 100 0 1 1.00 -1.00 0 128 68 2 1 1 0 0 0 0 0 255 64 0 0 20 250 3 256 1 300 16 550 6 719 7 769 14 1519 15 1524 14 1624 15 1643 14 1743 15 1762 14 1862 15 1889 14 1989 15 2023 14 2123 15 2169 14 2269 15 2310 14 2410 15 2456 14 2556 15 2610 14 2710 15 2767 14 2867 15 2916 14 3016 15 3058 14 3158 15 3212 14 3312 15 3369 14 3469 15 3507 14 3607 15 3660 14 3760 15 3814 14 3914 15 3978 14 4078 15 4132 14 4232 15 4270 14 4370 15 4412 14 4512 15 4569 14 4669 15 4707 14 4807 15 4853 14 4953 15 5014 14 5114 15 5171 14 5271 15 5351 14 5451 22 5851 2 6851
1775219685 1280 8 2 2 1000 100 0 1 1.00 0.00 0 129 68 0 1 1 0 0 0 0 0 255 9 0 0 20 250 3 256 1 300 16 550 9 713 13 1213 22 9213 2 10213
1775219696 1281 8 1 1 1000 100 0 1 1.00 -0.50 0 130 68 1 1 1 0 0 0 0 0 255 42 0 0 20 250 3 256 1 300 16 550 6 767 7 817 14 1567 15 1607 14 1707 15 1741 14 1841 15 1860 14 1960 15 1998 14 2098 15 2144 14 2244 15 2266 14 2366 15 2401 14 2501 15 2523 14 2623 15 2661 14 2761 15 2807 14 2907 15 2918 14 3018 15 3052 14 3152 15 3210 14 3310 15 3328 14 3428 15 3505 14 3605 15 3643 14 3743 22 4143 2 5143
1775219709 1282 8 1 2 1000 100 0 1 1.00 -1.00 0 131 67 2 1 1 0 0 0 0 0 255 9 0 0 20 250 3 256 1 300 16 550 9 642 13 1142 22 9142 2 10142
1775219731 1283 8 2 1 1000 100 0 1 1.00 1.00 0 132 68 2 1 1 0 0 0 0 0 255 110 0 0 20 250 3 256 1 300 16 550 6 705 7 755 14 1505 15 1568 14 1668 15 1695 14 1795 15 1825 14 1925 15 1959 14 2059 15 2101 14 2201 15 2216 14 2316 15 2335 14 2435 15 2492 14 2592 15 2619 14 2719 15 2753 14 2853 15 2922 14 3022 15 3175 14 3275 15 3424 14 3524 15 3554 14 3654 15 3708 14 3808 15 3819 14 3919 15 3945 14 4045 15 4080 14 4180 15 4233 14 4333 15 4367 14 4467 15 4471 14 4571 15 4593 14 4693 15 4724 14 4824 15 4850 14 4950 15 4977 14 5077 15 5096 14 5196 15 5238 14 5338 15 5406 14 5506 15 5537 14 5637 15 5694 14 5794 15 5874 14 5974 15 6031 14 6131 15 6192 14 6292 15 6338 14 6438 15 6488 14 6588 15 6649 14 6749 15 6829 14 6929 15 6952 14 7052 15 7143 14 7243 15 7301 14 7401 15 7404 14 7504 15 7603 14 7703 15 7753 14 7853 15 7899 14 7999 15 8056 14 8156 15 8194 14 8294 15 8416 14 8516 15 8562 14 8662 15 8727 14 8827 15 8911 14 9011 22 9411 2 10411
1775219741 1284 8 2 2 1000 100 0 1 -1.00 0.50 0 133 67 1 1 1 0 0 0 0 0 255 9 0 0 20 250 3 256 1 300 16 550 9 647 13 1147 22 9147 2 10147
1775219968 1285 8 1 2 1000 100 0 1 1.00 0.00 0 134 66 0 1 1 0 0 0 0 0 255 11 0 0 23 250 24 735 20 785 3 791 1 835 16 1085 9 1287 13 1787 22 9787 2 10787
1775220336 1286 8 2 0 1000 100 0 1 1.00 0.50 0 134 66 1 1 1 0 0 0 0 0 255 7752 10 0 0 23 250 24 2250 20 2300 3 2306 1 2350 16 2600 5 3600 8 8600 2 8610
1775220539 1287 8 2 1 1000 100 0 1 -1.00 0.00 0 135 67 0 1 1 0 0 0 0 0 255 208897 92 0 0 23 250 24 430 20 480 3 486 1 530 16 780 6 924 7 974 14 1724 15 1806 14 1906 15 1936 14 2036 15 2063 14 2163 15 2212 14 2312 15 2346 14 2446 15 2503 14 2603 15 2653 14 2753 15 2822 14 2922 15 2971 14 3071 15 3094 14 3194 15 3236 14 3336 15 3370 14 3470 15 3488 14 3588 15 3626 14 3726 15 3749 14 3849 15 3902 14 4002 15 4044 14 4144 15 4194 14 4294 15 4335 14 4435 15 4450 14 4550 15 4581 14 4681 15 4711 14 4811 15 4834 14 4934 15 4956 14 5056 15 5117 14 5217 15 5282 14 5382 15 5443 14 5543 15 5601 14 5701 15 5742 14 5842 15 5903 14 6003 15 6068 14 6168 15 6229 14 6329 15 6402 14 6502 15 6574 14 6674 15 6751 14 6851 15 6900 14 7000 15 7122 14 7222 15 7272 14 7372 15 7421 14 7521 15 7628 14 7728 22 8128 2 9128
1775220547 1288 8 1 1 1000 100 0 1 -1.00 -1.00 0 136 67 2 1 1 0 0 0 0 0 255 218358 68 0 0 20 250 3 256 1 300 16 550 6 613 7 663 14 1413 15 1514 14 1614 15 1622 14 1722 15 1760 14 1860 15 1894 14 1994 15 2005 14 2105 15 2151 14 2251 15 2312 14 2412 15 2442 14 2542 15 2599 14 2699 15 2768 14 2868 15 2921 14 3021 15 3067 14 3167 15 3186 14 3286 15 3320 14 3420 15 3435 14 3535 15 3585 14 3685 15 3711 14 3811 15 3815 14 3915 15 3968 14 4068 15 4102 14 4202 15 4259 14 4359 15 4420 14 4520 15 4581 14 4681 15 4761 14 4861 15 4919 14 5019 15 5068 14 5168 15 5256 14 5356 15 5428 14 5528 15 5605 14 5705 22 6105 2 7105
1775220553 1289 8 1 1 1000 100 0 1 1.00 0.00 0 137 67 0 1 1 0 0 0 0 0 255 226485 36 0 0 20 250 3 256 1 300 16 550 6 683 7 733 14 1483 15 1599 14 1699 15 1748 14 1848 15 1917 14 2017 15 2067 14 2167 15 2208 14 2308 15 2366 14 2466 15 2527 14 2627 15 2691 14 2791 15 2841 14 2941 15 2987 14 3087 15 3155 14 3255 15 3332 14 3432 15 3508 14 3608 22 4008 2 5008
1775220560 1290 8 1 1 1000 100 0 1 -1.00 -1.00 0 138 67 2 1 1 0 0 0 0 0 255 232120 52 0 0 20 250 3 256 1 300 16 550 6 610 7 660 14 1410 15 1507 14 1607 15 1653 14 1753 15 1810 14 1910 15 1986 14 2086 15 2143 14 2243 15 2281 14 2381 15 2442 14 2542 15 2592 14 2692 15 2741 14 2841 15 2876 14 2976 15 3033 14 3133 15 3186 14 3286 15 3359 14 3459 15 3520 14 3620 15 3673 14 3773 15 3830 14 3930 15 3995 14 4095 15 4167 14 4267 15 4371 14 4471 15 4528 14 4628 15 4861 14 4961 22 5361 2 6361
1775220561 1291 8 2 3 1000 100 1 1 1.00 0.00 0 138 67 0 1 1 0 0 0 0 0 255 238812 6 0 0 20 250 3 256 1 300 11 500 2 700
1775220568 1292 8 2 1 1000 100 0 1 1.00 1.00 0 139 68 2 1 1 0 0 0 0 0 255 240196 56 0 0 20 250 3 256 1 300 16 550 6 607 7 657 14 1407 15 1505 14 1605 15 1646 14 1746 15 1804 14 1904 15 1953 14 2053 15 2099 14 2199 15 2218 14 2318 15 2356 14 2456 15 2494 14 2594 15 2636 14 2736 15 2770 14 2870 15 2962 14 3062 15 3092 14 3192 15 3253 14 3353 15 3422 14 3522 15 3590 14 3690 15 3744 14 3844 15 3916 14 4016 15 4077 14 4177 15 4246 14 4346 15 4430 14 4530 15 4591 14 4691 15 4783 14 4883 15 4959 14 5059 22 5459 2 6459
1775220575 1293 8 1 1 1000 100 0 1 -1.00 -1.00 0 140 68 2 1 1 0 0 0 0 0 255 248130 50 0 0 20 250 3 256 1 300 16 550 6 633 7 683 14 1433 15 1545 14 1645 15 1695 14 1795 15 1863 14 1963 15 2032 14 2132 15 2182 14 2282 15 2312 14 2412 15 2442 14 2542 15 2554 14 2654 15 2699 14 2799 15 2833 14 2933 15 3071 14 3171 15 3209 14 3309 15 3328 14 3428 15 3478 14 3578 15 3635 14 3735 15 3784 14 3884 15 3930 14 4030 15 4102 14 4202 15 4271 14 4371 15 4428 14 4528 22 4928 2 5928
1775220583 1294 8 2 1 1000 100 0 1 1.00 1.00 0 141 68 2 1 1 0 0 0 0 0 255 255031 58 0 0 20 250 3 256 1 300 16 550 6 725 7 775 14 1525 15 1599 14 1699 15 1741 14 1841 15 1875 14 1975 15 2029 14 2129 15 2182 14 2282 15 2320 14 2420 15 2466 14 2566 15 2619 14 2719 15 2776 14 2876 15 2941 14 3041 15 3072 14 3172 15 3221 14 3321 15 3390 14 3490 15 3570 14 3670 15 3739 14 3839 15 3907 14 4007 15 4072 14 4172 15 4237 14 4337 15 4425 14 4525 15 4640 14 4740 15 4786 14 4886 15 4939 14 5039 15 5111 14 5211 15 5295 14 5395 22 5795 2 6795
1775220593 1295 8 2 1 1000 100 0 1 1.00 0.50 0 142 68 1 1 1 0 0 0 0 0 255 262873 88 0 0 20 250 3 256 1 300 16 550 6 601 7 651 14 1401 15 1510 14 1610 15 1633 14 1733 15 1763 14 1863 15 1894 14 1994 15 2063 14 2163 15 2216 14 2316 15 2377 14 2477 15 2527 14 2627 15 2668 14 2768 15 2814 14 2914 15 2925 14 3025 15 3063 14 3163 15 3186 14 3286 15 3324 14 3424 15 3451 14 3551 15 3581 14 3681 15 3731 14 3831 15 3838 14 3938 15 3980 14 4080 15 4103 14 4203 15 4260 14 4360 15 4387 14 4487 15 4506 14 4606 15 4647 14 4747 15 4801 14 4901 15 4947 14 5047 15 5088 14 5188 15 5253 14 5353 15 5407 14 5507 15 5564 14 5664 15 5752 14 5852 15 5917 14 6017 15 6055 14 6155 15 6228 14 6328 15 6392 14 6492 15 6588 14 6688 15 6776 14 6876 15 6937 14 7037 15 7125 14 7225 22 7625 2 8625
1775220622 1296 8 2 2 1000 100 0 1 -1.00 0.50 0 143 68 1 1 1 0 0 0 0 0 255 290234 9 0 0 20 250 3 256 1 300 16 550 9 837 13 1337 22 9337 2 10337
1775220888 1297 8 1 2 1000 100 0 1 1.00 -1.00 0 144 67 2 1 1 0 0 0 0 0 255 556632 11 0 0 23 250 24 430 20 480 3 486 1 530 16 780 9 848 13 1348 22 9348 2 10348
1775221039 1298 8 2 1 1000 100 0 1 -1.00 1.00 0 145 68 2 1 1 0 0 0 0 0 255 712096 48 0 0 23 250 24 423 20 473 3 479 1 523 16 773 6 1151 7 1201 14 1951 15 1972 14 2072 15 2110 14 2210 15 2233 14 2333 15 2371 14 2471 15 2497 14 2597 15 2654 14 2754 15 2796 14 2896 15 2930 14 3030 15 3053 14 3153 15 3191 14 3291 15 3345 14 3445 15 3506 14 3606 15 3663 14 3763 15 3793 14 3893 15 3950 14 4050 15 4115 14 4215 15 4272 14 4372 15 4456 14 4556 22 4956 2 5956
1775221052 1299 8 2 2 1000 100 0 1 1.00 0.00 0 146 67 0 1 1 0 0 0 0 0 255 720531 9 0 0 20 250 3 256 1 300 16 550 9 698 13 1198 22 9198 2 10198
1775221139 1300 8 2 2 1000 100 0 1 -1.00 0.50 0 147 67 1 1 1 0 0 0 0 0 255 807895 11 0 0 23 250 24 419 20 469 3 475 1 519 16 769 9 806 13 1306 22 9306 2 10306
1775221589 1301 8 1 2 1000 100 0 1 1.00 0.00 0 148 66 0 1 1 0 0 0 0 0 255 1256925 11 0 0 23 250 24 431 20 481 3 487 1 531 16 781 9 1021 13 1521 22 9521 2 10521
1775221662 1302 8 1 3 1000 100 1 1 -1.00 0.00 1 148 66 0 1 1 0 0 0 0 0 255 1340489 8 0 0 23 250 24 429 20 479 3 485 1 529 11 632 2 832
1775221674 1303 8 1 1 1000 100 0 1 1.00 -0.50 0 149 66 1 1 1 0 0 0 0 0 255 1342936 96 0 0 20 250 3 256 1 300 16 550 6 943 7 993 14 1743 15 1863 14 1963 15 1982 14 2082 15 2120 14 2220 15 2404 14 2504 15 2522 14 2622 15 2653 14 2753 15 2798 14 2898 15 2948 14 3048 15 3094 14 3194 15 3266 14 3366 15 3397 14 3497 15 3538 14 3638 15 3700 14 3800 15 3818 14 3918 15 3933 14 4033 15 4075 14 4175 15 4190 14 4290 15 4321 14 4421 15 4455 14 4555 15 4574 14 4674 15 4681 14 4781 15 4823 14 4923 15 4938 14 5038 15 5176 14 5276 15 5279 14 5379 15 5410 14 5510 15 5544 14 5644 15 5682 14 5782 15 5785 14 5885 15 5931 14 6031 15 6073 14 6173 15 6215 14 6315 15 6384 14 6484 15 6533 14 6633 15 6664 14 6764 15 6802 14 6902 15 6955 14 7055 15 7112 14 7212 15 7262 14 7362 15 7427 14 7527 15 7592 14 7692 15 7745 14 7845 15 7929 14 8029 22 8429 2 9429
1775221679 1304 8 1 1 1000 100 0 1 -1.00 -0.50 0 150 67 1 1 1 0 0 0 0 0 255 1352742 40 0 0 20 250 3 256 1 300 16 550 6 562 7 612 14 1362 15 1375 14 1475 15 1493 14 1593 15 1620 14 1720 15 1735 14 1835 15 1996 14 2096 15 2103 14 2203 15 2249 14 2349 15 2368 14 2468 15 2483 14 2583 15 2628 14 2728 15 2878 14 2978 15 2985 14 3085 15 3123 14 3223 15 3388 14 3488 15 3518 14 3618 22 4018 2 5018
1775221691 1305 8 1 1 1000 100 0 1 1.00 -1.00 0 151 67 2 1 1 0 0 0 0 0 255 1364022 54 0 0 25 110 0 118 20 368 3 374 1 418 16 668 6 827 7 877 14 1627 15 1690 14 1790 15 1851 14 1951 15 2000 14 2100 15 2130 14 2230 15 2249 14 2349 15 2441 14 2541 15 2579 14 2679 15 2713 14 2813 15 2878 14 2978 15 3035 14 3135 15 3173 14 3273 15 3308 14 3408 15 3449 14 3549 15 3618 14 3718 15 3760 14 3860 15 3902 14 4002 15 4048 14 4148 15 4190 14 4290 15 4354 14 4454 15 4527 14 4627 15 4688 14 4788 22 5188 2 6188
1775221702 1306 8 2 2 1000 100 0 1 -1.00 0.50 0 152 66 1 1 1 0 0 0 0 0 255 1370489 9 0 0 20 250 3 256 1 300 16 550 9 637 13 1137 22 9137 2 10137
1775221706 1307 8 2 4 1000 100 0 1 1.00 0.00 1 153 66 0 1 1 0 0 0 0 0 255 1381567 9 0 0 20 250 3 256 1 300 16 550 7 778 14 1528 22 1928 2 2928
1775222027 1308 8 2 1 1000 100 0 1 -1.00 1.00 0 154 66 2 1 1 0 0 0 0 0 255 1698572 70 0 0 23 250 24 441 20 491 3 497 1 541 16 791 6 847 7 897 14 1647 15 1737 14 1837 15 1859 14 1959 15 1997 14 2097 15 2208 14 2308 15 2331 14 2431 15 2434 14 2534 15 2549 14 2649 15 2691 14 2791 15 2883 14 2983 15 3140 14 3240 15 3496 14 3596 15 3615 14 3715 15 3753 14 3853 15 3876 14 3976 15 3995 14 4095 15 4133 14 4233 15 4244 14 4344 15 4370 14 4470 15 4504 14 4604 15 4616 14 4716 15 4754 14 4854 15 4861 14 4961 15 4965 14 5065 15 5095 14 5195 15 5237 14 5337 15 5402 14 5502 15 5574 14 5674 15 5720 14 5820 15 6000 14 6100 22 6500 2 7500
1775222038 1309 8 2 1 1000 100 0 1 1.00 0.50 0 155 66 1 1 1 0 0 0 0 0 255 1707303 94 0 0 20 250 3 256 1 300 16 550 6 724 7 774 14 1524 15 1617 14 1717 15 1844 14 1944 15 1970 14 2070 15 2097 14 2197 15 2238 14 2338 15 2469 14 2569 15 2572 14 2672 15 2695 14 2795 15 2817 14 2917 15 2959 14 3059 15 3067 14 3167 15 3209 14 3309 15 3324 14 3424 15 3450 14 3550 15 3565 14 3665 15 3669 14 3769 15 3803 14 3903 15 3949 14 4049 15 4075 14 4175 15 4225 14 4325 15 4416 14 4516 15 4520 14 4620 15 4627 14 4727 15 4953 14 5053 15 5183 14 5283 15 5290 14 5390 15 5402 14 5502 15 5520 14 5620 15 5636 14 5736 15 5758 14 5858 15 5892 14 5992 15 6015 14 6115 15 6226 14 6326 15 6364 14 6464 15 6517 14 6617 15 6751 14 6851 15 6885 14 6985 15 6993 14 7093 15 7123 14 7223 15 7280 14 7380 15 7422 14 7522 15 7572 14 7672 22 8072 2 9072
1775222048 1310 8 2 2 1000 100 0 1 -1.00 0.00 0 156 66 0 1 1 0 0 0 0 0 255 1716513 9 0 0 20 250 3 256 1 300 16 550 9 608 13 1108 22 9108 2 10108
1775222101 1311 8 2 3 1000 100 1 1 1.00 1.00 0 156 66 2 1 1 0 0 0 0 0 255 1779010 8 0 0 23 250 24 679 20 729 3 735 1 779 11 947 2 1147
1775222105 1312 8 2 1 1000 100 0 1 1.00 0.00 0 157 66 0 1 1 0 0 0 0 0 255 1779923 20 0 0 20 250 3 256 1 300 16 550 6 587 7 637 14 1387 15 1472 14 1572 15 1599 14 1699 15 1756 14 1856 15 1890 14 1990 15 2082 14 2182 22 2582 2 3582
1775222113 1313 8 1 1 1000 100 0 1 1.00 0.00 0 158 66 0 1 1 0 0 0 0 0 255 1784596 70 0 0 20 250 3 256 1 300 16 550 6 798 7 848 14 1598 15 1718 14 1818 15 1844 14 1944 15 1975 14 2075 15 2090 14 2190 15 2205 14 2305 15 2343 14 2443 15 2481 14 2581 15 2588 14 2688 15 2726 14 2826 15 2864 14 2964 15 3002 14 3102 15 3278 14 3378 15 3397 14 3497 15 3531 14 3631 15 3684 14 3784 15 3811 14 3911 15 3949 14 4049 15 4099 14 4199 15 4237 14 4337 15 4394 14 4494 15 4513 14 4613 15 4662 14 4762 15 4839 14 4939 15 4973 14 5073 15 5138 14 5238 15 5291 14 5391 15 5429 14 5529 15 5575 14 5675 15 5743 14 5843 15 5912 14 6012 22 6412 2 7412
1775222115 1314 8 1 3 1000 100 1 1 -1.00 -1.00 0 158 66 2 1 1 0 0 0 0 0 255 1793031 6 0 0 20 250 3 256 1 300 11 491 2 691
1775222124 1315 8 1 1 1000 100 0 1 -1.00 -0.50 0 159 67 1 1 1 0 0 0 0 0 255 1795061 68 0 0 25 235 0 715 20 965 3 971 1 1015 16 1265 6 1380 7 1430 14 2180 15 2182 14 2282 15 2304 14 2404 15 2442 14 2542 15 2661 14 2761 15 2795 14 2895 15 2929 14 3029 15 3083 14 3183 15 3232 14 3332 15 3389 14 3489 15 3543 14 3643 15 3658 14 3758 15 3823 14 3923 15 3934 14 4034 15 4072 14 4172 15 4233 14 4333 15 4355 14 4455 15 4505 14 4605 15 4670 14 4770 15 4827 14 4927 15 4965 14 5065 15 5130 14 5230 15 5306 14 5406 15 5464 14 5564 15 5655 14 5755 15 5801 14 5901 15 5989 14 6089 15 6165 14 6265 15 6342 14 6442 22 6842 2 7842
1775222125 1316 8 2 3 1000 100 1 1 1.00 0.50 1 159 67 1 1 1 0 0 0 0 0 255 1802935 6 0 0 20 250 3 256 1 300 11 536 2 736
1775222126 1317 8 2 3 1000 100 1 1 1.00 0.50 0 159 67 1 1 1 0 0 0 0 0 255 1803831 6 0 0 20 250 3 256 1 300 11 526 2 726
1775222129 1318 8 2 4 1000 100 0 1 1.00 0.50 1 160 66 1 1 1 0 0 0 0 0 255 1804994 9 0 0 20 250 3 256 1 300 16 550 7 662 14 1412 22 1812 2 2812
1775222137 1319 8 1 1 1000 100 0 1 -1.00 -1.00 0 161 66 2 1 1 0 0 0 0 0 255 1812031 22 0 0 20 250 3 256 1 300 16 550 6 618 7 668 14 1418 15 1504 14 1604 15 1658 14 1758 15 1830 14 1930 15 1972 14 2072 15 2148 14 2248 15 2317 14 2417 22 2817 2 3817
1775222152 1320 8 2 2 1000 100 0 1 -1.00 0.50 0 162 66 1 1 1 0 0 0 0 0 255 1820208 9 0 0 20 250 3 256 1 300 16 550 9 597 13 1097 22 9097 2 10097
1775222325 1321 8 1 2 1000 100 0 1 -1.00 0.00 0 163 65 0 1 1 0 0 0 0 0 255 1993626 11 0 0 23 250 24 684 20 734 3 740 1 784 16 1034 9 1270 13 1770 22 9770 2 10770
1775223829 1322 8 2 0 1000 100 0 1 1.00 0.50 0 163 65 1 1 1 0 0 0 0 0 255 5990 10 0 0 23 250 24 487 20 537 3 543 1 587 16 837 5 1837 8 6837 2 6847
